#
# There is insufficient memory for the Java Runtime Environment to continue.
# Native memory allocation (malloc) failed to allocate 1590880 bytes. Error detail: Chunk::new
# Possible reasons:
#   The system is out of physical RAM or swap space
#   This process is running with CompressedOops enabled, and the Java Heap may be blocking the growth of the native heap
# Possible solutions:
#   Reduce memory load on the system
#   Increase physical memory or swap space
#   Check if swap backing store is full
#   Decrease Java heap size (-Xmx/-Xms)
#   Decrease number of Java threads
#   Decrease Java thread stack sizes (-Xss)
#   Set larger code cache with -XX:ReservedCodeCacheSize=
#   JVM is running with Unscaled Compressed Oops mode in which the Java heap is
#     placed in the first 4GB address space. The Java Heap base address is the
#     maximum limit for the native heap growth. Please use -XX:HeapBaseMinAddress
#     to set the Java Heap base and to place the Java Heap above 4GB virtual address.
# This output file may be truncated or incomplete.
#
#  Out of Memory Error (arena.cpp:191), pid=2188, tid=20748
#
# JRE version: OpenJDK Runtime Environment Microsoft-9889599 (17.0.12+7) (build 17.0.12+7-LTS)
# Java VM: OpenJDK 64-Bit Server VM Microsoft-9889599 (17.0.12+7-LTS, mixed mode, sharing, tiered, compressed oops, compressed class ptrs, g1 gc, windows-amd64)
# No core dump will be written. Minidumps are not enabled by default on client versions of Windows
#

---------------  S U M M A R Y ------------

Command Line: -XX:MaxMetaspaceSize=512m --add-opens=java.base/java.util=ALL-UNNAMED --add-opens=java.base/java.lang=ALL-UNNAMED --add-opens=java.base/java.lang.invoke=ALL-UNNAMED --add-opens=java.prefs/java.util.prefs=ALL-UNNAMED --add-exports=jdk.compiler/com.sun.tools.javac.api=ALL-UNNAMED --add-exports=jdk.compiler/com.sun.tools.javac.util=ALL-UNNAMED --add-opens=java.base/java.nio.charset=ALL-UNNAMED --add-opens=java.base/java.net=ALL-UNNAMED --add-opens=java.base/java.util.concurrent.atomic=ALL-UNNAMED -Xmx2048m -Dfile.encoding=utf8 -Duser.country=IN -Duser.language=en -Duser.variant -javaagent:C:\Users\Abutalib\.gradle\wrapper\dists\gradle-8.10.2-all\7iv73wktx1xtkvlq19urqw1wm\gradle-8.10.2\lib\agents\gradle-instrumentation-agent-8.10.2.jar org.gradle.launcher.daemon.bootstrap.GradleDaemon 8.10.2

Host: AMD Ryzen 3 5300U with Radeon Graphics         , 8 cores, 7G,  Windows 11 , 64 bit Build 26100 (10.0.26100.3775)
Time: Sat Apr 19 17:43:22 2025 India Standard Time elapsed time: 254.043248 seconds (0d 0h 4m 14s)

---------------  T H R E A D  ---------------

Current thread (0x0000023f4c60b560):  JavaThread "C2 CompilerThread1" daemon [_thread_in_native, id=20748, stack(0x000000fb7f900000,0x000000fb7fa00000)]


Current CompileTask:
C2: 254043 28282       4       java.beans.MethodDescriptor::<init> (48 bytes)

Stack: [0x000000fb7f900000,0x000000fb7fa00000]
Native frames: (J=compiled Java code, j=interpreted, Vv=VM code, C=native code)
V  [jvm.dll+0x686d99]
V  [jvm.dll+0x83daf8]
V  [jvm.dll+0x83f5a3]
V  [jvm.dll+0x83fc13]
V  [jvm.dll+0x2492ef]
V  [jvm.dll+0xad0a4]
V  [jvm.dll+0xad73c]
V  [jvm.dll+0x36a44e]
V  [jvm.dll+0x334b83]
V  [jvm.dll+0x33401a]
V  [jvm.dll+0x21a538]
V  [jvm.dll+0x21996f]
V  [jvm.dll+0x1a53e6]
V  [jvm.dll+0x229faa]
V  [jvm.dll+0x2280fb]
V  [jvm.dll+0x7f3508]
V  [jvm.dll+0x7ed87c]
V  [jvm.dll+0x685c77]
C  [ucrtbase.dll+0x37b0]
C  [KERNEL32.DLL+0x2e8d7]
C  [ntdll.dll+0xb14fc]


---------------  P R O C E S S  ---------------

Threads class SMR info:
_java_thread_list=0x0000023f5a3cbaf0, length=143, elements={
0x0000023f07f481d0, 0x0000023f263b0ea0, 0x0000023f263b34f0, 0x0000023f263c91b0,
0x0000023f263cd610, 0x0000023f263d1ef0, 0x0000023f263def90, 0x0000023f263dfb90,
0x0000023f263e5be0, 0x0000023f263eb550, 0x0000023f2639db40, 0x0000023f26647eb0,
0x0000023f46cba7e0, 0x0000023f4735a7d0, 0x0000023f46f203b0, 0x0000023f4722d8a0,
0x0000023f46b82ff0, 0x0000023f265d45e0, 0x0000023f265d6440, 0x0000023f265d5a20,
0x0000023f265d40d0, 0x0000023f265d5f30, 0x0000023f265d4af0, 0x0000023f265d6950,
0x0000023f265d5000, 0x0000023f265d3bc0, 0x0000023f265d5510, 0x0000023f265d6e60,
0x0000023f265d7370, 0x0000023f47f56db0, 0x0000023f47f54a40, 0x0000023f47f54020,
0x0000023f47f54f50, 0x0000023f47f572c0, 0x0000023f47f55970, 0x0000023f47f55460,
0x0000023f47f57ce0, 0x0000023f47f577d0, 0x0000023f47f581f0, 0x0000023f47f58700,
0x0000023f47f59b40, 0x0000023f47f59630, 0x0000023f47f5a050, 0x0000023f47f568a0,
0x0000023f47f5b9a0, 0x0000023f47f5af80, 0x0000023f47f5a560, 0x0000023f47f5b490,
0x0000023f4a968570, 0x0000023f4a96a3d0, 0x0000023f4a96a8e0, 0x0000023f4a96adf0,
0x0000023f4a968060, 0x0000023f4a96b300, 0x0000023f4a968f90, 0x0000023f4a96b810,
0x0000023f4a96bd20, 0x0000023f4a9694a0, 0x0000023f4a96c230, 0x0000023f4a968a80,
0x0000023f4a96c740, 0x0000023f4a96cc50, 0x0000023f4a96d160, 0x0000023f4a9699b0,
0x0000023f4a96d670, 0x0000023f4a969ec0, 0x0000023f4a96db80, 0x0000023f4a96e090,
0x0000023f4a96eab0, 0x0000023f4a96f4d0, 0x0000023f4a96e5a0, 0x0000023f4859a150,
0x0000023f4c304cd0, 0x0000023f482de500, 0x0000023f482dcbb0, 0x0000023f482dd5d0,
0x0000023f482dc6a0, 0x0000023f482dea10, 0x0000023f482def20, 0x0000023f482e0870,
0x0000023f482e0d80, 0x0000023f482e1290, 0x0000023f482e17a0, 0x0000023f482ddff0,
0x0000023f482e26d0, 0x0000023f482e4020, 0x0000023f482e3b10, 0x0000023f482e2be0,
0x0000023f482e1cb0, 0x0000023f482e21c0, 0x0000023f482e30f0, 0x0000023f482e3600,
0x0000023f4c4d2060, 0x0000023f4c4d2570, 0x0000023f4c4d43d0, 0x0000023f4c4d5d20,
0x0000023f4c4d2a80, 0x0000023f4c4d4df0, 0x0000023f4c4d5300, 0x0000023f4c4d5810,
0x0000023f4c4d2f90, 0x0000023f4c4d34a0, 0x0000023f4c4d6230, 0x0000023f4c4d6740,
0x0000023f4c4d6c50, 0x0000023f4c4d7160, 0x0000023f4c4d39b0, 0x0000023f4c4d7670,
0x0000023f4c4d3ec0, 0x0000023f4c4d7b80, 0x0000023f4c4d8ab0, 0x0000023f4c4d8fc0,
0x0000023f4c4d85a0, 0x0000023f4c4d94d0, 0x0000023f4c4d99e0, 0x0000023f4c4d8090,
0x0000023f480c6f00, 0x0000023f480c9c90, 0x0000023f480c8850, 0x0000023f480c9270,
0x0000023f480c7920, 0x0000023f480c8340, 0x0000023f480ca1a0, 0x0000023f480c7e30,
0x0000023f480c9780, 0x0000023f480c8d60, 0x0000023f480ca6b0, 0x0000023f480cabc0,
0x0000023f480c7410, 0x0000023f480ce370, 0x0000023f480cb0d0, 0x0000023f480cbaf0,
0x0000023f480cb5e0, 0x0000023f480ccf30, 0x0000023f480cd440, 0x0000023f480cd950,
0x0000023f482e0360, 0x0000023f482df430, 0x0000023f482df940, 0x0000023f482dfe50,
0x0000023f4c610900, 0x0000023f4c611830, 0x0000023f4c60b560
}

Java Threads: ( => current thread )
  0x0000023f07f481d0 JavaThread "main" [_thread_blocked, id=4808, stack(0x000000fb75b00000,0x000000fb75c00000)]
  0x0000023f263b0ea0 JavaThread "Reference Handler" daemon [_thread_blocked, id=21208, stack(0x000000fb76200000,0x000000fb76300000)]
  0x0000023f263b34f0 JavaThread "Finalizer" daemon [_thread_blocked, id=18512, stack(0x000000fb76300000,0x000000fb76400000)]
  0x0000023f263c91b0 JavaThread "Signal Dispatcher" daemon [_thread_blocked, id=6188, stack(0x000000fb76400000,0x000000fb76500000)]
  0x0000023f263cd610 JavaThread "Attach Listener" daemon [_thread_blocked, id=10764, stack(0x000000fb76500000,0x000000fb76600000)]
  0x0000023f263d1ef0 JavaThread "Service Thread" daemon [_thread_blocked, id=3124, stack(0x000000fb76600000,0x000000fb76700000)]
  0x0000023f263def90 JavaThread "Monitor Deflation Thread" daemon [_thread_blocked, id=18156, stack(0x000000fb76700000,0x000000fb76800000)]
  0x0000023f263dfb90 JavaThread "C2 CompilerThread0" daemon [_thread_blocked, id=17688, stack(0x000000fb76800000,0x000000fb76900000)]
  0x0000023f263e5be0 JavaThread "C1 CompilerThread0" daemon [_thread_blocked, id=6540, stack(0x000000fb76900000,0x000000fb76a00000)]
  0x0000023f263eb550 JavaThread "Sweeper thread" daemon [_thread_blocked, id=7344, stack(0x000000fb76a00000,0x000000fb76b00000)]
  0x0000023f2639db40 JavaThread "Common-Cleaner" daemon [_thread_blocked, id=15192, stack(0x000000fb76b00000,0x000000fb76c00000)]
  0x0000023f26647eb0 JavaThread "Notification Thread" daemon [_thread_blocked, id=12880, stack(0x000000fb76c00000,0x000000fb76d00000)]
  0x0000023f46cba7e0 JavaThread "Daemon health stats" [_thread_blocked, id=22516, stack(0x000000fb77000000,0x000000fb77100000)]
  0x0000023f4735a7d0 JavaThread "Incoming local TCP Connector on port 53330" [_thread_in_native, id=22156, stack(0x000000fb77300000,0x000000fb77400000)]
  0x0000023f46f203b0 JavaThread "Daemon periodic checks" [_thread_blocked, id=22392, stack(0x000000fb77400000,0x000000fb77500000)]
  0x0000023f4722d8a0 JavaThread "Daemon" [_thread_blocked, id=6848, stack(0x000000fb77500000,0x000000fb77600000)]
  0x0000023f46b82ff0 JavaThread "Handler for socket connection from /127.0.0.1:53330 to /127.0.0.1:53331" [_thread_in_native, id=18452, stack(0x000000fb77600000,0x000000fb77700000)]
  0x0000023f265d45e0 JavaThread "Cancel handler" [_thread_blocked, id=21652, stack(0x000000fb77700000,0x000000fb77800000)]
  0x0000023f265d6440 JavaThread "Daemon worker" [_thread_in_vm, id=11196, stack(0x000000fb77800000,0x000000fb77900000)]
  0x0000023f265d5a20 JavaThread "Asynchronous log dispatcher for DefaultDaemonConnection: socket connection from /127.0.0.1:53330 to /127.0.0.1:53331" [_thread_blocked, id=12472, stack(0x000000fb77900000,0x000000fb77a00000)]
  0x0000023f265d40d0 JavaThread "Stdin handler" [_thread_blocked, id=14804, stack(0x000000fb77a00000,0x000000fb77b00000)]
  0x0000023f265d5f30 JavaThread "Daemon client event forwarder" [_thread_blocked, id=8804, stack(0x000000fb77b00000,0x000000fb77c00000)]
  0x0000023f265d4af0 JavaThread "Cache worker for journal cache (C:\Users\Abutalib\.gradle\caches\journal-1)" [_thread_blocked, id=20012, stack(0x000000fb77c00000,0x000000fb77d00000)]
  0x0000023f265d6950 JavaThread "File lock request listener" [_thread_in_native, id=15520, stack(0x000000fb77d00000,0x000000fb77e00000)]
  0x0000023f265d5000 JavaThread "Cache worker for file hash cache (C:\Users\Abutalib\.gradle\caches\8.10.2\fileHashes)" [_thread_blocked, id=20376, stack(0x000000fb77e00000,0x000000fb77f00000)]
  0x0000023f265d3bc0 JavaThread "Cache worker for file hash cache (C:\NexgenLMS\NexGenMobile\android\.gradle\8.10.2\fileHashes)" [_thread_blocked, id=14940, stack(0x000000fb78200000,0x000000fb78300000)]
  0x0000023f265d5510 JavaThread "Cache worker for Build Output Cleanup Cache (C:\NexgenLMS\NexGenMobile\android\.gradle\buildOutputCleanup)" [_thread_blocked, id=6404, stack(0x000000fb78300000,0x000000fb78400000)]
  0x0000023f265d6e60 JavaThread "File watcher server" daemon [_thread_in_native, id=1124, stack(0x000000fb78500000,0x000000fb78600000)]
  0x0000023f265d7370 JavaThread "File watcher consumer" daemon [_thread_blocked, id=2812, stack(0x000000fb78600000,0x000000fb78700000)]
  0x0000023f47f56db0 JavaThread "jar transforms" [_thread_blocked, id=21340, stack(0x000000fb78700000,0x000000fb78800000)]
  0x0000023f47f54a40 JavaThread "jar transforms Thread 2" [_thread_blocked, id=22068, stack(0x000000fb78800000,0x000000fb78900000)]
  0x0000023f47f54020 JavaThread "jar transforms Thread 3" [_thread_blocked, id=10952, stack(0x000000fb78900000,0x000000fb78a00000)]
  0x0000023f47f54f50 JavaThread "Cache worker for checksums cache (C:\NexgenLMS\NexGenMobile\android\.gradle\8.10.2\checksums)" [_thread_blocked, id=18948, stack(0x000000fb78a00000,0x000000fb78b00000)]
  0x0000023f47f572c0 JavaThread "Cache worker for file content cache (C:\Users\Abutalib\.gradle\caches\8.10.2\fileContent)" [_thread_blocked, id=19052, stack(0x000000fb78b00000,0x000000fb78c00000)]
  0x0000023f47f55970 JavaThread "Cache worker for cache directory md-rule (C:\Users\Abutalib\.gradle\caches\8.10.2\md-rule)" [_thread_blocked, id=18936, stack(0x000000fb78c00000,0x000000fb78d00000)]
  0x0000023f47f55460 JavaThread "Cache worker for cache directory md-supplier (C:\Users\Abutalib\.gradle\caches\8.10.2\md-supplier)" [_thread_blocked, id=21696, stack(0x000000fb78d00000,0x000000fb78e00000)]
  0x0000023f47f57ce0 JavaThread "jar transforms Thread 4" [_thread_blocked, id=22520, stack(0x000000fb79000000,0x000000fb79100000)]
  0x0000023f47f577d0 JavaThread "jar transforms Thread 5" [_thread_blocked, id=5540, stack(0x000000fb78f00000,0x000000fb79000000)]
  0x0000023f47f581f0 JavaThread "jar transforms Thread 6" [_thread_blocked, id=180, stack(0x000000fb79100000,0x000000fb79200000)]
  0x0000023f47f58700 JavaThread "jar transforms Thread 7" [_thread_blocked, id=16936, stack(0x000000fb79200000,0x000000fb79300000)]
  0x0000023f47f59b40 JavaThread "jar transforms Thread 8" [_thread_blocked, id=7148, stack(0x000000fb79300000,0x000000fb79400000)]
  0x0000023f47f59630 JavaThread "Cache worker for Build Output Cleanup Cache (C:\NexgenLMS\NexGenMobile\node_modules\@react-native\gradle-plugin\.gradle\buildOutputCleanup)" [_thread_blocked, id=8772, stack(0x000000fb79400000,0x000000fb79500000)]
  0x0000023f47f5a050 JavaThread "Unconstrained build operations" [_thread_blocked, id=18180, stack(0x000000fb79600000,0x000000fb79700000)]
  0x0000023f47f568a0 JavaThread "Unconstrained build operations Thread 2" [_thread_blocked, id=12528, stack(0x000000fb79700000,0x000000fb79800000)]
  0x0000023f47f5b9a0 JavaThread "Unconstrained build operations Thread 3" [_thread_blocked, id=22388, stack(0x000000fb79800000,0x000000fb79900000)]
  0x0000023f47f5af80 JavaThread "Unconstrained build operations Thread 4" [_thread_blocked, id=4068, stack(0x000000fb79900000,0x000000fb79a00000)]
  0x0000023f47f5a560 JavaThread "Unconstrained build operations Thread 5" [_thread_blocked, id=21104, stack(0x000000fb79a00000,0x000000fb79b00000)]
  0x0000023f47f5b490 JavaThread "Unconstrained build operations Thread 6" [_thread_blocked, id=22436, stack(0x000000fb79b00000,0x000000fb79c00000)]
  0x0000023f4a968570 JavaThread "Unconstrained build operations Thread 7" [_thread_blocked, id=8456, stack(0x000000fb79e00000,0x000000fb79f00000)]
  0x0000023f4a96a3d0 JavaThread "Unconstrained build operations Thread 8" [_thread_blocked, id=19136, stack(0x000000fb79f00000,0x000000fb7a000000)]
  0x0000023f4a96a8e0 JavaThread "Unconstrained build operations Thread 9" [_thread_blocked, id=4680, stack(0x000000fb7a000000,0x000000fb7a100000)]
  0x0000023f4a96adf0 JavaThread "Unconstrained build operations Thread 10" [_thread_blocked, id=21816, stack(0x000000fb7a100000,0x000000fb7a200000)]
  0x0000023f4a968060 JavaThread "Unconstrained build operations Thread 11" [_thread_blocked, id=20388, stack(0x000000fb7a200000,0x000000fb7a300000)]
  0x0000023f4a96b300 JavaThread "Unconstrained build operations Thread 12" [_thread_blocked, id=19892, stack(0x000000fb7a300000,0x000000fb7a400000)]
  0x0000023f4a968f90 JavaThread "Unconstrained build operations Thread 13" [_thread_blocked, id=21280, stack(0x000000fb7a400000,0x000000fb7a500000)]
  0x0000023f4a96b810 JavaThread "Unconstrained build operations Thread 14" [_thread_blocked, id=10552, stack(0x000000fb7a500000,0x000000fb7a600000)]
  0x0000023f4a96bd20 JavaThread "Unconstrained build operations Thread 15" [_thread_blocked, id=20580, stack(0x000000fb7a600000,0x000000fb7a700000)]
  0x0000023f4a9694a0 JavaThread "Unconstrained build operations Thread 16" [_thread_blocked, id=20100, stack(0x000000fb7a700000,0x000000fb7a800000)]
  0x0000023f4a96c230 JavaThread "Unconstrained build operations Thread 17" [_thread_blocked, id=15416, stack(0x000000fb7a800000,0x000000fb7a900000)]
  0x0000023f4a968a80 JavaThread "Unconstrained build operations Thread 18" [_thread_blocked, id=17176, stack(0x000000fb7a900000,0x000000fb7aa00000)]
  0x0000023f4a96c740 JavaThread "Unconstrained build operations Thread 19" [_thread_blocked, id=20964, stack(0x000000fb7aa00000,0x000000fb7ab00000)]
  0x0000023f4a96cc50 JavaThread "Unconstrained build operations Thread 20" [_thread_blocked, id=16124, stack(0x000000fb7ab00000,0x000000fb7ac00000)]
  0x0000023f4a96d160 JavaThread "Unconstrained build operations Thread 21" [_thread_blocked, id=18700, stack(0x000000fb7ac00000,0x000000fb7ad00000)]
  0x0000023f4a9699b0 JavaThread "Unconstrained build operations Thread 22" [_thread_blocked, id=21532, stack(0x000000fb7ad00000,0x000000fb7ae00000)]
  0x0000023f4a96d670 JavaThread "Unconstrained build operations Thread 23" [_thread_blocked, id=9304, stack(0x000000fb7ae00000,0x000000fb7af00000)]
  0x0000023f4a969ec0 JavaThread "Unconstrained build operations Thread 24" [_thread_blocked, id=10596, stack(0x000000fb7af00000,0x000000fb7b000000)]
  0x0000023f4a96db80 JavaThread "Unconstrained build operations Thread 25" [_thread_blocked, id=10020, stack(0x000000fb7b000000,0x000000fb7b100000)]
  0x0000023f4a96e090 JavaThread "Unconstrained build operations Thread 26" [_thread_blocked, id=12628, stack(0x000000fb7b100000,0x000000fb7b200000)]
  0x0000023f4a96eab0 JavaThread "Unconstrained build operations Thread 27" [_thread_blocked, id=4640, stack(0x000000fb7b200000,0x000000fb7b300000)]
  0x0000023f4a96f4d0 JavaThread "Memory manager" [_thread_blocked, id=18504, stack(0x000000fb7b300000,0x000000fb7b400000)]
  0x0000023f4a96e5a0 JavaThread "build event listener" [_thread_blocked, id=21584, stack(0x000000fb78e00000,0x000000fb78f00000)]
  0x0000023f4859a150 JavaThread "Kotlin DSL Writer" [_thread_blocked, id=11288, stack(0x000000fb7b400000,0x000000fb7b500000)]
  0x0000023f4c304cd0 JavaThread "File lock release action executor" [_thread_blocked, id=8504, stack(0x000000fb75a00000,0x000000fb75b00000)]
  0x0000023f482de500 JavaThread "ForkJoinPool.commonPool-worker-1" daemon [_thread_blocked, id=19856, stack(0x000000fb7b500000,0x000000fb7b600000)]
  0x0000023f482dcbb0 JavaThread "ForkJoinPool.commonPool-worker-2" daemon [_thread_blocked, id=8576, stack(0x000000fb7b600000,0x000000fb7b700000)]
  0x0000023f482dd5d0 JavaThread "ForkJoinPool.commonPool-worker-3" daemon [_thread_blocked, id=18852, stack(0x000000fb7b700000,0x000000fb7b800000)]
  0x0000023f482dc6a0 JavaThread "ForkJoinPool.commonPool-worker-5" daemon [_thread_blocked, id=15268, stack(0x000000fb7b900000,0x000000fb7ba00000)]
  0x0000023f482dea10 JavaThread "ForkJoinPool.commonPool-worker-6" daemon [_thread_blocked, id=22380, stack(0x000000fb7ba00000,0x000000fb7bb00000)]
  0x0000023f482def20 JavaThread "ForkJoinPool.commonPool-worker-7" daemon [_thread_blocked, id=20644, stack(0x000000fb7bb00000,0x000000fb7bc00000)]
  0x0000023f482e0870 JavaThread "included builds" [_thread_blocked, id=18376, stack(0x000000fb7bf00000,0x000000fb7c000000)]
  0x0000023f482e0d80 JavaThread "Execution worker" [_thread_blocked, id=13700, stack(0x000000fb7c000000,0x000000fb7c100000)]
  0x0000023f482e1290 JavaThread "Execution worker Thread 2" [_thread_blocked, id=3292, stack(0x000000fb7c100000,0x000000fb7c200000)]
  0x0000023f482e17a0 JavaThread "Execution worker Thread 3" [_thread_blocked, id=8812, stack(0x000000fb7c200000,0x000000fb7c300000)]
  0x0000023f482ddff0 JavaThread "Execution worker Thread 4" [_thread_blocked, id=4364, stack(0x000000fb7c300000,0x000000fb7c400000)]
  0x0000023f482e26d0 JavaThread "Execution worker Thread 5" [_thread_blocked, id=21376, stack(0x000000fb7c400000,0x000000fb7c500000)]
  0x0000023f482e4020 JavaThread "Execution worker Thread 6" [_thread_blocked, id=9860, stack(0x000000fb7c500000,0x000000fb7c600000)]
  0x0000023f482e3b10 JavaThread "Execution worker Thread 7" [_thread_blocked, id=15720, stack(0x000000fb7c600000,0x000000fb7c700000)]
  0x0000023f482e2be0 JavaThread "Cache worker for execution history cache (C:\NexgenLMS\NexGenMobile\node_modules\@react-native\gradle-plugin\.gradle\8.10.2\executionHistory)" [_thread_blocked, id=1236, stack(0x000000fb7c700000,0x000000fb7c800000)]
  0x0000023f482e1cb0 JavaThread "Unconstrained build operations Thread 28" [_thread_blocked, id=17516, stack(0x000000fb79d00000,0x000000fb79e00000)]
  0x0000023f482e21c0 JavaThread "Unconstrained build operations Thread 29" [_thread_blocked, id=2268, stack(0x000000fb7c800000,0x000000fb7c900000)]
  0x0000023f482e30f0 JavaThread "Unconstrained build operations Thread 30" [_thread_blocked, id=20160, stack(0x000000fb7c900000,0x000000fb7ca00000)]
  0x0000023f482e3600 JavaThread "Unconstrained build operations Thread 31" [_thread_blocked, id=15280, stack(0x000000fb7ca00000,0x000000fb7cb00000)]
  0x0000023f4c4d2060 JavaThread "Unconstrained build operations Thread 32" [_thread_blocked, id=21124, stack(0x000000fb7cb00000,0x000000fb7cc00000)]
  0x0000023f4c4d2570 JavaThread "Unconstrained build operations Thread 33" [_thread_blocked, id=15640, stack(0x000000fb7cc00000,0x000000fb7cd00000)]
  0x0000023f4c4d43d0 JavaThread "Unconstrained build operations Thread 34" [_thread_blocked, id=21420, stack(0x000000fb7cd00000,0x000000fb7ce00000)]
  0x0000023f4c4d5d20 JavaThread "Unconstrained build operations Thread 35" [_thread_blocked, id=21832, stack(0x000000fb7ce00000,0x000000fb7cf00000)]
  0x0000023f4c4d2a80 JavaThread "Unconstrained build operations Thread 36" [_thread_blocked, id=11956, stack(0x000000fb7cf00000,0x000000fb7d000000)]
  0x0000023f4c4d4df0 JavaThread "Unconstrained build operations Thread 37" [_thread_blocked, id=14564, stack(0x000000fb7d000000,0x000000fb7d100000)]
  0x0000023f4c4d5300 JavaThread "Unconstrained build operations Thread 38" [_thread_blocked, id=2912, stack(0x000000fb7d100000,0x000000fb7d200000)]
  0x0000023f4c4d5810 JavaThread "Unconstrained build operations Thread 39" [_thread_blocked, id=22100, stack(0x000000fb7d200000,0x000000fb7d300000)]
  0x0000023f4c4d2f90 JavaThread "Unconstrained build operations Thread 40" [_thread_blocked, id=20008, stack(0x000000fb7d300000,0x000000fb7d400000)]
  0x0000023f4c4d34a0 JavaThread "Unconstrained build operations Thread 41" [_thread_blocked, id=19076, stack(0x000000fb7d400000,0x000000fb7d500000)]
  0x0000023f4c4d6230 JavaThread "Unconstrained build operations Thread 42" [_thread_blocked, id=4928, stack(0x000000fb7d500000,0x000000fb7d600000)]
  0x0000023f4c4d6740 JavaThread "Unconstrained build operations Thread 43" [_thread_blocked, id=20284, stack(0x000000fb7d600000,0x000000fb7d700000)]
  0x0000023f4c4d6c50 JavaThread "Unconstrained build operations Thread 44" [_thread_blocked, id=20124, stack(0x000000fb7d700000,0x000000fb7d800000)]
  0x0000023f4c4d7160 JavaThread "Unconstrained build operations Thread 45" [_thread_blocked, id=22248, stack(0x000000fb7d800000,0x000000fb7d900000)]
  0x0000023f4c4d39b0 JavaThread "Unconstrained build operations Thread 46" [_thread_blocked, id=19516, stack(0x000000fb7d900000,0x000000fb7da00000)]
  0x0000023f4c4d7670 JavaThread "Unconstrained build operations Thread 47" [_thread_blocked, id=9292, stack(0x000000fb7da00000,0x000000fb7db00000)]
  0x0000023f4c4d3ec0 JavaThread "Unconstrained build operations Thread 48" [_thread_blocked, id=22504, stack(0x000000fb7db00000,0x000000fb7dc00000)]
  0x0000023f4c4d7b80 JavaThread "Unconstrained build operations Thread 49" [_thread_blocked, id=19828, stack(0x000000fb7dc00000,0x000000fb7dd00000)]
  0x0000023f4c4d8ab0 JavaThread "Unconstrained build operations Thread 50" [_thread_blocked, id=21044, stack(0x000000fb7dd00000,0x000000fb7de00000)]
  0x0000023f4c4d8fc0 JavaThread "Unconstrained build operations Thread 51" [_thread_blocked, id=17968, stack(0x000000fb7de00000,0x000000fb7df00000)]
  0x0000023f4c4d85a0 JavaThread "Unconstrained build operations Thread 52" [_thread_blocked, id=16552, stack(0x000000fb7df00000,0x000000fb7e000000)]
  0x0000023f4c4d94d0 JavaThread "Unconstrained build operations Thread 53" [_thread_blocked, id=17840, stack(0x000000fb7e000000,0x000000fb7e100000)]
  0x0000023f4c4d99e0 JavaThread "Unconstrained build operations Thread 54" [_thread_blocked, id=18244, stack(0x000000fb7e100000,0x000000fb7e200000)]
  0x0000023f4c4d8090 JavaThread "Unconstrained build operations Thread 55" [_thread_blocked, id=17724, stack(0x000000fb7e200000,0x000000fb7e300000)]
  0x0000023f480c6f00 JavaThread "Unconstrained build operations Thread 56" [_thread_blocked, id=15176, stack(0x000000fb7e300000,0x000000fb7e400000)]
  0x0000023f480c9c90 JavaThread "Unconstrained build operations Thread 57" [_thread_blocked, id=18688, stack(0x000000fb7e400000,0x000000fb7e500000)]
  0x0000023f480c8850 JavaThread "Unconstrained build operations Thread 58" [_thread_blocked, id=21868, stack(0x000000fb7e500000,0x000000fb7e600000)]
  0x0000023f480c9270 JavaThread "Unconstrained build operations Thread 59" [_thread_blocked, id=21732, stack(0x000000fb7e600000,0x000000fb7e700000)]
  0x0000023f480c7920 JavaThread "Unconstrained build operations Thread 60" [_thread_blocked, id=20752, stack(0x000000fb7e700000,0x000000fb7e800000)]
  0x0000023f480c8340 JavaThread "Unconstrained build operations Thread 61" [_thread_blocked, id=22428, stack(0x000000fb7e800000,0x000000fb7e900000)]
  0x0000023f480ca1a0 JavaThread "Unconstrained build operations Thread 62" [_thread_blocked, id=15008, stack(0x000000fb7e900000,0x000000fb7ea00000)]
  0x0000023f480c7e30 JavaThread "Unconstrained build operations Thread 63" [_thread_blocked, id=7424, stack(0x000000fb7ea00000,0x000000fb7eb00000)]
  0x0000023f480c9780 JavaThread "Unconstrained build operations Thread 64" [_thread_blocked, id=22080, stack(0x000000fb7eb00000,0x000000fb7ec00000)]
  0x0000023f480c8d60 JavaThread "Unconstrained build operations Thread 65" [_thread_blocked, id=19728, stack(0x000000fb7ec00000,0x000000fb7ed00000)]
  0x0000023f480ca6b0 JavaThread "Unconstrained build operations Thread 66" [_thread_blocked, id=12488, stack(0x000000fb7ed00000,0x000000fb7ee00000)]
  0x0000023f480cabc0 JavaThread "Unconstrained build operations Thread 67" [_thread_blocked, id=14984, stack(0x000000fb7ee00000,0x000000fb7ef00000)]
  0x0000023f480c7410 JavaThread "Unconstrained build operations Thread 68" [_thread_blocked, id=15204, stack(0x000000fb7ef00000,0x000000fb7f000000)]
  0x0000023f480ce370 JavaThread "Unconstrained build operations Thread 69" [_thread_blocked, id=22204, stack(0x000000fb7f000000,0x000000fb7f100000)]
  0x0000023f480cb0d0 JavaThread "Unconstrained build operations Thread 70" [_thread_blocked, id=21580, stack(0x000000fb7f100000,0x000000fb7f200000)]
  0x0000023f480cbaf0 JavaThread "Unconstrained build operations Thread 71" [_thread_blocked, id=20268, stack(0x000000fb7f200000,0x000000fb7f300000)]
  0x0000023f480cb5e0 JavaThread "Unconstrained build operations Thread 72" [_thread_blocked, id=6356, stack(0x000000fb7f300000,0x000000fb7f400000)]
  0x0000023f480ccf30 JavaThread "Unconstrained build operations Thread 73" [_thread_blocked, id=16756, stack(0x000000fb7b800000,0x000000fb7b900000)]
  0x0000023f480cd440 JavaThread "Unconstrained build operations Thread 74" [_thread_blocked, id=13536, stack(0x000000fb7bc00000,0x000000fb7bd00000)]
  0x0000023f480cd950 JavaThread "Unconstrained build operations Thread 75" [_thread_blocked, id=21140, stack(0x000000fb7bd00000,0x000000fb7be00000)]
  0x0000023f482e0360 JavaThread "Unconstrained build operations Thread 76" [_thread_blocked, id=22448, stack(0x000000fb7be00000,0x000000fb7bf00000)]
  0x0000023f482df430 JavaThread "Unconstrained build operations Thread 77" [_thread_blocked, id=15460, stack(0x000000fb7f500000,0x000000fb7f600000)]
  0x0000023f482df940 JavaThread "Unconstrained build operations Thread 78" [_thread_blocked, id=18576, stack(0x000000fb7f600000,0x000000fb7f700000)]
  0x0000023f482dfe50 JavaThread "Unconstrained build operations Thread 79" [_thread_blocked, id=15372, stack(0x000000fb7f700000,0x000000fb7f800000)]
  0x0000023f4c610900 JavaThread "Unconstrained build operations Thread 80" [_thread_blocked, id=8264, stack(0x000000fb7f800000,0x000000fb7f900000)]
  0x0000023f4c611830 JavaThread "build event listener" [_thread_blocked, id=22212, stack(0x000000fb7fa00000,0x000000fb7fb00000)]
=>0x0000023f4c60b560 JavaThread "C2 CompilerThread1" daemon [_thread_in_native, id=20748, stack(0x000000fb7f900000,0x000000fb7fa00000)]

Other Threads:
  0x0000023f263abdd0 VMThread "VM Thread" [stack: 0x000000fb76100000,0x000000fb76200000] [id=2508]
  0x0000023f2657a2d0 WatcherThread [stack: 0x000000fb76d00000,0x000000fb76e00000] [id=11964]
  0x0000023f07fa72a0 GCTaskThread "GC Thread#0" [stack: 0x000000fb75c00000,0x000000fb75d00000] [id=21700]
  0x0000023f463cc080 GCTaskThread "GC Thread#1" [stack: 0x000000fb76e00000,0x000000fb76f00000] [id=19120]
  0x0000023f266d84f0 GCTaskThread "GC Thread#2" [stack: 0x000000fb76f00000,0x000000fb77000000] [id=14568]
  0x0000023f46f57320 GCTaskThread "GC Thread#3" [stack: 0x000000fb77100000,0x000000fb77200000] [id=4620]
  0x0000023f46d57e60 GCTaskThread "GC Thread#4" [stack: 0x000000fb77200000,0x000000fb77300000] [id=10904]
  0x0000023f466aea70 GCTaskThread "GC Thread#5" [stack: 0x000000fb77f00000,0x000000fb78000000] [id=9436]
  0x0000023f47644a20 GCTaskThread "GC Thread#6" [stack: 0x000000fb78000000,0x000000fb78100000] [id=20108]
  0x0000023f47a82030 GCTaskThread "GC Thread#7" [stack: 0x000000fb78100000,0x000000fb78200000] [id=16020]
  0x0000023f07fb9110 ConcurrentGCThread "G1 Main Marker" [stack: 0x000000fb75d00000,0x000000fb75e00000] [id=20236]
  0x0000023f07fb9a40 ConcurrentGCThread "G1 Conc#0" [stack: 0x000000fb75e00000,0x000000fb75f00000] [id=18580]
  0x0000023f47b32830 ConcurrentGCThread "G1 Conc#1" [stack: 0x000000fb78400000,0x000000fb78500000] [id=20900]
  0x0000023f07ffe0f0 ConcurrentGCThread "G1 Refine#0" [stack: 0x000000fb75f00000,0x000000fb76000000] [id=19920]
  0x0000023f46a21ba0 ConcurrentGCThread "G1 Refine#1" [stack: 0x000000fb79500000,0x000000fb79600000] [id=10528]
  0x0000023f481e7950 ConcurrentGCThread "G1 Refine#2" [stack: 0x000000fb75800000,0x000000fb75900000] [id=8368]
  0x0000023f468c1470 ConcurrentGCThread "G1 Refine#3" [stack: 0x000000fb75900000,0x000000fb75a00000] [id=21160]
  0x0000023f07ffea30 ConcurrentGCThread "G1 Service" [stack: 0x000000fb76000000,0x000000fb76100000] [id=9900]

Threads with active compile tasks:
C2 CompilerThread0   254134 28302       4       org.codehaus.groovy.runtime.GroovyCategorySupport$MyThreadLocal::getInfoNullable (24 bytes)
C2 CompilerThread1   254135 28282       4       java.beans.MethodDescriptor::<init> (48 bytes)

VM state: not at safepoint (normal execution)

VM Mutex/Monitor currently owned by a thread: None

Heap address: 0x0000000080000000, size: 2048 MB, Compressed Oops mode: 32-bit

CDS archive(s) mapped at: [0x0000023f27000000-0x0000023f27bb0000-0x0000023f27bb0000), size 12255232, SharedBaseAddress: 0x0000023f27000000, ArchiveRelocationMode: 1.
Compressed class space mapped at: 0x0000023f28000000-0x0000023f42000000, reserved size: 436207616
Narrow klass base: 0x0000023f27000000, Narrow klass shift: 0, Narrow klass range: 0x100000000

GC Precious Log:
 CPUs: 8 total, 8 available
 Memory: 7502M
 Large Page Support: Disabled
 NUMA Support: Disabled
 Compressed Oops: Enabled (32-bit)
 Heap Region Size: 1M
 Heap Min Capacity: 8M
 Heap Initial Capacity: 118M
 Heap Max Capacity: 2G
 Pre-touch: Disabled
 Parallel Workers: 8
 Concurrent Workers: 2
 Concurrent Refinement Workers: 8
 Periodic GC: Disabled

Heap:
 garbage-first heap   total 345088K, used 295374K [0x0000000080000000, 0x0000000100000000)
  region size 1024K, 16 young (16384K), 4 survivors (4096K)
 Metaspace       used 181622K, committed 183104K, reserved 622592K
  class space    used 23376K, committed 24064K, reserved 425984K

Heap Regions: E=young(eden), S=young(survivor), O=old, HS=humongous(starts), HC=humongous(continues), CS=collection set, F=free, OA=open archive, CA=closed archive, TAMS=top-at-mark-start (previous, next)
|   0|0x0000000080000000, 0x0000000080100000, 0x0000000080100000|100%| O|  |TAMS 0x0000000080100000, 0x0000000080000000| Untracked 
|   1|0x0000000080100000, 0x0000000080200000, 0x0000000080200000|100%| O|  |TAMS 0x0000000080200000, 0x0000000080100000| Untracked 
|   2|0x0000000080200000, 0x0000000080300000, 0x0000000080300000|100%|HS|  |TAMS 0x0000000080300000, 0x0000000080200000| Complete 
|   3|0x0000000080300000, 0x0000000080400000, 0x0000000080400000|100%|HC|  |TAMS 0x0000000080400000, 0x0000000080300000| Complete 
|   4|0x0000000080400000, 0x0000000080500000, 0x0000000080500000|100%|HC|  |TAMS 0x0000000080500000, 0x0000000080400000| Complete 
|   5|0x0000000080500000, 0x0000000080600000, 0x0000000080600000|100%|HC|  |TAMS 0x0000000080600000, 0x0000000080500000| Complete 
|   6|0x0000000080600000, 0x0000000080700000, 0x0000000080700000|100%| O|  |TAMS 0x0000000080700000, 0x0000000080600000| Untracked 
|   7|0x0000000080700000, 0x0000000080800000, 0x0000000080800000|100%| O|  |TAMS 0x0000000080800000, 0x0000000080700000| Untracked 
|   8|0x0000000080800000, 0x0000000080900000, 0x0000000080900000|100%| O|  |TAMS 0x0000000080900000, 0x0000000080800000| Untracked 
|   9|0x0000000080900000, 0x0000000080a00000, 0x0000000080a00000|100%|HS|  |TAMS 0x0000000080a00000, 0x0000000080900000| Complete 
|  10|0x0000000080a00000, 0x0000000080b00000, 0x0000000080b00000|100%| O|  |TAMS 0x0000000080b00000, 0x0000000080a00000| Untracked 
|  11|0x0000000080b00000, 0x0000000080c00000, 0x0000000080c00000|100%| O|  |TAMS 0x0000000080c00000, 0x0000000080b00000| Untracked 
|  12|0x0000000080c00000, 0x0000000080d00000, 0x0000000080d00000|100%| O|  |TAMS 0x0000000080d00000, 0x0000000080c00000| Untracked 
|  13|0x0000000080d00000, 0x0000000080e00000, 0x0000000080e00000|100%| O|  |TAMS 0x0000000080e00000, 0x0000000080d00000| Untracked 
|  14|0x0000000080e00000, 0x0000000080f00000, 0x0000000080f00000|100%| O|  |TAMS 0x0000000080f00000, 0x0000000080e00000| Untracked 
|  15|0x0000000080f00000, 0x0000000081000000, 0x0000000081000000|100%| O|  |TAMS 0x0000000081000000, 0x0000000080f00000| Untracked 
|  16|0x0000000081000000, 0x0000000081100000, 0x0000000081100000|100%| O|  |TAMS 0x0000000081100000, 0x0000000081000000| Untracked 
|  17|0x0000000081100000, 0x0000000081200000, 0x0000000081200000|100%| O|  |TAMS 0x0000000081200000, 0x0000000081100000| Untracked 
|  18|0x0000000081200000, 0x0000000081300000, 0x0000000081300000|100%| O|  |TAMS 0x0000000081300000, 0x0000000081200000| Untracked 
|  19|0x0000000081300000, 0x0000000081400000, 0x0000000081400000|100%| O|  |TAMS 0x0000000081400000, 0x0000000081300000| Untracked 
|  20|0x0000000081400000, 0x0000000081500000, 0x0000000081500000|100%| O|  |TAMS 0x0000000081500000, 0x0000000081400000| Untracked 
|  21|0x0000000081500000, 0x0000000081600000, 0x0000000081600000|100%| O|  |TAMS 0x0000000081600000, 0x0000000081500000| Untracked 
|  22|0x0000000081600000, 0x0000000081700000, 0x0000000081700000|100%| O|  |TAMS 0x0000000081700000, 0x0000000081600000| Untracked 
|  23|0x0000000081700000, 0x0000000081800000, 0x0000000081800000|100%| O|  |TAMS 0x0000000081800000, 0x0000000081700000| Untracked 
|  24|0x0000000081800000, 0x0000000081900000, 0x0000000081900000|100%| O|  |TAMS 0x0000000081900000, 0x0000000081800000| Untracked 
|  25|0x0000000081900000, 0x0000000081a00000, 0x0000000081a00000|100%| O|  |TAMS 0x0000000081a00000, 0x0000000081900000| Untracked 
|  26|0x0000000081a00000, 0x0000000081b00000, 0x0000000081b00000|100%| O|  |TAMS 0x0000000081b00000, 0x0000000081a00000| Untracked 
|  27|0x0000000081b00000, 0x0000000081c00000, 0x0000000081c00000|100%| O|  |TAMS 0x0000000081c00000, 0x0000000081b00000| Untracked 
|  28|0x0000000081c00000, 0x0000000081d00000, 0x0000000081d00000|100%| O|  |TAMS 0x0000000081d00000, 0x0000000081c00000| Untracked 
|  29|0x0000000081d00000, 0x0000000081e00000, 0x0000000081e00000|100%| O|  |TAMS 0x0000000081e00000, 0x0000000081d00000| Untracked 
|  30|0x0000000081e00000, 0x0000000081f00000, 0x0000000081f00000|100%| O|  |TAMS 0x0000000081f00000, 0x0000000081e00000| Untracked 
|  31|0x0000000081f00000, 0x0000000082000000, 0x0000000082000000|100%| O|  |TAMS 0x0000000082000000, 0x0000000081f00000| Untracked 
|  32|0x0000000082000000, 0x0000000082100000, 0x0000000082100000|100%| O|  |TAMS 0x0000000082100000, 0x0000000082000000| Untracked 
|  33|0x0000000082100000, 0x0000000082200000, 0x0000000082200000|100%| O|  |TAMS 0x0000000082200000, 0x0000000082100000| Untracked 
|  34|0x0000000082200000, 0x0000000082300000, 0x0000000082300000|100%| O|  |TAMS 0x0000000082300000, 0x0000000082200000| Untracked 
|  35|0x0000000082300000, 0x0000000082400000, 0x0000000082400000|100%| O|  |TAMS 0x0000000082400000, 0x0000000082300000| Untracked 
|  36|0x0000000082400000, 0x0000000082500000, 0x0000000082500000|100%| O|  |TAMS 0x0000000082500000, 0x0000000082400000| Untracked 
|  37|0x0000000082500000, 0x0000000082600000, 0x0000000082600000|100%| O|  |TAMS 0x0000000082600000, 0x0000000082500000| Untracked 
|  38|0x0000000082600000, 0x0000000082700000, 0x0000000082700000|100%| O|  |TAMS 0x0000000082700000, 0x0000000082600000| Untracked 
|  39|0x0000000082700000, 0x0000000082800000, 0x0000000082800000|100%| O|  |TAMS 0x0000000082800000, 0x0000000082700000| Untracked 
|  40|0x0000000082800000, 0x0000000082900000, 0x0000000082900000|100%| O|  |TAMS 0x0000000082900000, 0x0000000082800000| Untracked 
|  41|0x0000000082900000, 0x0000000082a00000, 0x0000000082a00000|100%| O|  |TAMS 0x0000000082a00000, 0x0000000082900000| Untracked 
|  42|0x0000000082a00000, 0x0000000082b00000, 0x0000000082b00000|100%| O|  |TAMS 0x0000000082b00000, 0x0000000082a00000| Untracked 
|  43|0x0000000082b00000, 0x0000000082c00000, 0x0000000082c00000|100%| O|  |TAMS 0x0000000082c00000, 0x0000000082b00000| Untracked 
|  44|0x0000000082c00000, 0x0000000082d00000, 0x0000000082d00000|100%| O|  |TAMS 0x0000000082d00000, 0x0000000082c00000| Untracked 
|  45|0x0000000082d00000, 0x0000000082e00000, 0x0000000082e00000|100%| O|  |TAMS 0x0000000082e00000, 0x0000000082d00000| Untracked 
|  46|0x0000000082e00000, 0x0000000082f00000, 0x0000000082f00000|100%| O|  |TAMS 0x0000000082f00000, 0x0000000082e00000| Untracked 
|  47|0x0000000082f00000, 0x0000000083000000, 0x0000000083000000|100%| O|  |TAMS 0x0000000083000000, 0x0000000082f00000| Untracked 
|  48|0x0000000083000000, 0x0000000083100000, 0x0000000083100000|100%| O|  |TAMS 0x0000000083100000, 0x0000000083000000| Untracked 
|  49|0x0000000083100000, 0x0000000083200000, 0x0000000083200000|100%| O|  |TAMS 0x0000000083200000, 0x0000000083100000| Untracked 
|  50|0x0000000083200000, 0x0000000083300000, 0x0000000083300000|100%| O|  |TAMS 0x0000000083300000, 0x0000000083200000| Untracked 
|  51|0x0000000083300000, 0x0000000083400000, 0x0000000083400000|100%| O|  |TAMS 0x0000000083400000, 0x0000000083300000| Untracked 
|  52|0x0000000083400000, 0x0000000083500000, 0x0000000083500000|100%| O|  |TAMS 0x0000000083500000, 0x0000000083400000| Untracked 
|  53|0x0000000083500000, 0x0000000083600000, 0x0000000083600000|100%| O|  |TAMS 0x0000000083500000, 0x0000000083500000| Untracked 
|  54|0x0000000083600000, 0x0000000083700000, 0x0000000083700000|100%| O|  |TAMS 0x0000000083700000, 0x0000000083600000| Untracked 
|  55|0x0000000083700000, 0x0000000083800000, 0x0000000083800000|100%| O|  |TAMS 0x0000000083800000, 0x0000000083700000| Untracked 
|  56|0x0000000083800000, 0x0000000083900000, 0x0000000083900000|100%| O|  |TAMS 0x0000000083900000, 0x0000000083800000| Untracked 
|  57|0x0000000083900000, 0x0000000083a00000, 0x0000000083a00000|100%| O|  |TAMS 0x0000000083a00000, 0x0000000083900000| Untracked 
|  58|0x0000000083a00000, 0x0000000083b00000, 0x0000000083b00000|100%| O|  |TAMS 0x0000000083b00000, 0x0000000083a00000| Untracked 
|  59|0x0000000083b00000, 0x0000000083c00000, 0x0000000083c00000|100%| O|  |TAMS 0x0000000083c00000, 0x0000000083b00000| Untracked 
|  60|0x0000000083c00000, 0x0000000083d00000, 0x0000000083d00000|100%| O|  |TAMS 0x0000000083d00000, 0x0000000083c00000| Untracked 
|  61|0x0000000083d00000, 0x0000000083e00000, 0x0000000083e00000|100%| O|  |TAMS 0x0000000083e00000, 0x0000000083d00000| Untracked 
|  62|0x0000000083e00000, 0x0000000083f00000, 0x0000000083f00000|100%| O|  |TAMS 0x0000000083f00000, 0x0000000083e00000| Untracked 
|  63|0x0000000083f00000, 0x0000000084000000, 0x0000000084000000|100%|HS|  |TAMS 0x0000000084000000, 0x0000000083f00000| Complete 
|  64|0x0000000084000000, 0x0000000084100000, 0x0000000084100000|100%|HC|  |TAMS 0x0000000084100000, 0x0000000084000000| Complete 
|  65|0x0000000084100000, 0x0000000084200000, 0x0000000084200000|100%|HS|  |TAMS 0x0000000084200000, 0x0000000084100000| Complete 
|  66|0x0000000084200000, 0x0000000084300000, 0x0000000084300000|100%|HC|  |TAMS 0x0000000084300000, 0x0000000084200000| Complete 
|  67|0x0000000084300000, 0x0000000084400000, 0x0000000084400000|100%| O|  |TAMS 0x0000000084400000, 0x0000000084300000| Untracked 
|  68|0x0000000084400000, 0x0000000084500000, 0x0000000084500000|100%| O|  |TAMS 0x0000000084500000, 0x0000000084400000| Untracked 
|  69|0x0000000084500000, 0x0000000084600000, 0x0000000084600000|100%| O|  |TAMS 0x0000000084600000, 0x0000000084500000| Untracked 
|  70|0x0000000084600000, 0x0000000084700000, 0x0000000084700000|100%| O|  |TAMS 0x0000000084700000, 0x0000000084600000| Untracked 
|  71|0x0000000084700000, 0x0000000084800000, 0x0000000084800000|100%|HS|  |TAMS 0x0000000084800000, 0x0000000084700000| Complete 
|  72|0x0000000084800000, 0x0000000084900000, 0x0000000084900000|100%|HC|  |TAMS 0x0000000084900000, 0x0000000084800000| Complete 
|  73|0x0000000084900000, 0x0000000084a00000, 0x0000000084a00000|100%|HC|  |TAMS 0x0000000084a00000, 0x0000000084900000| Complete 
|  74|0x0000000084a00000, 0x0000000084b00000, 0x0000000084b00000|100%|HC|  |TAMS 0x0000000084b00000, 0x0000000084a00000| Complete 
|  75|0x0000000084b00000, 0x0000000084c00000, 0x0000000084c00000|100%|HS|  |TAMS 0x0000000084c00000, 0x0000000084b00000| Complete 
|  76|0x0000000084c00000, 0x0000000084d00000, 0x0000000084d00000|100%|HC|  |TAMS 0x0000000084d00000, 0x0000000084c00000| Complete 
|  77|0x0000000084d00000, 0x0000000084e00000, 0x0000000084e00000|100%|HC|  |TAMS 0x0000000084e00000, 0x0000000084d00000| Complete 
|  78|0x0000000084e00000, 0x0000000084f00000, 0x0000000084f00000|100%|HC|  |TAMS 0x0000000084f00000, 0x0000000084e00000| Complete 
|  79|0x0000000084f00000, 0x0000000085000000, 0x0000000085000000|100%| O|  |TAMS 0x0000000085000000, 0x0000000084f00000| Untracked 
|  80|0x0000000085000000, 0x0000000085100000, 0x0000000085100000|100%| O|  |TAMS 0x0000000085100000, 0x0000000085000000| Untracked 
|  81|0x0000000085100000, 0x0000000085200000, 0x0000000085200000|100%| O|  |TAMS 0x0000000085200000, 0x0000000085100000| Untracked 
|  82|0x0000000085200000, 0x0000000085300000, 0x0000000085300000|100%| O|  |TAMS 0x0000000085300000, 0x0000000085200000| Untracked 
|  83|0x0000000085300000, 0x0000000085400000, 0x0000000085400000|100%| O|  |TAMS 0x0000000085400000, 0x0000000085300000| Untracked 
|  84|0x0000000085400000, 0x0000000085500000, 0x0000000085500000|100%| O|  |TAMS 0x0000000085500000, 0x0000000085400000| Untracked 
|  85|0x0000000085500000, 0x0000000085600000, 0x0000000085600000|100%| O|  |TAMS 0x0000000085600000, 0x0000000085500000| Untracked 
|  86|0x0000000085600000, 0x0000000085700000, 0x0000000085700000|100%| O|  |TAMS 0x0000000085700000, 0x0000000085600000| Untracked 
|  87|0x0000000085700000, 0x0000000085800000, 0x0000000085800000|100%| O|  |TAMS 0x0000000085800000, 0x0000000085700000| Untracked 
|  88|0x0000000085800000, 0x0000000085900000, 0x0000000085900000|100%| O|  |TAMS 0x0000000085900000, 0x0000000085800000| Untracked 
|  89|0x0000000085900000, 0x0000000085a00000, 0x0000000085a00000|100%| O|  |TAMS 0x0000000085a00000, 0x0000000085900000| Untracked 
|  90|0x0000000085a00000, 0x0000000085b00000, 0x0000000085b00000|100%| O|  |TAMS 0x0000000085b00000, 0x0000000085a00000| Untracked 
|  91|0x0000000085b00000, 0x0000000085c00000, 0x0000000085c00000|100%| O|  |TAMS 0x0000000085c00000, 0x0000000085b00000| Untracked 
|  92|0x0000000085c00000, 0x0000000085d00000, 0x0000000085d00000|100%| O|  |TAMS 0x0000000085d00000, 0x0000000085c00000| Untracked 
|  93|0x0000000085d00000, 0x0000000085e00000, 0x0000000085e00000|100%| O|  |TAMS 0x0000000085e00000, 0x0000000085d00000| Untracked 
|  94|0x0000000085e00000, 0x0000000085f00000, 0x0000000085f00000|100%| O|  |TAMS 0x0000000085f00000, 0x0000000085e00000| Untracked 
|  95|0x0000000085f00000, 0x0000000086000000, 0x0000000086000000|100%| O|  |TAMS 0x0000000086000000, 0x0000000085f00000| Untracked 
|  96|0x0000000086000000, 0x0000000086100000, 0x0000000086100000|100%| O|  |TAMS 0x0000000086100000, 0x0000000086000000| Untracked 
|  97|0x0000000086100000, 0x0000000086200000, 0x0000000086200000|100%| O|  |TAMS 0x0000000086200000, 0x0000000086100000| Untracked 
|  98|0x0000000086200000, 0x0000000086300000, 0x0000000086300000|100%| O|  |TAMS 0x0000000086300000, 0x0000000086200000| Untracked 
|  99|0x0000000086300000, 0x0000000086400000, 0x0000000086400000|100%| O|  |TAMS 0x0000000086400000, 0x0000000086300000| Untracked 
| 100|0x0000000086400000, 0x0000000086500000, 0x0000000086500000|100%| O|  |TAMS 0x0000000086500000, 0x0000000086400000| Untracked 
| 101|0x0000000086500000, 0x0000000086600000, 0x0000000086600000|100%| O|  |TAMS 0x0000000086600000, 0x0000000086500000| Untracked 
| 102|0x0000000086600000, 0x0000000086700000, 0x0000000086700000|100%| O|  |TAMS 0x0000000086700000, 0x0000000086600000| Untracked 
| 103|0x0000000086700000, 0x0000000086800000, 0x0000000086800000|100%| O|  |TAMS 0x0000000086800000, 0x0000000086700000| Untracked 
| 104|0x0000000086800000, 0x0000000086900000, 0x0000000086900000|100%| O|  |TAMS 0x0000000086900000, 0x0000000086800000| Untracked 
| 105|0x0000000086900000, 0x0000000086a00000, 0x0000000086a00000|100%| O|  |TAMS 0x0000000086a00000, 0x0000000086900000| Untracked 
| 106|0x0000000086a00000, 0x0000000086b00000, 0x0000000086b00000|100%| O|  |TAMS 0x0000000086b00000, 0x0000000086a00000| Untracked 
| 107|0x0000000086b00000, 0x0000000086c00000, 0x0000000086c00000|100%| O|  |TAMS 0x0000000086c00000, 0x0000000086b00000| Untracked 
| 108|0x0000000086c00000, 0x0000000086d00000, 0x0000000086d00000|100%| O|  |TAMS 0x0000000086d00000, 0x0000000086c00000| Untracked 
| 109|0x0000000086d00000, 0x0000000086e00000, 0x0000000086e00000|100%| O|  |TAMS 0x0000000086e00000, 0x0000000086d00000| Untracked 
| 110|0x0000000086e00000, 0x0000000086f00000, 0x0000000086f00000|100%| O|  |TAMS 0x0000000086f00000, 0x0000000086e00000| Untracked 
| 111|0x0000000086f00000, 0x0000000087000000, 0x0000000087000000|100%| O|  |TAMS 0x0000000086f00000, 0x0000000086f00000| Untracked 
| 112|0x0000000087000000, 0x0000000087100000, 0x0000000087100000|100%| O|  |TAMS 0x0000000087000000, 0x0000000087000000| Untracked 
| 113|0x0000000087100000, 0x0000000087200000, 0x0000000087200000|100%| O|  |TAMS 0x0000000087100000, 0x0000000087100000| Untracked 
| 114|0x0000000087200000, 0x0000000087300000, 0x0000000087300000|100%| O|  |TAMS 0x0000000087200000, 0x0000000087200000| Untracked 
| 115|0x0000000087300000, 0x0000000087400000, 0x0000000087400000|100%| O|  |TAMS 0x0000000087300000, 0x0000000087300000| Untracked 
| 116|0x0000000087400000, 0x0000000087500000, 0x0000000087500000|100%| O|  |TAMS 0x0000000087400000, 0x0000000087400000| Untracked 
| 117|0x0000000087500000, 0x0000000087600000, 0x0000000087600000|100%| O|  |TAMS 0x0000000087500000, 0x0000000087500000| Untracked 
| 118|0x0000000087600000, 0x0000000087700000, 0x0000000087700000|100%| O|  |TAMS 0x0000000087600000, 0x0000000087600000| Untracked 
| 119|0x0000000087700000, 0x0000000087800000, 0x0000000087800000|100%| O|  |TAMS 0x0000000087800000, 0x0000000087700000| Untracked 
| 120|0x0000000087800000, 0x0000000087900000, 0x0000000087900000|100%| O|  |TAMS 0x0000000087900000, 0x0000000087800000| Untracked 
| 121|0x0000000087900000, 0x0000000087a00000, 0x0000000087a00000|100%| O|  |TAMS 0x0000000087a00000, 0x0000000087900000| Untracked 
| 122|0x0000000087a00000, 0x0000000087b00000, 0x0000000087b00000|100%| O|  |TAMS 0x0000000087b00000, 0x0000000087a00000| Untracked 
| 123|0x0000000087b00000, 0x0000000087c00000, 0x0000000087c00000|100%| O|  |TAMS 0x0000000087b00000, 0x0000000087b00000| Untracked 
| 124|0x0000000087c00000, 0x0000000087d00000, 0x0000000087d00000|100%| O|  |TAMS 0x0000000087c00000, 0x0000000087c00000| Untracked 
| 125|0x0000000087d00000, 0x0000000087e00000, 0x0000000087e00000|100%| O|  |TAMS 0x0000000087d00000, 0x0000000087d00000| Untracked 
| 126|0x0000000087e00000, 0x0000000087f00000, 0x0000000087f00000|100%| O|  |TAMS 0x0000000087e00000, 0x0000000087e00000| Untracked 
| 127|0x0000000087f00000, 0x0000000088000000, 0x0000000088000000|100%| O|  |TAMS 0x0000000087f00000, 0x0000000087f00000| Untracked 
| 128|0x0000000088000000, 0x0000000088100000, 0x0000000088100000|100%| O|  |TAMS 0x0000000088000000, 0x0000000088000000| Untracked 
| 129|0x0000000088100000, 0x0000000088200000, 0x0000000088200000|100%| O|  |TAMS 0x0000000088100000, 0x0000000088100000| Untracked 
| 130|0x0000000088200000, 0x0000000088300000, 0x0000000088300000|100%| O|  |TAMS 0x0000000088200000, 0x0000000088200000| Untracked 
| 131|0x0000000088300000, 0x0000000088400000, 0x0000000088400000|100%| O|  |TAMS 0x0000000088300000, 0x0000000088300000| Untracked 
| 132|0x0000000088400000, 0x0000000088500000, 0x0000000088500000|100%| O|  |TAMS 0x0000000088400000, 0x0000000088400000| Untracked 
| 133|0x0000000088500000, 0x0000000088600000, 0x0000000088600000|100%| O|  |TAMS 0x0000000088500000, 0x0000000088500000| Untracked 
| 134|0x0000000088600000, 0x0000000088700000, 0x0000000088700000|100%| O|  |TAMS 0x0000000088600000, 0x0000000088600000| Untracked 
| 135|0x0000000088700000, 0x0000000088800000, 0x0000000088800000|100%| O|  |TAMS 0x0000000088700000, 0x0000000088700000| Untracked 
| 136|0x0000000088800000, 0x0000000088900000, 0x0000000088900000|100%| O|  |TAMS 0x0000000088800000, 0x0000000088800000| Untracked 
| 137|0x0000000088900000, 0x0000000088a00000, 0x0000000088a00000|100%| O|  |TAMS 0x0000000088a00000, 0x0000000088900000| Untracked 
| 138|0x0000000088a00000, 0x0000000088b00000, 0x0000000088b00000|100%| O|  |TAMS 0x0000000088a00000, 0x0000000088a00000| Untracked 
| 139|0x0000000088b00000, 0x0000000088c00000, 0x0000000088c00000|100%| O|  |TAMS 0x0000000088b00000, 0x0000000088b00000| Untracked 
| 140|0x0000000088c00000, 0x0000000088d00000, 0x0000000088d00000|100%| O|  |TAMS 0x0000000088d00000, 0x0000000088c00000| Untracked 
| 141|0x0000000088d00000, 0x0000000088e00000, 0x0000000088e00000|100%| O|  |TAMS 0x0000000088e00000, 0x0000000088d00000| Untracked 
| 142|0x0000000088e00000, 0x0000000088f00000, 0x0000000088f00000|100%| O|  |TAMS 0x0000000088f00000, 0x0000000088e00000| Untracked 
| 143|0x0000000088f00000, 0x0000000089000000, 0x0000000089000000|100%| O|  |TAMS 0x0000000089000000, 0x0000000088f00000| Untracked 
| 144|0x0000000089000000, 0x0000000089100000, 0x0000000089100000|100%| O|  |TAMS 0x0000000089100000, 0x0000000089000000| Untracked 
| 145|0x0000000089100000, 0x0000000089200000, 0x0000000089200000|100%| O|  |TAMS 0x0000000089200000, 0x0000000089100000| Untracked 
| 146|0x0000000089200000, 0x0000000089300000, 0x0000000089300000|100%| O|  |TAMS 0x0000000089300000, 0x0000000089200000| Untracked 
| 147|0x0000000089300000, 0x0000000089400000, 0x0000000089400000|100%| O|  |TAMS 0x0000000089400000, 0x0000000089300000| Untracked 
| 148|0x0000000089400000, 0x0000000089500000, 0x0000000089500000|100%| O|  |TAMS 0x0000000089500000, 0x0000000089400000| Untracked 
| 149|0x0000000089500000, 0x0000000089600000, 0x0000000089600000|100%| O|  |TAMS 0x0000000089600000, 0x0000000089500000| Untracked 
| 150|0x0000000089600000, 0x0000000089700000, 0x0000000089700000|100%| O|  |TAMS 0x0000000089644a00, 0x0000000089600000| Untracked 
| 151|0x0000000089700000, 0x0000000089800000, 0x0000000089800000|100%| O|  |TAMS 0x0000000089700000, 0x0000000089700000| Untracked 
| 152|0x0000000089800000, 0x0000000089900000, 0x0000000089900000|100%| O|  |TAMS 0x0000000089800000, 0x0000000089800000| Untracked 
| 153|0x0000000089900000, 0x0000000089a00000, 0x0000000089a00000|100%| O|  |TAMS 0x0000000089900000, 0x0000000089900000| Untracked 
| 154|0x0000000089a00000, 0x0000000089b00000, 0x0000000089b00000|100%| O|  |TAMS 0x0000000089a00000, 0x0000000089a00000| Untracked 
| 155|0x0000000089b00000, 0x0000000089c00000, 0x0000000089c00000|100%| O|  |TAMS 0x0000000089b00000, 0x0000000089b00000| Untracked 
| 156|0x0000000089c00000, 0x0000000089d00000, 0x0000000089d00000|100%| O|  |TAMS 0x0000000089c00000, 0x0000000089c00000| Untracked 
| 157|0x0000000089d00000, 0x0000000089e00000, 0x0000000089e00000|100%| O|  |TAMS 0x0000000089d00000, 0x0000000089d00000| Untracked 
| 158|0x0000000089e00000, 0x0000000089f00000, 0x0000000089f00000|100%| O|  |TAMS 0x0000000089e00000, 0x0000000089e00000| Untracked 
| 159|0x0000000089f00000, 0x000000008a000000, 0x000000008a000000|100%| O|  |TAMS 0x0000000089f00000, 0x0000000089f00000| Untracked 
| 160|0x000000008a000000, 0x000000008a100000, 0x000000008a100000|100%| O|  |TAMS 0x000000008a000000, 0x000000008a000000| Untracked 
| 161|0x000000008a100000, 0x000000008a200000, 0x000000008a200000|100%| O|  |TAMS 0x000000008a100000, 0x000000008a100000| Untracked 
| 162|0x000000008a200000, 0x000000008a300000, 0x000000008a300000|100%| O|  |TAMS 0x000000008a200000, 0x000000008a200000| Untracked 
| 163|0x000000008a300000, 0x000000008a400000, 0x000000008a400000|100%| O|  |TAMS 0x000000008a300000, 0x000000008a300000| Untracked 
| 164|0x000000008a400000, 0x000000008a500000, 0x000000008a500000|100%| O|  |TAMS 0x000000008a400000, 0x000000008a400000| Untracked 
| 165|0x000000008a500000, 0x000000008a600000, 0x000000008a600000|100%| O|  |TAMS 0x000000008a500000, 0x000000008a500000| Untracked 
| 166|0x000000008a600000, 0x000000008a700000, 0x000000008a700000|100%| O|  |TAMS 0x000000008a600000, 0x000000008a600000| Untracked 
| 167|0x000000008a700000, 0x000000008a800000, 0x000000008a800000|100%| O|  |TAMS 0x000000008a700000, 0x000000008a700000| Untracked 
| 168|0x000000008a800000, 0x000000008a900000, 0x000000008a900000|100%|HS|  |TAMS 0x000000008a800000, 0x000000008a800000| Complete 
| 169|0x000000008a900000, 0x000000008aa00000, 0x000000008aa00000|100%|HS|  |TAMS 0x000000008a900000, 0x000000008a900000| Complete 
| 170|0x000000008aa00000, 0x000000008ab00000, 0x000000008ab00000|100%|HS|  |TAMS 0x000000008aa00000, 0x000000008aa00000| Complete 
| 171|0x000000008ab00000, 0x000000008ac00000, 0x000000008ac00000|100%|HS|  |TAMS 0x000000008ab00000, 0x000000008ab00000| Complete 
| 172|0x000000008ac00000, 0x000000008ad00000, 0x000000008ad00000|100%| O|  |TAMS 0x000000008ac00000, 0x000000008ac00000| Untracked 
| 173|0x000000008ad00000, 0x000000008ae00000, 0x000000008ae00000|100%|HS|  |TAMS 0x000000008ad00000, 0x000000008ad00000| Complete 
| 174|0x000000008ae00000, 0x000000008af00000, 0x000000008af00000|100%|HS|  |TAMS 0x000000008ae00000, 0x000000008ae00000| Complete 
| 175|0x000000008af00000, 0x000000008b000000, 0x000000008b000000|100%| O|  |TAMS 0x000000008af00000, 0x000000008af00000| Untracked 
| 176|0x000000008b000000, 0x000000008b100000, 0x000000008b100000|100%| O|  |TAMS 0x000000008b000000, 0x000000008b000000| Untracked 
| 177|0x000000008b100000, 0x000000008b200000, 0x000000008b200000|100%| O|  |TAMS 0x000000008b100000, 0x000000008b100000| Untracked 
| 178|0x000000008b200000, 0x000000008b300000, 0x000000008b300000|100%| O|  |TAMS 0x000000008b200000, 0x000000008b200000| Untracked 
| 179|0x000000008b300000, 0x000000008b400000, 0x000000008b400000|100%| O|  |TAMS 0x000000008b300000, 0x000000008b300000| Untracked 
| 180|0x000000008b400000, 0x000000008b500000, 0x000000008b500000|100%| O|  |TAMS 0x000000008b400000, 0x000000008b400000| Untracked 
| 181|0x000000008b500000, 0x000000008b600000, 0x000000008b600000|100%| O|  |TAMS 0x000000008b500000, 0x000000008b500000| Untracked 
| 182|0x000000008b600000, 0x000000008b700000, 0x000000008b700000|100%| O|  |TAMS 0x000000008b600000, 0x000000008b600000| Untracked 
| 183|0x000000008b700000, 0x000000008b800000, 0x000000008b800000|100%| O|  |TAMS 0x000000008b700000, 0x000000008b700000| Untracked 
| 184|0x000000008b800000, 0x000000008b900000, 0x000000008b900000|100%|HS|  |TAMS 0x000000008b800000, 0x000000008b800000| Complete 
| 185|0x000000008b900000, 0x000000008ba00000, 0x000000008ba00000|100%|HS|  |TAMS 0x000000008b900000, 0x000000008b900000| Complete 
| 186|0x000000008ba00000, 0x000000008bb00000, 0x000000008bb00000|100%|HC|  |TAMS 0x000000008ba00000, 0x000000008ba00000| Complete 
| 187|0x000000008bb00000, 0x000000008bc00000, 0x000000008bc00000|100%| O|  |TAMS 0x000000008bb00000, 0x000000008bb00000| Untracked 
| 188|0x000000008bc00000, 0x000000008bd00000, 0x000000008bd00000|100%| O|  |TAMS 0x000000008bc00000, 0x000000008bc00000| Untracked 
| 189|0x000000008bd00000, 0x000000008be00000, 0x000000008be00000|100%| O|  |TAMS 0x000000008bd00000, 0x000000008bd00000| Untracked 
| 190|0x000000008be00000, 0x000000008bf00000, 0x000000008bf00000|100%| O|  |TAMS 0x000000008be00000, 0x000000008be00000| Untracked 
| 191|0x000000008bf00000, 0x000000008c000000, 0x000000008c000000|100%| O|  |TAMS 0x000000008bf00000, 0x000000008bf00000| Untracked 
| 192|0x000000008c000000, 0x000000008c100000, 0x000000008c100000|100%| O|  |TAMS 0x000000008c000000, 0x000000008c000000| Untracked 
| 193|0x000000008c100000, 0x000000008c200000, 0x000000008c200000|100%| O|  |TAMS 0x000000008c100000, 0x000000008c100000| Untracked 
| 194|0x000000008c200000, 0x000000008c300000, 0x000000008c300000|100%| O|  |TAMS 0x000000008c200000, 0x000000008c200000| Untracked 
| 195|0x000000008c300000, 0x000000008c400000, 0x000000008c400000|100%| O|  |TAMS 0x000000008c300000, 0x000000008c300000| Untracked 
| 196|0x000000008c400000, 0x000000008c500000, 0x000000008c500000|100%| O|  |TAMS 0x000000008c400000, 0x000000008c400000| Untracked 
| 197|0x000000008c500000, 0x000000008c600000, 0x000000008c600000|100%| O|  |TAMS 0x000000008c500000, 0x000000008c500000| Untracked 
| 198|0x000000008c600000, 0x000000008c700000, 0x000000008c700000|100%| O|  |TAMS 0x000000008c600000, 0x000000008c600000| Untracked 
| 199|0x000000008c700000, 0x000000008c800000, 0x000000008c800000|100%| O|  |TAMS 0x000000008c700000, 0x000000008c700000| Untracked 
| 200|0x000000008c800000, 0x000000008c900000, 0x000000008c900000|100%| O|  |TAMS 0x000000008c800000, 0x000000008c800000| Untracked 
| 201|0x000000008c900000, 0x000000008ca00000, 0x000000008ca00000|100%| O|  |TAMS 0x000000008c900000, 0x000000008c900000| Untracked 
| 202|0x000000008ca00000, 0x000000008cb00000, 0x000000008cb00000|100%| O|  |TAMS 0x000000008ca00000, 0x000000008ca00000| Untracked 
| 203|0x000000008cb00000, 0x000000008cc00000, 0x000000008cc00000|100%| O|  |TAMS 0x000000008cb00000, 0x000000008cb00000| Untracked 
| 204|0x000000008cc00000, 0x000000008cd00000, 0x000000008cd00000|100%| O|  |TAMS 0x000000008cc00000, 0x000000008cc00000| Untracked 
| 205|0x000000008cd00000, 0x000000008ce00000, 0x000000008ce00000|100%| O|  |TAMS 0x000000008cd00000, 0x000000008cd00000| Untracked 
| 206|0x000000008ce00000, 0x000000008cf00000, 0x000000008cf00000|100%| O|  |TAMS 0x000000008ce00000, 0x000000008ce00000| Untracked 
| 207|0x000000008cf00000, 0x000000008d000000, 0x000000008d000000|100%| O|  |TAMS 0x000000008cf00000, 0x000000008cf00000| Untracked 
| 208|0x000000008d000000, 0x000000008d100000, 0x000000008d100000|100%| O|  |TAMS 0x000000008d000000, 0x000000008d000000| Untracked 
| 209|0x000000008d100000, 0x000000008d200000, 0x000000008d200000|100%| O|  |TAMS 0x000000008d100000, 0x000000008d100000| Untracked 
| 210|0x000000008d200000, 0x000000008d300000, 0x000000008d300000|100%| O|  |TAMS 0x000000008d200000, 0x000000008d200000| Untracked 
| 211|0x000000008d300000, 0x000000008d400000, 0x000000008d400000|100%| O|  |TAMS 0x000000008d300000, 0x000000008d300000| Untracked 
| 212|0x000000008d400000, 0x000000008d500000, 0x000000008d500000|100%| O|  |TAMS 0x000000008d400000, 0x000000008d400000| Untracked 
| 213|0x000000008d500000, 0x000000008d600000, 0x000000008d600000|100%| O|  |TAMS 0x000000008d500000, 0x000000008d500000| Untracked 
| 214|0x000000008d600000, 0x000000008d700000, 0x000000008d700000|100%| O|  |TAMS 0x000000008d600000, 0x000000008d600000| Untracked 
| 215|0x000000008d700000, 0x000000008d800000, 0x000000008d800000|100%| O|  |TAMS 0x000000008d700000, 0x000000008d700000| Untracked 
| 216|0x000000008d800000, 0x000000008d900000, 0x000000008d900000|100%|HS|  |TAMS 0x000000008d800000, 0x000000008d800000| Complete 
| 217|0x000000008d900000, 0x000000008da00000, 0x000000008da00000|100%|HS|  |TAMS 0x000000008d900000, 0x000000008d900000| Complete 
| 218|0x000000008da00000, 0x000000008db00000, 0x000000008db00000|100%|HS|  |TAMS 0x000000008da00000, 0x000000008da00000| Complete 
| 219|0x000000008db00000, 0x000000008dc00000, 0x000000008dc00000|100%|HC|  |TAMS 0x000000008db00000, 0x000000008db00000| Complete 
| 220|0x000000008dc00000, 0x000000008dd00000, 0x000000008dd00000|100%| O|  |TAMS 0x000000008dc00000, 0x000000008dc00000| Untracked 
| 221|0x000000008dd00000, 0x000000008de00000, 0x000000008de00000|100%| O|  |TAMS 0x000000008dd00000, 0x000000008dd00000| Untracked 
| 222|0x000000008de00000, 0x000000008df00000, 0x000000008df00000|100%| O|  |TAMS 0x000000008de00000, 0x000000008de00000| Untracked 
| 223|0x000000008df00000, 0x000000008e000000, 0x000000008e000000|100%| O|  |TAMS 0x000000008df00000, 0x000000008df00000| Untracked 
| 224|0x000000008e000000, 0x000000008e100000, 0x000000008e100000|100%| O|  |TAMS 0x000000008e000000, 0x000000008e000000| Untracked 
| 225|0x000000008e100000, 0x000000008e200000, 0x000000008e200000|100%| O|  |TAMS 0x000000008e100000, 0x000000008e100000| Untracked 
| 226|0x000000008e200000, 0x000000008e300000, 0x000000008e300000|100%| O|  |TAMS 0x000000008e200000, 0x000000008e200000| Untracked 
| 227|0x000000008e300000, 0x000000008e400000, 0x000000008e400000|100%| O|  |TAMS 0x000000008e300000, 0x000000008e300000| Untracked 
| 228|0x000000008e400000, 0x000000008e500000, 0x000000008e500000|100%| O|  |TAMS 0x000000008e400000, 0x000000008e400000| Untracked 
| 229|0x000000008e500000, 0x000000008e600000, 0x000000008e600000|100%| O|  |TAMS 0x000000008e500000, 0x000000008e500000| Untracked 
| 230|0x000000008e600000, 0x000000008e700000, 0x000000008e700000|100%| O|  |TAMS 0x000000008e600000, 0x000000008e600000| Untracked 
| 231|0x000000008e700000, 0x000000008e800000, 0x000000008e800000|100%| O|  |TAMS 0x000000008e700000, 0x000000008e700000| Untracked 
| 232|0x000000008e800000, 0x000000008e900000, 0x000000008e900000|100%| O|  |TAMS 0x000000008e800000, 0x000000008e800000| Untracked 
| 233|0x000000008e900000, 0x000000008ea00000, 0x000000008ea00000|100%| O|  |TAMS 0x000000008e900000, 0x000000008e900000| Untracked 
| 234|0x000000008ea00000, 0x000000008eb00000, 0x000000008eb00000|100%| O|  |TAMS 0x000000008ea00000, 0x000000008ea00000| Untracked 
| 235|0x000000008eb00000, 0x000000008ec00000, 0x000000008ec00000|100%| O|  |TAMS 0x000000008eb00000, 0x000000008eb00000| Untracked 
| 236|0x000000008ec00000, 0x000000008ed00000, 0x000000008ed00000|100%| O|  |TAMS 0x000000008ec00000, 0x000000008ec00000| Untracked 
| 237|0x000000008ed00000, 0x000000008ee00000, 0x000000008ee00000|100%| O|  |TAMS 0x000000008ed00000, 0x000000008ed00000| Untracked 
| 238|0x000000008ee00000, 0x000000008ef00000, 0x000000008ef00000|100%| O|  |TAMS 0x000000008ee00000, 0x000000008ee00000| Untracked 
| 239|0x000000008ef00000, 0x000000008f000000, 0x000000008f000000|100%|HS|  |TAMS 0x000000008ef00000, 0x000000008ef00000| Complete 
| 240|0x000000008f000000, 0x000000008f100000, 0x000000008f100000|100%| O|  |TAMS 0x000000008f000000, 0x000000008f000000| Untracked 
| 241|0x000000008f100000, 0x000000008f200000, 0x000000008f200000|100%| O|  |TAMS 0x000000008f100000, 0x000000008f100000| Untracked 
| 242|0x000000008f200000, 0x000000008f300000, 0x000000008f300000|100%| O|  |TAMS 0x000000008f200000, 0x000000008f200000| Untracked 
| 243|0x000000008f300000, 0x000000008f400000, 0x000000008f400000|100%| O|  |TAMS 0x000000008f300000, 0x000000008f300000| Untracked 
| 244|0x000000008f400000, 0x000000008f500000, 0x000000008f500000|100%| O|  |TAMS 0x000000008f400000, 0x000000008f400000| Untracked 
| 245|0x000000008f500000, 0x000000008f600000, 0x000000008f600000|100%| O|  |TAMS 0x000000008f500000, 0x000000008f500000| Untracked 
| 246|0x000000008f600000, 0x000000008f700000, 0x000000008f700000|100%| O|  |TAMS 0x000000008f600000, 0x000000008f600000| Untracked 
| 247|0x000000008f700000, 0x000000008f800000, 0x000000008f800000|100%| O|  |TAMS 0x000000008f700000, 0x000000008f700000| Untracked 
| 248|0x000000008f800000, 0x000000008f900000, 0x000000008f900000|100%| O|  |TAMS 0x000000008f800000, 0x000000008f800000| Untracked 
| 249|0x000000008f900000, 0x000000008fa00000, 0x000000008fa00000|100%| O|  |TAMS 0x000000008f900000, 0x000000008f900000| Untracked 
| 250|0x000000008fa00000, 0x000000008fb00000, 0x000000008fb00000|100%| O|  |TAMS 0x000000008fa00000, 0x000000008fa00000| Untracked 
| 251|0x000000008fb00000, 0x000000008fc00000, 0x000000008fc00000|100%| O|  |TAMS 0x000000008fb00000, 0x000000008fb00000| Untracked 
| 252|0x000000008fc00000, 0x000000008fd00000, 0x000000008fd00000|100%| O|  |TAMS 0x000000008fc00000, 0x000000008fc00000| Untracked 
| 253|0x000000008fd00000, 0x000000008fe00000, 0x000000008fe00000|100%|HS|  |TAMS 0x000000008fd00000, 0x000000008fd00000| Complete 
| 254|0x000000008fe00000, 0x000000008ff00000, 0x000000008ff00000|100%|HS|  |TAMS 0x000000008fe00000, 0x000000008fe00000| Complete 
| 255|0x000000008ff00000, 0x0000000090000000, 0x0000000090000000|100%| O|  |TAMS 0x000000008ff00000, 0x000000008ff00000| Untracked 
| 256|0x0000000090000000, 0x0000000090100000, 0x0000000090100000|100%| O|  |TAMS 0x0000000090000000, 0x0000000090000000| Untracked 
| 257|0x0000000090100000, 0x0000000090200000, 0x0000000090200000|100%| O|  |TAMS 0x0000000090100000, 0x0000000090100000| Untracked 
| 258|0x0000000090200000, 0x0000000090300000, 0x0000000090300000|100%| O|  |TAMS 0x0000000090200000, 0x0000000090200000| Untracked 
| 259|0x0000000090300000, 0x0000000090400000, 0x0000000090400000|100%| O|  |TAMS 0x0000000090300000, 0x0000000090300000| Untracked 
| 260|0x0000000090400000, 0x0000000090500000, 0x0000000090500000|100%| O|  |TAMS 0x0000000090400000, 0x0000000090400000| Untracked 
| 261|0x0000000090500000, 0x0000000090600000, 0x0000000090600000|100%| O|  |TAMS 0x0000000090500000, 0x0000000090500000| Untracked 
| 262|0x0000000090600000, 0x0000000090700000, 0x0000000090700000|100%| O|  |TAMS 0x0000000090600000, 0x0000000090600000| Untracked 
| 263|0x0000000090700000, 0x0000000090800000, 0x0000000090800000|100%| O|  |TAMS 0x0000000090700000, 0x0000000090700000| Untracked 
| 264|0x0000000090800000, 0x0000000090900000, 0x0000000090900000|100%| O|  |TAMS 0x0000000090800000, 0x0000000090800000| Untracked 
| 265|0x0000000090900000, 0x0000000090a00000, 0x0000000090a00000|100%| O|  |TAMS 0x0000000090900000, 0x0000000090900000| Untracked 
| 266|0x0000000090a00000, 0x0000000090b00000, 0x0000000090b00000|100%| O|  |TAMS 0x0000000090a00000, 0x0000000090a00000| Untracked 
| 267|0x0000000090b00000, 0x0000000090c00000, 0x0000000090c00000|100%| O|  |TAMS 0x0000000090b00000, 0x0000000090b00000| Untracked 
| 268|0x0000000090c00000, 0x0000000090d00000, 0x0000000090d00000|100%| O|  |TAMS 0x0000000090c00000, 0x0000000090c00000| Untracked 
| 269|0x0000000090d00000, 0x0000000090e00000, 0x0000000090e00000|100%| O|  |TAMS 0x0000000090d00000, 0x0000000090d00000| Untracked 
| 270|0x0000000090e00000, 0x0000000090f00000, 0x0000000090f00000|100%| O|  |TAMS 0x0000000090e00000, 0x0000000090e00000| Untracked 
| 271|0x0000000090f00000, 0x0000000091000000, 0x0000000091000000|100%| O|  |TAMS 0x0000000090f00000, 0x0000000090f00000| Untracked 
| 272|0x0000000091000000, 0x0000000091100000, 0x0000000091100000|100%| O|  |TAMS 0x0000000091000000, 0x0000000091000000| Untracked 
| 273|0x0000000091100000, 0x0000000091173800, 0x0000000091200000| 45%| O|  |TAMS 0x0000000091100000, 0x0000000091100000| Untracked 
| 274|0x0000000091200000, 0x0000000091200000, 0x0000000091300000|  0%| F|  |TAMS 0x0000000091200000, 0x0000000091200000| Untracked 
| 275|0x0000000091300000, 0x0000000091300000, 0x0000000091400000|  0%| F|  |TAMS 0x0000000091300000, 0x0000000091300000| Untracked 
| 276|0x0000000091400000, 0x0000000091400000, 0x0000000091500000|  0%| F|  |TAMS 0x0000000091400000, 0x0000000091400000| Untracked 
| 277|0x0000000091500000, 0x0000000091500000, 0x0000000091600000|  0%| F|  |TAMS 0x0000000091500000, 0x0000000091500000| Untracked 
| 278|0x0000000091600000, 0x0000000091600000, 0x0000000091700000|  0%| F|  |TAMS 0x0000000091600000, 0x0000000091600000| Untracked 
| 279|0x0000000091700000, 0x0000000091700000, 0x0000000091800000|  0%| F|  |TAMS 0x0000000091700000, 0x0000000091700000| Untracked 
| 280|0x0000000091800000, 0x0000000091800000, 0x0000000091900000|  0%| F|  |TAMS 0x0000000091800000, 0x0000000091800000| Untracked 
| 281|0x0000000091900000, 0x0000000091900000, 0x0000000091a00000|  0%| F|  |TAMS 0x0000000091900000, 0x0000000091900000| Untracked 
| 282|0x0000000091a00000, 0x0000000091a00000, 0x0000000091b00000|  0%| F|  |TAMS 0x0000000091a00000, 0x0000000091a00000| Untracked 
| 283|0x0000000091b00000, 0x0000000091b00000, 0x0000000091c00000|  0%| F|  |TAMS 0x0000000091b00000, 0x0000000091b00000| Untracked 
| 284|0x0000000091c00000, 0x0000000091c00000, 0x0000000091d00000|  0%| F|  |TAMS 0x0000000091c00000, 0x0000000091c00000| Untracked 
| 285|0x0000000091d00000, 0x0000000091d00000, 0x0000000091e00000|  0%| F|  |TAMS 0x0000000091d00000, 0x0000000091d00000| Untracked 
| 286|0x0000000091e00000, 0x0000000091e00000, 0x0000000091f00000|  0%| F|  |TAMS 0x0000000091e00000, 0x0000000091e00000| Untracked 
| 287|0x0000000091f00000, 0x0000000091f00000, 0x0000000092000000|  0%| F|  |TAMS 0x0000000091f00000, 0x0000000091f00000| Untracked 
| 288|0x0000000092000000, 0x0000000092000000, 0x0000000092100000|  0%| F|  |TAMS 0x0000000092000000, 0x0000000092000000| Untracked 
| 289|0x0000000092100000, 0x0000000092100000, 0x0000000092200000|  0%| F|  |TAMS 0x0000000092100000, 0x0000000092100000| Untracked 
| 290|0x0000000092200000, 0x0000000092200000, 0x0000000092300000|  0%| F|  |TAMS 0x0000000092200000, 0x0000000092200000| Untracked 
| 291|0x0000000092300000, 0x0000000092300000, 0x0000000092400000|  0%| F|  |TAMS 0x0000000092300000, 0x0000000092300000| Untracked 
| 292|0x0000000092400000, 0x0000000092400000, 0x0000000092500000|  0%| F|  |TAMS 0x0000000092400000, 0x0000000092400000| Untracked 
| 293|0x0000000092500000, 0x0000000092500000, 0x0000000092600000|  0%| F|  |TAMS 0x0000000092500000, 0x0000000092500000| Untracked 
| 294|0x0000000092600000, 0x0000000092600000, 0x0000000092700000|  0%| F|  |TAMS 0x0000000092600000, 0x0000000092600000| Untracked 
| 295|0x0000000092700000, 0x0000000092700000, 0x0000000092800000|  0%| F|  |TAMS 0x0000000092700000, 0x0000000092700000| Untracked 
| 296|0x0000000092800000, 0x0000000092800000, 0x0000000092900000|  0%| F|  |TAMS 0x0000000092800000, 0x0000000092800000| Untracked 
| 297|0x0000000092900000, 0x0000000092900000, 0x0000000092a00000|  0%| F|  |TAMS 0x0000000092900000, 0x0000000092900000| Untracked 
| 298|0x0000000092a00000, 0x0000000092a00000, 0x0000000092b00000|  0%| F|  |TAMS 0x0000000092a00000, 0x0000000092a00000| Untracked 
| 299|0x0000000092b00000, 0x0000000092b00000, 0x0000000092c00000|  0%| F|  |TAMS 0x0000000092b00000, 0x0000000092b00000| Untracked 
| 300|0x0000000092c00000, 0x0000000092c00000, 0x0000000092d00000|  0%| F|  |TAMS 0x0000000092c00000, 0x0000000092c00000| Untracked 
| 301|0x0000000092d00000, 0x0000000092d00000, 0x0000000092e00000|  0%| F|  |TAMS 0x0000000092d00000, 0x0000000092d00000| Untracked 
| 302|0x0000000092e00000, 0x0000000092e00000, 0x0000000092f00000|  0%| F|  |TAMS 0x0000000092e00000, 0x0000000092e00000| Untracked 
| 303|0x0000000092f00000, 0x0000000092f00000, 0x0000000093000000|  0%| F|  |TAMS 0x0000000092f00000, 0x0000000092f00000| Untracked 
| 304|0x0000000093000000, 0x0000000093000000, 0x0000000093100000|  0%| F|  |TAMS 0x0000000093000000, 0x0000000093000000| Untracked 
| 305|0x0000000093100000, 0x0000000093100000, 0x0000000093200000|  0%| F|  |TAMS 0x0000000093100000, 0x0000000093100000| Untracked 
| 306|0x0000000093200000, 0x0000000093200000, 0x0000000093300000|  0%| F|  |TAMS 0x0000000093200000, 0x0000000093200000| Untracked 
| 307|0x0000000093300000, 0x0000000093300000, 0x0000000093400000|  0%| F|  |TAMS 0x0000000093300000, 0x0000000093300000| Untracked 
| 308|0x0000000093400000, 0x0000000093400000, 0x0000000093500000|  0%| F|  |TAMS 0x0000000093400000, 0x0000000093400000| Untracked 
| 309|0x0000000093500000, 0x0000000093500000, 0x0000000093600000|  0%| F|  |TAMS 0x0000000093500000, 0x0000000093500000| Untracked 
| 310|0x0000000093600000, 0x0000000093600000, 0x0000000093700000|  0%| F|  |TAMS 0x0000000093600000, 0x0000000093600000| Untracked 
| 311|0x0000000093700000, 0x0000000093800000, 0x0000000093800000|100%| S|CS|TAMS 0x0000000093700000, 0x0000000093700000| Complete 
| 312|0x0000000093800000, 0x0000000093900000, 0x0000000093900000|100%| S|CS|TAMS 0x0000000093800000, 0x0000000093800000| Complete 
| 313|0x0000000093900000, 0x0000000093a00000, 0x0000000093a00000|100%| S|CS|TAMS 0x0000000093900000, 0x0000000093900000| Complete 
| 314|0x0000000093a00000, 0x0000000093b00000, 0x0000000093b00000|100%| S|CS|TAMS 0x0000000093a00000, 0x0000000093a00000| Complete 
| 315|0x0000000093b00000, 0x0000000093b00000, 0x0000000093c00000|  0%| F|  |TAMS 0x0000000093b00000, 0x0000000093b00000| Untracked 
| 316|0x0000000093c00000, 0x0000000093c00000, 0x0000000093d00000|  0%| F|  |TAMS 0x0000000093c00000, 0x0000000093c00000| Untracked 
| 317|0x0000000093d00000, 0x0000000093d00000, 0x0000000093e00000|  0%| F|  |TAMS 0x0000000093d00000, 0x0000000093d00000| Untracked 
| 318|0x0000000093e00000, 0x0000000093e00000, 0x0000000093f00000|  0%| F|  |TAMS 0x0000000093e00000, 0x0000000093e00000| Untracked 
| 319|0x0000000093f00000, 0x0000000093f00000, 0x0000000094000000|  0%| F|  |TAMS 0x0000000093f00000, 0x0000000093f00000| Untracked 
| 320|0x0000000094000000, 0x0000000094000000, 0x0000000094100000|  0%| F|  |TAMS 0x0000000094000000, 0x0000000094000000| Untracked 
| 321|0x0000000094100000, 0x0000000094100000, 0x0000000094200000|  0%| F|  |TAMS 0x0000000094100000, 0x0000000094100000| Untracked 
| 322|0x0000000094200000, 0x0000000094200000, 0x0000000094300000|  0%| F|  |TAMS 0x0000000094200000, 0x0000000094200000| Untracked 
| 323|0x0000000094300000, 0x0000000094300000, 0x0000000094400000|  0%| F|  |TAMS 0x0000000094300000, 0x0000000094300000| Untracked 
| 324|0x0000000094400000, 0x0000000094400000, 0x0000000094500000|  0%| F|  |TAMS 0x0000000094400000, 0x0000000094400000| Untracked 
| 325|0x0000000094500000, 0x00000000945ada88, 0x0000000094600000| 67%| E|  |TAMS 0x0000000094500000, 0x0000000094500000| Complete 
| 326|0x0000000094600000, 0x0000000094700000, 0x0000000094700000|100%| E|CS|TAMS 0x0000000094600000, 0x0000000094600000| Complete 
| 327|0x0000000094700000, 0x0000000094800000, 0x0000000094800000|100%| E|CS|TAMS 0x0000000094700000, 0x0000000094700000| Complete 
| 328|0x0000000094800000, 0x0000000094900000, 0x0000000094900000|100%| E|CS|TAMS 0x0000000094800000, 0x0000000094800000| Complete 
| 329|0x0000000094900000, 0x0000000094a00000, 0x0000000094a00000|100%| E|CS|TAMS 0x0000000094900000, 0x0000000094900000| Complete 
| 330|0x0000000094a00000, 0x0000000094b00000, 0x0000000094b00000|100%| E|CS|TAMS 0x0000000094a00000, 0x0000000094a00000| Complete 
| 331|0x0000000094b00000, 0x0000000094c00000, 0x0000000094c00000|100%| E|CS|TAMS 0x0000000094b00000, 0x0000000094b00000| Complete 
| 332|0x0000000094c00000, 0x0000000094d00000, 0x0000000094d00000|100%| E|CS|TAMS 0x0000000094c00000, 0x0000000094c00000| Complete 
| 333|0x0000000094d00000, 0x0000000094e00000, 0x0000000094e00000|100%| E|CS|TAMS 0x0000000094d00000, 0x0000000094d00000| Complete 
| 334|0x0000000094e00000, 0x0000000094f00000, 0x0000000094f00000|100%| E|CS|TAMS 0x0000000094e00000, 0x0000000094e00000| Complete 
| 335|0x0000000094f00000, 0x0000000095000000, 0x0000000095000000|100%| E|CS|TAMS 0x0000000094f00000, 0x0000000094f00000| Complete 
| 336|0x0000000095000000, 0x0000000095100000, 0x0000000095100000|100%| E|CS|TAMS 0x0000000095000000, 0x0000000095000000| Complete 

Card table byte_map: [0x0000023f1f1a0000,0x0000023f1f5a0000] _byte_map_base: 0x0000023f1eda0000

Marking Bits (Prev, Next): (CMBitMap*) 0x0000023f07fa8820, (CMBitMap*) 0x0000023f07fa87e0
 Prev Bits: [0x0000023f219a0000, 0x0000023f239a0000)
 Next Bits: [0x0000023f1f9a0000, 0x0000023f219a0000)

Polling page: 0x0000023f07530000

Metaspace:

Usage:
  Non-class:    154.54 MB used.
      Class:     22.83 MB used.
       Both:    177.37 MB used.

Virtual space:
  Non-class space:      192.00 MB reserved,     155.31 MB ( 81%) committed,  3 nodes.
      Class space:      416.00 MB reserved,      23.50 MB (  6%) committed,  1 nodes.
             Both:      608.00 MB reserved,     178.81 MB ( 29%) committed. 

Chunk freelists:
   Non-Class:  4.66 MB
       Class:  8.42 MB
        Both:  13.08 MB

MaxMetaspaceSize: 512.00 MB
CompressedClassSpaceSize: 416.00 MB
Initial GC threshold: 21.00 MB
Current GC threshold: 220.75 MB
CDS: on
MetaspaceReclaimPolicy: balanced
 - commit_granule_bytes: 65536.
 - commit_granule_words: 8192.
 - virtual_space_node_default_size: 8388608.
 - enlarge_chunks_in_place: 1.
 - new_chunks_are_fully_committed: 0.
 - uncommit_free_chunks: 1.
 - use_allocation_guard: 0.
 - handle_deallocations: 1.


Internal statistics:

num_allocs_failed_limit: 6.
num_arena_births: 1866.
num_arena_deaths: 8.
num_vsnodes_births: 4.
num_vsnodes_deaths: 0.
num_space_committed: 2859.
num_space_uncommitted: 0.
num_chunks_returned_to_freelist: 21.
num_chunks_taken_from_freelist: 9399.
num_chunk_merges: 8.
num_chunk_splits: 6641.
num_chunks_enlarged: 4843.
num_inconsistent_stats: 0.

CodeHeap 'non-profiled nmethods': size=120000Kb used=16538Kb max_used=16538Kb free=103461Kb
 bounds [0x0000023f17540000, 0x0000023f18570000, 0x0000023f1ea70000]
CodeHeap 'profiled nmethods': size=120000Kb used=55256Kb max_used=55256Kb free=64743Kb
 bounds [0x0000023f0fa70000, 0x0000023f13070000, 0x0000023f16fa0000]
CodeHeap 'non-nmethods': size=5760Kb used=2630Kb max_used=2681Kb free=3129Kb
 bounds [0x0000023f16fa0000, 0x0000023f17250000, 0x0000023f17540000]
 total_blobs=24899 nmethods=23696 adapters=1112
 compilation: enabled
              stopped_count=0, restarted_count=0
 full_count=0

Compilation events (20 events):
Event: 252.911 Thread 0x0000023f263dfb90 28289       4       java.util.Hashtable::<init> (114 bytes)
Event: 252.916 Thread 0x0000023f263dfb90 nmethod 28289 0x0000023f18561a90 code [0x0000023f18561c40, 0x0000023f18561fd8]
Event: 252.925 Thread 0x0000023f263dfb90 28290       4       java.lang.Class::privateGetDeclaredFields (64 bytes)
Event: 252.980 Thread 0x0000023f263dfb90 nmethod 28290 0x0000023f18562110 code [0x0000023f18562340, 0x0000023f18563988]
Event: 252.982 Thread 0x0000023f263e5be0 28291       3       it.unimi.dsi.fastutil.objects.Object2IntOpenHashMap::getInt (116 bytes)
Event: 252.983 Thread 0x0000023f263e5be0 nmethod 28291 0x0000023f1305f990 code [0x0000023f1305fbc0, 0x0000023f13060368]
Event: 252.983 Thread 0x0000023f263e5be0 28292       3       it.unimi.dsi.fastutil.objects.Object2IntOpenHashMap::containsKey (79 bytes)
Event: 252.984 Thread 0x0000023f263e5be0 nmethod 28292 0x0000023f13060610 code [0x0000023f13060820, 0x0000023f13060ee8]
Event: 252.984 Thread 0x0000023f263e5be0 28293       3       org.codehaus.groovy.runtime.callsite.AbstractCallSite::isMarkedInternal (16 bytes)
Event: 252.985 Thread 0x0000023f263e5be0 nmethod 28293 0x0000023f13061110 code [0x0000023f13061320, 0x0000023f13061a38]
Event: 252.985 Thread 0x0000023f263e5be0 28294       3       org.gradle.internal.classpath.DefaultInstrumentedClosuresTracker::leaveClosure (17 bytes)
Event: 252.986 Thread 0x0000023f263e5be0 nmethod 28294 0x0000023f13061c90 code [0x0000023f13061e60, 0x0000023f130621a8]
Event: 252.986 Thread 0x0000023f263e5be0 28295       3       it.unimi.dsi.fastutil.objects.Object2IntOpenHashMap::computeInt (107 bytes)
Event: 252.987 Thread 0x0000023f263e5be0 nmethod 28295 0x0000023f13062310 code [0x0000023f13062580, 0x0000023f13062fb8]
Event: 252.988 Thread 0x0000023f263e5be0 28296       3       org.gradle.internal.classpath.DefaultInstrumentedClosuresTracker$$Lambda$851/0x0000023f2864e000::apply (12 bytes)
Event: 252.988 Thread 0x0000023f263e5be0 nmethod 28296 0x0000023f13063390 code [0x0000023f13063580, 0x0000023f13063ab8]
Event: 253.018 Thread 0x0000023f263dfb90 28297       4       groovy.lang.MetaClassImpl::getMethods (173 bytes)
Event: 253.019 Thread 0x0000023f263e5be0 28298       3       it.unimi.dsi.fastutil.objects.Object2IntOpenHashMap::shiftKeys (111 bytes)
Event: 253.019 Thread 0x0000023f263e5be0 nmethod 28298 0x0000023f13063c10 code [0x0000023f13063e20, 0x0000023f130646e8]
Event: 253.032 Thread 0x0000023f263dfb90 nmethod 28297 0x0000023f18564510 code [0x0000023f185646e0, 0x0000023f18564d88]

GC Heap History (20 events):
Event: 240.999 GC heap before
{Heap before GC invocations=96 (full 0):
 garbage-first heap   total 345088K, used 296728K [0x0000000080000000, 0x0000000100000000)
  region size 1024K, 40 young (40960K), 3 survivors (3072K)
 Metaspace       used 175379K, committed 176704K, reserved 622592K
  class space    used 22461K, committed 23104K, reserved 425984K
}
Event: 241.003 GC heap after
{Heap after GC invocations=97 (full 0):
 garbage-first heap   total 345088K, used 260972K [0x0000000080000000, 0x0000000100000000)
  region size 1024K, 3 young (3072K), 3 survivors (3072K)
 Metaspace       used 175379K, committed 176704K, reserved 622592K
  class space    used 22461K, committed 23104K, reserved 425984K
}
Event: 241.267 GC heap before
{Heap before GC invocations=97 (full 0):
 garbage-first heap   total 345088K, used 297836K [0x0000000080000000, 0x0000000100000000)
  region size 1024K, 40 young (40960K), 3 survivors (3072K)
 Metaspace       used 175379K, committed 176704K, reserved 622592K
  class space    used 22461K, committed 23104K, reserved 425984K
}
Event: 241.271 GC heap after
{Heap after GC invocations=98 (full 0):
 garbage-first heap   total 345088K, used 261747K [0x0000000080000000, 0x0000000100000000)
  region size 1024K, 3 young (3072K), 3 survivors (3072K)
 Metaspace       used 175379K, committed 176704K, reserved 622592K
  class space    used 22461K, committed 23104K, reserved 425984K
}
Event: 243.284 GC heap before
{Heap before GC invocations=98 (full 0):
 garbage-first heap   total 345088K, used 301683K [0x0000000080000000, 0x0000000100000000)
  region size 1024K, 40 young (40960K), 3 survivors (3072K)
 Metaspace       used 175474K, committed 176768K, reserved 622592K
  class space    used 22476K, committed 23104K, reserved 425984K
}
Event: 243.289 GC heap after
{Heap after GC invocations=99 (full 0):
 garbage-first heap   total 345088K, used 268263K [0x0000000080000000, 0x0000000100000000)
  region size 1024K, 5 young (5120K), 5 survivors (5120K)
 Metaspace       used 175474K, committed 176768K, reserved 622592K
  class space    used 22476K, committed 23104K, reserved 425984K
}
Event: 244.728 GC heap before
{Heap before GC invocations=99 (full 0):
 garbage-first heap   total 345088K, used 297959K [0x0000000080000000, 0x0000000100000000)
  region size 1024K, 35 young (35840K), 5 survivors (5120K)
 Metaspace       used 176284K, committed 177664K, reserved 622592K
  class space    used 22616K, committed 23296K, reserved 425984K
}
Event: 244.736 GC heap after
{Heap after GC invocations=100 (full 0):
 garbage-first heap   total 345088K, used 271112K [0x0000000080000000, 0x0000000100000000)
  region size 1024K, 4 young (4096K), 4 survivors (4096K)
 Metaspace       used 176284K, committed 177664K, reserved 622592K
  class space    used 22616K, committed 23296K, reserved 425984K
}
Event: 246.014 GC heap before
{Heap before GC invocations=100 (full 0):
 garbage-first heap   total 345088K, used 297736K [0x0000000080000000, 0x0000000100000000)
  region size 1024K, 30 young (30720K), 4 survivors (4096K)
 Metaspace       used 177067K, committed 178432K, reserved 622592K
  class space    used 22729K, committed 23360K, reserved 425984K
}
Event: 246.021 GC heap after
{Heap after GC invocations=101 (full 0):
 garbage-first heap   total 345088K, used 273321K [0x0000000080000000, 0x0000000100000000)
  region size 1024K, 3 young (3072K), 3 survivors (3072K)
 Metaspace       used 177067K, committed 178432K, reserved 622592K
  class space    used 22729K, committed 23360K, reserved 425984K
}
Event: 247.969 GC heap before
{Heap before GC invocations=101 (full 0):
 garbage-first heap   total 345088K, used 297897K [0x0000000080000000, 0x0000000100000000)
  region size 1024K, 28 young (28672K), 3 survivors (3072K)
 Metaspace       used 178265K, committed 179712K, reserved 622592K
  class space    used 22934K, committed 23616K, reserved 425984K
}
Event: 247.973 GC heap after
{Heap after GC invocations=102 (full 0):
 garbage-first heap   total 345088K, used 274202K [0x0000000080000000, 0x0000000100000000)
  region size 1024K, 3 young (3072K), 3 survivors (3072K)
 Metaspace       used 178265K, committed 179712K, reserved 622592K
  class space    used 22934K, committed 23616K, reserved 425984K
}
Event: 249.203 GC heap before
{Heap before GC invocations=102 (full 0):
 garbage-first heap   total 345088K, used 300826K [0x0000000080000000, 0x0000000100000000)
  region size 1024K, 29 young (29696K), 3 survivors (3072K)
 Metaspace       used 179439K, committed 180864K, reserved 622592K
  class space    used 23100K, committed 23744K, reserved 425984K
}
Event: 249.207 GC heap after
{Heap after GC invocations=103 (full 0):
 garbage-first heap   total 345088K, used 275690K [0x0000000080000000, 0x0000000100000000)
  region size 1024K, 3 young (3072K), 3 survivors (3072K)
 Metaspace       used 179439K, committed 180864K, reserved 622592K
  class space    used 23100K, committed 23744K, reserved 425984K
}
Event: 250.324 GC heap before
{Heap before GC invocations=103 (full 0):
 garbage-first heap   total 345088K, used 301290K [0x0000000080000000, 0x0000000100000000)
  region size 1024K, 28 young (28672K), 3 survivors (3072K)
 Metaspace       used 180934K, committed 182336K, reserved 622592K
  class space    used 23280K, committed 23936K, reserved 425984K
}
Event: 250.329 GC heap after
{Heap after GC invocations=104 (full 0):
 garbage-first heap   total 345088K, used 276876K [0x0000000080000000, 0x0000000100000000)
  region size 1024K, 3 young (3072K), 3 survivors (3072K)
 Metaspace       used 180934K, committed 182336K, reserved 622592K
  class space    used 23280K, committed 23936K, reserved 425984K
}
Event: 251.548 GC heap before
{Heap before GC invocations=104 (full 0):
 garbage-first heap   total 345088K, used 302476K [0x0000000080000000, 0x0000000100000000)
  region size 1024K, 28 young (28672K), 3 survivors (3072K)
 Metaspace       used 181544K, committed 183040K, reserved 622592K
  class space    used 23366K, committed 24064K, reserved 425984K
}
Event: 251.555 GC heap after
{Heap after GC invocations=105 (full 0):
 garbage-first heap   total 345088K, used 279929K [0x0000000080000000, 0x0000000100000000)
  region size 1024K, 4 young (4096K), 4 survivors (4096K)
 Metaspace       used 181544K, committed 183040K, reserved 622592K
  class space    used 23366K, committed 24064K, reserved 425984K
}
Event: 252.491 GC heap before
{Heap before GC invocations=105 (full 0):
 garbage-first heap   total 345088K, used 302457K [0x0000000080000000, 0x0000000100000000)
  region size 1024K, 26 young (26624K), 4 survivors (4096K)
 Metaspace       used 181603K, committed 183104K, reserved 622592K
  class space    used 23372K, committed 24064K, reserved 425984K
}
Event: 252.498 GC heap after
{Heap after GC invocations=106 (full 0):
 garbage-first heap   total 345088K, used 284110K [0x0000000080000000, 0x0000000100000000)
  region size 1024K, 4 young (4096K), 4 survivors (4096K)
 Metaspace       used 181603K, committed 183104K, reserved 622592K
  class space    used 23372K, committed 24064K, reserved 425984K
}

Dll operation events (15 events):
Event: 0.080 Loaded shared library C:\Program Files\Microsoft\jdk-17.0.12.7-hotspot\bin\java.dll
Event: 0.228 Loaded shared library C:\Program Files\Microsoft\jdk-17.0.12.7-hotspot\bin\jsvml.dll
Event: 0.423 Loaded shared library C:\Program Files\Microsoft\jdk-17.0.12.7-hotspot\bin\zip.dll
Event: 0.433 Loaded shared library C:\Program Files\Microsoft\jdk-17.0.12.7-hotspot\bin\instrument.dll
Event: 0.456 Loaded shared library C:\Program Files\Microsoft\jdk-17.0.12.7-hotspot\bin\net.dll
Event: 0.464 Loaded shared library C:\Program Files\Microsoft\jdk-17.0.12.7-hotspot\bin\nio.dll
Event: 0.473 Loaded shared library C:\Program Files\Microsoft\jdk-17.0.12.7-hotspot\bin\zip.dll
Event: 1.392 Loaded shared library C:\Program Files\Microsoft\jdk-17.0.12.7-hotspot\bin\jimage.dll
Event: 2.036 Loaded shared library C:\Program Files\Microsoft\jdk-17.0.12.7-hotspot\bin\verify.dll
Event: 2.567 Loaded shared library C:\Users\Abutalib\.gradle\native\c067742578af261105cb4f569cf0c3c89f3d7b1fecec35dd04571415982c5e48\windows-amd64\native-platform.dll
Event: 2.620 Loaded shared library C:\Users\Abutalib\.gradle\native\100fb08df4bc3b14c8652ba06237920a3bd2aa13389f12d3474272988ae205f9\windows-amd64\native-platform-file-events.dll
Event: 6.922 Loaded shared library C:\Program Files\Microsoft\jdk-17.0.12.7-hotspot\bin\management.dll
Event: 6.939 Loaded shared library C:\Program Files\Microsoft\jdk-17.0.12.7-hotspot\bin\management_ext.dll
Event: 10.386 Loaded shared library C:\Program Files\Microsoft\jdk-17.0.12.7-hotspot\bin\extnet.dll
Event: 11.837 Loaded shared library C:\Program Files\Microsoft\jdk-17.0.12.7-hotspot\bin\sunmscapi.dll

Deoptimization events (20 events):
Event: 252.319 Thread 0x0000023f265d6440 Uncommon trap: trap_request=0xffffffbe fr.pc=0x0000023f18539b64 relative=0x00000000000002c4
Event: 252.319 Thread 0x0000023f265d6440 Uncommon trap: reason=profile_predicate action=maybe_recompile pc=0x0000023f18539b64 method=java.util.HashMap.valuesToArray([Ljava/lang/Object;)[Ljava/lang/Object; @ 48 c2
Event: 252.319 Thread 0x0000023f265d6440 DEOPT PACKING pc=0x0000023f18539b64 sp=0x000000fb778f6350
Event: 252.319 Thread 0x0000023f265d6440 DEOPT UNPACKING pc=0x0000023f16ff69a3 sp=0x000000fb778f62f8 mode 2
Event: 252.383 Thread 0x0000023f265d6440 Uncommon trap: trap_request=0xffffffd6 fr.pc=0x0000023f18546278 relative=0x0000000000000458
Event: 252.383 Thread 0x0000023f265d6440 Uncommon trap: reason=array_check action=maybe_recompile pc=0x0000023f18546278 method=java.util.HashMap.valuesToArray([Ljava/lang/Object;)[Ljava/lang/Object; @ 62 c2
Event: 252.384 Thread 0x0000023f265d6440 DEOPT PACKING pc=0x0000023f18546278 sp=0x000000fb778f61c0
Event: 252.384 Thread 0x0000023f265d6440 DEOPT UNPACKING pc=0x0000023f16ff69a3 sp=0x000000fb778f6158 mode 2
Event: 252.395 Thread 0x0000023f265d6440 Uncommon trap: trap_request=0xffffffd6 fr.pc=0x0000023f18546278 relative=0x0000000000000458
Event: 252.395 Thread 0x0000023f265d6440 Uncommon trap: reason=array_check action=maybe_recompile pc=0x0000023f18546278 method=java.util.HashMap.valuesToArray([Ljava/lang/Object;)[Ljava/lang/Object; @ 62 c2
Event: 252.395 Thread 0x0000023f265d6440 DEOPT PACKING pc=0x0000023f18546278 sp=0x000000fb778f63c0
Event: 252.395 Thread 0x0000023f265d6440 DEOPT UNPACKING pc=0x0000023f16ff69a3 sp=0x000000fb778f6358 mode 2
Event: 252.446 Thread 0x0000023f265d6440 Uncommon trap: trap_request=0xffffffd6 fr.pc=0x0000023f18546278 relative=0x0000000000000458
Event: 252.446 Thread 0x0000023f265d6440 Uncommon trap: reason=array_check action=maybe_recompile pc=0x0000023f18546278 method=java.util.HashMap.valuesToArray([Ljava/lang/Object;)[Ljava/lang/Object; @ 62 c2
Event: 252.446 Thread 0x0000023f265d6440 DEOPT PACKING pc=0x0000023f18546278 sp=0x000000fb778f61c0
Event: 252.446 Thread 0x0000023f265d6440 DEOPT UNPACKING pc=0x0000023f16ff69a3 sp=0x000000fb778f6158 mode 2
Event: 252.455 Thread 0x0000023f265d6440 Uncommon trap: trap_request=0xffffffd6 fr.pc=0x0000023f18546278 relative=0x0000000000000458
Event: 252.455 Thread 0x0000023f265d6440 Uncommon trap: reason=array_check action=maybe_recompile pc=0x0000023f18546278 method=java.util.HashMap.valuesToArray([Ljava/lang/Object;)[Ljava/lang/Object; @ 62 c2
Event: 252.455 Thread 0x0000023f265d6440 DEOPT PACKING pc=0x0000023f18546278 sp=0x000000fb778f63c0
Event: 252.455 Thread 0x0000023f265d6440 DEOPT UNPACKING pc=0x0000023f16ff69a3 sp=0x000000fb778f6358 mode 2

Classes loaded (20 events):
Event: 230.925 Loading class java/util/ArrayListCustomizer
Event: 230.925 Loading class java/util/ArrayListCustomizer done
Event: 242.352 Loading class java/nio/file/PathsBeanInfo
Event: 242.352 Loading class java/nio/file/PathsBeanInfo done
Event: 243.191 Loading class java/nio/file/PathsBeanInfo
Event: 243.191 Loading class java/nio/file/PathsBeanInfo done
Event: 243.192 Loading class java/nio/file/PathsCustomizer
Event: 243.193 Loading class java/nio/file/PathsCustomizer done
Event: 243.198 Loading class java/nio/file/PathsCustomizer
Event: 243.198 Loading class java/nio/file/PathsCustomizer done
Event: 243.662 Loading class jdk/internal/loader/URLClassPath$JarLoader$3
Event: 243.662 Loading class jdk/internal/loader/URLClassPath$JarLoader$3 done
Event: 243.679 Loading class jdk/internal/reflect/UnsafeQualifiedStaticCharacterFieldAccessorImpl
Event: 243.679 Loading class jdk/internal/reflect/UnsafeQualifiedStaticCharacterFieldAccessorImpl done
Event: 244.211 Loading class java/io/FilterReader
Event: 244.213 Loading class java/io/FilterReader done
Event: 250.805 Loading class java/security/cert/CertificateEncodingException
Event: 250.810 Loading class java/security/cert/CertificateEncodingException done
Event: 252.803 Loading class java/beans/ParameterDescriptor
Event: 252.804 Loading class java/beans/ParameterDescriptor done

Classes unloaded (15 events):
Event: 38.421 Thread 0x0000023f263abdd0 Unloading class 0x0000023f2864c800 '_BuildScript_'
Event: 38.421 Thread 0x0000023f263abdd0 Unloading class 0x0000023f28645918 '_BuildScript_$_run_closure1$_closure2'
Event: 38.421 Thread 0x0000023f263abdd0 Unloading class 0x0000023f28645530 '_BuildScript_$_run_closure1'
Event: 38.421 Thread 0x0000023f263abdd0 Unloading class 0x0000023f28645000 '_BuildScript_'
Event: 38.421 Thread 0x0000023f263abdd0 Unloading class 0x0000023f28642000 '_BuildScript_$_run_closure1$_closure2'
Event: 38.421 Thread 0x0000023f263abdd0 Unloading class 0x0000023f28641918 '_BuildScript_$_run_closure1'
Event: 38.421 Thread 0x0000023f263abdd0 Unloading class 0x0000023f286413e8 '_BuildScript_'
Event: 38.421 Thread 0x0000023f263abdd0 Unloading class 0x0000023f28641000 'ProtobufPatchPlugin$_apply_closure1$_closure2$_closure3$_closure4'
Event: 38.421 Thread 0x0000023f263abdd0 Unloading class 0x0000023f28640a98 'ProtobufPatchPlugin$_apply_closure1$_closure2$_closure3'
Event: 38.421 Thread 0x0000023f263abdd0 Unloading class 0x0000023f286406b0 'ProtobufPatchPlugin$_apply_closure1$_closure2'
Event: 38.421 Thread 0x0000023f263abdd0 Unloading class 0x0000023f286402c8 'ProtobufPatchPlugin$_apply_closure1'
Event: 38.421 Thread 0x0000023f263abdd0 Unloading class 0x0000023f28640000 'ProtobufPatchPlugin'
Event: 38.421 Thread 0x0000023f263abdd0 Unloading class 0x0000023f285a83e8 '_BuildScript_$_run_closure1$_closure2'
Event: 38.421 Thread 0x0000023f263abdd0 Unloading class 0x0000023f285a8000 '_BuildScript_$_run_closure1'
Event: 38.421 Thread 0x0000023f263abdd0 Unloading class 0x0000023f285a4000 '_BuildScript_'

Classes redefined (0 events):
No events

Internal exceptions (20 events):
Event: 252.876 Thread 0x0000023f265d6440 Exception <a 'java/lang/ClassNotFoundException'{0x0000000094a0aa98}: com/android/build/gradle/internal/lint/LintModelWriterTaskBeanInfo> (0x0000000094a0aa98) 
thrown [s\src\hotspot\share\classfile\systemDictionary.cpp, line 256]
Event: 252.881 Thread 0x0000023f265d6440 Exception <a 'java/lang/ClassNotFoundException'{0x0000000094a1ac18}: com/android/build/gradle/internal/lint/LintModelWriterTaskCustomizer> (0x0000000094a1ac18) 
thrown [s\src\hotspot\share\classfile\systemDictionary.cpp, line 256]
Event: 252.887 Thread 0x0000023f265d6440 Exception <a 'java/lang/ClassNotFoundException'{0x0000000094a41fe8}: com/android/build/gradle/internal/lint/LintModelWriterTask_DecoratedCustomizer> (0x0000000094a41fe8) 
thrown [s\src\hotspot\share\classfile\systemDictionary.cpp, line 256]
Event: 252.907 Thread 0x0000023f265d6440 Exception <a 'java/lang/ClassNotFoundException'{0x0000000094ace1c8}: com/android/build/gradle/tasks/GenerateResValues_DecoratedBeanInfo> (0x0000000094ace1c8) 
thrown [s\src\hotspot\share\classfile\systemDictionary.cpp, line 256]
Event: 252.909 Thread 0x0000023f265d6440 Exception <a 'java/lang/ClassNotFoundException'{0x0000000094ade0d0}: com/android/build/gradle/tasks/GenerateResValuesBeanInfo> (0x0000000094ade0d0) 
thrown [s\src\hotspot\share\classfile\systemDictionary.cpp, line 256]
Event: 252.910 Thread 0x0000023f265d6440 Exception <a 'java/lang/ClassNotFoundException'{0x0000000094aedfe8}: com/android/build/gradle/tasks/GenerateResValuesCustomizer> (0x0000000094aedfe8) 
thrown [s\src\hotspot\share\classfile\systemDictionary.cpp, line 256]
Event: 252.924 Thread 0x0000023f265d6440 Exception <a 'java/lang/ClassNotFoundException'{0x0000000094910b28}: com/android/build/gradle/tasks/GenerateResValues_DecoratedCustomizer> (0x0000000094910b28) 
thrown [s\src\hotspot\share\classfile\systemDictionary.cpp, line 256]
Event: 252.960 Thread 0x0000023f265d6440 Exception <a 'java/lang/ClassNotFoundException'{0x0000000094998b80}: com/android/build/gradle/internal/tasks/ValidateResourcesTask_DecoratedBeanInfo> (0x0000000094998b80) 
thrown [s\src\hotspot\share\classfile\systemDictionary.cpp, line 256]
Event: 252.970 Thread 0x0000023f265d6440 Exception <a 'java/lang/ClassNotFoundException'{0x00000000949a8d38}: com/android/build/gradle/internal/tasks/ValidateResourcesTaskBeanInfo> (0x00000000949a8d38) 
thrown [s\src\hotspot\share\classfile\systemDictionary.cpp, line 256]
Event: 252.974 Thread 0x0000023f265d6440 Exception <a 'java/lang/ClassNotFoundException'{0x00000000949b9238}: com/android/build/gradle/internal/tasks/ValidateResourcesTaskCustomizer> (0x00000000949b9238) 
thrown [s\src\hotspot\share\classfile\systemDictionary.cpp, line 256]
Event: 252.976 Thread 0x0000023f265d6440 Exception <a 'java/lang/ClassNotFoundException'{0x00000000949dbec8}: com/android/build/gradle/internal/tasks/ValidateResourcesTask_DecoratedCustomizer> (0x00000000949dbec8) 
thrown [s\src\hotspot\share\classfile\systemDictionary.cpp, line 256]
Event: 252.998 Thread 0x0000023f265d6440 Exception <a 'java/lang/ClassNotFoundException'{0x0000000094866fd0}: com/android/build/gradle/internal/res/GenerateApiPublicTxtTask_DecoratedBeanInfo> (0x0000000094866fd0) 
thrown [s\src\hotspot\share\classfile\systemDictionary.cpp, line 256]
Event: 253.003 Thread 0x0000023f265d6440 Exception <a 'java/lang/ClassNotFoundException'{0x00000000948771a8}: com/android/build/gradle/internal/res/GenerateApiPublicTxtTaskBeanInfo> (0x00000000948771a8) 
thrown [s\src\hotspot\share\classfile\systemDictionary.cpp, line 256]
Event: 253.007 Thread 0x0000023f265d6440 Exception <a 'java/lang/ClassNotFoundException'{0x00000000948873f0}: com/android/build/gradle/internal/res/GenerateApiPublicTxtTaskCustomizer> (0x00000000948873f0) 
thrown [s\src\hotspot\share\classfile\systemDictionary.cpp, line 256]
Event: 253.017 Thread 0x0000023f265d6440 Exception <a 'java/lang/ClassNotFoundException'{0x00000000948a9f68}: com/android/build/gradle/internal/res/GenerateApiPublicTxtTask_DecoratedCustomizer> (0x00000000948a9f68) 
thrown [s\src\hotspot\share\classfile\systemDictionary.cpp, line 256]
Event: 253.047 Thread 0x0000023f265d6440 Exception <a 'java/lang/ClassNotFoundException'{0x0000000094759f78}: com/android/build/gradle/internal/res/GenerateLibraryRFileTask_DecoratedBeanInfo> (0x0000000094759f78) 
thrown [s\src\hotspot\share\classfile\systemDictionary.cpp, line 256]
Event: 253.049 Thread 0x0000023f265d6440 Exception <a 'java/lang/ClassNotFoundException'{0x000000009476a158}: com/android/build/gradle/internal/res/GenerateLibraryRFileTaskBeanInfo> (0x000000009476a158) 
thrown [s\src\hotspot\share\classfile\systemDictionary.cpp, line 256]
Event: 253.054 Thread 0x0000023f265d6440 Exception <a 'java/lang/ClassNotFoundException'{0x000000009477a0d8}: com/android/build/gradle/tasks/ProcessAndroidResourcesBeanInfo> (0x000000009477a0d8) 
thrown [s\src\hotspot\share\classfile\systemDictionary.cpp, line 256]
Event: 253.063 Thread 0x0000023f265d6440 Exception <a 'java/lang/ClassNotFoundException'{0x000000009478a0d8}: com/android/build/gradle/tasks/ProcessAndroidResourcesCustomizer> (0x000000009478a0d8) 
thrown [s\src\hotspot\share\classfile\systemDictionary.cpp, line 256]
Event: 253.067 Thread 0x0000023f265d6440 Exception <a 'java/lang/ClassNotFoundException'{0x00000000947ab0a8}: com/android/build/gradle/internal/res/GenerateLibraryRFileTaskCustomizer> (0x00000000947ab0a8) 
thrown [s\src\hotspot\share\classfile\systemDictionary.cpp, line 256]

VM Operations (20 events):
Event: 247.973 Executing VM operation: G1CollectForAllocation done
Event: 248.981 Executing VM operation: Cleanup
Event: 248.997 Executing VM operation: Cleanup done
Event: 249.202 Executing VM operation: G1CollectForAllocation
Event: 249.207 Executing VM operation: G1CollectForAllocation done
Event: 250.139 Executing VM operation: HandshakeAllThreads
Event: 250.140 Executing VM operation: HandshakeAllThreads done
Event: 250.198 Executing VM operation: ICBufferFull
Event: 250.198 Executing VM operation: ICBufferFull done
Event: 250.198 Executing VM operation: ICBufferFull
Event: 250.198 Executing VM operation: ICBufferFull done
Event: 250.324 Executing VM operation: G1CollectForAllocation
Event: 250.329 Executing VM operation: G1CollectForAllocation done
Event: 251.332 Executing VM operation: Cleanup
Event: 251.349 Executing VM operation: Cleanup done
Event: 251.548 Executing VM operation: G1CollectForAllocation
Event: 251.555 Executing VM operation: G1CollectForAllocation done
Event: 252.491 Executing VM operation: G1CollectForAllocation
Event: 252.498 Executing VM operation: G1CollectForAllocation done
Event: 253.506 Executing VM operation: Cleanup

Events (20 events):
Event: 250.155 Thread 0x0000023f263eb550 flushing nmethod 0x0000023f0fb26410
Event: 250.160 Thread 0x0000023f263eb550 flushing nmethod 0x0000023f0fe45610
Event: 250.161 Thread 0x0000023f263eb550 flushing nmethod 0x0000023f0ff8f210
Event: 250.164 Thread 0x0000023f263eb550 flushing nmethod 0x0000023f10263910
Event: 250.165 Thread 0x0000023f263eb550 flushing nmethod 0x0000023f10264890
Event: 250.165 Thread 0x0000023f263eb550 flushing nmethod 0x0000023f10265a90
Event: 250.165 Thread 0x0000023f263eb550 flushing nmethod 0x0000023f102c6d10
Event: 250.165 Thread 0x0000023f263eb550 flushing nmethod 0x0000023f102d1e90
Event: 250.172 Thread 0x0000023f263eb550 flushing nmethod 0x0000023f10869a90
Event: 250.173 Thread 0x0000023f263eb550 flushing nmethod 0x0000023f1095a610
Event: 250.173 Thread 0x0000023f263eb550 flushing nmethod 0x0000023f1095a990
Event: 250.179 Thread 0x0000023f263eb550 flushing nmethod 0x0000023f10ea7e10
Event: 250.182 Thread 0x0000023f263eb550 flushing nmethod 0x0000023f11117090
Event: 250.205 Thread 0x0000023f263eb550 flushing nmethod 0x0000023f1265f610
Event: 250.207 Thread 0x0000023f263eb550 flushing nmethod 0x0000023f1285a110
Event: 250.210 Thread 0x0000023f263eb550 flushing nmethod 0x0000023f12a9fd10
Event: 250.216 Thread 0x0000023f263eb550 flushing nmethod 0x0000023f12e4a390
Event: 251.087 Thread 0x0000023f4c60d540 Thread added: 0x0000023f4c60d540
Event: 251.715 Thread 0x0000023f4c60d540 Thread exited: 0x0000023f4c60d540
Event: 251.982 Thread 0x0000023f4c60b560 Thread added: 0x0000023f4c60b560


Dynamic libraries:
0x00007ff6eccd0000 - 0x00007ff6eccde000 	C:\Program Files\Microsoft\jdk-17.0.12.7-hotspot\bin\java.exe
0x00007fff74ec0000 - 0x00007fff75120000 	C:\WINDOWS\SYSTEM32\ntdll.dll
0x00007fff73cf0000 - 0x00007fff73db7000 	C:\WINDOWS\System32\KERNEL32.DLL
0x00007fff720a0000 - 0x00007fff7246a000 	C:\WINDOWS\System32\KERNELBASE.dll
0x00007fff72680000 - 0x00007fff727cb000 	C:\WINDOWS\System32\ucrtbase.dll
0x00007fff4c1d0000 - 0x00007fff4c1e7000 	C:\Program Files\Microsoft\jdk-17.0.12.7-hotspot\bin\jli.dll
0x00007fff4c210000 - 0x00007fff4c22d000 	C:\Program Files\Microsoft\jdk-17.0.12.7-hotspot\bin\VCRUNTIME140.dll
0x00007fff74ac0000 - 0x00007fff74c8c000 	C:\WINDOWS\System32\USER32.dll
0x00007fff725b0000 - 0x00007fff725d7000 	C:\WINDOWS\System32\win32u.dll
0x00007fff732f0000 - 0x00007fff7331a000 	C:\WINDOWS\System32\GDI32.dll
0x00007fff72470000 - 0x00007fff725a1000 	C:\WINDOWS\System32\gdi32full.dll
0x00007fff72b50000 - 0x00007fff72bf3000 	C:\WINDOWS\System32\msvcp_win.dll
0x00007fff5b990000 - 0x00007fff5bc27000 	C:\WINDOWS\WinSxS\amd64_microsoft.windows.common-controls_6595b64144ccf1df_6.0.26100.3624_none_3e086962e3345f24\COMCTL32.dll
0x00007fff73240000 - 0x00007fff732e9000 	C:\WINDOWS\System32\msvcrt.dll
0x00007fff72dc0000 - 0x00007fff72def000 	C:\WINDOWS\System32\IMM32.DLL
0x00007fff58940000 - 0x00007fff5894c000 	C:\Program Files\Microsoft\jdk-17.0.12.7-hotspot\bin\vcruntime140_1.dll
0x00007fff17c80000 - 0x00007fff17d0d000 	C:\Program Files\Microsoft\jdk-17.0.12.7-hotspot\bin\msvcp140.dll
0x00007ffefe290000 - 0x00007ffefef00000 	C:\Program Files\Microsoft\jdk-17.0.12.7-hotspot\bin\server\jvm.dll
0x00007fff730d0000 - 0x00007fff73182000 	C:\WINDOWS\System32\ADVAPI32.dll
0x00007fff73320000 - 0x00007fff733c6000 	C:\WINDOWS\System32\sechost.dll
0x00007fff73400000 - 0x00007fff73516000 	C:\WINDOWS\System32\RPCRT4.dll
0x00007fff72e00000 - 0x00007fff72e74000 	C:\WINDOWS\System32\WS2_32.dll
0x00007fff71ef0000 - 0x00007fff71f4e000 	C:\WINDOWS\SYSTEM32\POWRPROF.dll
0x00007fff6acc0000 - 0x00007fff6acf6000 	C:\WINDOWS\SYSTEM32\WINMM.dll
0x00007fff6ad00000 - 0x00007fff6ad0b000 	C:\WINDOWS\SYSTEM32\VERSION.dll
0x00007fff71ed0000 - 0x00007fff71ee4000 	C:\WINDOWS\SYSTEM32\UMPDC.dll
0x00007fff70eb0000 - 0x00007fff70eca000 	C:\WINDOWS\SYSTEM32\kernel.appcore.dll
0x00007fff582a0000 - 0x00007fff582aa000 	C:\Program Files\Microsoft\jdk-17.0.12.7-hotspot\bin\jimage.dll
0x00007fff65020000 - 0x00007fff65261000 	C:\WINDOWS\SYSTEM32\DBGHELP.DLL
0x00007fff737d0000 - 0x00007fff73b52000 	C:\WINDOWS\System32\combase.dll
0x00007fff744f0000 - 0x00007fff745c6000 	C:\WINDOWS\System32\OLEAUT32.dll
0x00007fff54af0000 - 0x00007fff54b29000 	C:\WINDOWS\SYSTEM32\dbgcore.DLL
0x00007fff725e0000 - 0x00007fff72679000 	C:\WINDOWS\System32\bcryptPrimitives.dll
0x00007fff44da0000 - 0x00007fff44dae000 	C:\Program Files\Microsoft\jdk-17.0.12.7-hotspot\bin\instrument.dll
0x00007fff41a50000 - 0x00007fff41a75000 	C:\Program Files\Microsoft\jdk-17.0.12.7-hotspot\bin\java.dll
0x00007fff08c40000 - 0x00007fff08d17000 	C:\Program Files\Microsoft\jdk-17.0.12.7-hotspot\bin\jsvml.dll
0x00007fff73dc0000 - 0x00007fff744e9000 	C:\WINDOWS\System32\SHELL32.dll
0x00007fff72860000 - 0x00007fff729c8000 	C:\WINDOWS\System32\wintypes.dll
0x00007fff6fd20000 - 0x00007fff70572000 	C:\WINDOWS\SYSTEM32\windows.storage.dll
0x00007fff72e80000 - 0x00007fff72f6d000 	C:\WINDOWS\System32\SHCORE.dll
0x00007fff72cc0000 - 0x00007fff72d24000 	C:\WINDOWS\System32\shlwapi.dll
0x00007fff71fb0000 - 0x00007fff71fdf000 	C:\WINDOWS\SYSTEM32\profapi.dll
0x00007fff3aa10000 - 0x00007fff3aa28000 	C:\Program Files\Microsoft\jdk-17.0.12.7-hotspot\bin\zip.dll
0x00007fff4a6f0000 - 0x00007fff4a70a000 	C:\Program Files\Microsoft\jdk-17.0.12.7-hotspot\bin\net.dll
0x00007fff68420000 - 0x00007fff6853d000 	C:\WINDOWS\SYSTEM32\WINHTTP.dll
0x00007fff713d0000 - 0x00007fff7143a000 	C:\WINDOWS\system32\mswsock.dll
0x00007fff3dc30000 - 0x00007fff3dc46000 	C:\Program Files\Microsoft\jdk-17.0.12.7-hotspot\bin\nio.dll
0x00007fff57b90000 - 0x00007fff57ba0000 	C:\Program Files\Microsoft\jdk-17.0.12.7-hotspot\bin\verify.dll
0x00007fff67130000 - 0x00007fff67157000 	C:\Users\Abutalib\.gradle\native\c067742578af261105cb4f569cf0c3c89f3d7b1fecec35dd04571415982c5e48\windows-amd64\native-platform.dll
0x00007fff08840000 - 0x00007fff08984000 	C:\Users\Abutalib\.gradle\native\100fb08df4bc3b14c8652ba06237920a3bd2aa13389f12d3474272988ae205f9\windows-amd64\native-platform-file-events.dll
0x00007fff53d00000 - 0x00007fff53d0a000 	C:\Program Files\Microsoft\jdk-17.0.12.7-hotspot\bin\management.dll
0x00007fff53570000 - 0x00007fff5357b000 	C:\Program Files\Microsoft\jdk-17.0.12.7-hotspot\bin\management_ext.dll
0x00007fff737c0000 - 0x00007fff737c8000 	C:\WINDOWS\System32\PSAPI.DLL
0x00007fff71670000 - 0x00007fff7168c000 	C:\WINDOWS\SYSTEM32\CRYPTSP.dll
0x00007fff70e10000 - 0x00007fff70e4a000 	C:\WINDOWS\system32\rsaenh.dll
0x00007fff71470000 - 0x00007fff7149b000 	C:\WINDOWS\SYSTEM32\USERENV.dll
0x00007fff71f80000 - 0x00007fff71fa6000 	C:\WINDOWS\SYSTEM32\bcrypt.dll
0x00007fff71690000 - 0x00007fff7169c000 	C:\WINDOWS\SYSTEM32\CRYPTBASE.dll
0x00007fff708c0000 - 0x00007fff708f3000 	C:\WINDOWS\SYSTEM32\IPHLPAPI.DLL
0x00007fff733d0000 - 0x00007fff733da000 	C:\WINDOWS\System32\NSI.dll
0x00007fff6a610000 - 0x00007fff6a62f000 	C:\WINDOWS\SYSTEM32\dhcpcsvc6.DLL
0x00007fff68620000 - 0x00007fff68645000 	C:\WINDOWS\SYSTEM32\dhcpcsvc.DLL
0x00007fff70950000 - 0x00007fff70a75000 	C:\WINDOWS\SYSTEM32\DNSAPI.dll
0x00007fff45790000 - 0x00007fff45799000 	C:\Program Files\Microsoft\jdk-17.0.12.7-hotspot\bin\extnet.dll
0x00007fff426e0000 - 0x00007fff426ee000 	C:\Program Files\Microsoft\jdk-17.0.12.7-hotspot\bin\sunmscapi.dll
0x00007fff729d0000 - 0x00007fff72b47000 	C:\WINDOWS\System32\CRYPT32.dll
0x00007fff71870000 - 0x00007fff718a0000 	C:\WINDOWS\SYSTEM32\ncrypt.dll
0x00007fff71820000 - 0x00007fff7185f000 	C:\WINDOWS\SYSTEM32\NTASN1.dll
0x00007fff217f0000 - 0x00007fff217f8000 	C:\WINDOWS\system32\wshunix.dll
0x00007fff70fd0000 - 0x00007fff71005000 	C:\WINDOWS\SYSTEM32\ntmarta.dll
0x00007fff50910000 - 0x00007fff50928000 	C:\WINDOWS\system32\napinsp.dll
0x00007fff501d0000 - 0x00007fff501e2000 	C:\WINDOWS\System32\winrnr.dll
0x00007fff4c8c0000 - 0x00007fff4c8f0000 	C:\WINDOWS\system32\nlansp_c.dll
0x00007fff66ce0000 - 0x00007fff66cf6000 	C:\WINDOWS\system32\wshbth.dll
0x00007fff67f20000 - 0x00007fff67f2b000 	C:\Windows\System32\rasadhlp.dll
0x00007fff6b600000 - 0x00007fff6b685000 	C:\WINDOWS\System32\fwpuclnt.dll

dbghelp: loaded successfully - version: 4.0.5 - missing functions: none
symbol engine: initialized successfully - sym options: 0x614 - pdb path: .;C:\Program Files\Microsoft\jdk-17.0.12.7-hotspot\bin;C:\WINDOWS\SYSTEM32;C:\WINDOWS\WinSxS\amd64_microsoft.windows.common-controls_6595b64144ccf1df_6.0.26100.3624_none_3e086962e3345f24;C:\Program Files\Microsoft\jdk-17.0.12.7-hotspot\bin\server;C:\Users\Abutalib\.gradle\native\c067742578af261105cb4f569cf0c3c89f3d7b1fecec35dd04571415982c5e48\windows-amd64;C:\Users\Abutalib\.gradle\native\100fb08df4bc3b14c8652ba06237920a3bd2aa13389f12d3474272988ae205f9\windows-amd64

VM Arguments:
jvm_args: -XX:MaxMetaspaceSize=512m --add-opens=java.base/java.util=ALL-UNNAMED --add-opens=java.base/java.lang=ALL-UNNAMED --add-opens=java.base/java.lang.invoke=ALL-UNNAMED --add-opens=java.prefs/java.util.prefs=ALL-UNNAMED --add-exports=jdk.compiler/com.sun.tools.javac.api=ALL-UNNAMED --add-exports=jdk.compiler/com.sun.tools.javac.util=ALL-UNNAMED --add-opens=java.base/java.nio.charset=ALL-UNNAMED --add-opens=java.base/java.net=ALL-UNNAMED --add-opens=java.base/java.util.concurrent.atomic=ALL-UNNAMED -Xmx2048m -Dfile.encoding=utf8 -Duser.country=IN -Duser.language=en -Duser.variant -javaagent:C:\Users\Abutalib\.gradle\wrapper\dists\gradle-8.10.2-all\7iv73wktx1xtkvlq19urqw1wm\gradle-8.10.2\lib\agents\gradle-instrumentation-agent-8.10.2.jar 
java_command: org.gradle.launcher.daemon.bootstrap.GradleDaemon 8.10.2
java_class_path (initial): C:\Users\Abutalib\.gradle\wrapper\dists\gradle-8.10.2-all\7iv73wktx1xtkvlq19urqw1wm\gradle-8.10.2\lib\gradle-daemon-main-8.10.2.jar
Launcher Type: SUN_STANDARD

[Global flags]
     intx CICompilerCount                          = 4                                         {product} {ergonomic}
   size_t CompressedClassSpaceSize                 = 436207616                                 {product} {ergonomic}
     uint ConcGCThreads                            = 2                                         {product} {ergonomic}
     uint G1ConcRefinementThreads                  = 8                                         {product} {ergonomic}
   size_t G1HeapRegionSize                         = 1048576                                   {product} {ergonomic}
    uintx GCDrainStackTargetSize                   = 64                                        {product} {ergonomic}
   size_t InitialHeapSize                          = 123731968                                 {product} {ergonomic}
   size_t MarkStackSize                            = 4194304                                   {product} {ergonomic}
   size_t MaxHeapSize                              = 2147483648                                {product} {command line}
   size_t MaxMetaspaceSize                         = 536870912                                 {product} {command line}
   size_t MaxNewSize                               = 1287651328                                {product} {ergonomic}
   size_t MinHeapDeltaBytes                        = 1048576                                   {product} {ergonomic}
   size_t MinHeapSize                              = 8388608                                   {product} {ergonomic}
    uintx NonNMethodCodeHeapSize                   = 5839372                                {pd product} {ergonomic}
    uintx NonProfiledCodeHeapSize                  = 122909434                              {pd product} {ergonomic}
    uintx ProfiledCodeHeapSize                     = 122909434                              {pd product} {ergonomic}
    uintx ReservedCodeCacheSize                    = 251658240                              {pd product} {ergonomic}
     bool SegmentedCodeCache                       = true                                      {product} {ergonomic}
   size_t SoftMaxHeapSize                          = 2147483648                             {manageable} {ergonomic}
     bool UseCompressedClassPointers               = true                           {product lp64_product} {ergonomic}
     bool UseCompressedOops                        = true                           {product lp64_product} {ergonomic}
     bool UseG1GC                                  = true                                      {product} {ergonomic}
     bool UseLargePagesIndividualAllocation        = false                                  {pd product} {ergonomic}

Logging:
Log output configuration:
 #0: stdout all=warning uptime,level,tags
 #1: stderr all=off uptime,level,tags

Environment Variables:
JAVA_HOME=C:\Program Files\Microsoft\jdk-17.0.12.7-hotspot
PATH=C:\Program Files\Microsoft\jdk-17.0.12.7-hotspot\bin;C:\Users\Abutalib\AppData\Local\Programs\Python\Python311\Scripts\;C:\Users\Abutalib\AppData\Local\Programs\Python\Python311\;C:\Ruby32-x64\bin;C:\Program Files\Common Files\Oracle\Java\javapath;C:\Users\Abutalib\AppData\Local\Programs\Python\Python311;c:\users\abutalib\appdata\local\programs\python\python311\lib\site-packages\pip\__init__.py;C:\WINDOWS\system32;C:\WINDOWS;C:\WINDOWS\System32\OpenSSH\;C:\WINDOWS\System32\Wbem;C:\WINDOWS\System32\WindowsPowerShell\v1.0\;C:\Program Files (x86)\Yarn\bin\;C:\Program Files\Git\cmd;C:\ProgramData\chocolatey\bin;C:\php;C:\ProgramData\ComposerSetup\bin;C:\Program Files\nodejs\;C:\Program Files\Amazon\AWSCLIV2\;C:\Program Files\nodejs;C:\Users\Abutalib\AppData\Local\Microsoft\WindowsApps;C:\Users\Abutalib\AppData\Local\Android\Sdk\emulator;C:\Users\Abutalib\AppData\Local\Android\Sdk\platform-tools;C:\Users\Abutalib\AppData\Local\Android\Sdk\cmdline-tools\13.0\bin;C:\java programs\Microsoft VS Code\bin;C:\Users\Abutalib\PyCharm Community Edition 2022.3\bin;;C:\MinGW\bin;C:\MinGW\bin\gcc.exe;C:\Users\Abutalib\AppData\Local\Yarn\bin;C:\Program Files\Microsoft\jdk-17.0.12.7-hotspot\bin;C:\Users\Abutalib\AppData\Local\Microsoft\WinGet\Packages\Schniz.fnm_Microsoft.Winget.Source_8wekyb3d8bbwe;C:\Users\Abutalib\AppData\Local\Android\Sdk\system-images\android-34-ext12\google_apis_playstore\x86_64;
USERNAME=Abutalib
OS=Windows_NT
PROCESSOR_IDENTIFIER=AMD64 Family 23 Model 104 Stepping 1, AuthenticAMD
TMP=C:\Users\Abutalib\AppData\Local\Temp
TEMP=C:\Users\Abutalib\AppData\Local\Temp



Periodic native trim disabled


---------------  S Y S T E M  ---------------

OS:
 Windows 11 , 64 bit Build 26100 (10.0.26100.3775)
OS uptime: 0 days 1:26 hours
Hyper-V role detected

CPU: total 8 (initial active 8) (8 cores per cpu, 2 threads per core) family 23 model 104 stepping 1 microcode 0x8608107, cx8, cmov, fxsr, ht, mmx, 3dnowpref, sse, sse2, sse3, ssse3, sse4a, sse4.1, sse4.2, popcnt, lzcnt, tsc, tscinvbit, avx, avx2, aes, clmul, bmi1, bmi2, adx, sha, fma, vzeroupper, clflush, clflushopt, hv
Processor Information for the first 8 processors :
  Max Mhz: 2600, Current Mhz: 2600, Mhz Limit: 2600

Memory: 4k page, system-wide physical 7502M (480M free)
TotalPageFile size 30030M (AvailPageFile size 20M)
current process WorkingSet (physical memory assigned to process): 454M, peak: 555M
current process commit charge ("private bytes"): 847M, peak: 852M

vm_info: OpenJDK 64-Bit Server VM (17.0.12+7-LTS) for windows-amd64 JRE (17.0.12+7-LTS), built on Jul 16 2024 18:11:44 by "MicrosoftCorporation" with unknown MS VC++:1939

END.
