#
# There is insufficient memory for the Java Runtime Environment to continue.
# Native memory allocation (mmap) failed to map 358612992 bytes. Error detail: G1 virtual space
# Possible reasons:
#   The system is out of physical RAM or swap space
#   This process is running with CompressedOops enabled, and the Java Heap may be blocking the growth of the native heap
# Possible solutions:
#   Reduce memory load on the system
#   Increase physical memory or swap space
#   Check if swap backing store is full
#   Decrease Java heap size (-Xmx/-Xms)
#   Decrease number of Java threads
#   Decrease Java thread stack sizes (-Xss)
#   Set larger code cache with -XX:ReservedCodeCacheSize=
#   JVM is running with Zero Based Compressed Oops mode in which the Java heap is
#     placed in the first 32GB address space. The Java Heap base address is the
#     maximum limit for the native heap growth. Please use -XX:HeapBaseMinAddress
#     to set the Java Heap base and to place the Java Heap above 32GB virtual address.
# This output file may be truncated or incomplete.
#
#  Out of Memory Error (os_windows.cpp:3678), pid=2132, tid=13256
#
# JRE version: OpenJDK Runtime Environment Microsoft-9889599 (17.0.12+7) (build 17.0.12+7-LTS)
# Java VM: OpenJDK 64-Bit Server VM Microsoft-9889599 (17.0.12+7-LTS, mixed mode, sharing, tiered, compressed oops, compressed class ptrs, g1 gc, windows-amd64)
# No core dump will be written. Minidumps are not enabled by default on client versions of Windows
#

---------------  S U M M A R Y ------------

Command Line: -XX:MaxMetaspaceSize=512m --add-opens=java.base/java.util=ALL-UNNAMED --add-opens=java.base/java.lang=ALL-UNNAMED --add-opens=java.base/java.lang.invoke=ALL-UNNAMED --add-opens=java.prefs/java.util.prefs=ALL-UNNAMED --add-exports=jdk.compiler/com.sun.tools.javac.api=ALL-UNNAMED --add-exports=jdk.compiler/com.sun.tools.javac.util=ALL-UNNAMED --add-opens=java.base/java.nio.charset=ALL-UNNAMED --add-opens=java.base/java.net=ALL-UNNAMED --add-opens=java.base/java.util.concurrent.atomic=ALL-UNNAMED -Xmx4096m -Dfile.encoding=windows-1252 -Duser.country=IN -Duser.language=en -Duser.variant -javaagent:C:\Users\Abutalib\.gradle\wrapper\dists\gradle-8.10.2-all\7iv73wktx1xtkvlq19urqw1wm\gradle-8.10.2\lib\agents\gradle-instrumentation-agent-8.10.2.jar org.gradle.launcher.daemon.bootstrap.GradleDaemon 8.10.2

Host: AMD Ryzen 3 5300U with Radeon Graphics         , 8 cores, 7G,  Windows 11 , 64 bit Build 26100 (10.0.26100.3775)
Time: Mon May  5 16:58:44 2025 India Standard Time elapsed time: 299.396725 seconds (0d 0h 4m 59s)

---------------  T H R E A D  ---------------

Current thread (0x000002387ed79af0):  VMThread "VM Thread" [stack: 0x000000fa08d00000,0x000000fa08e00000] [id=13256]

Stack: [0x000000fa08d00000,0x000000fa08e00000]
Native frames: (J=compiled Java code, j=interpreted, Vv=VM code, C=native code)
V  [jvm.dll+0x686d99]
V  [jvm.dll+0x83daf8]
V  [jvm.dll+0x83f5a3]
V  [jvm.dll+0x83fc13]
V  [jvm.dll+0x2492ef]
V  [jvm.dll+0x683dd9]
V  [jvm.dll+0x6782fa]
V  [jvm.dll+0x30a797]
V  [jvm.dll+0x311d06]
V  [jvm.dll+0x36252e]
V  [jvm.dll+0x36276d]
V  [jvm.dll+0x2e1a9c]
V  [jvm.dll+0x2dfe49]
V  [jvm.dll+0x2df5ac]
V  [jvm.dll+0x3220ab]
V  [jvm.dll+0x84444d]
V  [jvm.dll+0x845183]
V  [jvm.dll+0x8456af]
V  [jvm.dll+0x845a94]
V  [jvm.dll+0x845b5e]
V  [jvm.dll+0x7ed87c]
V  [jvm.dll+0x685c77]
C  [ucrtbase.dll+0x37b0]
C  [KERNEL32.DLL+0x2e8d7]
C  [ntdll.dll+0xb14fc]

VM_Operation (0x000000fa0d3fb3d0): G1CollectForAllocation, mode: safepoint, requested by thread 0x000002383414a510


---------------  P R O C E S S  ---------------

Threads class SMR info:
_java_thread_list=0x0000023841315660, length=148, elements={
0x0000023870d1f100, 0x000002387ed7cbb0, 0x000002387ed80200, 0x000002387edbb700,
0x000002387edbdfe0, 0x000002387edbff90, 0x000002387edc33e0, 0x000002387edd05f0,
0x000002387eddba90, 0x000002387eddc3a0, 0x000002387eedeb20, 0x000002387ef9d8d0,
0x000002383415b5a0, 0x0000023834e932b0, 0x000002383501ee80, 0x0000023835000b00,
0x000002383507ac40, 0x0000023835079d10, 0x000002387f19e550, 0x000002387f1a08c0,
0x000002387f1a0dd0, 0x000002387f19ea60, 0x000002387f1a17f0, 0x000002387f1a2210,
0x0000023834147270, 0x000002383414b440, 0x0000023838ee0a90, 0x0000023838ee0580,
0x0000023838ee0fa0, 0x0000023838ee14b0, 0x00000238355c50f0, 0x00000238355c4be0,
0x00000238374aa690, 0x00000238374aa180, 0x00000238374ab5c0, 0x00000238374ab0b0,
0x00000238374aed70, 0x00000238355c6020, 0x0000023841b6f9d0, 0x0000023841b745c0,
0x00000238355c5600, 0x00000238355c2d80, 0x00000238355c1e50, 0x00000238355c46d0,
0x00000238355c2360, 0x00000238355c2870, 0x00000238355c5b10, 0x00000238355c6530,
0x00000238355c6a40, 0x00000238355c3290, 0x00000238355c6f50, 0x00000238355c37a0,
0x00000238355c7460, 0x00000238355c3cb0, 0x00000238355c7970, 0x00000238355c8390,
0x00000238355c88a0, 0x00000238355c8db0, 0x00000238355c92c0, 0x00000238355c97d0,
0x00000238341486b0, 0x0000023834145e30, 0x0000023834144f00, 0x0000023834146340,
0x0000023834146850, 0x00000238341481a0, 0x0000023834148bc0, 0x0000023834146d60,
0x0000023834147c90, 0x0000023834145410, 0x0000023834145920, 0x00000238341495e0,
0x000002383414b950, 0x000002383414aa20, 0x000002383414c880, 0x0000023834149af0,
0x000002383414a000, 0x000002383414a510, 0x0000023838ee19c0, 0x0000023838ede720,
0x0000023838ee23e0, 0x0000023838edec30, 0x0000023838ee28f0, 0x0000023838ee2e00,
0x0000023838ee3310, 0x0000023838edfb60, 0x0000023838ee3820, 0x0000023838ee4240,
0x0000023838ee5680, 0x0000023838ee4750, 0x0000023838ee4c60, 0x0000023838ee5170,
0x0000023838ee5b90, 0x0000023838ee60a0, 0x000002387f19f990, 0x000002387f1a12e0,
0x000002387f19fea0, 0x000002387f19f480, 0x000002387f19db30, 0x000002387f1a03b0,
0x000002387f1a1d00, 0x000002387f19ef70, 0x000002387f1a4fa0, 0x000002387f1a2c30,
0x000002387f1a4580, 0x000002387f1a4a90, 0x000002387f1a54b0, 0x000002387f1a3b60,
0x000002387f1a3140, 0x000002387f1a3650, 0x0000023841b70e10, 0x0000023841b71d40,
0x0000023841b70900, 0x0000023841b71320, 0x0000023841b73180, 0x0000023841b73ba0,
0x0000023841b703f0, 0x0000023841b754f0, 0x0000023841b76930, 0x0000023841b74ad0,
0x0000023841b76e40, 0x0000023841b75f10, 0x0000023841b77350, 0x0000023841b74fe0,
0x0000023841b75a00, 0x0000023841b76420, 0x00000238374ae350, 0x00000238374b1b00,
0x00000238374b01b0, 0x00000238374b0bd0, 0x000002383507a220, 0x000002383507a730,
0x00000238350792f0, 0x0000023835079800, 0x000002383551df90, 0x000002383551f8e0,
0x000002383551e4a0, 0x0000023835520300, 0x000002383551fdf0, 0x0000023835520810,
0x000002383551f3d0, 0x000002383551d060, 0x000002383551d570, 0x000002383551eec0,
0x00000238355c41c0, 0x0000023841e0e910, 0x0000023841e0c5a0, 0x0000023841350520
}

Java Threads: ( => current thread )
  0x0000023870d1f100 JavaThread "main" [_thread_blocked, id=22216, stack(0x000000fa08700000,0x000000fa08800000)]
  0x000002387ed7cbb0 JavaThread "Reference Handler" daemon [_thread_blocked, id=25144, stack(0x000000fa08e00000,0x000000fa08f00000)]
  0x000002387ed80200 JavaThread "Finalizer" daemon [_thread_blocked, id=14300, stack(0x000000fa08f00000,0x000000fa09000000)]
  0x000002387edbb700 JavaThread "Signal Dispatcher" daemon [_thread_blocked, id=21956, stack(0x000000fa09000000,0x000000fa09100000)]
  0x000002387edbdfe0 JavaThread "Attach Listener" daemon [_thread_blocked, id=24164, stack(0x000000fa09100000,0x000000fa09200000)]
  0x000002387edbff90 JavaThread "Service Thread" daemon [_thread_blocked, id=22644, stack(0x000000fa09200000,0x000000fa09300000)]
  0x000002387edc33e0 JavaThread "Monitor Deflation Thread" daemon [_thread_blocked, id=19968, stack(0x000000fa09300000,0x000000fa09400000)]
  0x000002387edd05f0 JavaThread "C2 CompilerThread0" daemon [_thread_blocked, id=9184, stack(0x000000fa09400000,0x000000fa09500000)]
  0x000002387eddba90 JavaThread "C1 CompilerThread0" daemon [_thread_blocked, id=8140, stack(0x000000fa09500000,0x000000fa09600000)]
  0x000002387eddc3a0 JavaThread "Sweeper thread" daemon [_thread_blocked, id=11800, stack(0x000000fa09600000,0x000000fa09700000)]
  0x000002387eedeb20 JavaThread "Common-Cleaner" daemon [_thread_blocked, id=25588, stack(0x000000fa09700000,0x000000fa09800000)]
  0x000002387ef9d8d0 JavaThread "Notification Thread" daemon [_thread_blocked, id=17508, stack(0x000000fa09800000,0x000000fa09900000)]
  0x000002383415b5a0 JavaThread "Daemon health stats" [_thread_blocked, id=24212, stack(0x000000fa09a00000,0x000000fa09b00000)]
  0x0000023834e932b0 JavaThread "Incoming local TCP Connector on port 53350" [_thread_in_native, id=9376, stack(0x000000fa09f00000,0x000000fa0a000000)]
  0x000002383501ee80 JavaThread "Daemon periodic checks" [_thread_blocked, id=22548, stack(0x000000fa0a000000,0x000000fa0a100000)]
  0x0000023835000b00 JavaThread "Daemon" [_thread_blocked, id=14508, stack(0x000000fa0a100000,0x000000fa0a200000)]
  0x000002383507ac40 JavaThread "Daemon worker" [_thread_blocked, id=23596, stack(0x000000fa0a400000,0x000000fa0a500000)]
  0x0000023835079d10 JavaThread "Cache worker for journal cache (C:\Users\Abutalib\.gradle\caches\journal-1)" [_thread_blocked, id=17700, stack(0x000000fa0a900000,0x000000fa0aa00000)]
  0x000002387f19e550 JavaThread "File lock request listener" [_thread_in_native, id=21732, stack(0x000000fa0aa00000,0x000000fa0ab00000)]
  0x000002387f1a08c0 JavaThread "Cache worker for file hash cache (C:\Users\Abutalib\.gradle\caches\8.10.2\fileHashes)" [_thread_blocked, id=23124, stack(0x000000fa0ab00000,0x000000fa0ac00000)]
  0x000002387f1a0dd0 JavaThread "File watcher server" daemon [_thread_blocked, id=25712, stack(0x000000fa0b200000,0x000000fa0b300000)]
  0x000002387f19ea60 JavaThread "File watcher consumer" daemon [_thread_blocked, id=9456, stack(0x000000fa0b300000,0x000000fa0b400000)]
  0x000002387f1a17f0 JavaThread "Cache worker for file content cache (C:\Users\Abutalib\.gradle\caches\8.10.2\fileContent)" [_thread_blocked, id=24708, stack(0x000000fa0b500000,0x000000fa0b600000)]
  0x000002387f1a2210 JavaThread "jar transforms" [_thread_blocked, id=14224, stack(0x000000fa0b800000,0x000000fa0b900000)]
  0x0000023834147270 JavaThread "Memory manager" [_thread_blocked, id=24736, stack(0x000000fa0d500000,0x000000fa0d600000)]
  0x000002383414b440 JavaThread "ForkJoinPool.commonPool-worker-1" daemon [_thread_blocked, id=13604, stack(0x000000fa0d800000,0x000000fa0d900000)]
  0x0000023838ee0a90 JavaThread "ForkJoinPool.commonPool-worker-3" daemon [_thread_blocked, id=5348, stack(0x000000fa0da00000,0x000000fa0db00000)]
  0x0000023838ee0580 JavaThread "ForkJoinPool.commonPool-worker-4" daemon [_thread_blocked, id=2304, stack(0x000000fa0db00000,0x000000fa0dc00000)]
  0x0000023838ee0fa0 JavaThread "ForkJoinPool.commonPool-worker-5" daemon [_thread_blocked, id=18788, stack(0x000000fa0dc00000,0x000000fa0dd00000)]
  0x0000023838ee14b0 JavaThread "ForkJoinPool.commonPool-worker-6" daemon [_thread_blocked, id=1692, stack(0x000000fa0dd00000,0x000000fa0de00000)]
  0x00000238355c50f0 JavaThread "jar transforms Thread 2" [_thread_blocked, id=7456, stack(0x000000fa11800000,0x000000fa11900000)]
  0x00000238355c4be0 JavaThread "jar transforms Thread 3" [_thread_blocked, id=14804, stack(0x000000fa0ea00000,0x000000fa0eb00000)]
  0x00000238374aa690 JavaThread "jar transforms Thread 4" [_thread_blocked, id=14216, stack(0x000000fa12300000,0x000000fa12400000)]
  0x00000238374aa180 JavaThread "jar transforms Thread 5" [_thread_blocked, id=11996, stack(0x000000fa12400000,0x000000fa12500000)]
  0x00000238374ab5c0 JavaThread "jar transforms Thread 6" [_thread_blocked, id=11200, stack(0x000000fa12500000,0x000000fa12600000)]
  0x00000238374ab0b0 JavaThread "jar transforms Thread 7" [_thread_blocked, id=19028, stack(0x000000fa12700000,0x000000fa12800000)]
  0x00000238374aed70 JavaThread "jar transforms Thread 8" [_thread_blocked, id=16320, stack(0x000000fa12800000,0x000000fa12900000)]
  0x00000238355c6020 JavaThread "pool-3-thread-1" [_thread_blocked, id=26680, stack(0x000000fa08500000,0x000000fa08600000)]
  0x0000023841b6f9d0 JavaThread "Monitor" [_thread_in_native, id=27220, stack(0x000000fa12900000,0x000000fa12a00000)]
  0x0000023841b745c0 JavaThread "Device List Monitor" [_thread_in_native, id=4376, stack(0x000000fa12a00000,0x000000fa12b00000)]
  0x00000238355c5600 JavaThread "Handler for socket connection from /127.0.0.1:53350 to /127.0.0.1:53797" [_thread_in_native, id=24552, stack(0x000000fa08600000,0x000000fa08700000)]
  0x00000238355c2d80 JavaThread "Cancel handler" [_thread_blocked, id=6116, stack(0x000000fa0a200000,0x000000fa0a300000)]
  0x00000238355c1e50 JavaThread "Asynchronous log dispatcher for DefaultDaemonConnection: socket connection from /127.0.0.1:53350 to /127.0.0.1:53797" [_thread_blocked, id=25160, stack(0x000000fa0a300000,0x000000fa0a400000)]
  0x00000238355c46d0 JavaThread "Stdin handler" [_thread_blocked, id=11668, stack(0x000000fa0a500000,0x000000fa0a600000)]
  0x00000238355c2360 JavaThread "Daemon client event forwarder" [_thread_blocked, id=10660, stack(0x000000fa0a600000,0x000000fa0a700000)]
  0x00000238355c2870 JavaThread "Cache worker for file hash cache (C:\NexgenLMS\NexGenMobile\android\.gradle\8.10.2\fileHashes)" [_thread_blocked, id=26168, stack(0x000000fa0a700000,0x000000fa0a800000)]
  0x00000238355c5b10 JavaThread "Cache worker for Build Output Cleanup Cache (C:\NexgenLMS\NexGenMobile\android\.gradle\buildOutputCleanup)" [_thread_blocked, id=10528, stack(0x000000fa0a800000,0x000000fa0a900000)]
  0x00000238355c6530 JavaThread "Cache worker for checksums cache (C:\NexgenLMS\NexGenMobile\android\.gradle\8.10.2\checksums)" [_thread_blocked, id=10064, stack(0x000000fa0af00000,0x000000fa0b000000)]
  0x00000238355c6a40 JavaThread "Cache worker for cache directory md-rule (C:\Users\Abutalib\.gradle\caches\8.10.2\md-rule)" [_thread_blocked, id=25084, stack(0x000000fa0b000000,0x000000fa0b100000)]
  0x00000238355c3290 JavaThread "Cache worker for cache directory md-supplier (C:\Users\Abutalib\.gradle\caches\8.10.2\md-supplier)" [_thread_blocked, id=23832, stack(0x000000fa0b400000,0x000000fa0b500000)]
  0x00000238355c6f50 JavaThread "Cache worker for Build Output Cleanup Cache (C:\NexgenLMS\NexGenMobile\node_modules\@react-native\gradle-plugin\.gradle\buildOutputCleanup)" [_thread_blocked, id=18040, stack(0x000000fa0b600000,0x000000fa0b700000)]
  0x00000238355c37a0 JavaThread "Unconstrained build operations" [_thread_blocked, id=25308, stack(0x000000fa0b700000,0x000000fa0b800000)]
  0x00000238355c7460 JavaThread "Unconstrained build operations Thread 2" [_thread_blocked, id=6696, stack(0x000000fa0ba00000,0x000000fa0bb00000)]
  0x00000238355c3cb0 JavaThread "Unconstrained build operations Thread 3" [_thread_blocked, id=6424, stack(0x000000fa0bb00000,0x000000fa0bc00000)]
  0x00000238355c7970 JavaThread "Unconstrained build operations Thread 4" [_thread_blocked, id=26044, stack(0x000000fa0bc00000,0x000000fa0bd00000)]
  0x00000238355c8390 JavaThread "Unconstrained build operations Thread 5" [_thread_blocked, id=23228, stack(0x000000fa0bd00000,0x000000fa0be00000)]
  0x00000238355c88a0 JavaThread "Unconstrained build operations Thread 6" [_thread_blocked, id=16504, stack(0x000000fa0be00000,0x000000fa0bf00000)]
  0x00000238355c8db0 JavaThread "Unconstrained build operations Thread 7" [_thread_blocked, id=14524, stack(0x000000fa0bf00000,0x000000fa0c000000)]
  0x00000238355c92c0 JavaThread "Unconstrained build operations Thread 8" [_thread_blocked, id=22352, stack(0x000000fa0c000000,0x000000fa0c100000)]
  0x00000238355c97d0 JavaThread "Unconstrained build operations Thread 9" [_thread_blocked, id=4884, stack(0x000000fa0c100000,0x000000fa0c200000)]
  0x00000238341486b0 JavaThread "Unconstrained build operations Thread 10" [_thread_blocked, id=25852, stack(0x000000fa0c200000,0x000000fa0c300000)]
  0x0000023834145e30 JavaThread "Unconstrained build operations Thread 11" [_thread_blocked, id=7600, stack(0x000000fa0c300000,0x000000fa0c400000)]
  0x0000023834144f00 JavaThread "Unconstrained build operations Thread 12" [_thread_blocked, id=26460, stack(0x000000fa0c400000,0x000000fa0c500000)]
  0x0000023834146340 JavaThread "Unconstrained build operations Thread 13" [_thread_blocked, id=26080, stack(0x000000fa0c500000,0x000000fa0c600000)]
  0x0000023834146850 JavaThread "Unconstrained build operations Thread 14" [_thread_blocked, id=10928, stack(0x000000fa0c600000,0x000000fa0c700000)]
  0x00000238341481a0 JavaThread "Unconstrained build operations Thread 15" [_thread_blocked, id=14408, stack(0x000000fa0c700000,0x000000fa0c800000)]
  0x0000023834148bc0 JavaThread "Unconstrained build operations Thread 16" [_thread_blocked, id=24232, stack(0x000000fa0c800000,0x000000fa0c900000)]
  0x0000023834146d60 JavaThread "Unconstrained build operations Thread 17" [_thread_blocked, id=21680, stack(0x000000fa0c900000,0x000000fa0ca00000)]
  0x0000023834147c90 JavaThread "Unconstrained build operations Thread 18" [_thread_blocked, id=22444, stack(0x000000fa0ca00000,0x000000fa0cb00000)]
  0x0000023834145410 JavaThread "build event listener" [_thread_blocked, id=27468, stack(0x000000fa0cb00000,0x000000fa0cc00000)]
  0x0000023834145920 JavaThread "ForkJoinPool.commonPool-worker-9" daemon [_thread_blocked, id=26872, stack(0x000000fa0cc00000,0x000000fa0cd00000)]
  0x00000238341495e0 JavaThread "ForkJoinPool.commonPool-worker-8" daemon [_thread_blocked, id=26900, stack(0x000000fa0cd00000,0x000000fa0ce00000)]
  0x000002383414b950 JavaThread "included builds" [_thread_blocked, id=26864, stack(0x000000fa0ce00000,0x000000fa0cf00000)]
  0x000002383414aa20 JavaThread "Execution worker" [_thread_blocked, id=19060, stack(0x000000fa0cf00000,0x000000fa0d000000)]
  0x000002383414c880 JavaThread "Execution worker Thread 2" [_thread_blocked, id=24304, stack(0x000000fa0d000000,0x000000fa0d100000)]
  0x0000023834149af0 JavaThread "Execution worker Thread 3" [_thread_blocked, id=27132, stack(0x000000fa0d100000,0x000000fa0d200000)]
  0x000002383414a000 JavaThread "Execution worker Thread 4" [_thread_blocked, id=26860, stack(0x000000fa0d200000,0x000000fa0d300000)]
  0x000002383414a510 JavaThread "Execution worker Thread 5" [_thread_blocked, id=19808, stack(0x000000fa0d300000,0x000000fa0d400000)]
  0x0000023838ee19c0 JavaThread "Execution worker Thread 6" [_thread_blocked, id=27144, stack(0x000000fa0d400000,0x000000fa0d500000)]
  0x0000023838ede720 JavaThread "Execution worker Thread 7" [_thread_blocked, id=27452, stack(0x000000fa0d600000,0x000000fa0d700000)]
  0x0000023838ee23e0 JavaThread "Cache worker for execution history cache (C:\NexgenLMS\NexGenMobile\node_modules\@react-native\gradle-plugin\.gradle\8.10.2\executionHistory)" [_thread_blocked, id=27224, stack(0x000000fa0d700000,0x000000fa0d800000)]
  0x0000023838edec30 JavaThread "Unconstrained build operations Thread 19" [_thread_blocked, id=26636, stack(0x000000fa0d900000,0x000000fa0da00000)]
  0x0000023838ee28f0 JavaThread "Unconstrained build operations Thread 20" [_thread_blocked, id=23776, stack(0x000000fa0de00000,0x000000fa0df00000)]
  0x0000023838ee2e00 JavaThread "Unconstrained build operations Thread 21" [_thread_blocked, id=22696, stack(0x000000fa0df00000,0x000000fa0e000000)]
  0x0000023838ee3310 JavaThread "Unconstrained build operations Thread 22" [_thread_blocked, id=26752, stack(0x000000fa0e000000,0x000000fa0e100000)]
  0x0000023838edfb60 JavaThread "Unconstrained build operations Thread 23" [_thread_blocked, id=24724, stack(0x000000fa0e100000,0x000000fa0e200000)]
  0x0000023838ee3820 JavaThread "Unconstrained build operations Thread 24" [_thread_blocked, id=1816, stack(0x000000fa0e200000,0x000000fa0e300000)]
  0x0000023838ee4240 JavaThread "Unconstrained build operations Thread 25" [_thread_blocked, id=24152, stack(0x000000fa0e300000,0x000000fa0e400000)]
  0x0000023838ee5680 JavaThread "Unconstrained build operations Thread 26" [_thread_blocked, id=13660, stack(0x000000fa0e400000,0x000000fa0e500000)]
  0x0000023838ee4750 JavaThread "Unconstrained build operations Thread 27" [_thread_blocked, id=17112, stack(0x000000fa0e500000,0x000000fa0e600000)]
  0x0000023838ee4c60 JavaThread "Unconstrained build operations Thread 28" [_thread_blocked, id=10540, stack(0x000000fa0e600000,0x000000fa0e700000)]
  0x0000023838ee5170 JavaThread "Unconstrained build operations Thread 29" [_thread_blocked, id=21544, stack(0x000000fa0e700000,0x000000fa0e800000)]
  0x0000023838ee5b90 JavaThread "Unconstrained build operations Thread 30" [_thread_blocked, id=18812, stack(0x000000fa0e800000,0x000000fa0e900000)]
  0x0000023838ee60a0 JavaThread "Unconstrained build operations Thread 31" [_thread_blocked, id=12412, stack(0x000000fa0e900000,0x000000fa0ea00000)]
  0x000002387f19f990 JavaThread "Unconstrained build operations Thread 32" [_thread_blocked, id=21720, stack(0x000000fa0eb00000,0x000000fa0ec00000)]
  0x000002387f1a12e0 JavaThread "Unconstrained build operations Thread 33" [_thread_blocked, id=20168, stack(0x000000fa0ec00000,0x000000fa0ed00000)]
  0x000002387f19fea0 JavaThread "Unconstrained build operations Thread 34" [_thread_blocked, id=21616, stack(0x000000fa0ed00000,0x000000fa0ee00000)]
  0x000002387f19f480 JavaThread "Unconstrained build operations Thread 35" [_thread_blocked, id=25184, stack(0x000000fa0ee00000,0x000000fa0ef00000)]
  0x000002387f19db30 JavaThread "Unconstrained build operations Thread 36" [_thread_blocked, id=23536, stack(0x000000fa0ef00000,0x000000fa0f000000)]
  0x000002387f1a03b0 JavaThread "Unconstrained build operations Thread 37" [_thread_blocked, id=13308, stack(0x000000fa0f000000,0x000000fa0f100000)]
  0x000002387f1a1d00 JavaThread "Unconstrained build operations Thread 38" [_thread_blocked, id=25708, stack(0x000000fa0f100000,0x000000fa0f200000)]
  0x000002387f19ef70 JavaThread "Unconstrained build operations Thread 39" [_thread_blocked, id=18840, stack(0x000000fa0f200000,0x000000fa0f300000)]
  0x000002387f1a4fa0 JavaThread "Unconstrained build operations Thread 40" [_thread_blocked, id=21424, stack(0x000000fa0f300000,0x000000fa0f400000)]
  0x000002387f1a2c30 JavaThread "Unconstrained build operations Thread 41" [_thread_blocked, id=24440, stack(0x000000fa0f400000,0x000000fa0f500000)]
  0x000002387f1a4580 JavaThread "Unconstrained build operations Thread 42" [_thread_blocked, id=25696, stack(0x000000fa0f500000,0x000000fa0f600000)]
  0x000002387f1a4a90 JavaThread "Unconstrained build operations Thread 43" [_thread_blocked, id=17728, stack(0x000000fa0f600000,0x000000fa0f700000)]
  0x000002387f1a54b0 JavaThread "Unconstrained build operations Thread 44" [_thread_blocked, id=20764, stack(0x000000fa0f700000,0x000000fa0f800000)]
  0x000002387f1a3b60 JavaThread "Unconstrained build operations Thread 45" [_thread_blocked, id=14392, stack(0x000000fa0f800000,0x000000fa0f900000)]
  0x000002387f1a3140 JavaThread "Unconstrained build operations Thread 46" [_thread_blocked, id=1300, stack(0x000000fa0f900000,0x000000fa0fa00000)]
  0x000002387f1a3650 JavaThread "Unconstrained build operations Thread 47" [_thread_blocked, id=2856, stack(0x000000fa0fa00000,0x000000fa0fb00000)]
  0x0000023841b70e10 JavaThread "Unconstrained build operations Thread 48" [_thread_blocked, id=12808, stack(0x000000fa0fb00000,0x000000fa0fc00000)]
  0x0000023841b71d40 JavaThread "Unconstrained build operations Thread 49" [_thread_blocked, id=9748, stack(0x000000fa0fc00000,0x000000fa0fd00000)]
  0x0000023841b70900 JavaThread "Unconstrained build operations Thread 50" [_thread_blocked, id=25836, stack(0x000000fa0fd00000,0x000000fa0fe00000)]
  0x0000023841b71320 JavaThread "Unconstrained build operations Thread 51" [_thread_blocked, id=17276, stack(0x000000fa0fe00000,0x000000fa0ff00000)]
  0x0000023841b73180 JavaThread "Unconstrained build operations Thread 52" [_thread_blocked, id=24264, stack(0x000000fa0ff00000,0x000000fa10000000)]
  0x0000023841b73ba0 JavaThread "Unconstrained build operations Thread 53" [_thread_blocked, id=24052, stack(0x000000fa10000000,0x000000fa10100000)]
  0x0000023841b703f0 JavaThread "Unconstrained build operations Thread 54" [_thread_blocked, id=644, stack(0x000000fa10100000,0x000000fa10200000)]
  0x0000023841b754f0 JavaThread "Unconstrained build operations Thread 55" [_thread_blocked, id=24848, stack(0x000000fa10200000,0x000000fa10300000)]
  0x0000023841b76930 JavaThread "Unconstrained build operations Thread 56" [_thread_blocked, id=18124, stack(0x000000fa10300000,0x000000fa10400000)]
  0x0000023841b74ad0 JavaThread "Unconstrained build operations Thread 57" [_thread_blocked, id=24640, stack(0x000000fa10400000,0x000000fa10500000)]
  0x0000023841b76e40 JavaThread "Unconstrained build operations Thread 58" [_thread_blocked, id=14904, stack(0x000000fa10500000,0x000000fa10600000)]
  0x0000023841b75f10 JavaThread "Unconstrained build operations Thread 59" [_thread_blocked, id=19948, stack(0x000000fa10600000,0x000000fa10700000)]
  0x0000023841b77350 JavaThread "Unconstrained build operations Thread 60" [_thread_blocked, id=12780, stack(0x000000fa10700000,0x000000fa10800000)]
  0x0000023841b74fe0 JavaThread "Unconstrained build operations Thread 61" [_thread_blocked, id=10292, stack(0x000000fa10800000,0x000000fa10900000)]
  0x0000023841b75a00 JavaThread "Unconstrained build operations Thread 62" [_thread_blocked, id=13084, stack(0x000000fa10900000,0x000000fa10a00000)]
  0x0000023841b76420 JavaThread "Unconstrained build operations Thread 63" [_thread_blocked, id=11228, stack(0x000000fa10a00000,0x000000fa10b00000)]
  0x00000238374ae350 JavaThread "build event listener" [_thread_blocked, id=2836, stack(0x000000fa10b00000,0x000000fa10c00000)]
  0x00000238374b1b00 JavaThread "Unconstrained build operations Thread 64" [_thread_blocked, id=10888, stack(0x000000fa10c00000,0x000000fa10d00000)]
  0x00000238374b01b0 JavaThread "Unconstrained build operations Thread 65" [_thread_blocked, id=23984, stack(0x000000fa10d00000,0x000000fa10e00000)]
  0x00000238374b0bd0 JavaThread "Unconstrained build operations Thread 66" [_thread_blocked, id=21708, stack(0x000000fa10e00000,0x000000fa10f00000)]
  0x000002383507a220 JavaThread "Unconstrained build operations Thread 67" [_thread_blocked, id=18200, stack(0x000000fa10f00000,0x000000fa11000000)]
  0x000002383507a730 JavaThread "Unconstrained build operations Thread 68" [_thread_blocked, id=19560, stack(0x000000fa11000000,0x000000fa11100000)]
  0x00000238350792f0 JavaThread "Unconstrained build operations Thread 69" [_thread_blocked, id=17300, stack(0x000000fa11100000,0x000000fa11200000)]
  0x0000023835079800 JavaThread "Unconstrained build operations Thread 70" [_thread_blocked, id=11416, stack(0x000000fa11200000,0x000000fa11300000)]
  0x000002383551df90 JavaThread "Unconstrained build operations Thread 71" [_thread_blocked, id=24988, stack(0x000000fa11300000,0x000000fa11400000)]
  0x000002383551f8e0 JavaThread "Unconstrained build operations Thread 72" [_thread_blocked, id=18804, stack(0x000000fa11400000,0x000000fa11500000)]
  0x000002383551e4a0 JavaThread "Unconstrained build operations Thread 73" [_thread_blocked, id=27172, stack(0x000000fa11500000,0x000000fa11600000)]
  0x0000023835520300 JavaThread "Unconstrained build operations Thread 74" [_thread_blocked, id=21444, stack(0x000000fa11600000,0x000000fa11700000)]
  0x000002383551fdf0 JavaThread "Unconstrained build operations Thread 75" [_thread_blocked, id=20532, stack(0x000000fa11700000,0x000000fa11800000)]
  0x0000023835520810 JavaThread "Unconstrained build operations Thread 76" [_thread_blocked, id=6512, stack(0x000000fa11900000,0x000000fa11a00000)]
  0x000002383551f3d0 JavaThread "Unconstrained build operations Thread 77" [_thread_blocked, id=24652, stack(0x000000fa11a00000,0x000000fa11b00000)]
  0x000002383551d060 JavaThread "Unconstrained build operations Thread 78" [_thread_blocked, id=13176, stack(0x000000fa11b00000,0x000000fa11c00000)]
  0x000002383551d570 JavaThread "Unconstrained build operations Thread 79" [_thread_blocked, id=11808, stack(0x000000fa11c00000,0x000000fa11d00000)]
  0x000002383551eec0 JavaThread "Unconstrained build operations Thread 80" [_thread_blocked, id=23848, stack(0x000000fa11d00000,0x000000fa11e00000)]
  0x00000238355c41c0 JavaThread "pool-6-thread-1" [_thread_blocked, id=19356, stack(0x000000fa08400000,0x000000fa08500000)]
  0x0000023841e0e910 JavaThread "build event listener" [_thread_blocked, id=18500, stack(0x000000fa11f00000,0x000000fa12000000)]
  0x0000023841e0c5a0 JavaThread "Cache worker for execution history cache (C:\NexgenLMS\NexGenMobile\android\.gradle\8.10.2\executionHistory)" [_thread_blocked, id=3120, stack(0x000000fa12000000,0x000000fa12100000)]
  0x0000023841350520 JavaThread "C2 CompilerThread1" daemon [_thread_blocked, id=19352, stack(0x000000fa12100000,0x000000fa12200000)]

Other Threads:
=>0x000002387ed79af0 VMThread "VM Thread" [stack: 0x000000fa08d00000,0x000000fa08e00000] [id=13256]
  0x0000023870d1fe90 WatcherThread [stack: 0x000000fa09900000,0x000000fa09a00000] [id=20236]
  0x0000023870d8cfb0 GCTaskThread "GC Thread#0" [stack: 0x000000fa08800000,0x000000fa08900000] [id=9400]
  0x000002387f6ae7c0 GCTaskThread "GC Thread#1" [stack: 0x000000fa09b00000,0x000000fa09c00000] [id=11820]
  0x000002387f0ef010 GCTaskThread "GC Thread#2" [stack: 0x000000fa09c00000,0x000000fa09d00000] [id=18760]
  0x000002387f195810 GCTaskThread "GC Thread#3" [stack: 0x000000fa09d00000,0x000000fa09e00000] [id=24892]
  0x000002387f2cea90 GCTaskThread "GC Thread#4" [stack: 0x000000fa09e00000,0x000000fa09f00000] [id=13724]
  0x0000023835539840 GCTaskThread "GC Thread#5" [stack: 0x000000fa0ac00000,0x000000fa0ad00000] [id=22148]
  0x00000238342b7050 GCTaskThread "GC Thread#6" [stack: 0x000000fa0ad00000,0x000000fa0ae00000] [id=10876]
  0x00000238354a4020 GCTaskThread "GC Thread#7" [stack: 0x000000fa0ae00000,0x000000fa0af00000] [id=17636]
  0x0000023870d9df70 ConcurrentGCThread "G1 Main Marker" [stack: 0x000000fa08900000,0x000000fa08a00000] [id=17652]
  0x0000023870da1a70 ConcurrentGCThread "G1 Conc#0" [stack: 0x000000fa08a00000,0x000000fa08b00000] [id=21744]
  0x000002383751e000 ConcurrentGCThread "G1 Conc#1" [stack: 0x000000fa0b100000,0x000000fa0b200000] [id=5388]
  0x0000023870dce7b0 ConcurrentGCThread "G1 Refine#0" [stack: 0x000000fa08b00000,0x000000fa08c00000] [id=14720]
  0x0000023838896cc0 ConcurrentGCThread "G1 Refine#1" [stack: 0x000000fa0b900000,0x000000fa0ba00000] [id=2484]
  0x000002383fec0540 ConcurrentGCThread "G1 Refine#2" [stack: 0x000000fa11e00000,0x000000fa11f00000] [id=16444]
  0x000002387ec30160 ConcurrentGCThread "G1 Service" [stack: 0x000000fa08c00000,0x000000fa08d00000] [id=25940]

Threads with active compile tasks:
C2 CompilerThread0   299490 23526       4       org.gradle.cache.internal.btree.FreeListBlockStore$FreeListBlock::alloc (240 bytes)
C2 CompilerThread1   299490 23524       4       org.gradle.cache.internal.btree.FreeListBlockStore::write (16 bytes)

VM state: at safepoint (normal execution)

VM Mutex/Monitor currently owned by a thread:  ([mutex/lock_event])
[0x000002386eb39a90] Threads_lock - owner thread: 0x000002387ed79af0
[0x0000023870d1d100] Heap_lock - owner thread: 0x000002383414a510

Heap address: 0x0000000700000000, size: 4096 MB, Compressed Oops mode: Zero based, Oop shift amount: 3

CDS archive(s) mapped at: [0x0000023815000000-0x0000023815bb0000-0x0000023815bb0000), size 12255232, SharedBaseAddress: 0x0000023815000000, ArchiveRelocationMode: 1.
Compressed class space mapped at: 0x0000023816000000-0x0000023830000000, reserved size: 436207616
Narrow klass base: 0x0000023815000000, Narrow klass shift: 0, Narrow klass range: 0x100000000

GC Precious Log:
 CPUs: 8 total, 8 available
 Memory: 7502M
 Large Page Support: Disabled
 NUMA Support: Disabled
 Compressed Oops: Enabled (Zero based)
 Heap Region Size: 2M
 Heap Min Capacity: 8M
 Heap Initial Capacity: 118M
 Heap Max Capacity: 4G
 Pre-touch: Disabled
 Parallel Workers: 8
 Concurrent Workers: 2
 Concurrent Refinement Workers: 8
 Periodic GC: Disabled

Heap:
 garbage-first heap   total 512000K, used 303421K [0x0000000700000000, 0x0000000800000000)
  region size 2048K, 5 young (10240K), 5 survivors (10240K)
 Metaspace       used 126331K, committed 128384K, reserved 557056K
  class space    used 16931K, committed 17920K, reserved 425984K

Heap Regions: E=young(eden), S=young(survivor), O=old, HS=humongous(starts), HC=humongous(continues), CS=collection set, F=free, OA=open archive, CA=closed archive, TAMS=top-at-mark-start (previous, next)
|   0|0x0000000700000000, 0x0000000700200000, 0x0000000700200000|100%|HS|  |TAMS 0x0000000700200000, 0x0000000700000000| Complete 
|   1|0x0000000700200000, 0x0000000700400000, 0x0000000700400000|100%|HC|  |TAMS 0x0000000700400000, 0x0000000700200000| Complete 
|   2|0x0000000700400000, 0x0000000700600000, 0x0000000700600000|100%| O|  |TAMS 0x0000000700600000, 0x0000000700400000| Untracked 
|   3|0x0000000700600000, 0x0000000700800000, 0x0000000700800000|100%| O|  |TAMS 0x0000000700800000, 0x0000000700600000| Untracked 
|   4|0x0000000700800000, 0x0000000700a00000, 0x0000000700a00000|100%| O|  |TAMS 0x0000000700a00000, 0x0000000700800000| Untracked 
|   5|0x0000000700a00000, 0x0000000700c00000, 0x0000000700c00000|100%| O|  |TAMS 0x0000000700c00000, 0x0000000700a00000| Untracked 
|   6|0x0000000700c00000, 0x0000000700e00000, 0x0000000700e00000|100%| O|  |TAMS 0x0000000700e00000, 0x0000000700c00000| Untracked 
|   7|0x0000000700e00000, 0x0000000700fdae00, 0x0000000701000000| 92%| O|  |TAMS 0x0000000700fdae00, 0x0000000700e00000| Untracked 
|   8|0x0000000701000000, 0x0000000701200000, 0x0000000701200000|100%| O|  |TAMS 0x0000000701200000, 0x0000000701000000| Untracked 
|   9|0x0000000701200000, 0x0000000701400000, 0x0000000701400000|100%| O|  |TAMS 0x0000000701400000, 0x0000000701200000| Untracked 
|  10|0x0000000701400000, 0x0000000701600000, 0x0000000701600000|100%| O|  |TAMS 0x0000000701600000, 0x0000000701400000| Untracked 
|  11|0x0000000701600000, 0x0000000701800000, 0x0000000701800000|100%| O|  |TAMS 0x0000000701800000, 0x0000000701600000| Untracked 
|  12|0x0000000701800000, 0x0000000701a00000, 0x0000000701a00000|100%| O|  |TAMS 0x0000000701a00000, 0x0000000701800000| Untracked 
|  13|0x0000000701a00000, 0x0000000701c00000, 0x0000000701c00000|100%| O|  |TAMS 0x0000000701c00000, 0x0000000701a00000| Untracked 
|  14|0x0000000701c00000, 0x0000000701e00000, 0x0000000701e00000|100%| O|  |TAMS 0x0000000701e00000, 0x0000000701c00000| Untracked 
|  15|0x0000000701e00000, 0x0000000702000000, 0x0000000702000000|100%| O|  |TAMS 0x0000000702000000, 0x0000000701e00000| Untracked 
|  16|0x0000000702000000, 0x0000000702200000, 0x0000000702200000|100%| O|  |TAMS 0x0000000702200000, 0x0000000702000000| Untracked 
|  17|0x0000000702200000, 0x0000000702400000, 0x0000000702400000|100%| O|  |TAMS 0x0000000702400000, 0x0000000702200000| Untracked 
|  18|0x0000000702400000, 0x0000000702600000, 0x0000000702600000|100%| O|  |TAMS 0x0000000702600000, 0x0000000702400000| Untracked 
|  19|0x0000000702600000, 0x0000000702800000, 0x0000000702800000|100%| O|  |TAMS 0x0000000702800000, 0x0000000702600000| Untracked 
|  20|0x0000000702800000, 0x0000000702a00000, 0x0000000702a00000|100%|HS|  |TAMS 0x0000000702a00000, 0x0000000702800000| Complete 
|  21|0x0000000702a00000, 0x0000000702c00000, 0x0000000702c00000|100%| O|  |TAMS 0x0000000702c00000, 0x0000000702a00000| Untracked 
|  22|0x0000000702c00000, 0x0000000702e00000, 0x0000000702e00000|100%|HS|  |TAMS 0x0000000702e00000, 0x0000000702c00000| Complete 
|  23|0x0000000702e00000, 0x0000000703000000, 0x0000000703000000|100%|HS|  |TAMS 0x0000000703000000, 0x0000000702e00000| Complete 
|  24|0x0000000703000000, 0x0000000703200000, 0x0000000703200000|100%|HC|  |TAMS 0x0000000703200000, 0x0000000703000000| Complete 
|  25|0x0000000703200000, 0x0000000703400000, 0x0000000703400000|100%|HS|  |TAMS 0x0000000703400000, 0x0000000703200000| Complete 
|  26|0x0000000703400000, 0x0000000703600000, 0x0000000703600000|100%|HC|  |TAMS 0x0000000703600000, 0x0000000703400000| Complete 
|  27|0x0000000703600000, 0x0000000703800000, 0x0000000703800000|100%| O|  |TAMS 0x0000000703800000, 0x0000000703600000| Untracked 
|  28|0x0000000703800000, 0x0000000703a00000, 0x0000000703a00000|100%| O|  |TAMS 0x0000000703a00000, 0x0000000703800000| Untracked 
|  29|0x0000000703a00000, 0x0000000703c00000, 0x0000000703c00000|100%| O|  |TAMS 0x0000000703c00000, 0x0000000703a00000| Untracked 
|  30|0x0000000703c00000, 0x0000000703e00000, 0x0000000703e00000|100%| O|  |TAMS 0x0000000703e00000, 0x0000000703c00000| Untracked 
|  31|0x0000000703e00000, 0x0000000704000000, 0x0000000704000000|100%| O|  |TAMS 0x0000000704000000, 0x0000000703e00000| Untracked 
|  32|0x0000000704000000, 0x0000000704200000, 0x0000000704200000|100%| O|  |TAMS 0x0000000704200000, 0x0000000704000000| Untracked 
|  33|0x0000000704200000, 0x0000000704400000, 0x0000000704400000|100%| O|  |TAMS 0x0000000704400000, 0x0000000704200000| Untracked 
|  34|0x0000000704400000, 0x0000000704600000, 0x0000000704600000|100%| O|  |TAMS 0x0000000704600000, 0x0000000704400000| Untracked 
|  35|0x0000000704600000, 0x0000000704800000, 0x0000000704800000|100%| O|  |TAMS 0x0000000704800000, 0x0000000704600000| Untracked 
|  36|0x0000000704800000, 0x0000000704a00000, 0x0000000704a00000|100%| O|  |TAMS 0x0000000704a00000, 0x0000000704800000| Untracked 
|  37|0x0000000704a00000, 0x0000000704c00000, 0x0000000704c00000|100%| O|  |TAMS 0x0000000704c00000, 0x0000000704a00000| Untracked 
|  38|0x0000000704c00000, 0x0000000704e00000, 0x0000000704e00000|100%| O|  |TAMS 0x0000000704e00000, 0x0000000704c00000| Untracked 
|  39|0x0000000704e00000, 0x0000000705000000, 0x0000000705000000|100%|HS|  |TAMS 0x0000000705000000, 0x0000000704e00000| Complete 
|  40|0x0000000705000000, 0x0000000705200000, 0x0000000705200000|100%| O|  |TAMS 0x0000000705200000, 0x0000000705000000| Untracked 
|  41|0x0000000705200000, 0x0000000705400000, 0x0000000705400000|100%| O|  |TAMS 0x0000000705400000, 0x0000000705200000| Untracked 
|  42|0x0000000705400000, 0x0000000705600000, 0x0000000705600000|100%| O|  |TAMS 0x0000000705600000, 0x0000000705400000| Untracked 
|  43|0x0000000705600000, 0x0000000705800000, 0x0000000705800000|100%| O|  |TAMS 0x0000000705800000, 0x0000000705600000| Untracked 
|  44|0x0000000705800000, 0x0000000705a00000, 0x0000000705a00000|100%| O|  |TAMS 0x0000000705a00000, 0x0000000705800000| Untracked 
|  45|0x0000000705a00000, 0x0000000705c00000, 0x0000000705c00000|100%| O|  |TAMS 0x0000000705c00000, 0x0000000705a00000| Untracked 
|  46|0x0000000705c00000, 0x0000000705e00000, 0x0000000705e00000|100%| O|  |TAMS 0x0000000705e00000, 0x0000000705c00000| Untracked 
|  47|0x0000000705e00000, 0x0000000706000000, 0x0000000706000000|100%| O|  |TAMS 0x0000000706000000, 0x0000000705e00000| Untracked 
|  48|0x0000000706000000, 0x0000000706200000, 0x0000000706200000|100%| O|  |TAMS 0x0000000706200000, 0x0000000706000000| Untracked 
|  49|0x0000000706200000, 0x0000000706400000, 0x0000000706400000|100%|HS|  |TAMS 0x0000000706400000, 0x0000000706200000| Complete 
|  50|0x0000000706400000, 0x0000000706600000, 0x0000000706600000|100%| O|  |TAMS 0x0000000706600000, 0x0000000706400000| Untracked 
|  51|0x0000000706600000, 0x0000000706800000, 0x0000000706800000|100%| O|  |TAMS 0x0000000706800000, 0x0000000706600000| Untracked 
|  52|0x0000000706800000, 0x0000000706a00000, 0x0000000706a00000|100%| O|  |TAMS 0x0000000706a00000, 0x0000000706800000| Untracked 
|  53|0x0000000706a00000, 0x0000000706c00000, 0x0000000706c00000|100%| O|  |TAMS 0x0000000706c00000, 0x0000000706a00000| Untracked 
|  54|0x0000000706c00000, 0x0000000706e00000, 0x0000000706e00000|100%| O|  |TAMS 0x0000000706e00000, 0x0000000706c00000| Untracked 
|  55|0x0000000706e00000, 0x0000000707000000, 0x0000000707000000|100%| O|  |TAMS 0x0000000707000000, 0x0000000706e00000| Untracked 
|  56|0x0000000707000000, 0x0000000707200000, 0x0000000707200000|100%| O|  |TAMS 0x0000000707200000, 0x0000000707000000| Untracked 
|  57|0x0000000707200000, 0x0000000707400000, 0x0000000707400000|100%| O|  |TAMS 0x0000000707400000, 0x0000000707200000| Untracked 
|  58|0x0000000707400000, 0x0000000707600000, 0x0000000707600000|100%| O|  |TAMS 0x0000000707600000, 0x0000000707400000| Untracked 
|  59|0x0000000707600000, 0x0000000707800000, 0x0000000707800000|100%| O|  |TAMS 0x0000000707800000, 0x0000000707600000| Untracked 
|  60|0x0000000707800000, 0x0000000707a00000, 0x0000000707a00000|100%| O|  |TAMS 0x0000000707a00000, 0x0000000707800000| Untracked 
|  61|0x0000000707a00000, 0x0000000707c00000, 0x0000000707c00000|100%| O|  |TAMS 0x0000000707c00000, 0x0000000707a00000| Untracked 
|  62|0x0000000707c00000, 0x0000000707e00000, 0x0000000707e00000|100%| O|  |TAMS 0x0000000707e00000, 0x0000000707c00000| Untracked 
|  63|0x0000000707e00000, 0x0000000708000000, 0x0000000708000000|100%| O|  |TAMS 0x0000000708000000, 0x0000000707e00000| Untracked 
|  64|0x0000000708000000, 0x0000000708200000, 0x0000000708200000|100%| O|  |TAMS 0x0000000708200000, 0x0000000708000000| Untracked 
|  65|0x0000000708200000, 0x0000000708400000, 0x0000000708400000|100%| O|  |TAMS 0x0000000708400000, 0x0000000708200000| Untracked 
|  66|0x0000000708400000, 0x0000000708600000, 0x0000000708600000|100%| O|  |TAMS 0x0000000708600000, 0x0000000708400000| Untracked 
|  67|0x0000000708600000, 0x0000000708800000, 0x0000000708800000|100%| O|  |TAMS 0x0000000708800000, 0x0000000708600000| Untracked 
|  68|0x0000000708800000, 0x0000000708a00000, 0x0000000708a00000|100%| O|  |TAMS 0x0000000708a00000, 0x0000000708800000| Untracked 
|  69|0x0000000708a00000, 0x0000000708a00000, 0x0000000708c00000|  0%| F|  |TAMS 0x0000000708a00000, 0x0000000708a00000| Untracked 
|  70|0x0000000708c00000, 0x0000000708e00000, 0x0000000708e00000|100%| O|  |TAMS 0x0000000708e00000, 0x0000000708c00000| Untracked 
|  71|0x0000000708e00000, 0x0000000709000000, 0x0000000709000000|100%| O|  |TAMS 0x0000000709000000, 0x0000000708e00000| Untracked 
|  72|0x0000000709000000, 0x0000000709200000, 0x0000000709200000|100%| O|  |TAMS 0x0000000709200000, 0x0000000709000000| Untracked 
|  73|0x0000000709200000, 0x0000000709400000, 0x0000000709400000|100%| O|  |TAMS 0x0000000709400000, 0x0000000709200000| Untracked 
|  74|0x0000000709400000, 0x0000000709600000, 0x0000000709600000|100%| O|  |TAMS 0x0000000709600000, 0x0000000709400000| Untracked 
|  75|0x0000000709600000, 0x0000000709800000, 0x0000000709800000|100%| O|  |TAMS 0x0000000709800000, 0x0000000709600000| Untracked 
|  76|0x0000000709800000, 0x0000000709a00000, 0x0000000709a00000|100%| O|  |TAMS 0x0000000709a00000, 0x0000000709800000| Untracked 
|  77|0x0000000709a00000, 0x0000000709c00000, 0x0000000709c00000|100%| O|  |TAMS 0x0000000709c00000, 0x0000000709a00000| Untracked 
|  78|0x0000000709c00000, 0x0000000709e00000, 0x0000000709e00000|100%| O|  |TAMS 0x0000000709e00000, 0x0000000709c00000| Untracked 
|  79|0x0000000709e00000, 0x000000070a000000, 0x000000070a000000|100%| O|  |TAMS 0x000000070a000000, 0x0000000709e00000| Untracked 
|  80|0x000000070a000000, 0x000000070a200000, 0x000000070a200000|100%| O|  |TAMS 0x000000070a200000, 0x000000070a000000| Untracked 
|  81|0x000000070a200000, 0x000000070a400000, 0x000000070a400000|100%| O|  |TAMS 0x000000070a400000, 0x000000070a200000| Untracked 
|  82|0x000000070a400000, 0x000000070a600000, 0x000000070a600000|100%| O|  |TAMS 0x000000070a600000, 0x000000070a400000| Untracked 
|  83|0x000000070a600000, 0x000000070a800000, 0x000000070a800000|100%| O|  |TAMS 0x000000070a800000, 0x000000070a600000| Untracked 
|  84|0x000000070a800000, 0x000000070aa00000, 0x000000070aa00000|100%| O|  |TAMS 0x000000070aa00000, 0x000000070a800000| Untracked 
|  85|0x000000070aa00000, 0x000000070ac00000, 0x000000070ac00000|100%| O|  |TAMS 0x000000070ac00000, 0x000000070aa00000| Untracked 
|  86|0x000000070ac00000, 0x000000070ac00000, 0x000000070ae00000|  0%| F|  |TAMS 0x000000070ac00000, 0x000000070ac00000| Untracked 
|  87|0x000000070ae00000, 0x000000070b000000, 0x000000070b000000|100%| O|  |TAMS 0x000000070b000000, 0x000000070ae00000| Untracked 
|  88|0x000000070b000000, 0x000000070b200000, 0x000000070b200000|100%| O|  |TAMS 0x000000070b200000, 0x000000070b000000| Untracked 
|  89|0x000000070b200000, 0x000000070b400000, 0x000000070b400000|100%| O|  |TAMS 0x000000070b400000, 0x000000070b200000| Untracked 
|  90|0x000000070b400000, 0x000000070b600000, 0x000000070b600000|100%| O|  |TAMS 0x000000070b600000, 0x000000070b400000| Untracked 
|  91|0x000000070b600000, 0x000000070b600000, 0x000000070b800000|  0%| F|  |TAMS 0x000000070b600000, 0x000000070b600000| Untracked 
|  92|0x000000070b800000, 0x000000070ba00000, 0x000000070ba00000|100%| O|  |TAMS 0x000000070ba00000, 0x000000070b800000| Untracked 
|  93|0x000000070ba00000, 0x000000070bc00000, 0x000000070bc00000|100%| O|  |TAMS 0x000000070bc00000, 0x000000070ba00000| Untracked 
|  94|0x000000070bc00000, 0x000000070be00000, 0x000000070be00000|100%| O|  |TAMS 0x000000070be00000, 0x000000070bc00000| Untracked 
|  95|0x000000070be00000, 0x000000070c000000, 0x000000070c000000|100%| O|  |TAMS 0x000000070c000000, 0x000000070be00000| Untracked 
|  96|0x000000070c000000, 0x000000070c200000, 0x000000070c200000|100%| O|  |TAMS 0x000000070c200000, 0x000000070c000000| Untracked 
|  97|0x000000070c200000, 0x000000070c400000, 0x000000070c400000|100%| O|  |TAMS 0x000000070c400000, 0x000000070c200000| Untracked 
|  98|0x000000070c400000, 0x000000070c600000, 0x000000070c600000|100%| O|  |TAMS 0x000000070c600000, 0x000000070c400000| Untracked 
|  99|0x000000070c600000, 0x000000070c800000, 0x000000070c800000|100%| O|  |TAMS 0x000000070c800000, 0x000000070c600000| Untracked 
| 100|0x000000070c800000, 0x000000070ca00000, 0x000000070ca00000|100%| O|  |TAMS 0x000000070ca00000, 0x000000070c800000| Untracked 
| 101|0x000000070ca00000, 0x000000070cc00000, 0x000000070cc00000|100%| O|  |TAMS 0x000000070cc00000, 0x000000070ca00000| Untracked 
| 102|0x000000070cc00000, 0x000000070ce00000, 0x000000070ce00000|100%| O|  |TAMS 0x000000070ce00000, 0x000000070cc00000| Untracked 
| 103|0x000000070ce00000, 0x000000070d000000, 0x000000070d000000|100%| O|  |TAMS 0x000000070d000000, 0x000000070ce00000| Untracked 
| 104|0x000000070d000000, 0x000000070d200000, 0x000000070d200000|100%| O|  |TAMS 0x000000070d200000, 0x000000070d000000| Untracked 
| 105|0x000000070d200000, 0x000000070d400000, 0x000000070d400000|100%| O|  |TAMS 0x000000070d400000, 0x000000070d200000| Untracked 
| 106|0x000000070d400000, 0x000000070d600000, 0x000000070d600000|100%| O|  |TAMS 0x000000070d600000, 0x000000070d400000| Untracked 
| 107|0x000000070d600000, 0x000000070d800000, 0x000000070d800000|100%| O|  |TAMS 0x000000070d800000, 0x000000070d600000| Untracked 
| 108|0x000000070d800000, 0x000000070da00000, 0x000000070da00000|100%| O|  |TAMS 0x000000070da00000, 0x000000070d800000| Untracked 
| 109|0x000000070da00000, 0x000000070dc00000, 0x000000070dc00000|100%| O|  |TAMS 0x000000070dc00000, 0x000000070da00000| Untracked 
| 110|0x000000070dc00000, 0x000000070de00000, 0x000000070de00000|100%| O|  |TAMS 0x000000070de00000, 0x000000070dc00000| Untracked 
| 111|0x000000070de00000, 0x000000070de00000, 0x000000070e000000|  0%| F|  |TAMS 0x000000070de00000, 0x000000070de00000| Untracked 
| 112|0x000000070e000000, 0x000000070e200000, 0x000000070e200000|100%| O|  |TAMS 0x000000070e200000, 0x000000070e000000| Untracked 
| 113|0x000000070e200000, 0x000000070e400000, 0x000000070e400000|100%| O|  |TAMS 0x000000070e400000, 0x000000070e200000| Untracked 
| 114|0x000000070e400000, 0x000000070e600000, 0x000000070e600000|100%| O|  |TAMS 0x000000070e600000, 0x000000070e400000| Untracked 
| 115|0x000000070e600000, 0x000000070e800000, 0x000000070e800000|100%| O|  |TAMS 0x000000070e800000, 0x000000070e600000| Untracked 
| 116|0x000000070e800000, 0x000000070ea00000, 0x000000070ea00000|100%| O|  |TAMS 0x000000070ea00000, 0x000000070e800000| Untracked 
| 117|0x000000070ea00000, 0x000000070ec00000, 0x000000070ec00000|100%| O|  |TAMS 0x000000070ec00000, 0x000000070ea00000| Untracked 
| 118|0x000000070ec00000, 0x000000070ee00000, 0x000000070ee00000|100%| O|  |TAMS 0x000000070eca2800, 0x000000070ec00000| Untracked 
| 119|0x000000070ee00000, 0x000000070f000000, 0x000000070f000000|100%| O|  |TAMS 0x000000070ee00000, 0x000000070ee00000| Untracked 
| 120|0x000000070f000000, 0x000000070f200000, 0x000000070f200000|100%| O|  |TAMS 0x000000070f000000, 0x000000070f000000| Untracked 
| 121|0x000000070f200000, 0x000000070f400000, 0x000000070f400000|100%| O|  |TAMS 0x000000070f200000, 0x000000070f200000| Untracked 
| 122|0x000000070f400000, 0x000000070f600000, 0x000000070f600000|100%| O|  |TAMS 0x000000070f400000, 0x000000070f400000| Untracked 
| 123|0x000000070f600000, 0x000000070f800000, 0x000000070f800000|100%| O|  |TAMS 0x000000070f600000, 0x000000070f600000| Untracked 
| 124|0x000000070f800000, 0x000000070fa00000, 0x000000070fa00000|100%| O|  |TAMS 0x000000070f800000, 0x000000070f800000| Untracked 
| 125|0x000000070fa00000, 0x000000070fc00000, 0x000000070fc00000|100%| O|  |TAMS 0x000000070fa00000, 0x000000070fa00000| Untracked 
| 126|0x000000070fc00000, 0x000000070fe00000, 0x000000070fe00000|100%| O|  |TAMS 0x000000070fc00000, 0x000000070fc00000| Untracked 
| 127|0x000000070fe00000, 0x0000000710000000, 0x0000000710000000|100%| O|  |TAMS 0x000000070fe00000, 0x000000070fe00000| Untracked 
| 128|0x0000000710000000, 0x0000000710200000, 0x0000000710200000|100%| O|  |TAMS 0x0000000710000000, 0x0000000710000000| Untracked 
| 129|0x0000000710200000, 0x0000000710400000, 0x0000000710400000|100%| O|  |TAMS 0x0000000710200000, 0x0000000710200000| Untracked 
| 130|0x0000000710400000, 0x0000000710600000, 0x0000000710600000|100%| O|  |TAMS 0x0000000710400000, 0x0000000710400000| Untracked 
| 131|0x0000000710600000, 0x0000000710800000, 0x0000000710800000|100%| O|  |TAMS 0x0000000710600000, 0x0000000710600000| Untracked 
| 132|0x0000000710800000, 0x0000000710a00000, 0x0000000710a00000|100%| O|  |TAMS 0x0000000710800000, 0x0000000710800000| Untracked 
| 133|0x0000000710a00000, 0x0000000710c00000, 0x0000000710c00000|100%| O|  |TAMS 0x0000000710a00000, 0x0000000710a00000| Untracked 
| 134|0x0000000710c00000, 0x0000000710e00000, 0x0000000710e00000|100%| O|  |TAMS 0x0000000710c00000, 0x0000000710c00000| Untracked 
| 135|0x0000000710e00000, 0x0000000711000000, 0x0000000711000000|100%| O|  |TAMS 0x0000000710e00000, 0x0000000710e00000| Untracked 
| 136|0x0000000711000000, 0x0000000711200000, 0x0000000711200000|100%| O|  |TAMS 0x0000000711000000, 0x0000000711000000| Untracked 
| 137|0x0000000711200000, 0x0000000711400000, 0x0000000711400000|100%| O|  |TAMS 0x0000000711200000, 0x0000000711200000| Untracked 
| 138|0x0000000711400000, 0x0000000711600000, 0x0000000711600000|100%| O|  |TAMS 0x0000000711400000, 0x0000000711400000| Untracked 
| 139|0x0000000711600000, 0x0000000711800000, 0x0000000711800000|100%| O|  |TAMS 0x0000000711600000, 0x0000000711600000| Untracked 
| 140|0x0000000711800000, 0x0000000711a00000, 0x0000000711a00000|100%| O|  |TAMS 0x0000000711800000, 0x0000000711800000| Untracked 
| 141|0x0000000711a00000, 0x0000000711c00000, 0x0000000711c00000|100%| O|  |TAMS 0x0000000711a00000, 0x0000000711a00000| Untracked 
| 142|0x0000000711c00000, 0x0000000711e00000, 0x0000000711e00000|100%| O|  |TAMS 0x0000000711c00000, 0x0000000711c00000| Untracked 
| 143|0x0000000711e00000, 0x0000000712000000, 0x0000000712000000|100%| O|  |TAMS 0x0000000711e00000, 0x0000000711e00000| Untracked 
| 144|0x0000000712000000, 0x0000000712200000, 0x0000000712200000|100%| O|  |TAMS 0x0000000712000000, 0x0000000712000000| Untracked 
| 145|0x0000000712200000, 0x00000007123f9600, 0x0000000712400000| 98%| O|  |TAMS 0x0000000712200000, 0x0000000712200000| Untracked 
| 146|0x0000000712400000, 0x0000000712400000, 0x0000000712600000|  0%| F|  |TAMS 0x0000000712400000, 0x0000000712400000| Untracked 
| 147|0x0000000712600000, 0x0000000712600000, 0x0000000712800000|  0%| F|  |TAMS 0x0000000712600000, 0x0000000712600000| Untracked 
| 148|0x0000000712800000, 0x0000000712800000, 0x0000000712a00000|  0%| F|  |TAMS 0x0000000712800000, 0x0000000712800000| Untracked 
| 149|0x0000000712a00000, 0x0000000712a00000, 0x0000000712c00000|  0%| F|  |TAMS 0x0000000712a00000, 0x0000000712a00000| Untracked 
| 150|0x0000000712c00000, 0x0000000712c00000, 0x0000000712e00000|  0%| F|  |TAMS 0x0000000712c00000, 0x0000000712c00000| Untracked 
| 151|0x0000000712e00000, 0x0000000712e00000, 0x0000000713000000|  0%| F|  |TAMS 0x0000000712e00000, 0x0000000712e00000| Untracked 
| 152|0x0000000713000000, 0x0000000713000000, 0x0000000713200000|  0%| F|  |TAMS 0x0000000713000000, 0x0000000713000000| Untracked 
| 153|0x0000000713200000, 0x0000000713200000, 0x0000000713400000|  0%| F|  |TAMS 0x0000000713200000, 0x0000000713200000| Untracked 
| 154|0x0000000713400000, 0x0000000713400000, 0x0000000713600000|  0%| F|  |TAMS 0x0000000713400000, 0x0000000713400000| Untracked 
| 155|0x0000000713600000, 0x0000000713600000, 0x0000000713800000|  0%| F|  |TAMS 0x0000000713600000, 0x0000000713600000| Untracked 
| 156|0x0000000713800000, 0x0000000713800000, 0x0000000713a00000|  0%| F|  |TAMS 0x0000000713800000, 0x0000000713800000| Untracked 
| 157|0x0000000713a00000, 0x0000000713a00000, 0x0000000713c00000|  0%| F|  |TAMS 0x0000000713a00000, 0x0000000713a00000| Untracked 
| 158|0x0000000713c00000, 0x0000000713c00000, 0x0000000713e00000|  0%| F|  |TAMS 0x0000000713c00000, 0x0000000713c00000| Untracked 
| 159|0x0000000713e00000, 0x0000000713e00000, 0x0000000714000000|  0%| F|  |TAMS 0x0000000713e00000, 0x0000000713e00000| Untracked 
| 160|0x0000000714000000, 0x0000000714000000, 0x0000000714200000|  0%| F|  |TAMS 0x0000000714000000, 0x0000000714000000| Untracked 
| 161|0x0000000714200000, 0x0000000714200000, 0x0000000714400000|  0%| F|  |TAMS 0x0000000714200000, 0x0000000714200000| Untracked 
| 162|0x0000000714400000, 0x0000000714400000, 0x0000000714600000|  0%| F|  |TAMS 0x0000000714400000, 0x0000000714400000| Untracked 
| 163|0x0000000714600000, 0x0000000714600000, 0x0000000714800000|  0%| F|  |TAMS 0x0000000714600000, 0x0000000714600000| Untracked 
| 164|0x0000000714800000, 0x0000000714800000, 0x0000000714a00000|  0%| F|  |TAMS 0x0000000714800000, 0x0000000714800000| Untracked 
| 165|0x0000000714a00000, 0x0000000714a00000, 0x0000000714c00000|  0%| F|  |TAMS 0x0000000714a00000, 0x0000000714a00000| Untracked 
| 166|0x0000000714c00000, 0x0000000714c00000, 0x0000000714e00000|  0%| F|  |TAMS 0x0000000714c00000, 0x0000000714c00000| Untracked 
| 167|0x0000000714e00000, 0x0000000714e00000, 0x0000000715000000|  0%| F|  |TAMS 0x0000000714e00000, 0x0000000714e00000| Untracked 
| 168|0x0000000715000000, 0x0000000715000000, 0x0000000715200000|  0%| F|  |TAMS 0x0000000715000000, 0x0000000715000000| Untracked 
| 169|0x0000000715200000, 0x0000000715200000, 0x0000000715400000|  0%| F|  |TAMS 0x0000000715200000, 0x0000000715200000| Untracked 
| 170|0x0000000715400000, 0x0000000715400000, 0x0000000715600000|  0%| F|  |TAMS 0x0000000715400000, 0x0000000715400000| Untracked 
| 171|0x0000000715600000, 0x0000000715600000, 0x0000000715800000|  0%| F|  |TAMS 0x0000000715600000, 0x0000000715600000| Untracked 
| 172|0x0000000715800000, 0x0000000715800000, 0x0000000715a00000|  0%| F|  |TAMS 0x0000000715800000, 0x0000000715800000| Untracked 
| 173|0x0000000715a00000, 0x0000000715a00000, 0x0000000715c00000|  0%| F|  |TAMS 0x0000000715a00000, 0x0000000715a00000| Untracked 
| 174|0x0000000715c00000, 0x0000000715c00000, 0x0000000715e00000|  0%| F|  |TAMS 0x0000000715c00000, 0x0000000715c00000| Untracked 
| 175|0x0000000715e00000, 0x0000000715e00000, 0x0000000716000000|  0%| F|  |TAMS 0x0000000715e00000, 0x0000000715e00000| Untracked 
| 176|0x0000000716000000, 0x0000000716000000, 0x0000000716200000|  0%| F|  |TAMS 0x0000000716000000, 0x0000000716000000| Untracked 
| 177|0x0000000716200000, 0x0000000716200000, 0x0000000716400000|  0%| F|  |TAMS 0x0000000716200000, 0x0000000716200000| Untracked 
| 178|0x0000000716400000, 0x0000000716400000, 0x0000000716600000|  0%| F|  |TAMS 0x0000000716400000, 0x0000000716400000| Untracked 
| 179|0x0000000716600000, 0x0000000716600000, 0x0000000716800000|  0%| F|  |TAMS 0x0000000716600000, 0x0000000716600000| Untracked 
| 180|0x0000000716800000, 0x0000000716800000, 0x0000000716a00000|  0%| F|  |TAMS 0x0000000716800000, 0x0000000716800000| Untracked 
| 181|0x0000000716a00000, 0x0000000716a00000, 0x0000000716c00000|  0%| F|  |TAMS 0x0000000716a00000, 0x0000000716a00000| Untracked 
| 182|0x0000000716c00000, 0x0000000716c00000, 0x0000000716e00000|  0%| F|  |TAMS 0x0000000716c00000, 0x0000000716c00000| Untracked 
| 183|0x0000000716e00000, 0x0000000716e7b228, 0x0000000717000000| 24%| S|CS|TAMS 0x0000000716e00000, 0x0000000716e00000| Complete 
| 184|0x0000000717000000, 0x0000000717200000, 0x0000000717200000|100%| S|CS|TAMS 0x0000000717000000, 0x0000000717000000| Complete 
| 185|0x0000000717200000, 0x0000000717400000, 0x0000000717400000|100%| S|CS|TAMS 0x0000000717200000, 0x0000000717200000| Complete 
| 186|0x0000000717400000, 0x0000000717600000, 0x0000000717600000|100%| S|CS|TAMS 0x0000000717400000, 0x0000000717400000| Complete 
| 187|0x0000000717600000, 0x0000000717800000, 0x0000000717800000|100%| S|CS|TAMS 0x0000000717600000, 0x0000000717600000| Complete 
| 188|0x0000000717800000, 0x0000000717800000, 0x0000000717a00000|  0%| F|  |TAMS 0x0000000717800000, 0x0000000717800000| Untracked 
| 189|0x0000000717a00000, 0x0000000717a00000, 0x0000000717c00000|  0%| F|  |TAMS 0x0000000717a00000, 0x0000000717a00000| Untracked 
| 190|0x0000000717c00000, 0x0000000717c00000, 0x0000000717e00000|  0%| F|  |TAMS 0x0000000717c00000, 0x0000000717c00000| Untracked 
| 191|0x0000000717e00000, 0x0000000717e00000, 0x0000000718000000|  0%| F|  |TAMS 0x0000000717e00000, 0x0000000717e00000| Untracked 
| 192|0x0000000718000000, 0x0000000718000000, 0x0000000718200000|  0%| F|  |TAMS 0x0000000718000000, 0x0000000718000000| Untracked 
| 193|0x0000000718200000, 0x0000000718200000, 0x0000000718400000|  0%| F|  |TAMS 0x0000000718200000, 0x0000000718200000| Untracked 
| 194|0x0000000718400000, 0x0000000718400000, 0x0000000718600000|  0%| F|  |TAMS 0x0000000718400000, 0x0000000718400000| Untracked 
| 195|0x0000000718600000, 0x0000000718600000, 0x0000000718800000|  0%| F|  |TAMS 0x0000000718600000, 0x0000000718600000| Untracked 
| 196|0x0000000718800000, 0x0000000718800000, 0x0000000718a00000|  0%| F|  |TAMS 0x0000000718800000, 0x0000000718800000| Untracked 
| 197|0x0000000718a00000, 0x0000000718a00000, 0x0000000718c00000|  0%| F|  |TAMS 0x0000000718a00000, 0x0000000718a00000| Untracked 
| 198|0x0000000718c00000, 0x0000000718c00000, 0x0000000718e00000|  0%| F|  |TAMS 0x0000000718c00000, 0x0000000718c00000| Untracked 
| 199|0x0000000718e00000, 0x0000000718e00000, 0x0000000719000000|  0%| F|  |TAMS 0x0000000718e00000, 0x0000000718e00000| Untracked 
| 200|0x0000000719000000, 0x0000000719000000, 0x0000000719200000|  0%| F|  |TAMS 0x0000000719000000, 0x0000000719000000| Untracked 
| 201|0x0000000719200000, 0x0000000719200000, 0x0000000719400000|  0%| F|  |TAMS 0x0000000719200000, 0x0000000719200000| Untracked 
| 202|0x0000000719400000, 0x0000000719400000, 0x0000000719600000|  0%| F|  |TAMS 0x0000000719400000, 0x0000000719400000| Untracked 
| 203|0x0000000719600000, 0x0000000719600000, 0x0000000719800000|  0%| F|  |TAMS 0x0000000719600000, 0x0000000719600000| Untracked 
| 204|0x0000000719800000, 0x0000000719800000, 0x0000000719a00000|  0%| F|  |TAMS 0x0000000719800000, 0x0000000719800000| Untracked 
| 205|0x0000000719a00000, 0x0000000719a00000, 0x0000000719c00000|  0%| F|  |TAMS 0x0000000719a00000, 0x0000000719a00000| Untracked 
| 206|0x0000000719c00000, 0x0000000719c00000, 0x0000000719e00000|  0%| F|  |TAMS 0x0000000719c00000, 0x0000000719c00000| Untracked 
| 207|0x0000000719e00000, 0x0000000719e00000, 0x000000071a000000|  0%| F|  |TAMS 0x0000000719e00000, 0x0000000719e00000| Untracked 
| 208|0x000000071a000000, 0x000000071a000000, 0x000000071a200000|  0%| F|  |TAMS 0x000000071a000000, 0x000000071a000000| Untracked 
| 209|0x000000071a200000, 0x000000071a200000, 0x000000071a400000|  0%| F|  |TAMS 0x000000071a200000, 0x000000071a200000| Untracked 
| 210|0x000000071a400000, 0x000000071a400000, 0x000000071a600000|  0%| F|  |TAMS 0x000000071a400000, 0x000000071a400000| Untracked 
| 211|0x000000071a600000, 0x000000071a600000, 0x000000071a800000|  0%| F|  |TAMS 0x000000071a600000, 0x000000071a600000| Untracked 
| 212|0x000000071a800000, 0x000000071a800000, 0x000000071aa00000|  0%| F|  |TAMS 0x000000071a800000, 0x000000071a800000| Untracked 
| 213|0x000000071aa00000, 0x000000071aa00000, 0x000000071ac00000|  0%| F|  |TAMS 0x000000071aa00000, 0x000000071aa00000| Untracked 
| 214|0x000000071ac00000, 0x000000071ac00000, 0x000000071ae00000|  0%| F|  |TAMS 0x000000071ac00000, 0x000000071ac00000| Untracked 
| 215|0x000000071ae00000, 0x000000071ae00000, 0x000000071b000000|  0%| F|  |TAMS 0x000000071ae00000, 0x000000071ae00000| Untracked 
| 216|0x000000071b000000, 0x000000071b000000, 0x000000071b200000|  0%| F|  |TAMS 0x000000071b000000, 0x000000071b000000| Untracked 
| 217|0x000000071b200000, 0x000000071b200000, 0x000000071b400000|  0%| F|  |TAMS 0x000000071b200000, 0x000000071b200000| Untracked 
| 218|0x000000071b400000, 0x000000071b400000, 0x000000071b600000|  0%| F|  |TAMS 0x000000071b400000, 0x000000071b400000| Untracked 
| 219|0x000000071b600000, 0x000000071b600000, 0x000000071b800000|  0%| F|  |TAMS 0x000000071b600000, 0x000000071b600000| Untracked 
| 220|0x000000071b800000, 0x000000071b800000, 0x000000071ba00000|  0%| F|  |TAMS 0x000000071b800000, 0x000000071b800000| Untracked 
| 221|0x000000071ba00000, 0x000000071ba00000, 0x000000071bc00000|  0%| F|  |TAMS 0x000000071ba00000, 0x000000071ba00000| Untracked 
| 222|0x000000071bc00000, 0x000000071bc00000, 0x000000071be00000|  0%| F|  |TAMS 0x000000071bc00000, 0x000000071bc00000| Untracked 
| 223|0x000000071be00000, 0x000000071be00000, 0x000000071c000000|  0%| F|  |TAMS 0x000000071be00000, 0x000000071be00000| Untracked 
| 224|0x000000071c000000, 0x000000071c000000, 0x000000071c200000|  0%| F|  |TAMS 0x000000071c000000, 0x000000071c000000| Untracked 
| 225|0x000000071c200000, 0x000000071c200000, 0x000000071c400000|  0%| F|  |TAMS 0x000000071c200000, 0x000000071c200000| Untracked 
| 226|0x000000071c400000, 0x000000071c400000, 0x000000071c600000|  0%| F|  |TAMS 0x000000071c400000, 0x000000071c400000| Untracked 
| 227|0x000000071c600000, 0x000000071c600000, 0x000000071c800000|  0%| F|  |TAMS 0x000000071c600000, 0x000000071c600000| Untracked 
| 228|0x000000071c800000, 0x000000071c800000, 0x000000071ca00000|  0%| F|  |TAMS 0x000000071c800000, 0x000000071c800000| Untracked 
| 229|0x000000071ca00000, 0x000000071ca00000, 0x000000071cc00000|  0%| F|  |TAMS 0x000000071ca00000, 0x000000071ca00000| Untracked 
| 230|0x000000071cc00000, 0x000000071cc00000, 0x000000071ce00000|  0%| F|  |TAMS 0x000000071cc00000, 0x000000071cc00000| Untracked 
| 231|0x000000071ce00000, 0x000000071ce00000, 0x000000071d000000|  0%| F|  |TAMS 0x000000071ce00000, 0x000000071ce00000| Untracked 
| 232|0x000000071d000000, 0x000000071d000000, 0x000000071d200000|  0%| F|  |TAMS 0x000000071d000000, 0x000000071d000000| Untracked 
| 233|0x000000071d200000, 0x000000071d200000, 0x000000071d400000|  0%| F|  |TAMS 0x000000071d200000, 0x000000071d200000| Untracked 
| 234|0x000000071d400000, 0x000000071d400000, 0x000000071d600000|  0%| F|  |TAMS 0x000000071d400000, 0x000000071d400000| Untracked 
| 235|0x000000071d600000, 0x000000071d600000, 0x000000071d800000|  0%| F|  |TAMS 0x000000071d600000, 0x000000071d600000| Untracked 
| 236|0x000000071d800000, 0x000000071d800000, 0x000000071da00000|  0%| F|  |TAMS 0x000000071d800000, 0x000000071d800000| Untracked 
| 237|0x000000071da00000, 0x000000071da00000, 0x000000071dc00000|  0%| F|  |TAMS 0x000000071da00000, 0x000000071da00000| Untracked 
| 238|0x000000071dc00000, 0x000000071dc00000, 0x000000071de00000|  0%| F|  |TAMS 0x000000071dc00000, 0x000000071dc00000| Untracked 
| 239|0x000000071de00000, 0x000000071de00000, 0x000000071e000000|  0%| F|  |TAMS 0x000000071de00000, 0x000000071de00000| Untracked 
| 240|0x000000071e000000, 0x000000071e000000, 0x000000071e200000|  0%| F|  |TAMS 0x000000071e000000, 0x000000071e000000| Untracked 
| 241|0x000000071e200000, 0x000000071e200000, 0x000000071e400000|  0%| F|  |TAMS 0x000000071e200000, 0x000000071e200000| Untracked 
| 242|0x000000071e400000, 0x000000071e400000, 0x000000071e600000|  0%| F|  |TAMS 0x000000071e400000, 0x000000071e400000| Untracked 
| 243|0x000000071e600000, 0x000000071e600000, 0x000000071e800000|  0%| F|  |TAMS 0x000000071e600000, 0x000000071e600000| Untracked 
| 244|0x000000071e800000, 0x000000071e800000, 0x000000071ea00000|  0%| F|  |TAMS 0x000000071e800000, 0x000000071e800000| Untracked 
| 245|0x000000071ea00000, 0x000000071ea00000, 0x000000071ec00000|  0%| F|  |TAMS 0x000000071ea00000, 0x000000071ea00000| Untracked 
| 246|0x000000071ec00000, 0x000000071ec00000, 0x000000071ee00000|  0%| F|  |TAMS 0x000000071ec00000, 0x000000071ec00000| Untracked 
| 247|0x000000071ee00000, 0x000000071ee00000, 0x000000071f000000|  0%| F|  |TAMS 0x000000071ee00000, 0x000000071ee00000| Untracked 
|2046|0x00000007ffc00000, 0x00000007ffe00000, 0x00000007ffe00000|100%| O|  |TAMS 0x00000007ffe00000, 0x00000007ffc00000| Untracked 
|2047|0x00000007ffe00000, 0x0000000800000000, 0x0000000800000000|100%| O|  |TAMS 0x0000000800000000, 0x00000007ffe00000| Untracked 

Card table byte_map: [0x0000023879370000,0x0000023879b70000] _byte_map_base: 0x0000023875b70000

Marking Bits (Prev, Next): (CMBitMap*) 0x0000023870d8d4e0, (CMBitMap*) 0x0000023870d8d520
 Prev Bits: [0x000002387a370000, 0x000002387e370000)
 Next Bits: [0x000002380f000000, 0x0000023813000000)

Polling page: 0x0000023870310000

Metaspace:

Usage:
  Non-class:    106.84 MB used.
      Class:     16.53 MB used.
       Both:    123.37 MB used.

Virtual space:
  Non-class space:      128.00 MB reserved,     107.88 MB ( 84%) committed,  2 nodes.
      Class space:      416.00 MB reserved,      17.50 MB (  4%) committed,  1 nodes.
             Both:      544.00 MB reserved,     125.38 MB ( 23%) committed. 

Chunk freelists:
   Non-Class:  3.51 MB
       Class:  14.55 MB
        Both:  18.06 MB

MaxMetaspaceSize: 512.00 MB
CompressedClassSpaceSize: 416.00 MB
Initial GC threshold: 21.00 MB
Current GC threshold: 207.44 MB
CDS: on
MetaspaceReclaimPolicy: balanced
 - commit_granule_bytes: 65536.
 - commit_granule_words: 8192.
 - virtual_space_node_default_size: 8388608.
 - enlarge_chunks_in_place: 1.
 - new_chunks_are_fully_committed: 0.
 - uncommit_free_chunks: 1.
 - use_allocation_guard: 0.
 - handle_deallocations: 1.


Internal statistics:

num_allocs_failed_limit: 6.
num_arena_births: 3084.
num_arena_deaths: 0.
num_vsnodes_births: 3.
num_vsnodes_deaths: 0.
num_space_committed: 2004.
num_space_uncommitted: 0.
num_chunks_returned_to_freelist: 6.
num_chunks_taken_from_freelist: 9190.
num_chunk_merges: 6.
num_chunk_splits: 5575.
num_chunks_enlarged: 3016.
num_inconsistent_stats: 0.

CodeHeap 'non-profiled nmethods': size=120000Kb used=16271Kb max_used=16271Kb free=103728Kb
 bounds [0x0000023807ad0000, 0x0000023808ac0000, 0x000002380f000000]
CodeHeap 'profiled nmethods': size=120000Kb used=37173Kb max_used=37310Kb free=82827Kb
 bounds [0x0000023800000000, 0x0000023802490000, 0x0000023807530000]
CodeHeap 'non-nmethods': size=5760Kb used=2474Kb max_used=2535Kb free=3285Kb
 bounds [0x0000023807530000, 0x00000238077b0000, 0x0000023807ad0000]
 total_blobs=20113 nmethods=19097 adapters=927
 compilation: enabled
              stopped_count=0, restarted_count=0
 full_count=0

Compilation events (20 events):
Event: 298.043 Thread 0x000002387eddba90 23542       3       com.google.wireless.android.sdk.stats.JavaProcessStats$Builder::buildPartial (162 bytes)
Event: 298.044 Thread 0x000002387eddba90 nmethod 23542 0x00000238016a2210 code [0x00000238016a2420, 0x00000238016a2e28]
Event: 298.044 Thread 0x000002387eddba90 23543       3       com.google.wireless.android.sdk.stats.JavaProcessStats::<init> (11 bytes)
Event: 298.045 Thread 0x000002387eddba90 nmethod 23543 0x00000238016a1710 code [0x00000238016a1900, 0x00000238016a2028]
Event: 298.054 Thread 0x000002387eddba90 23545       3       com.google.wireless.android.sdk.stats.GradleBuildMemorySample$Builder::buildPartial (125 bytes)
Event: 298.055 Thread 0x000002387eddba90 nmethod 23545 0x00000238016a0490 code [0x00000238016a06c0, 0x00000238016a13b8]
Event: 298.055 Thread 0x000002387eddba90 23546       3       com.google.wireless.android.sdk.stats.GradleBuildMemorySample::<init> (11 bytes)
Event: 298.055 Thread 0x000002387eddba90 nmethod 23546 0x000002380169f990 code [0x000002380169fb80, 0x00000238016a02a8]
Event: 298.059 Thread 0x000002387eddba90 23547       3       java.util.concurrent.ScheduledThreadPoolExecutor$DelayedWorkQueue::finishPoll (43 bytes)
Event: 298.059 Thread 0x000002387eddba90 nmethod 23547 0x0000023800723010 code [0x00000238007231e0, 0x00000238007237e8]
Event: 298.063 Thread 0x000002387eddba90 23548       3       org.gradle.api.internal.tasks.TaskDependencyUtil::getDependenciesForInternalUse (11 bytes)
Event: 298.063 Thread 0x000002387eddba90 nmethod 23548 0x0000023800722690 code [0x0000023800722880, 0x0000023800722ec8]
Event: 298.063 Thread 0x000002387eddba90 23549       3       org.gradle.api.internal.tasks.AbstractTaskDependency::getDependenciesForInternalUse (34 bytes)
Event: 298.064 Thread 0x000002387eddba90 nmethod 23549 0x0000023800721910 code [0x0000023800721b20, 0x0000023800722418]
Event: 298.068 Thread 0x000002387eddba90 23550       3       java.util.AbstractCollection::contains (55 bytes)
Event: 298.069 Thread 0x000002387eddba90 nmethod 23550 0x0000023800720c90 code [0x0000023800720ec0, 0x00000238007216f8]
Event: 298.072 Thread 0x000002387eddba90 23551       1       com.google.common.collect.RegularImmutableSet::isHashCodeFast (2 bytes)
Event: 298.072 Thread 0x000002387eddba90 nmethod 23551 0x0000023808ab3a10 code [0x0000023808ab3ba0, 0x0000023808ab3c78]
Event: 298.112 Thread 0x000002387eddba90 23552       3       com.google.wireless.android.sdk.stats.GradleBuildProfile$Builder::ensureMemorySampleIsMutable (39 bytes)
Event: 298.112 Thread 0x000002387eddba90 nmethod 23552 0x000002380169f410 code [0x000002380169f5c0, 0x000002380169f828]

GC Heap History (20 events):
Event: 104.259 GC heap after
{Heap after GC invocations=79 (full 0):
 garbage-first heap   total 409600K, used 234143K [0x0000000700000000, 0x0000000800000000)
  region size 2048K, 5 young (10240K), 5 survivors (10240K)
 Metaspace       used 114761K, committed 116288K, reserved 557056K
  class space    used 15700K, committed 16384K, reserved 425984K
}
Event: 105.718 GC heap before
{Heap before GC invocations=79 (full 0):
 garbage-first heap   total 409600K, used 340639K [0x0000000700000000, 0x0000000800000000)
  region size 2048K, 58 young (118784K), 5 survivors (10240K)
 Metaspace       used 114916K, committed 116480K, reserved 557056K
  class space    used 15714K, committed 16448K, reserved 425984K
}
Event: 105.730 GC heap after
{Heap after GC invocations=80 (full 0):
 garbage-first heap   total 409600K, used 237505K [0x0000000700000000, 0x0000000800000000)
  region size 2048K, 5 young (10240K), 5 survivors (10240K)
 Metaspace       used 114916K, committed 116480K, reserved 557056K
  class space    used 15714K, committed 16448K, reserved 425984K
}
Event: 107.024 GC heap before
{Heap before GC invocations=81 (full 0):
 garbage-first heap   total 440320K, used 339905K [0x0000000700000000, 0x0000000800000000)
  region size 2048K, 56 young (114688K), 5 survivors (10240K)
 Metaspace       used 114944K, committed 116544K, reserved 557056K
  class space    used 15714K, committed 16448K, reserved 425984K
}
Event: 107.034 GC heap after
{Heap after GC invocations=82 (full 0):
 garbage-first heap   total 440320K, used 240486K [0x0000000700000000, 0x0000000800000000)
  region size 2048K, 5 young (10240K), 5 survivors (10240K)
 Metaspace       used 114944K, committed 116544K, reserved 557056K
  class space    used 15714K, committed 16448K, reserved 425984K
}
Event: 107.230 GC heap before
{Heap before GC invocations=82 (full 0):
 garbage-first heap   total 440320K, used 248678K [0x0000000700000000, 0x0000000800000000)
  region size 2048K, 10 young (20480K), 5 survivors (10240K)
 Metaspace       used 114950K, committed 116544K, reserved 557056K
  class space    used 15714K, committed 16448K, reserved 425984K
}
Event: 107.240 GC heap after
{Heap after GC invocations=83 (full 0):
 garbage-first heap   total 440320K, used 238375K [0x0000000700000000, 0x0000000800000000)
  region size 2048K, 1 young (2048K), 1 survivors (2048K)
 Metaspace       used 114950K, committed 116544K, reserved 557056K
  class space    used 15714K, committed 16448K, reserved 425984K
}
Event: 117.372 GC heap before
{Heap before GC invocations=83 (full 0):
 garbage-first heap   total 440320K, used 369447K [0x0000000700000000, 0x0000000800000000)
  region size 2048K, 66 young (135168K), 1 survivors (2048K)
 Metaspace       used 118735K, committed 120384K, reserved 557056K
  class space    used 16184K, committed 16960K, reserved 425984K
}
Event: 117.381 GC heap after
{Heap after GC invocations=84 (full 0):
 garbage-first heap   total 440320K, used 243603K [0x0000000700000000, 0x0000000800000000)
  region size 2048K, 4 young (8192K), 4 survivors (8192K)
 Metaspace       used 118735K, committed 120384K, reserved 557056K
  class space    used 16184K, committed 16960K, reserved 425984K
}
Event: 247.510 GC heap before
{Heap before GC invocations=84 (full 0):
 garbage-first heap   total 440320K, used 370579K [0x0000000700000000, 0x0000000800000000)
  region size 2048K, 67 young (137216K), 4 survivors (8192K)
 Metaspace       used 124550K, committed 126336K, reserved 557056K
  class space    used 16765K, committed 17600K, reserved 425984K
}
Event: 247.616 GC heap after
{Heap after GC invocations=85 (full 0):
 garbage-first heap   total 440320K, used 250371K [0x0000000700000000, 0x0000000800000000)
  region size 2048K, 7 young (14336K), 7 survivors (14336K)
 Metaspace       used 124550K, committed 126336K, reserved 557056K
  class space    used 16765K, committed 17600K, reserved 425984K
}
Event: 261.087 GC heap before
{Heap before GC invocations=85 (full 0):
 garbage-first heap   total 440320K, used 371203K [0x0000000700000000, 0x0000000800000000)
  region size 2048K, 67 young (137216K), 7 survivors (14336K)
 Metaspace       used 125069K, committed 126912K, reserved 557056K
  class space    used 16796K, committed 17664K, reserved 425984K
}
Event: 261.339 GC heap after
{Heap after GC invocations=86 (full 0):
 garbage-first heap   total 440320K, used 264693K [0x0000000700000000, 0x0000000800000000)
  region size 2048K, 9 young (18432K), 9 survivors (18432K)
 Metaspace       used 125069K, committed 126912K, reserved 557056K
  class space    used 16796K, committed 17664K, reserved 425984K
}
Event: 281.644 GC heap before
{Heap before GC invocations=86 (full 0):
 garbage-first heap   total 440320K, used 369141K [0x0000000700000000, 0x0000000800000000)
  region size 2048K, 60 young (122880K), 9 survivors (18432K)
 Metaspace       used 125531K, committed 127424K, reserved 557056K
  class space    used 16833K, committed 17728K, reserved 425984K
}
Event: 281.896 GC heap after
{Heap after GC invocations=87 (full 0):
 garbage-first heap   total 440320K, used 283025K [0x0000000700000000, 0x0000000800000000)
  region size 2048K, 8 young (16384K), 8 survivors (16384K)
 Metaspace       used 125531K, committed 127424K, reserved 557056K
  class space    used 16833K, committed 17728K, reserved 425984K
}
Event: 288.865 GC heap before
{Heap before GC invocations=88 (full 0):
 garbage-first heap   total 512000K, used 364945K [0x0000000700000000, 0x0000000800000000)
  region size 2048K, 48 young (98304K), 8 survivors (16384K)
 Metaspace       used 125838K, committed 127808K, reserved 557056K
  class space    used 16874K, committed 17792K, reserved 425984K
}
Event: 289.249 GC heap after
{Heap after GC invocations=89 (full 0):
 garbage-first heap   total 512000K, used 297222K [0x0000000700000000, 0x0000000800000000)
  region size 2048K, 6 young (12288K), 6 survivors (12288K)
 Metaspace       used 125838K, committed 127808K, reserved 557056K
  class space    used 16874K, committed 17792K, reserved 425984K
}
Event: 290.165 GC heap before
{Heap before GC invocations=89 (full 0):
 garbage-first heap   total 512000K, used 309510K [0x0000000700000000, 0x0000000800000000)
  region size 2048K, 12 young (24576K), 6 survivors (12288K)
 Metaspace       used 125861K, committed 127808K, reserved 557056K
  class space    used 16877K, committed 17792K, reserved 425984K
}
Event: 290.302 GC heap after
{Heap after GC invocations=90 (full 0):
 garbage-first heap   total 512000K, used 297101K [0x0000000700000000, 0x0000000800000000)
  region size 2048K, 2 young (4096K), 2 survivors (4096K)
 Metaspace       used 125861K, committed 127808K, reserved 557056K
  class space    used 16877K, committed 17792K, reserved 425984K
}
Event: 298.220 GC heap before
{Heap before GC invocations=90 (full 0):
 garbage-first heap   total 512000K, used 415885K [0x0000000700000000, 0x0000000800000000)
  region size 2048K, 60 young (122880K), 2 survivors (4096K)
 Metaspace       used 126331K, committed 128384K, reserved 557056K
  class space    used 16931K, committed 17920K, reserved 425984K
}

Dll operation events (15 events):
Event: 0.022 Loaded shared library C:\Program Files\Microsoft\jdk-17.0.12.7-hotspot\bin\java.dll
Event: 0.043 Loaded shared library C:\Program Files\Microsoft\jdk-17.0.12.7-hotspot\bin\jsvml.dll
Event: 0.115 Loaded shared library C:\Program Files\Microsoft\jdk-17.0.12.7-hotspot\bin\zip.dll
Event: 0.121 Loaded shared library C:\Program Files\Microsoft\jdk-17.0.12.7-hotspot\bin\instrument.dll
Event: 0.127 Loaded shared library C:\Program Files\Microsoft\jdk-17.0.12.7-hotspot\bin\net.dll
Event: 0.130 Loaded shared library C:\Program Files\Microsoft\jdk-17.0.12.7-hotspot\bin\nio.dll
Event: 0.134 Loaded shared library C:\Program Files\Microsoft\jdk-17.0.12.7-hotspot\bin\zip.dll
Event: 0.563 Loaded shared library C:\Program Files\Microsoft\jdk-17.0.12.7-hotspot\bin\jimage.dll
Event: 1.061 Loaded shared library C:\Program Files\Microsoft\jdk-17.0.12.7-hotspot\bin\verify.dll
Event: 1.405 Loaded shared library C:\Users\Abutalib\.gradle\native\c067742578af261105cb4f569cf0c3c89f3d7b1fecec35dd04571415982c5e48\windows-amd64\native-platform.dll
Event: 1.439 Loaded shared library C:\Users\Abutalib\.gradle\native\100fb08df4bc3b14c8652ba06237920a3bd2aa13389f12d3474272988ae205f9\windows-amd64\native-platform-file-events.dll
Event: 3.986 Loaded shared library C:\Program Files\Microsoft\jdk-17.0.12.7-hotspot\bin\management.dll
Event: 3.991 Loaded shared library C:\Program Files\Microsoft\jdk-17.0.12.7-hotspot\bin\management_ext.dll
Event: 4.374 Loaded shared library C:\Program Files\Microsoft\jdk-17.0.12.7-hotspot\bin\extnet.dll
Event: 4.913 Loaded shared library C:\Program Files\Microsoft\jdk-17.0.12.7-hotspot\bin\sunmscapi.dll

Deoptimization events (20 events):
Event: 294.838 Thread 0x000002383414a000 Uncommon trap: trap_request=0xffffffc6 fr.pc=0x0000023808a6cf74 relative=0x0000000000000234
Event: 294.838 Thread 0x000002383414a000 Uncommon trap: reason=bimorphic_or_optimized_type_check action=maybe_recompile pc=0x0000023808a6cf74 method=org.gradle.internal.vfs.impl.VersionHierarchy.getVersion(Lorg/gradle/internal/snapshot/VfsRelativePath;Lorg/gradle/internal/snapshot/CaseSensitivit
Event: 294.838 Thread 0x000002383414a000 DEOPT PACKING pc=0x0000023808a6cf74 sp=0x000000fa0d2fc740
Event: 294.838 Thread 0x000002383414a000 DEOPT UNPACKING pc=0x00000238075869a3 sp=0x000000fa0d2fc6c0 mode 2
Event: 294.876 Thread 0x000002383414a000 Uncommon trap: trap_request=0xffffffc6 fr.pc=0x0000023808a6cf74 relative=0x0000000000000234
Event: 294.876 Thread 0x000002383414a000 Uncommon trap: reason=bimorphic_or_optimized_type_check action=maybe_recompile pc=0x0000023808a6cf74 method=org.gradle.internal.vfs.impl.VersionHierarchy.getVersion(Lorg/gradle/internal/snapshot/VfsRelativePath;Lorg/gradle/internal/snapshot/CaseSensitivit
Event: 294.876 Thread 0x000002383414a000 DEOPT PACKING pc=0x0000023808a6cf74 sp=0x000000fa0d2fc420
Event: 294.876 Thread 0x000002383414a000 DEOPT UNPACKING pc=0x00000238075869a3 sp=0x000000fa0d2fc3a0 mode 2
Event: 295.503 Thread 0x000002383414a000 Uncommon trap: trap_request=0xffffff45 fr.pc=0x0000023807da7710 relative=0x0000000000001c10
Event: 295.503 Thread 0x000002383414a000 Uncommon trap: reason=unstable_if action=reinterpret pc=0x0000023807da7710 method=java.util.concurrent.locks.LockSupport.unpark(Ljava/lang/Thread;)V @ 1 c2
Event: 295.503 Thread 0x000002383414a000 DEOPT PACKING pc=0x0000023807da7710 sp=0x000000fa0d2f9430
Event: 295.503 Thread 0x000002383414a000 DEOPT UNPACKING pc=0x00000238075869a3 sp=0x000000fa0d2f9160 mode 2
Event: 297.163 Thread 0x000002383414aa20 Uncommon trap: trap_request=0xffffffc6 fr.pc=0x0000023808a98c40 relative=0x0000000000000400
Event: 297.163 Thread 0x000002383414aa20 Uncommon trap: reason=bimorphic_or_optimized_type_check action=maybe_recompile pc=0x0000023808a98c40 method=org.gradle.internal.snapshot.AbstractIncompleteFileSystemNode$2.handleAsDescendantOfChild(Lorg/gradle/internal/snapshot/VfsRelativePath;Lorg/gradle
Event: 297.163 Thread 0x000002383414aa20 DEOPT PACKING pc=0x0000023808a98c40 sp=0x000000fa0cffa630
Event: 297.163 Thread 0x000002383414aa20 DEOPT UNPACKING pc=0x00000238075869a3 sp=0x000000fa0cffa568 mode 2
Event: 297.163 Thread 0x000002383414aa20 Uncommon trap: trap_request=0xffffffc6 fr.pc=0x0000023808a98c40 relative=0x0000000000000400
Event: 297.163 Thread 0x000002383414aa20 Uncommon trap: reason=bimorphic_or_optimized_type_check action=maybe_recompile pc=0x0000023808a98c40 method=org.gradle.internal.snapshot.AbstractIncompleteFileSystemNode$2.handleAsDescendantOfChild(Lorg/gradle/internal/snapshot/VfsRelativePath;Lorg/gradle
Event: 297.163 Thread 0x000002383414aa20 DEOPT PACKING pc=0x0000023808a98c40 sp=0x000000fa0cffa630
Event: 297.164 Thread 0x000002383414aa20 DEOPT UNPACKING pc=0x00000238075869a3 sp=0x000000fa0cffa568 mode 2

Classes loaded (20 events):
Event: 115.971 Loading class java/nio/BufferUnderflowException
Event: 115.971 Loading class java/nio/BufferUnderflowException done
Event: 116.006 Loading class java/lang/ProcessBuilder$NullInputStream
Event: 116.007 Loading class java/lang/ProcessBuilder$NullInputStream done
Event: 116.261 Loading class java/nio/channels/AsynchronousCloseException
Event: 116.261 Loading class java/nio/channels/AsynchronousCloseException done
Event: 116.307 Loading class sun/nio/ch/SocketChannelImpl$DefaultOptionsHolder
Event: 116.309 Loading class sun/nio/ch/SocketChannelImpl$DefaultOptionsHolder done
Event: 206.507 Loading class java/util/Locale$1
Event: 206.610 Loading class java/util/Locale$1 done
Event: 207.368 Loading class java/util/concurrent/CompletableFuture$AsyncRun
Event: 207.511 Loading class java/util/concurrent/CompletableFuture$AsyncRun done
Event: 243.959 Loading class jdk/internal/math/FormattedFloatingDecimal$Form
Event: 243.959 Loading class jdk/internal/math/FormattedFloatingDecimal$Form done
Event: 243.959 Loading class jdk/internal/math/FormattedFloatingDecimal
Event: 243.960 Loading class jdk/internal/math/FormattedFloatingDecimal done
Event: 243.961 Loading class jdk/internal/math/FormattedFloatingDecimal$1
Event: 243.961 Loading class jdk/internal/math/FormattedFloatingDecimal$1 done
Event: 243.977 Loading class jdk/internal/math/FormattedFloatingDecimal$2
Event: 243.977 Loading class jdk/internal/math/FormattedFloatingDecimal$2 done

Classes unloaded (0 events):
No events

Classes redefined (0 events):
No events

Internal exceptions (20 events):
Event: 294.145 Thread 0x000002383414a510 Exception <a 'sun/nio/fs/WindowsException'{0x000000071c987538}> (0x000000071c987538) 
thrown [s\src\hotspot\share\prims\jni.cpp, line 516]
Event: 294.340 Thread 0x000002383414a510 Exception <a 'sun/nio/fs/WindowsException'{0x000000071c9fb268}> (0x000000071c9fb268) 
thrown [s\src\hotspot\share\prims\jni.cpp, line 516]
Event: 294.364 Thread 0x0000023834149af0 Exception <a 'sun/nio/fs/WindowsException'{0x000000071c68e100}> (0x000000071c68e100) 
thrown [s\src\hotspot\share\prims\jni.cpp, line 516]
Event: 294.391 Thread 0x000002383414a510 Exception <a 'sun/nio/fs/WindowsException'{0x000000071c70c520}> (0x000000071c70c520) 
thrown [s\src\hotspot\share\prims\jni.cpp, line 516]
Event: 294.417 Thread 0x000002383414a510 Exception <a 'sun/nio/fs/WindowsException'{0x000000071c786c08}> (0x000000071c786c08) 
thrown [s\src\hotspot\share\prims\jni.cpp, line 516]
Event: 294.446 Thread 0x000002383414a510 Exception <a 'sun/nio/fs/WindowsException'{0x000000071c40b9b0}> (0x000000071c40b9b0) 
thrown [s\src\hotspot\share\prims\jni.cpp, line 516]
Event: 294.475 Thread 0x000002383414a510 Exception <a 'sun/nio/fs/WindowsException'{0x000000071c494db0}> (0x000000071c494db0) 
thrown [s\src\hotspot\share\prims\jni.cpp, line 516]
Event: 294.503 Thread 0x000002383414a510 Exception <a 'sun/nio/fs/WindowsException'{0x000000071c50ea20}> (0x000000071c50ea20) 
thrown [s\src\hotspot\share\prims\jni.cpp, line 516]
Event: 297.562 Thread 0x000002383414aa20 Exception <a 'sun/nio/fs/WindowsException'{0x0000000718c04888}> (0x0000000718c04888) 
thrown [s\src\hotspot\share\prims\jni.cpp, line 516]
Event: 297.609 Thread 0x000002383414aa20 Exception <a 'sun/nio/fs/WindowsException'{0x0000000718c35358}> (0x0000000718c35358) 
thrown [s\src\hotspot\share\prims\jni.cpp, line 516]
Event: 297.658 Thread 0x000002383414a000 Exception <a 'sun/nio/fs/WindowsException'{0x0000000718c91d20}> (0x0000000718c91d20) 
thrown [s\src\hotspot\share\prims\jni.cpp, line 516]
Event: 297.670 Thread 0x0000023838ee19c0 Exception <a 'sun/nio/fs/WindowsException'{0x0000000718ce95c8}> (0x0000000718ce95c8) 
thrown [s\src\hotspot\share\prims\jni.cpp, line 516]
Event: 297.687 Thread 0x0000023838ee19c0 Exception <a 'sun/nio/fs/WindowsException'{0x0000000718d39c18}> (0x0000000718d39c18) 
thrown [s\src\hotspot\share\prims\jni.cpp, line 516]
Event: 297.700 Thread 0x0000023838ee19c0 Exception <a 'sun/nio/fs/WindowsException'{0x0000000718d9dc20}> (0x0000000718d9dc20) 
thrown [s\src\hotspot\share\prims\jni.cpp, line 516]
Event: 297.723 Thread 0x0000023838ee19c0 Exception <a 'sun/nio/fs/WindowsException'{0x0000000718de8d38}> (0x0000000718de8d38) 
thrown [s\src\hotspot\share\prims\jni.cpp, line 516]
Event: 297.744 Thread 0x0000023838ee19c0 Exception <a 'sun/nio/fs/WindowsException'{0x0000000718a3ae78}> (0x0000000718a3ae78) 
thrown [s\src\hotspot\share\prims\jni.cpp, line 516]
Event: 297.760 Thread 0x0000023838ee19c0 Exception <a 'sun/nio/fs/WindowsException'{0x0000000718a923c8}> (0x0000000718a923c8) 
thrown [s\src\hotspot\share\prims\jni.cpp, line 516]
Event: 298.019 Thread 0x000002383414b950 Exception <a 'sun/nio/fs/WindowsException'{0x00000007183fbee0}> (0x00000007183fbee0) 
thrown [s\src\hotspot\share\prims\jni.cpp, line 516]
Event: 298.023 Thread 0x000002383414b950 Exception <a 'sun/nio/fs/WindowsException'{0x0000000718017950}> (0x0000000718017950) 
thrown [s\src\hotspot\share\prims\jni.cpp, line 516]
Event: 298.030 Thread 0x000002383414c880 Exception <a 'sun/nio/fs/WindowsException'{0x0000000718034b98}> (0x0000000718034b98) 
thrown [s\src\hotspot\share\prims\jni.cpp, line 516]

VM Operations (20 events):
Event: 287.876 Executing VM operation: Cleanup done
Event: 288.865 Executing VM operation: G1CollectForAllocation
Event: 289.250 Executing VM operation: G1CollectForAllocation done
Event: 290.165 Executing VM operation: G1CollectForAllocation
Event: 290.303 Executing VM operation: G1CollectForAllocation done
Event: 291.312 Executing VM operation: Cleanup
Event: 291.312 Executing VM operation: Cleanup done
Event: 292.327 Executing VM operation: Cleanup
Event: 292.343 Executing VM operation: Cleanup done
Event: 293.358 Executing VM operation: Cleanup
Event: 293.358 Executing VM operation: Cleanup done
Event: 294.372 Executing VM operation: Cleanup
Event: 294.372 Executing VM operation: Cleanup done
Event: 295.376 Executing VM operation: Cleanup
Event: 295.406 Executing VM operation: Cleanup done
Event: 296.417 Executing VM operation: Cleanup
Event: 296.417 Executing VM operation: Cleanup done
Event: 297.431 Executing VM operation: Cleanup
Event: 297.431 Executing VM operation: Cleanup done
Event: 298.220 Executing VM operation: G1CollectForAllocation

Events (20 events):
Event: 284.512 Thread 0x000002387eddc3a0 flushing nmethod 0x00000238020f6e90
Event: 284.512 Thread 0x000002387eddc3a0 flushing nmethod 0x00000238020f7390
Event: 284.513 Thread 0x000002387eddc3a0 flushing nmethod 0x000002380214c590
Event: 284.513 Thread 0x000002387eddc3a0 flushing nmethod 0x0000023802174b10
Event: 284.513 Thread 0x000002387eddc3a0 flushing nmethod 0x00000238021dad10
Event: 284.515 Thread 0x000002387eddc3a0 flushing nmethod 0x00000238023e3210
Event: 287.528 Thread 0x000002384134d550 Thread added: 0x000002384134d550
Event: 288.095 Thread 0x000002384134d550 Thread exited: 0x000002384134d550
Event: 288.378 Thread 0x000002384134ea90 Thread added: 0x000002384134ea90
Event: 289.261 Thread 0x000002384134ea90 Thread exited: 0x000002384134ea90
Event: 289.445 Thread 0x000002384134daa0 Thread added: 0x000002384134daa0
Event: 290.797 Thread 0x000002384134daa0 Thread exited: 0x000002384134daa0
Event: 292.299 Thread 0x00000238355c41c0 Thread added: 0x00000238355c41c0
Event: 292.345 Thread 0x0000023841e0e910 Thread added: 0x0000023841e0e910
Event: 292.569 Thread 0x0000023841e0c5a0 Thread added: 0x0000023841e0c5a0
Event: 295.227 Thread 0x0000023841350520 Thread added: 0x0000023841350520
Event: 295.892 Thread 0x0000023841350520 Thread exited: 0x0000023841350520
Event: 296.121 Thread 0x0000023841350520 Thread added: 0x0000023841350520
Event: 296.680 Thread 0x0000023841350520 Thread exited: 0x0000023841350520
Event: 297.757 Thread 0x0000023841350520 Thread added: 0x0000023841350520


Dynamic libraries:
0x00007ff6674c0000 - 0x00007ff6674ce000 	C:\Program Files\Microsoft\jdk-17.0.12.7-hotspot\bin\java.exe
0x00007ff8de5c0000 - 0x00007ff8de820000 	C:\WINDOWS\SYSTEM32\ntdll.dll
0x00007ff8dd2a0000 - 0x00007ff8dd367000 	C:\WINDOWS\System32\KERNEL32.DLL
0x00007ff8dbb40000 - 0x00007ff8dbf0a000 	C:\WINDOWS\System32\KERNELBASE.dll
0x00007ff8db7a0000 - 0x00007ff8db8eb000 	C:\WINDOWS\System32\ucrtbase.dll
0x00007ff8d4690000 - 0x00007ff8d46a7000 	C:\Program Files\Microsoft\jdk-17.0.12.7-hotspot\bin\jli.dll
0x00007ff8b5420000 - 0x00007ff8b543d000 	C:\Program Files\Microsoft\jdk-17.0.12.7-hotspot\bin\VCRUNTIME140.dll
0x00007ff8ddd20000 - 0x00007ff8ddeec000 	C:\WINDOWS\System32\USER32.dll
0x00007ff8db990000 - 0x00007ff8db9b7000 	C:\WINDOWS\System32\win32u.dll
0x00007ff8dd110000 - 0x00007ff8dd13a000 	C:\WINDOWS\System32\GDI32.dll
0x00007ff8c3b90000 - 0x00007ff8c3e27000 	C:\WINDOWS\WinSxS\amd64_microsoft.windows.common-controls_6595b64144ccf1df_6.0.26100.3624_none_3e086962e3345f24\COMCTL32.dll
0x00007ff8dd960000 - 0x00007ff8dda09000 	C:\WINDOWS\System32\msvcrt.dll
0x00007ff8dbf10000 - 0x00007ff8dc041000 	C:\WINDOWS\System32\gdi32full.dll
0x00007ff8dc110000 - 0x00007ff8dc1b3000 	C:\WINDOWS\System32\msvcp_win.dll
0x00007ff8ddc30000 - 0x00007ff8ddc5f000 	C:\WINDOWS\System32\IMM32.DLL
0x00007ff8d7da0000 - 0x00007ff8d7dac000 	C:\Program Files\Microsoft\jdk-17.0.12.7-hotspot\bin\vcruntime140_1.dll
0x00007ff89fe40000 - 0x00007ff89fecd000 	C:\Program Files\Microsoft\jdk-17.0.12.7-hotspot\bin\msvcp140.dll
0x00007ff8943b0000 - 0x00007ff895020000 	C:\Program Files\Microsoft\jdk-17.0.12.7-hotspot\bin\server\jvm.dll
0x00007ff8dcc60000 - 0x00007ff8dcd12000 	C:\WINDOWS\System32\ADVAPI32.dll
0x00007ff8dd3f0000 - 0x00007ff8dd496000 	C:\WINDOWS\System32\sechost.dll
0x00007ff8ddef0000 - 0x00007ff8de006000 	C:\WINDOWS\System32\RPCRT4.dll
0x00007ff8dd370000 - 0x00007ff8dd3e4000 	C:\WINDOWS\System32\WS2_32.dll
0x00007ff8d3630000 - 0x00007ff8d363b000 	C:\WINDOWS\SYSTEM32\VERSION.dll
0x00007ff8db5f0000 - 0x00007ff8db64e000 	C:\WINDOWS\SYSTEM32\POWRPROF.dll
0x00007ff8d1bb0000 - 0x00007ff8d1be6000 	C:\WINDOWS\SYSTEM32\WINMM.dll
0x00007ff8db5d0000 - 0x00007ff8db5e4000 	C:\WINDOWS\SYSTEM32\UMPDC.dll
0x00007ff8da5b0000 - 0x00007ff8da5ca000 	C:\WINDOWS\SYSTEM32\kernel.appcore.dll
0x00007ff8d6990000 - 0x00007ff8d699a000 	C:\Program Files\Microsoft\jdk-17.0.12.7-hotspot\bin\jimage.dll
0x00007ff8d1840000 - 0x00007ff8d1a81000 	C:\WINDOWS\SYSTEM32\DBGHELP.DLL
0x00007ff8de010000 - 0x00007ff8de392000 	C:\WINDOWS\System32\combase.dll
0x00007ff8dd140000 - 0x00007ff8dd216000 	C:\WINDOWS\System32\OLEAUT32.dll
0x00007ff8bdb70000 - 0x00007ff8bdba9000 	C:\WINDOWS\SYSTEM32\dbgcore.DLL
0x00007ff8db8f0000 - 0x00007ff8db989000 	C:\WINDOWS\System32\bcryptPrimitives.dll
0x00007ff8c3af0000 - 0x00007ff8c3afe000 	C:\Program Files\Microsoft\jdk-17.0.12.7-hotspot\bin\instrument.dll
0x00007ff8b3980000 - 0x00007ff8b39a5000 	C:\Program Files\Microsoft\jdk-17.0.12.7-hotspot\bin\java.dll
0x00007ff8973e0000 - 0x00007ff8974b7000 	C:\Program Files\Microsoft\jdk-17.0.12.7-hotspot\bin\jsvml.dll
0x00007ff8dc530000 - 0x00007ff8dcc59000 	C:\WINDOWS\System32\SHELL32.dll
0x00007ff8dc1c0000 - 0x00007ff8dc328000 	C:\WINDOWS\System32\wintypes.dll
0x00007ff8d9410000 - 0x00007ff8d9c62000 	C:\WINDOWS\SYSTEM32\windows.storage.dll
0x00007ff8dcf60000 - 0x00007ff8dd04d000 	C:\WINDOWS\System32\SHCORE.dll
0x00007ff8dd230000 - 0x00007ff8dd294000 	C:\WINDOWS\System32\shlwapi.dll
0x00007ff8db6b0000 - 0x00007ff8db6df000 	C:\WINDOWS\SYSTEM32\profapi.dll
0x00007ff8b23f0000 - 0x00007ff8b2408000 	C:\Program Files\Microsoft\jdk-17.0.12.7-hotspot\bin\zip.dll
0x00007ff8b3770000 - 0x00007ff8b378a000 	C:\Program Files\Microsoft\jdk-17.0.12.7-hotspot\bin\net.dll
0x00007ff8d3f10000 - 0x00007ff8d402d000 	C:\WINDOWS\SYSTEM32\WINHTTP.dll
0x00007ff8daad0000 - 0x00007ff8dab3a000 	C:\WINDOWS\system32\mswsock.dll
0x00007ff8b3750000 - 0x00007ff8b3766000 	C:\Program Files\Microsoft\jdk-17.0.12.7-hotspot\bin\nio.dll
0x00007ff8d4f80000 - 0x00007ff8d4f90000 	C:\Program Files\Microsoft\jdk-17.0.12.7-hotspot\bin\verify.dll
0x00007ff888370000 - 0x00007ff888397000 	C:\Users\Abutalib\.gradle\native\c067742578af261105cb4f569cf0c3c89f3d7b1fecec35dd04571415982c5e48\windows-amd64\native-platform.dll
0x00007ff8970a0000 - 0x00007ff8971e4000 	C:\Users\Abutalib\.gradle\native\100fb08df4bc3b14c8652ba06237920a3bd2aa13389f12d3474272988ae205f9\windows-amd64\native-platform-file-events.dll
0x00007ff8d4800000 - 0x00007ff8d480a000 	C:\Program Files\Microsoft\jdk-17.0.12.7-hotspot\bin\management.dll
0x00007ff8d3cd0000 - 0x00007ff8d3cdb000 	C:\Program Files\Microsoft\jdk-17.0.12.7-hotspot\bin\management_ext.dll
0x00007ff8dc3c0000 - 0x00007ff8dc3c8000 	C:\WINDOWS\System32\PSAPI.DLL
0x00007ff8dad70000 - 0x00007ff8dad8c000 	C:\WINDOWS\SYSTEM32\CRYPTSP.dll
0x00007ff8da510000 - 0x00007ff8da54a000 	C:\WINDOWS\system32\rsaenh.dll
0x00007ff8dab70000 - 0x00007ff8dab9b000 	C:\WINDOWS\SYSTEM32\USERENV.dll
0x00007ff8db680000 - 0x00007ff8db6a6000 	C:\WINDOWS\SYSTEM32\bcrypt.dll
0x00007ff8dad90000 - 0x00007ff8dad9c000 	C:\WINDOWS\SYSTEM32\CRYPTBASE.dll
0x00007ff8d9fa0000 - 0x00007ff8d9fd3000 	C:\WINDOWS\SYSTEM32\IPHLPAPI.DLL
0x00007ff8dd050000 - 0x00007ff8dd05a000 	C:\WINDOWS\System32\NSI.dll
0x00007ff8d4360000 - 0x00007ff8d437f000 	C:\WINDOWS\SYSTEM32\dhcpcsvc6.DLL
0x00007ff8d4110000 - 0x00007ff8d4135000 	C:\WINDOWS\SYSTEM32\dhcpcsvc.DLL
0x00007ff8da030000 - 0x00007ff8da155000 	C:\WINDOWS\SYSTEM32\DNSAPI.dll
0x00007ff8c7cc0000 - 0x00007ff8c7cc9000 	C:\Program Files\Microsoft\jdk-17.0.12.7-hotspot\bin\extnet.dll
0x00007ff8c3a90000 - 0x00007ff8c3a9e000 	C:\Program Files\Microsoft\jdk-17.0.12.7-hotspot\bin\sunmscapi.dll
0x00007ff8db9c0000 - 0x00007ff8dbb37000 	C:\WINDOWS\System32\CRYPT32.dll
0x00007ff8daf70000 - 0x00007ff8dafa0000 	C:\WINDOWS\SYSTEM32\ncrypt.dll
0x00007ff8daf20000 - 0x00007ff8daf5f000 	C:\WINDOWS\SYSTEM32\NTASN1.dll
0x00007ff8d36f0000 - 0x00007ff8d36f8000 	C:\WINDOWS\system32\wshunix.dll
0x00007ff8bfde0000 - 0x00007ff8bfdf8000 	C:\WINDOWS\system32\napinsp.dll
0x00007ff8b7ed0000 - 0x00007ff8b7ee2000 	C:\WINDOWS\System32\winrnr.dll
0x00007ff8b5d40000 - 0x00007ff8b5d70000 	C:\WINDOWS\system32\nlansp_c.dll
0x00007ff8d27c0000 - 0x00007ff8d27d6000 	C:\WINDOWS\system32\wshbth.dll
0x00007ff8d3640000 - 0x00007ff8d364b000 	C:\Windows\System32\rasadhlp.dll
0x00007ff8d4e70000 - 0x00007ff8d4ef5000 	C:\WINDOWS\System32\fwpuclnt.dll

dbghelp: loaded successfully - version: 4.0.5 - missing functions: none
symbol engine: initialized successfully - sym options: 0x614 - pdb path: .;C:\Program Files\Microsoft\jdk-17.0.12.7-hotspot\bin;C:\WINDOWS\SYSTEM32;C:\WINDOWS\WinSxS\amd64_microsoft.windows.common-controls_6595b64144ccf1df_6.0.26100.3624_none_3e086962e3345f24;C:\Program Files\Microsoft\jdk-17.0.12.7-hotspot\bin\server;C:\Users\Abutalib\.gradle\native\c067742578af261105cb4f569cf0c3c89f3d7b1fecec35dd04571415982c5e48\windows-amd64;C:\Users\Abutalib\.gradle\native\100fb08df4bc3b14c8652ba06237920a3bd2aa13389f12d3474272988ae205f9\windows-amd64

VM Arguments:
jvm_args: -XX:MaxMetaspaceSize=512m --add-opens=java.base/java.util=ALL-UNNAMED --add-opens=java.base/java.lang=ALL-UNNAMED --add-opens=java.base/java.lang.invoke=ALL-UNNAMED --add-opens=java.prefs/java.util.prefs=ALL-UNNAMED --add-exports=jdk.compiler/com.sun.tools.javac.api=ALL-UNNAMED --add-exports=jdk.compiler/com.sun.tools.javac.util=ALL-UNNAMED --add-opens=java.base/java.nio.charset=ALL-UNNAMED --add-opens=java.base/java.net=ALL-UNNAMED --add-opens=java.base/java.util.concurrent.atomic=ALL-UNNAMED -Xmx4096m -Dfile.encoding=windows-1252 -Duser.country=IN -Duser.language=en -Duser.variant -javaagent:C:\Users\Abutalib\.gradle\wrapper\dists\gradle-8.10.2-all\7iv73wktx1xtkvlq19urqw1wm\gradle-8.10.2\lib\agents\gradle-instrumentation-agent-8.10.2.jar 
java_command: org.gradle.launcher.daemon.bootstrap.GradleDaemon 8.10.2
java_class_path (initial): C:\Users\Abutalib\.gradle\wrapper\dists\gradle-8.10.2-all\7iv73wktx1xtkvlq19urqw1wm\gradle-8.10.2\lib\gradle-daemon-main-8.10.2.jar
Launcher Type: SUN_STANDARD

[Global flags]
     intx CICompilerCount                          = 4                                         {product} {ergonomic}
   size_t CompressedClassSpaceSize                 = 436207616                                 {product} {ergonomic}
     uint ConcGCThreads                            = 2                                         {product} {ergonomic}
     uint G1ConcRefinementThreads                  = 8                                         {product} {ergonomic}
   size_t G1HeapRegionSize                         = 2097152                                   {product} {ergonomic}
    uintx GCDrainStackTargetSize                   = 64                                        {product} {ergonomic}
   size_t InitialHeapSize                          = 123731968                                 {product} {ergonomic}
   size_t MarkStackSize                            = 4194304                                   {product} {ergonomic}
   size_t MaxHeapSize                              = 4294967296                                {product} {command line}
   size_t MaxMetaspaceSize                         = 536870912                                 {product} {command line}
   size_t MaxNewSize                               = 2575302656                                {product} {ergonomic}
   size_t MinHeapDeltaBytes                        = 2097152                                   {product} {ergonomic}
   size_t MinHeapSize                              = 8388608                                   {product} {ergonomic}
    uintx NonNMethodCodeHeapSize                   = 5839372                                {pd product} {ergonomic}
    uintx NonProfiledCodeHeapSize                  = 122909434                              {pd product} {ergonomic}
    uintx ProfiledCodeHeapSize                     = 122909434                              {pd product} {ergonomic}
    uintx ReservedCodeCacheSize                    = 251658240                              {pd product} {ergonomic}
     bool SegmentedCodeCache                       = true                                      {product} {ergonomic}
   size_t SoftMaxHeapSize                          = 4294967296                             {manageable} {ergonomic}
     bool UseCompressedClassPointers               = true                           {product lp64_product} {ergonomic}
     bool UseCompressedOops                        = true                           {product lp64_product} {ergonomic}
     bool UseG1GC                                  = true                                      {product} {ergonomic}
     bool UseLargePagesIndividualAllocation        = false                                  {pd product} {ergonomic}

Logging:
Log output configuration:
 #0: stdout all=warning uptime,level,tags
 #1: stderr all=off uptime,level,tags

Environment Variables:
JAVA_HOME=C:\Program Files\Microsoft\jdk-17.0.12.7-hotspot
CLASSPATH=C:\NexgenLMS\NexGenMobile\android\\gradle\wrapper\gradle-wrapper.jar
PATH=C:\NexgenLMS\NexGenMobile\node_modules\.bin;C:\NexgenLMS\NexGenMobile\node_modules\.bin;C:\NexgenLMS\node_modules\.bin;C:\node_modules\.bin;C:\Users\Abutalib\AppData\Roaming\npm\node_modules\npm\node_modules\@npmcli\run-script\lib\node-gyp-bin;C:\NexgenLMS\NexGenMobile\node_modules\.bin;C:\NexgenLMS\node_modules\.bin;C:\node_modules\.bin;C:\Users\Abutalib\AppData\Roaming\npm\node_modules\npm\node_modules\@npmcli\run-script\lib\node-gyp-bin;C:\Program Files\Microsoft\jdk-17.0.12.7-hotspot\bin;C:\Users\Abutalib\AppData\Local\Programs\Python\Python311\Scripts\;C:\Users\Abutalib\AppData\Local\Programs\Python\Python311\;C:\Ruby32-x64\bin;C:\Program Files\Common Files\Oracle\Java\javapath;C:\Users\Abutalib\AppData\Local\Programs\Python\Python311;c:\users\abutalib\appdata\local\programs\python\python311\lib\site-packages\pip\__init__.py;C:\WINDOWS\system32;C:\WINDOWS;C:\WINDOWS\System32\OpenSSH\;C:\WINDOWS\System32\Wbem;C:\WINDOWS\System32\WindowsPowerShell\v1.0\;C:\Program Files (x86)\Yarn\bin\;C:\Program Files\Git\cmd;C:\ProgramData\chocolatey\bin;C:\php;C:\ProgramData\ComposerSetup\bin;C:\Program Files\Amazon\AWSCLIV2\;%NVM_HOME%;%NVM_SYMLINK%;C:\Program Files\nodejs\;;C:\Users\Abutalib\AppData\Local\Microsoft\WindowsApps;C:\Users\Abutalib\AppData\Local\Android\Sdk\emulator;C:\Users\Abutalib\AppData\Local\Android\Sdk\platform-tools;C:\Users\Abutalib\AppData\Local\Android\Sdk\cmdline-tools\13.0\bin;C:\java programs\Microsoft VS Code\bin;C:\Users\Abutalib\PyCharm Community Edition 2022.3\bin;;C:\MinGW\bin;C:\MinGW\bin\gcc.exe;C:\Users\Abutalib\AppData\Local\Yarn\bin;C:\Program Files\Microsoft\jdk-17.0.12.7-hotspot\bin;C:\Users\Abutalib\AppData\Local\Microsoft\WinGet\Packages\Schniz.fnm_Microsoft.Winget.Source_8wekyb3d8bbwe;C:\Users\Abutalib\AppData\Local\Android\Sdk\system-images\android-34-ext12\google_apis_playstore\x86_64;C:\Users\Abutalib\AppData\Local\nvm;C:\nvm4w\nodejs;C:\Users\Abutalib\AppData\Roaming\npm
USERNAME=Abutalib
OS=Windows_NT
PROCESSOR_IDENTIFIER=AMD64 Family 23 Model 104 Stepping 1, AuthenticAMD
TMP=C:\Users\Abutalib\AppData\Local\Temp
TEMP=C:\Users\Abutalib\AppData\Local\Temp



Periodic native trim disabled


---------------  S Y S T E M  ---------------

OS:
 Windows 11 , 64 bit Build 26100 (10.0.26100.3775)
OS uptime: 0 days 19:09 hours
Hyper-V role detected

CPU: total 8 (initial active 8) (8 cores per cpu, 2 threads per core) family 23 model 104 stepping 1 microcode 0x8608107, cx8, cmov, fxsr, ht, mmx, 3dnowpref, sse, sse2, sse3, ssse3, sse4a, sse4.1, sse4.2, popcnt, lzcnt, tsc, tscinvbit, avx, avx2, aes, clmul, bmi1, bmi2, adx, sha, fma, vzeroupper, clflush, clflushopt, hv
Processor Information for the first 8 processors :
  Max Mhz: 2600, Current Mhz: 2600, Mhz Limit: 2600

Memory: 4k page, system-wide physical 7502M (1088M free)
TotalPageFile size 30030M (AvailPageFile size 90M)
current process WorkingSet (physical memory assigned to process): 682M, peak: 685M
current process commit charge ("private bytes"): 932M, peak: 1278M

vm_info: OpenJDK 64-Bit Server VM (17.0.12+7-LTS) for windows-amd64 JRE (17.0.12+7-LTS), built on Jul 16 2024 18:11:44 by "MicrosoftCorporation" with unknown MS VC++:1939

END.
