#
# There is insufficient memory for the Java Runtime Environment to continue.
# Native memory allocation (malloc) failed to allocate 2085792 bytes. Error detail: Chunk::new
# Possible reasons:
#   The system is out of physical RAM or swap space
#   This process is running with CompressedOops enabled, and the Java Heap may be blocking the growth of the native heap
# Possible solutions:
#   Reduce memory load on the system
#   Increase physical memory or swap space
#   Check if swap backing store is full
#   Decrease Java heap size (-Xmx/-Xms)
#   Decrease number of Java threads
#   Decrease Java thread stack sizes (-Xss)
#   Set larger code cache with -XX:ReservedCodeCacheSize=
#   JVM is running with Zero Based Compressed Oops mode in which the Java heap is
#     placed in the first 32GB address space. The Java Heap base address is the
#     maximum limit for the native heap growth. Please use -XX:HeapBaseMinAddress
#     to set the Java Heap base and to place the Java Heap above 32GB virtual address.
# This output file may be truncated or incomplete.
#
#  Out of Memory Error (arena.cpp:191), pid=3804, tid=10828
#
# JRE version: OpenJDK Runtime Environment Microsoft-9889599 (17.0.12+7) (build 17.0.12+7-LTS)
# Java VM: OpenJDK 64-Bit Server VM Microsoft-9889599 (17.0.12+7-LTS, mixed mode, sharing, tiered, compressed oops, compressed class ptrs, g1 gc, windows-amd64)
# No core dump will be written. Minidumps are not enabled by default on client versions of Windows
#

---------------  S U M M A R Y ------------

Command Line: -XX:MaxMetaspaceSize=512m --add-opens=java.base/java.util=ALL-UNNAMED --add-opens=java.base/java.lang=ALL-UNNAMED --add-opens=java.base/java.lang.invoke=ALL-UNNAMED --add-opens=java.prefs/java.util.prefs=ALL-UNNAMED --add-exports=jdk.compiler/com.sun.tools.javac.api=ALL-UNNAMED --add-exports=jdk.compiler/com.sun.tools.javac.util=ALL-UNNAMED --add-opens=java.base/java.nio.charset=ALL-UNNAMED --add-opens=java.base/java.net=ALL-UNNAMED --add-opens=java.base/java.util.concurrent.atomic=ALL-UNNAMED -Xmx4096m -Dfile.encoding=windows-1252 -Duser.country=IN -Duser.language=en -Duser.variant -javaagent:C:\Users\Abutalib\.gradle\wrapper\dists\gradle-8.10.2-all\7iv73wktx1xtkvlq19urqw1wm\gradle-8.10.2\lib\agents\gradle-instrumentation-agent-8.10.2.jar org.gradle.launcher.daemon.bootstrap.GradleDaemon 8.10.2

Host: AMD Ryzen 3 5300U with Radeon Graphics         , 8 cores, 7G,  Windows 11 , 64 bit Build 26100 (10.0.26100.3775)
Time: Sat May  3 16:59:52 2025 India Standard Time elapsed time: 7165.442017 seconds (0d 1h 59m 25s)

---------------  T H R E A D  ---------------

Current thread (0x0000018268d9d630):  JavaThread "C2 CompilerThread1" daemon [_thread_in_native, id=10828, stack(0x00000038ed200000,0x00000038ed300000)]


Current CompileTask:
C2:7165442 24717       4       org.gradle.model.internal.type.ModelType::wrap (219 bytes)

Stack: [0x00000038ed200000,0x00000038ed300000]
Native frames: (J=compiled Java code, j=interpreted, Vv=VM code, C=native code)
V  [jvm.dll+0x686d99]
V  [jvm.dll+0x83daf8]
V  [jvm.dll+0x83f5a3]
V  [jvm.dll+0x83fc13]
V  [jvm.dll+0x2492ef]
V  [jvm.dll+0xad0a4]
V  [jvm.dll+0xad73c]
V  [jvm.dll+0x36a44e]
V  [jvm.dll+0x334b83]
V  [jvm.dll+0x33401a]
V  [jvm.dll+0x21a538]
V  [jvm.dll+0x21996f]
V  [jvm.dll+0x1a53e6]
V  [jvm.dll+0x229faa]
V  [jvm.dll+0x2280fb]
V  [jvm.dll+0x7f3508]
V  [jvm.dll+0x7ed87c]
V  [jvm.dll+0x685c77]
C  [ucrtbase.dll+0x37b0]
C  [KERNEL32.DLL+0x2e8d7]
C  [ntdll.dll+0xb14fc]


---------------  P R O C E S S  ---------------

Threads class SMR info:
_java_thread_list=0x000001826bd5a7a0, length=131, elements={
0x00000182254bbfc0, 0x0000018248528980, 0x0000018248529fc0, 0x00000182485653f0,
0x0000018248565cc0, 0x0000018248569c80, 0x0000018248575110, 0x000001824857b2d0,
0x000001824857d370, 0x000001824857fc90, 0x000001824859ea30, 0x0000018248714b50,
0x0000018268d93040, 0x00000182697bf8d0, 0x0000018269535f50, 0x000001826951c4e0,
0x0000018269a02bc0, 0x0000018269a035e0, 0x0000018269a04a20, 0x0000018269a04f30,
0x0000018269a04510, 0x0000018269a01c90, 0x0000018269a8f9e0, 0x000001826b635350,
0x000001826b632ad0, 0x000001826b6385f0, 0x0000018269a05440, 0x000001826c25e2a0,
0x000001826c260b20, 0x000001826c25fbf0, 0x00000182742b3290, 0x00000182742b3cb0,
0x00000182742b0500, 0x0000018275523ba0, 0x0000018275520e10, 0x000001827551f9d0,
0x0000018275521320, 0x000001827551f4c0, 0x0000018275522760, 0x000001827551fee0,
0x0000018275522250, 0x0000018275520900, 0x0000018275521830, 0x0000018275521d40,
0x000001827551efb0, 0x0000018275522c70, 0x0000018275523690, 0x00000182755203f0,
0x0000018275524ad0, 0x0000018275525f10, 0x0000018275526420, 0x0000018273b68f40,
0x0000018273b6a890, 0x0000018273b69960, 0x0000018273b6bcd0, 0x0000018273b68520,
0x0000018273b6ada0, 0x0000018273b69450, 0x0000018273b6c1e0, 0x0000018273b68a30,
0x0000018273b6d110, 0x0000018273b69e70, 0x0000018273b6b7c0, 0x0000018273b6d620,
0x0000018273b6b2b0, 0x0000018273b6c6f0, 0x0000018273b6a380, 0x0000018273b6e040,
0x0000018273b6e550, 0x0000018273b6ea60, 0x0000018273b6ef70, 0x0000018273b6f480,
0x0000018273b6f990, 0x0000018273b6fea0, 0x0000018269a88f90, 0x0000018269a88060,
0x0000018269a8a8e0, 0x0000018269a8adf0, 0x0000018269a8b300, 0x0000018269a89ec0,
0x0000018269a8b810, 0x0000018269a8a3d0, 0x0000018269a894a0, 0x0000018269a8bd20,
0x0000018269a899b0, 0x0000018269a88570, 0x0000018269a8c230, 0x0000018269a88a80,
0x0000018269a8d670, 0x0000018269a8cc50, 0x0000018269a8d160, 0x0000018269a8db80,
0x0000018269a8e090, 0x0000018269a8e5a0, 0x0000018269a8efc0, 0x0000018269a8eab0,
0x0000018269a8f4d0, 0x000001826b634420, 0x000001826b633a00, 0x000001826b630c70,
0x000001826b631ba0, 0x000001826b6334f0, 0x000001826b6320b0, 0x000001826b633f10,
0x000001826b631180, 0x000001826b6325c0, 0x000001826b6371b0, 0x000001826b6376c0,
0x000001826b634930, 0x000001826b636790, 0x000001826b635d70, 0x000001826b636280,
0x000001826b636ca0, 0x000001826b637bd0, 0x0000018269a030d0, 0x0000018269a04000,
0x0000018269a01780, 0x0000018269a05950, 0x0000018269a021a0, 0x0000018269a05e60,
0x0000018269a026b0, 0x0000018269a07cc0, 0x0000018269a086e0, 0x0000018269a09100,
0x0000018269a08bf0, 0x0000018269a081d0, 0x0000018269a06d90, 0x0000018268d9d630,
0x00000182742b0f20, 0x00000182742b1e50, 0x00000182742afff0
}

Java Threads: ( => current thread )
  0x00000182254bbfc0 JavaThread "main" [_thread_blocked, id=10512, stack(0x00000038e4d00000,0x00000038e4e00000)]
  0x0000018248528980 JavaThread "Reference Handler" daemon [_thread_blocked, id=27604, stack(0x00000038e5400000,0x00000038e5500000)]
  0x0000018248529fc0 JavaThread "Finalizer" daemon [_thread_blocked, id=27520, stack(0x00000038e5500000,0x00000038e5600000)]
  0x00000182485653f0 JavaThread "Signal Dispatcher" daemon [_thread_blocked, id=25848, stack(0x00000038e5600000,0x00000038e5700000)]
  0x0000018248565cc0 JavaThread "Attach Listener" daemon [_thread_blocked, id=20072, stack(0x00000038e5700000,0x00000038e5800000)]
  0x0000018248569c80 JavaThread "Service Thread" daemon [_thread_blocked, id=3664, stack(0x00000038e5800000,0x00000038e5900000)]
  0x0000018248575110 JavaThread "Monitor Deflation Thread" daemon [_thread_blocked, id=21348, stack(0x00000038e5900000,0x00000038e5a00000)]
  0x000001824857b2d0 JavaThread "C2 CompilerThread0" daemon [_thread_in_native, id=26524, stack(0x00000038e5a00000,0x00000038e5b00000)]
  0x000001824857d370 JavaThread "C1 CompilerThread0" daemon [_thread_blocked, id=21772, stack(0x00000038e5b00000,0x00000038e5c00000)]
  0x000001824857fc90 JavaThread "Sweeper thread" daemon [_thread_blocked, id=22464, stack(0x00000038e5c00000,0x00000038e5d00000)]
  0x000001824859ea30 JavaThread "Common-Cleaner" daemon [_thread_blocked, id=1728, stack(0x00000038e5d00000,0x00000038e5e00000)]
  0x0000018248714b50 JavaThread "Notification Thread" daemon [_thread_blocked, id=2360, stack(0x00000038e5e00000,0x00000038e5f00000)]
  0x0000018268d93040 JavaThread "Daemon health stats" [_thread_blocked, id=25708, stack(0x00000038e6400000,0x00000038e6500000)]
  0x00000182697bf8d0 JavaThread "Incoming local TCP Connector on port 53733" [_thread_in_native, id=9916, stack(0x00000038e6500000,0x00000038e6600000)]
  0x0000018269535f50 JavaThread "Daemon periodic checks" [_thread_in_native, id=6520, stack(0x00000038e6600000,0x00000038e6700000)]
  0x000001826951c4e0 JavaThread "Cache worker for journal cache (C:\Users\Abutalib\.gradle\caches\journal-1)" [_thread_blocked, id=8524, stack(0x00000038e6e00000,0x00000038e6f00000)]
  0x0000018269a02bc0 JavaThread "File lock request listener" [_thread_in_native, id=26944, stack(0x00000038e6f00000,0x00000038e7000000)]
  0x0000018269a035e0 JavaThread "Cache worker for file hash cache (C:\Users\Abutalib\.gradle\caches\8.10.2\fileHashes)" [_thread_blocked, id=13236, stack(0x00000038e7000000,0x00000038e7100000)]
  0x0000018269a04a20 JavaThread "File watcher server" daemon [_thread_in_native, id=8992, stack(0x00000038e7700000,0x00000038e7800000)]
  0x0000018269a04f30 JavaThread "File watcher consumer" daemon [_thread_blocked, id=26964, stack(0x00000038e7800000,0x00000038e7900000)]
  0x0000018269a04510 JavaThread "Cache worker for file content cache (C:\Users\Abutalib\.gradle\caches\8.10.2\fileContent)" [_thread_blocked, id=16288, stack(0x00000038e7900000,0x00000038e7a00000)]
  0x0000018269a01c90 JavaThread "jar transforms" [_thread_blocked, id=17368, stack(0x00000038e7d00000,0x00000038e7e00000)]
  0x0000018269a8f9e0 JavaThread "Memory manager" [_thread_blocked, id=6296, stack(0x00000038e9d00000,0x00000038e9e00000)]
  0x000001826b635350 JavaThread "jar transforms Thread 2" [_thread_blocked, id=7232, stack(0x00000038ee100000,0x00000038ee200000)]
  0x000001826b632ad0 JavaThread "jar transforms Thread 3" [_thread_blocked, id=7924, stack(0x00000038ee200000,0x00000038ee300000)]
  0x000001826b6385f0 JavaThread "jar transforms Thread 4" [_thread_blocked, id=6204, stack(0x00000038eea00000,0x00000038eeb00000)]
  0x0000018269a05440 JavaThread "jar transforms Thread 5" [_thread_blocked, id=22228, stack(0x00000038eeb00000,0x00000038eec00000)]
  0x000001826c25e2a0 JavaThread "jar transforms Thread 6" [_thread_blocked, id=27596, stack(0x00000038eec00000,0x00000038eed00000)]
  0x000001826c260b20 JavaThread "jar transforms Thread 7" [_thread_blocked, id=16308, stack(0x00000038ea900000,0x00000038eaa00000)]
  0x000001826c25fbf0 JavaThread "jar transforms Thread 8" [_thread_blocked, id=27412, stack(0x00000038e4a00000,0x00000038e4b00000)]
  0x00000182742b3290 JavaThread "pool-3-thread-1" [_thread_blocked, id=10136, stack(0x00000038eed00000,0x00000038eee00000)]
  0x00000182742b3cb0 JavaThread "Monitor" [_thread_in_native, id=16172, stack(0x00000038e9f00000,0x00000038ea000000)]
  0x00000182742b0500 JavaThread "Device List Monitor" [_thread_in_native, id=26644, stack(0x00000038ef100000,0x00000038ef200000)]
  0x0000018275523ba0 JavaThread "pool-6-thread-1" [_thread_blocked, id=17220, stack(0x00000038eee00000,0x00000038eef00000)]
  0x0000018275520e10 JavaThread "Daemon Thread 3" [_thread_blocked, id=20352, stack(0x00000038e4b00000,0x00000038e4c00000)]
  0x000001827551f9d0 JavaThread "Handler for socket connection from /127.0.0.1:53733 to /127.0.0.1:60322" [_thread_in_native, id=1404, stack(0x00000038e4c00000,0x00000038e4d00000)]
  0x0000018275521320 JavaThread "Cancel handler" [_thread_blocked, id=19796, stack(0x00000038e6700000,0x00000038e6800000)]
  0x000001827551f4c0 JavaThread "Daemon worker Thread 3" [_thread_in_Java, id=15884, stack(0x00000038e6800000,0x00000038e6900000)]
  0x0000018275522760 JavaThread "Asynchronous log dispatcher for DefaultDaemonConnection: socket connection from /127.0.0.1:53733 to /127.0.0.1:60322" [_thread_blocked, id=21208, stack(0x00000038e6900000,0x00000038e6a00000)]
  0x000001827551fee0 JavaThread "Stdin handler" [_thread_blocked, id=10228, stack(0x00000038e6a00000,0x00000038e6b00000)]
  0x0000018275522250 JavaThread "Daemon client event forwarder" [_thread_blocked, id=16928, stack(0x00000038e6b00000,0x00000038e6c00000)]
  0x0000018275520900 JavaThread "Cache worker for file hash cache (C:\NexgenLMS\NexGenMobile\android\.gradle\8.10.2\fileHashes)" [_thread_blocked, id=6348, stack(0x00000038e6c00000,0x00000038e6d00000)]
  0x0000018275521830 JavaThread "Cache worker for Build Output Cleanup Cache (C:\NexgenLMS\NexGenMobile\android\.gradle\buildOutputCleanup)" [_thread_blocked, id=19140, stack(0x00000038e6d00000,0x00000038e6e00000)]
  0x0000018275521d40 JavaThread "Cache worker for checksums cache (C:\NexgenLMS\NexGenMobile\android\.gradle\8.10.2\checksums)" [_thread_blocked, id=6288, stack(0x00000038e7400000,0x00000038e7500000)]
  0x000001827551efb0 JavaThread "Cache worker for cache directory md-rule (C:\Users\Abutalib\.gradle\caches\8.10.2\md-rule)" [_thread_blocked, id=17076, stack(0x00000038e7500000,0x00000038e7600000)]
  0x0000018275522c70 JavaThread "Cache worker for cache directory md-supplier (C:\Users\Abutalib\.gradle\caches\8.10.2\md-supplier)" [_thread_blocked, id=21212, stack(0x00000038e7a00000,0x00000038e7b00000)]
  0x0000018275523690 JavaThread "Cache worker for Build Output Cleanup Cache (C:\NexgenLMS\NexGenMobile\node_modules\@react-native\gradle-plugin\.gradle\buildOutputCleanup)" [_thread_blocked, id=27584, stack(0x00000038e7b00000,0x00000038e7c00000)]
  0x00000182755203f0 JavaThread "Unconstrained build operations" [_thread_blocked, id=11152, stack(0x00000038e7c00000,0x00000038e7d00000)]
  0x0000018275524ad0 JavaThread "Unconstrained build operations Thread 2" [_thread_blocked, id=7064, stack(0x00000038e7e00000,0x00000038e7f00000)]
  0x0000018275525f10 JavaThread "Unconstrained build operations Thread 3" [_thread_blocked, id=24384, stack(0x00000038e8000000,0x00000038e8100000)]
  0x0000018275526420 JavaThread "Unconstrained build operations Thread 4" [_thread_blocked, id=25688, stack(0x00000038e8100000,0x00000038e8200000)]
  0x0000018273b68f40 JavaThread "Unconstrained build operations Thread 5" [_thread_blocked, id=20448, stack(0x00000038e8200000,0x00000038e8300000)]
  0x0000018273b6a890 JavaThread "Unconstrained build operations Thread 6" [_thread_blocked, id=4876, stack(0x00000038e8300000,0x00000038e8400000)]
  0x0000018273b69960 JavaThread "Unconstrained build operations Thread 7" [_thread_blocked, id=26652, stack(0x00000038e8400000,0x00000038e8500000)]
  0x0000018273b6bcd0 JavaThread "Unconstrained build operations Thread 8" [_thread_blocked, id=18576, stack(0x00000038e8500000,0x00000038e8600000)]
  0x0000018273b68520 JavaThread "Unconstrained build operations Thread 9" [_thread_blocked, id=15196, stack(0x00000038e8600000,0x00000038e8700000)]
  0x0000018273b6ada0 JavaThread "Unconstrained build operations Thread 10" [_thread_blocked, id=18916, stack(0x00000038e8700000,0x00000038e8800000)]
  0x0000018273b69450 JavaThread "Unconstrained build operations Thread 11" [_thread_blocked, id=11824, stack(0x00000038e8800000,0x00000038e8900000)]
  0x0000018273b6c1e0 JavaThread "Unconstrained build operations Thread 12" [_thread_blocked, id=25452, stack(0x00000038e8900000,0x00000038e8a00000)]
  0x0000018273b68a30 JavaThread "Unconstrained build operations Thread 13" [_thread_blocked, id=23768, stack(0x00000038e8a00000,0x00000038e8b00000)]
  0x0000018273b6d110 JavaThread "Unconstrained build operations Thread 14" [_thread_blocked, id=16776, stack(0x00000038e8b00000,0x00000038e8c00000)]
  0x0000018273b69e70 JavaThread "Unconstrained build operations Thread 15" [_thread_blocked, id=12476, stack(0x00000038e8c00000,0x00000038e8d00000)]
  0x0000018273b6b7c0 JavaThread "Unconstrained build operations Thread 16" [_thread_blocked, id=19364, stack(0x00000038e8d00000,0x00000038e8e00000)]
  0x0000018273b6d620 JavaThread "Unconstrained build operations Thread 17" [_thread_blocked, id=9684, stack(0x00000038e8e00000,0x00000038e8f00000)]
  0x0000018273b6b2b0 JavaThread "Unconstrained build operations Thread 18" [_thread_blocked, id=4500, stack(0x00000038e8f00000,0x00000038e9000000)]
  0x0000018273b6c6f0 JavaThread "build event listener" [_thread_blocked, id=14836, stack(0x00000038e9000000,0x00000038e9100000)]
  0x0000018273b6a380 JavaThread "ForkJoinPool.commonPool-worker-15" daemon [_thread_blocked, id=23576, stack(0x00000038e9100000,0x00000038e9200000)]
  0x0000018273b6e040 JavaThread "ForkJoinPool.commonPool-worker-16" daemon [_thread_blocked, id=15108, stack(0x00000038e9200000,0x00000038e9300000)]
  0x0000018273b6e550 JavaThread "ForkJoinPool.commonPool-worker-17" daemon [_thread_blocked, id=26620, stack(0x00000038e9300000,0x00000038e9400000)]
  0x0000018273b6ea60 JavaThread "ForkJoinPool.commonPool-worker-18" daemon [_thread_blocked, id=26292, stack(0x00000038e9400000,0x00000038e9500000)]
  0x0000018273b6ef70 JavaThread "ForkJoinPool.commonPool-worker-19" daemon [_thread_blocked, id=15960, stack(0x00000038e9500000,0x00000038e9600000)]
  0x0000018273b6f480 JavaThread "ForkJoinPool.commonPool-worker-20" daemon [_thread_blocked, id=24216, stack(0x00000038e9600000,0x00000038e9700000)]
  0x0000018273b6f990 JavaThread "ForkJoinPool.commonPool-worker-21" daemon [_thread_blocked, id=10020, stack(0x00000038e9700000,0x00000038e9800000)]
  0x0000018273b6fea0 JavaThread "included builds" [_thread_blocked, id=22208, stack(0x00000038e9800000,0x00000038e9900000)]
  0x0000018269a88f90 JavaThread "Execution worker" [_thread_blocked, id=18768, stack(0x00000038e9900000,0x00000038e9a00000)]
  0x0000018269a88060 JavaThread "Execution worker Thread 2" [_thread_blocked, id=24764, stack(0x00000038e9a00000,0x00000038e9b00000)]
  0x0000018269a8a8e0 JavaThread "Execution worker Thread 3" [_thread_blocked, id=5460, stack(0x00000038e9b00000,0x00000038e9c00000)]
  0x0000018269a8adf0 JavaThread "Execution worker Thread 4" [_thread_blocked, id=26936, stack(0x00000038e9c00000,0x00000038e9d00000)]
  0x0000018269a8b300 JavaThread "Execution worker Thread 5" [_thread_blocked, id=23456, stack(0x00000038e9e00000,0x00000038e9f00000)]
  0x0000018269a89ec0 JavaThread "Execution worker Thread 6" [_thread_blocked, id=21956, stack(0x00000038ea000000,0x00000038ea100000)]
  0x0000018269a8b810 JavaThread "Execution worker Thread 7" [_thread_blocked, id=12972, stack(0x00000038ea100000,0x00000038ea200000)]
  0x0000018269a8a3d0 JavaThread "Cache worker for execution history cache (C:\NexgenLMS\NexGenMobile\node_modules\@react-native\gradle-plugin\.gradle\8.10.2\executionHistory)" [_thread_blocked, id=25996, stack(0x00000038ea200000,0x00000038ea300000)]
  0x0000018269a894a0 JavaThread "Unconstrained build operations Thread 19" [_thread_blocked, id=26096, stack(0x00000038ea300000,0x00000038ea400000)]
  0x0000018269a8bd20 JavaThread "Unconstrained build operations Thread 20" [_thread_blocked, id=24784, stack(0x00000038ea400000,0x00000038ea500000)]
  0x0000018269a899b0 JavaThread "Unconstrained build operations Thread 21" [_thread_blocked, id=15736, stack(0x00000038ea500000,0x00000038ea600000)]
  0x0000018269a88570 JavaThread "Unconstrained build operations Thread 22" [_thread_blocked, id=9656, stack(0x00000038ea600000,0x00000038ea700000)]
  0x0000018269a8c230 JavaThread "Unconstrained build operations Thread 23" [_thread_blocked, id=23276, stack(0x00000038ea700000,0x00000038ea800000)]
  0x0000018269a88a80 JavaThread "Unconstrained build operations Thread 24" [_thread_blocked, id=26520, stack(0x00000038ea800000,0x00000038ea900000)]
  0x0000018269a8d670 JavaThread "Unconstrained build operations Thread 25" [_thread_blocked, id=15760, stack(0x00000038eaa00000,0x00000038eab00000)]
  0x0000018269a8cc50 JavaThread "Unconstrained build operations Thread 26" [_thread_blocked, id=5808, stack(0x00000038eab00000,0x00000038eac00000)]
  0x0000018269a8d160 JavaThread "Unconstrained build operations Thread 27" [_thread_blocked, id=12496, stack(0x00000038ead00000,0x00000038eae00000)]
  0x0000018269a8db80 JavaThread "Unconstrained build operations Thread 28" [_thread_blocked, id=22764, stack(0x00000038eae00000,0x00000038eaf00000)]
  0x0000018269a8e090 JavaThread "Unconstrained build operations Thread 29" [_thread_blocked, id=17848, stack(0x00000038eaf00000,0x00000038eb000000)]
  0x0000018269a8e5a0 JavaThread "Unconstrained build operations Thread 30" [_thread_blocked, id=26980, stack(0x00000038eb000000,0x00000038eb100000)]
  0x0000018269a8efc0 JavaThread "Unconstrained build operations Thread 31" [_thread_blocked, id=17488, stack(0x00000038eb100000,0x00000038eb200000)]
  0x0000018269a8eab0 JavaThread "Unconstrained build operations Thread 32" [_thread_blocked, id=25832, stack(0x00000038eb200000,0x00000038eb300000)]
  0x0000018269a8f4d0 JavaThread "Unconstrained build operations Thread 33" [_thread_blocked, id=20560, stack(0x00000038eb300000,0x00000038eb400000)]
  0x000001826b634420 JavaThread "Unconstrained build operations Thread 34" [_thread_blocked, id=8916, stack(0x00000038eb400000,0x00000038eb500000)]
  0x000001826b633a00 JavaThread "Unconstrained build operations Thread 35" [_thread_blocked, id=27292, stack(0x00000038eb500000,0x00000038eb600000)]
  0x000001826b630c70 JavaThread "Unconstrained build operations Thread 36" [_thread_blocked, id=25716, stack(0x00000038eb600000,0x00000038eb700000)]
  0x000001826b631ba0 JavaThread "Unconstrained build operations Thread 37" [_thread_blocked, id=21612, stack(0x00000038eb700000,0x00000038eb800000)]
  0x000001826b6334f0 JavaThread "Unconstrained build operations Thread 38" [_thread_blocked, id=1548, stack(0x00000038eb800000,0x00000038eb900000)]
  0x000001826b6320b0 JavaThread "Unconstrained build operations Thread 39" [_thread_blocked, id=21652, stack(0x00000038eb900000,0x00000038eba00000)]
  0x000001826b633f10 JavaThread "Unconstrained build operations Thread 40" [_thread_blocked, id=17048, stack(0x00000038eba00000,0x00000038ebb00000)]
  0x000001826b631180 JavaThread "Unconstrained build operations Thread 41" [_thread_blocked, id=11212, stack(0x00000038ebb00000,0x00000038ebc00000)]
  0x000001826b6325c0 JavaThread "Unconstrained build operations Thread 42" [_thread_blocked, id=22180, stack(0x00000038ebc00000,0x00000038ebd00000)]
  0x000001826b6371b0 JavaThread "Unconstrained build operations Thread 43" [_thread_blocked, id=23256, stack(0x00000038ebd00000,0x00000038ebe00000)]
  0x000001826b6376c0 JavaThread "Unconstrained build operations Thread 44" [_thread_blocked, id=10736, stack(0x00000038ebe00000,0x00000038ebf00000)]
  0x000001826b634930 JavaThread "Unconstrained build operations Thread 45" [_thread_blocked, id=8588, stack(0x00000038ebf00000,0x00000038ec000000)]
  0x000001826b636790 JavaThread "Unconstrained build operations Thread 46" [_thread_blocked, id=25904, stack(0x00000038ec000000,0x00000038ec100000)]
  0x000001826b635d70 JavaThread "Unconstrained build operations Thread 47" [_thread_blocked, id=24944, stack(0x00000038ec100000,0x00000038ec200000)]
  0x000001826b636280 JavaThread "Unconstrained build operations Thread 48" [_thread_blocked, id=14164, stack(0x00000038ec200000,0x00000038ec300000)]
  0x000001826b636ca0 JavaThread "Unconstrained build operations Thread 49" [_thread_blocked, id=19116, stack(0x00000038ec300000,0x00000038ec400000)]
  0x000001826b637bd0 JavaThread "Unconstrained build operations Thread 50" [_thread_blocked, id=12600, stack(0x00000038ec400000,0x00000038ec500000)]
  0x0000018269a030d0 JavaThread "Unconstrained build operations Thread 51" [_thread_blocked, id=26884, stack(0x00000038ec500000,0x00000038ec600000)]
  0x0000018269a04000 JavaThread "Unconstrained build operations Thread 52" [_thread_blocked, id=5696, stack(0x00000038ec600000,0x00000038ec700000)]
  0x0000018269a01780 JavaThread "Unconstrained build operations Thread 53" [_thread_blocked, id=9904, stack(0x00000038ec700000,0x00000038ec800000)]
  0x0000018269a05950 JavaThread "Unconstrained build operations Thread 54" [_thread_blocked, id=21048, stack(0x00000038ec800000,0x00000038ec900000)]
  0x0000018269a021a0 JavaThread "Unconstrained build operations Thread 55" [_thread_blocked, id=26388, stack(0x00000038ec900000,0x00000038eca00000)]
  0x0000018269a05e60 JavaThread "Unconstrained build operations Thread 56" [_thread_blocked, id=15520, stack(0x00000038eca00000,0x00000038ecb00000)]
  0x0000018269a026b0 JavaThread "Unconstrained build operations Thread 57" [_thread_blocked, id=7156, stack(0x00000038ecb00000,0x00000038ecc00000)]
  0x0000018269a07cc0 JavaThread "Unconstrained build operations Thread 58" [_thread_blocked, id=8488, stack(0x00000038ecc00000,0x00000038ecd00000)]
  0x0000018269a086e0 JavaThread "Unconstrained build operations Thread 59" [_thread_blocked, id=5620, stack(0x00000038ecd00000,0x00000038ece00000)]
  0x0000018269a09100 JavaThread "Unconstrained build operations Thread 60" [_thread_blocked, id=13216, stack(0x00000038ece00000,0x00000038ecf00000)]
  0x0000018269a08bf0 JavaThread "Unconstrained build operations Thread 61" [_thread_blocked, id=8904, stack(0x00000038ecf00000,0x00000038ed000000)]
  0x0000018269a081d0 JavaThread "Unconstrained build operations Thread 62" [_thread_blocked, id=12212, stack(0x00000038ed000000,0x00000038ed100000)]
  0x0000018269a06d90 JavaThread "Unconstrained build operations Thread 63" [_thread_blocked, id=19504, stack(0x00000038ed100000,0x00000038ed200000)]
=>0x0000018268d9d630 JavaThread "C2 CompilerThread1" daemon [_thread_in_native, id=10828, stack(0x00000038ed200000,0x00000038ed300000)]
  0x00000182742b0f20 JavaThread "build event listener" [_thread_blocked, id=13380, stack(0x00000038ed300000,0x00000038ed400000)]
  0x00000182742b1e50 JavaThread "adb:stderr reader" [_thread_in_native, id=13200, stack(0x00000038ed400000,0x00000038ed500000)]
  0x00000182742afff0 JavaThread "adb:stdout reader" [_thread_in_native, id=1512, stack(0x00000038ed500000,0x00000038ed600000)]

Other Threads:
  0x00000182485244b0 VMThread "VM Thread" [stack: 0x00000038e5300000,0x00000038e5400000] [id=3104]
  0x00000182254bcd50 WatcherThread [stack: 0x00000038e5f00000,0x00000038e6000000] [id=26052]
  0x000001822552a400 GCTaskThread "GC Thread#0" [stack: 0x00000038e4e00000,0x00000038e4f00000] [id=26000]
  0x00000182680584a0 GCTaskThread "GC Thread#1" [stack: 0x00000038e6000000,0x00000038e6100000] [id=20156]
  0x00000182683d1ac0 GCTaskThread "GC Thread#2" [stack: 0x00000038e6100000,0x00000038e6200000] [id=12508]
  0x0000018269228f60 GCTaskThread "GC Thread#3" [stack: 0x00000038e6200000,0x00000038e6300000] [id=8432]
  0x000001826865c000 GCTaskThread "GC Thread#4" [stack: 0x00000038e6300000,0x00000038e6400000] [id=17608]
  0x0000018269b12c60 GCTaskThread "GC Thread#5" [stack: 0x00000038e7100000,0x00000038e7200000] [id=27296]
  0x0000018269c4fd10 GCTaskThread "GC Thread#6" [stack: 0x00000038e7200000,0x00000038e7300000] [id=5508]
  0x0000018269da1d70 GCTaskThread "GC Thread#7" [stack: 0x00000038e7300000,0x00000038e7400000] [id=2884]
  0x000001822553b260 ConcurrentGCThread "G1 Main Marker" [stack: 0x00000038e4f00000,0x00000038e5000000] [id=8268]
  0x000001822553c860 ConcurrentGCThread "G1 Conc#0" [stack: 0x00000038e5000000,0x00000038e5100000] [id=20464]
  0x0000018269ea0510 ConcurrentGCThread "G1 Conc#1" [stack: 0x00000038e7600000,0x00000038e7700000] [id=100]
  0x000001822556e5c0 ConcurrentGCThread "G1 Refine#0" [stack: 0x00000038e5100000,0x00000038e5200000] [id=24904]
  0x000001826bca8cb0 ConcurrentGCThread "G1 Refine#1" [stack: 0x00000038e7f00000,0x00000038e8000000] [id=13192]
  0x0000018276117880 ConcurrentGCThread "G1 Refine#2" [stack: 0x00000038eac00000,0x00000038ead00000] [id=16160]
  0x0000018269fbcd40 ConcurrentGCThread "G1 Refine#3" [stack: 0x00000038ee700000,0x00000038ee800000] [id=20812]
  0x0000018276117e60 ConcurrentGCThread "G1 Refine#4" [stack: 0x00000038ee800000,0x00000038ee900000] [id=21988]
  0x000001826cf7fc90 ConcurrentGCThread "G1 Refine#5" [stack: 0x00000038ee900000,0x00000038eea00000] [id=16568]
  0x00000182483e1170 ConcurrentGCThread "G1 Service" [stack: 0x00000038e5200000,0x00000038e5300000] [id=20788]

Threads with active compile tasks:
C2 CompilerThread0  7167631 24761       4       org.gradle.api.internal.DefaultNamedDomainObjectCollection::addLater (54 bytes)
C2 CompilerThread1  7167631 24717       4       org.gradle.model.internal.type.ModelType::wrap (219 bytes)

VM state: not at safepoint (normal execution)

VM Mutex/Monitor currently owned by a thread: None

Heap address: 0x0000000700000000, size: 4096 MB, Compressed Oops mode: Zero based, Oop shift amount: 3

CDS archive(s) mapped at: [0x0000018249000000-0x0000018249bb0000-0x0000018249bb0000), size 12255232, SharedBaseAddress: 0x0000018249000000, ArchiveRelocationMode: 1.
Compressed class space mapped at: 0x000001824a000000-0x0000018264000000, reserved size: 436207616
Narrow klass base: 0x0000018249000000, Narrow klass shift: 0, Narrow klass range: 0x100000000

GC Precious Log:
 CPUs: 8 total, 8 available
 Memory: 7502M
 Large Page Support: Disabled
 NUMA Support: Disabled
 Compressed Oops: Enabled (Zero based)
 Heap Region Size: 2M
 Heap Min Capacity: 8M
 Heap Initial Capacity: 118M
 Heap Max Capacity: 4G
 Pre-touch: Disabled
 Parallel Workers: 8
 Concurrent Workers: 2
 Concurrent Refinement Workers: 8
 Periodic GC: Disabled

Heap:
 garbage-first heap   total 1075200K, used 361710K [0x0000000700000000, 0x0000000800000000)
  region size 2048K, 60 young (122880K), 2 survivors (4096K)
 Metaspace       used 126830K, committed 128832K, reserved 557056K
  class space    used 16926K, committed 17856K, reserved 425984K

Heap Regions: E=young(eden), S=young(survivor), O=old, HS=humongous(starts), HC=humongous(continues), CS=collection set, F=free, OA=open archive, CA=closed archive, TAMS=top-at-mark-start (previous, next)
|   0|0x0000000700000000, 0x0000000700200000, 0x0000000700200000|100%|HS|  |TAMS 0x0000000700200000, 0x0000000700000000| Complete 
|   1|0x0000000700200000, 0x0000000700400000, 0x0000000700400000|100%|HC|  |TAMS 0x0000000700400000, 0x0000000700200000| Complete 
|   2|0x0000000700400000, 0x0000000700600000, 0x0000000700600000|100%| O|  |TAMS 0x0000000700600000, 0x0000000700400000| Untracked 
|   3|0x0000000700600000, 0x0000000700800000, 0x0000000700800000|100%| O|  |TAMS 0x0000000700800000, 0x0000000700600000| Untracked 
|   4|0x0000000700800000, 0x0000000700a00000, 0x0000000700a00000|100%| O|  |TAMS 0x0000000700a00000, 0x0000000700800000| Untracked 
|   5|0x0000000700a00000, 0x0000000700c00000, 0x0000000700c00000|100%| O|  |TAMS 0x0000000700c00000, 0x0000000700a00000| Untracked 
|   6|0x0000000700c00000, 0x0000000700e00000, 0x0000000700e00000|100%| O|  |TAMS 0x0000000700e00000, 0x0000000700c00000| Untracked 
|   7|0x0000000700e00000, 0x0000000700ff1a00, 0x0000000701000000| 97%| O|  |TAMS 0x0000000700ff1a00, 0x0000000700e00000| Untracked 
|   8|0x0000000701000000, 0x0000000701200000, 0x0000000701200000|100%| O|  |TAMS 0x0000000701200000, 0x0000000701000000| Untracked 
|   9|0x0000000701200000, 0x0000000701400000, 0x0000000701400000|100%| O|  |TAMS 0x0000000701400000, 0x0000000701200000| Untracked 
|  10|0x0000000701400000, 0x0000000701600000, 0x0000000701600000|100%| O|  |TAMS 0x0000000701600000, 0x0000000701400000| Untracked 
|  11|0x0000000701600000, 0x0000000701800000, 0x0000000701800000|100%| O|  |TAMS 0x0000000701800000, 0x0000000701600000| Untracked 
|  12|0x0000000701800000, 0x0000000701a00000, 0x0000000701a00000|100%| O|  |TAMS 0x0000000701a00000, 0x0000000701800000| Untracked 
|  13|0x0000000701a00000, 0x0000000701c00000, 0x0000000701c00000|100%| O|  |TAMS 0x0000000701c00000, 0x0000000701a00000| Untracked 
|  14|0x0000000701c00000, 0x0000000701e00000, 0x0000000701e00000|100%| O|  |TAMS 0x0000000701e00000, 0x0000000701c00000| Untracked 
|  15|0x0000000701e00000, 0x0000000702000000, 0x0000000702000000|100%| O|  |TAMS 0x0000000702000000, 0x0000000701e00000| Untracked 
|  16|0x0000000702000000, 0x0000000702200000, 0x0000000702200000|100%| O|  |TAMS 0x0000000702200000, 0x0000000702000000| Untracked 
|  17|0x0000000702200000, 0x0000000702400000, 0x0000000702400000|100%| O|  |TAMS 0x0000000702200000, 0x0000000702200000| Untracked 
|  18|0x0000000702400000, 0x0000000702600000, 0x0000000702600000|100%| O|  |TAMS 0x0000000702600000, 0x0000000702400000| Untracked 
|  19|0x0000000702600000, 0x0000000702800000, 0x0000000702800000|100%| O|  |TAMS 0x0000000702600000, 0x0000000702600000| Untracked 
|  20|0x0000000702800000, 0x0000000702a00000, 0x0000000702a00000|100%|HS|  |TAMS 0x0000000702a00000, 0x0000000702800000| Complete 
|  21|0x0000000702a00000, 0x0000000702c00000, 0x0000000702c00000|100%| O|  |TAMS 0x0000000702a00000, 0x0000000702a00000| Untracked 
|  22|0x0000000702c00000, 0x0000000702e00000, 0x0000000702e00000|100%|HS|  |TAMS 0x0000000702e00000, 0x0000000702c00000| Complete 
|  23|0x0000000702e00000, 0x0000000703000000, 0x0000000703000000|100%|HS|  |TAMS 0x0000000703000000, 0x0000000702e00000| Complete 
|  24|0x0000000703000000, 0x0000000703200000, 0x0000000703200000|100%|HC|  |TAMS 0x0000000703200000, 0x0000000703000000| Complete 
|  25|0x0000000703200000, 0x0000000703400000, 0x0000000703400000|100%|HS|  |TAMS 0x0000000703400000, 0x0000000703200000| Complete 
|  26|0x0000000703400000, 0x0000000703600000, 0x0000000703600000|100%|HC|  |TAMS 0x0000000703600000, 0x0000000703400000| Complete 
|  27|0x0000000703600000, 0x0000000703800000, 0x0000000703800000|100%| O|  |TAMS 0x0000000703800000, 0x0000000703600000| Untracked 
|  28|0x0000000703800000, 0x0000000703a00000, 0x0000000703a00000|100%| O|  |TAMS 0x0000000703800000, 0x0000000703800000| Untracked 
|  29|0x0000000703a00000, 0x0000000703c00000, 0x0000000703c00000|100%| O|  |TAMS 0x0000000703c00000, 0x0000000703a00000| Untracked 
|  30|0x0000000703c00000, 0x0000000703e00000, 0x0000000703e00000|100%| O|  |TAMS 0x0000000703e00000, 0x0000000703c00000| Untracked 
|  31|0x0000000703e00000, 0x0000000704000000, 0x0000000704000000|100%| O|  |TAMS 0x0000000703e00000, 0x0000000703e00000| Untracked 
|  32|0x0000000704000000, 0x0000000704200000, 0x0000000704200000|100%| O|  |TAMS 0x0000000704200000, 0x0000000704000000| Untracked 
|  33|0x0000000704200000, 0x0000000704400000, 0x0000000704400000|100%| O|  |TAMS 0x0000000704400000, 0x0000000704200000| Untracked 
|  34|0x0000000704400000, 0x0000000704600000, 0x0000000704600000|100%| O|  |TAMS 0x0000000704400000, 0x0000000704400000| Untracked 
|  35|0x0000000704600000, 0x0000000704800000, 0x0000000704800000|100%| O|  |TAMS 0x0000000704800000, 0x0000000704600000| Untracked 
|  36|0x0000000704800000, 0x0000000704a00000, 0x0000000704a00000|100%| O|  |TAMS 0x0000000704a00000, 0x0000000704800000| Untracked 
|  37|0x0000000704a00000, 0x0000000704c00000, 0x0000000704c00000|100%| O|  |TAMS 0x0000000704a00000, 0x0000000704a00000| Untracked 
|  38|0x0000000704c00000, 0x0000000704e00000, 0x0000000704e00000|100%| O|  |TAMS 0x0000000704e00000, 0x0000000704c00000| Untracked 
|  39|0x0000000704e00000, 0x0000000704f05c00, 0x0000000705000000| 51%| O|  |TAMS 0x0000000704e00000, 0x0000000704e00000| Untracked 
|  40|0x0000000705000000, 0x0000000705200000, 0x0000000705200000|100%| O|  |TAMS 0x0000000705200000, 0x0000000705000000| Untracked 
|  41|0x0000000705200000, 0x0000000705400000, 0x0000000705400000|100%| O|  |TAMS 0x0000000705400000, 0x0000000705200000| Untracked 
|  42|0x0000000705400000, 0x0000000705600000, 0x0000000705600000|100%| O|  |TAMS 0x0000000705400000, 0x0000000705400000| Untracked 
|  43|0x0000000705600000, 0x0000000705800000, 0x0000000705800000|100%| O|  |TAMS 0x0000000705800000, 0x0000000705600000| Untracked 
|  44|0x0000000705800000, 0x0000000705a00000, 0x0000000705a00000|100%| O|  |TAMS 0x0000000705a00000, 0x0000000705800000| Untracked 
|  45|0x0000000705a00000, 0x0000000705a00000, 0x0000000705c00000|  0%| F|  |TAMS 0x0000000705a00000, 0x0000000705a00000| Untracked 
|  46|0x0000000705c00000, 0x0000000705c00000, 0x0000000705e00000|  0%| F|  |TAMS 0x0000000705c00000, 0x0000000705c00000| Untracked 
|  47|0x0000000705e00000, 0x0000000705e00000, 0x0000000706000000|  0%| F|  |TAMS 0x0000000705e00000, 0x0000000705e00000| Untracked 
|  48|0x0000000706000000, 0x0000000706200000, 0x0000000706200000|100%| O|  |TAMS 0x0000000706200000, 0x0000000706000000| Untracked 
|  49|0x0000000706200000, 0x0000000706400000, 0x0000000706400000|100%|HS|  |TAMS 0x0000000706400000, 0x0000000706200000| Complete 
|  50|0x0000000706400000, 0x0000000706600000, 0x0000000706600000|100%| O|  |TAMS 0x0000000706600000, 0x0000000706400000| Untracked 
|  51|0x0000000706600000, 0x0000000706800000, 0x0000000706800000|100%| O|  |TAMS 0x0000000706800000, 0x0000000706600000| Untracked 
|  52|0x0000000706800000, 0x0000000706a00000, 0x0000000706a00000|100%| O|  |TAMS 0x0000000706a00000, 0x0000000706800000| Untracked 
|  53|0x0000000706a00000, 0x0000000706c00000, 0x0000000706c00000|100%| O|  |TAMS 0x0000000706c00000, 0x0000000706a00000| Untracked 
|  54|0x0000000706c00000, 0x0000000706c00000, 0x0000000706e00000|  0%| F|  |TAMS 0x0000000706c00000, 0x0000000706c00000| Untracked 
|  55|0x0000000706e00000, 0x0000000707000000, 0x0000000707000000|100%|HS|  |TAMS 0x0000000707000000, 0x0000000706e00000| Complete 
|  56|0x0000000707000000, 0x0000000707200000, 0x0000000707200000|100%| O|  |TAMS 0x0000000707200000, 0x0000000707000000| Untracked 
|  57|0x0000000707200000, 0x0000000707400000, 0x0000000707400000|100%| O|  |TAMS 0x0000000707400000, 0x0000000707200000| Untracked 
|  58|0x0000000707400000, 0x0000000707600000, 0x0000000707600000|100%| O|  |TAMS 0x0000000707600000, 0x0000000707400000| Untracked 
|  59|0x0000000707600000, 0x0000000707800000, 0x0000000707800000|100%| O|  |TAMS 0x0000000707600000, 0x0000000707600000| Untracked 
|  60|0x0000000707800000, 0x0000000707800000, 0x0000000707a00000|  0%| F|  |TAMS 0x0000000707800000, 0x0000000707800000| Untracked 
|  61|0x0000000707a00000, 0x0000000707c00000, 0x0000000707c00000|100%| O|  |TAMS 0x0000000707c00000, 0x0000000707a00000| Untracked 
|  62|0x0000000707c00000, 0x0000000707e00000, 0x0000000707e00000|100%| O|  |TAMS 0x0000000707c00000, 0x0000000707c00000| Untracked 
|  63|0x0000000707e00000, 0x0000000708000000, 0x0000000708000000|100%| O|  |TAMS 0x0000000707e00000, 0x0000000707e00000| Untracked 
|  64|0x0000000708000000, 0x0000000708000000, 0x0000000708200000|  0%| F|  |TAMS 0x0000000708000000, 0x0000000708000000| Untracked 
|  65|0x0000000708200000, 0x0000000708200000, 0x0000000708400000|  0%| F|  |TAMS 0x0000000708200000, 0x0000000708200000| Untracked 
|  66|0x0000000708400000, 0x0000000708600000, 0x0000000708600000|100%| O|  |TAMS 0x0000000708400000, 0x0000000708400000| Untracked 
|  67|0x0000000708600000, 0x0000000708800000, 0x0000000708800000|100%| O|  |TAMS 0x0000000708800000, 0x0000000708600000| Untracked 
|  68|0x0000000708800000, 0x0000000708a00000, 0x0000000708a00000|100%| O|  |TAMS 0x0000000708a00000, 0x0000000708800000| Untracked 
|  69|0x0000000708a00000, 0x0000000708c00000, 0x0000000708c00000|100%| O|  |TAMS 0x0000000708c00000, 0x0000000708a00000| Untracked 
|  70|0x0000000708c00000, 0x0000000708c00000, 0x0000000708e00000|  0%| F|  |TAMS 0x0000000708c00000, 0x0000000708c00000| Untracked 
|  71|0x0000000708e00000, 0x0000000709000000, 0x0000000709000000|100%| O|  |TAMS 0x0000000709000000, 0x0000000708e00000| Untracked 
|  72|0x0000000709000000, 0x0000000709200000, 0x0000000709200000|100%| O|  |TAMS 0x0000000709200000, 0x0000000709000000| Untracked 
|  73|0x0000000709200000, 0x0000000709400000, 0x0000000709400000|100%| O|  |TAMS 0x0000000709400000, 0x0000000709200000| Untracked 
|  74|0x0000000709400000, 0x0000000709400000, 0x0000000709600000|  0%| F|  |TAMS 0x0000000709400000, 0x0000000709400000| Untracked 
|  75|0x0000000709600000, 0x0000000709800000, 0x0000000709800000|100%| O|  |TAMS 0x0000000709600000, 0x0000000709600000| Untracked 
|  76|0x0000000709800000, 0x0000000709a00000, 0x0000000709a00000|100%| O|  |TAMS 0x0000000709800000, 0x0000000709800000| Untracked 
|  77|0x0000000709a00000, 0x0000000709c00000, 0x0000000709c00000|100%| O|  |TAMS 0x0000000709a00000, 0x0000000709a00000| Untracked 
|  78|0x0000000709c00000, 0x0000000709e00000, 0x0000000709e00000|100%| O|  |TAMS 0x0000000709c00000, 0x0000000709c00000| Untracked 
|  79|0x0000000709e00000, 0x000000070a000000, 0x000000070a000000|100%| O|  |TAMS 0x0000000709e00000, 0x0000000709e00000| Untracked 
|  80|0x000000070a000000, 0x000000070a200000, 0x000000070a200000|100%| O|  |TAMS 0x000000070a200000, 0x000000070a000000| Untracked 
|  81|0x000000070a200000, 0x000000070a400000, 0x000000070a400000|100%| O|  |TAMS 0x000000070a400000, 0x000000070a200000| Untracked 
|  82|0x000000070a400000, 0x000000070a600000, 0x000000070a600000|100%| O|  |TAMS 0x000000070a600000, 0x000000070a400000| Untracked 
|  83|0x000000070a600000, 0x000000070a800000, 0x000000070a800000|100%| O|  |TAMS 0x000000070a800000, 0x000000070a600000| Untracked 
|  84|0x000000070a800000, 0x000000070aa00000, 0x000000070aa00000|100%| O|  |TAMS 0x000000070aa00000, 0x000000070a800000| Untracked 
|  85|0x000000070aa00000, 0x000000070ac00000, 0x000000070ac00000|100%| O|  |TAMS 0x000000070aa00000, 0x000000070aa00000| Untracked 
|  86|0x000000070ac00000, 0x000000070ae00000, 0x000000070ae00000|100%| O|  |TAMS 0x000000070ac00000, 0x000000070ac00000| Untracked 
|  87|0x000000070ae00000, 0x000000070ae00000, 0x000000070b000000|  0%| F|  |TAMS 0x000000070ae00000, 0x000000070ae00000| Untracked 
|  88|0x000000070b000000, 0x000000070b000000, 0x000000070b200000|  0%| F|  |TAMS 0x000000070b000000, 0x000000070b000000| Untracked 
|  89|0x000000070b200000, 0x000000070b200000, 0x000000070b400000|  0%| F|  |TAMS 0x000000070b200000, 0x000000070b200000| Untracked 
|  90|0x000000070b400000, 0x000000070b400000, 0x000000070b600000|  0%| F|  |TAMS 0x000000070b400000, 0x000000070b400000| Untracked 
|  91|0x000000070b600000, 0x000000070b600000, 0x000000070b800000|  0%| F|  |TAMS 0x000000070b600000, 0x000000070b600000| Untracked 
|  92|0x000000070b800000, 0x000000070b800000, 0x000000070ba00000|  0%| F|  |TAMS 0x000000070b800000, 0x000000070b800000| Untracked 
|  93|0x000000070ba00000, 0x000000070bc00000, 0x000000070bc00000|100%| O|  |TAMS 0x000000070bc00000, 0x000000070ba00000| Untracked 
|  94|0x000000070bc00000, 0x000000070bc00000, 0x000000070be00000|  0%| F|  |TAMS 0x000000070bc00000, 0x000000070bc00000| Untracked 
|  95|0x000000070be00000, 0x000000070be00000, 0x000000070c000000|  0%| F|  |TAMS 0x000000070be00000, 0x000000070be00000| Untracked 
|  96|0x000000070c000000, 0x000000070c000000, 0x000000070c200000|  0%| F|  |TAMS 0x000000070c000000, 0x000000070c000000| Untracked 
|  97|0x000000070c200000, 0x000000070c200000, 0x000000070c400000|  0%| F|  |TAMS 0x000000070c200000, 0x000000070c200000| Untracked 
|  98|0x000000070c400000, 0x000000070c400000, 0x000000070c600000|  0%| F|  |TAMS 0x000000070c400000, 0x000000070c400000| Untracked 
|  99|0x000000070c600000, 0x000000070c600000, 0x000000070c800000|  0%| F|  |TAMS 0x000000070c600000, 0x000000070c600000| Untracked 
| 100|0x000000070c800000, 0x000000070c800000, 0x000000070ca00000|  0%| F|  |TAMS 0x000000070c800000, 0x000000070c800000| Untracked 
| 101|0x000000070ca00000, 0x000000070cc00000, 0x000000070cc00000|100%| O|  |TAMS 0x000000070cc00000, 0x000000070ca00000| Untracked 
| 102|0x000000070cc00000, 0x000000070cc00000, 0x000000070ce00000|  0%| F|  |TAMS 0x000000070cc00000, 0x000000070cc00000| Untracked 
| 103|0x000000070ce00000, 0x000000070ce00000, 0x000000070d000000|  0%| F|  |TAMS 0x000000070ce00000, 0x000000070ce00000| Untracked 
| 104|0x000000070d000000, 0x000000070d000000, 0x000000070d200000|  0%| F|  |TAMS 0x000000070d000000, 0x000000070d000000| Untracked 
| 105|0x000000070d200000, 0x000000070d200000, 0x000000070d400000|  0%| F|  |TAMS 0x000000070d200000, 0x000000070d200000| Untracked 
| 106|0x000000070d400000, 0x000000070d600000, 0x000000070d600000|100%| O|  |TAMS 0x000000070d600000, 0x000000070d400000| Untracked 
| 107|0x000000070d600000, 0x000000070d800000, 0x000000070d800000|100%| O|  |TAMS 0x000000070d800000, 0x000000070d600000| Untracked 
| 108|0x000000070d800000, 0x000000070da00000, 0x000000070da00000|100%| O|  |TAMS 0x000000070da00000, 0x000000070d800000| Untracked 
| 109|0x000000070da00000, 0x000000070dc00000, 0x000000070dc00000|100%| O|  |TAMS 0x000000070dc00000, 0x000000070da00000| Untracked 
| 110|0x000000070dc00000, 0x000000070de00000, 0x000000070de00000|100%| O|  |TAMS 0x000000070de00000, 0x000000070dc00000| Untracked 
| 111|0x000000070de00000, 0x000000070e000000, 0x000000070e000000|100%| O|  |TAMS 0x000000070e000000, 0x000000070de00000| Untracked 
| 112|0x000000070e000000, 0x000000070e200000, 0x000000070e200000|100%| O|  |TAMS 0x000000070e200000, 0x000000070e000000| Untracked 
| 113|0x000000070e200000, 0x000000070e400000, 0x000000070e400000|100%| O|  |TAMS 0x000000070e400000, 0x000000070e200000| Untracked 
| 114|0x000000070e400000, 0x000000070e400000, 0x000000070e600000|  0%| F|  |TAMS 0x000000070e400000, 0x000000070e400000| Untracked 
| 115|0x000000070e600000, 0x000000070e800000, 0x000000070e800000|100%| O|  |TAMS 0x000000070e800000, 0x000000070e600000| Untracked 
| 116|0x000000070e800000, 0x000000070e800000, 0x000000070ea00000|  0%| F|  |TAMS 0x000000070e800000, 0x000000070e800000| Untracked 
| 117|0x000000070ea00000, 0x000000070ea00000, 0x000000070ec00000|  0%| F|  |TAMS 0x000000070ea00000, 0x000000070ea00000| Untracked 
| 118|0x000000070ec00000, 0x000000070ee00000, 0x000000070ee00000|100%| O|  |TAMS 0x000000070ee00000, 0x000000070ec00000| Untracked 
| 119|0x000000070ee00000, 0x000000070f000000, 0x000000070f000000|100%| O|  |TAMS 0x000000070ef2da00, 0x000000070ee00000| Untracked 
| 120|0x000000070f000000, 0x000000070f200000, 0x000000070f200000|100%| O|  |TAMS 0x000000070f000000, 0x000000070f000000| Untracked 
| 121|0x000000070f200000, 0x000000070f400000, 0x000000070f400000|100%| O|  |TAMS 0x000000070f200000, 0x000000070f200000| Untracked 
| 122|0x000000070f400000, 0x000000070f600000, 0x000000070f600000|100%| O|  |TAMS 0x000000070f400000, 0x000000070f400000| Untracked 
| 123|0x000000070f600000, 0x000000070f800000, 0x000000070f800000|100%| O|  |TAMS 0x000000070f600000, 0x000000070f600000| Untracked 
| 124|0x000000070f800000, 0x000000070fa00000, 0x000000070fa00000|100%| O|  |TAMS 0x000000070f800000, 0x000000070f800000| Untracked 
| 125|0x000000070fa00000, 0x000000070fc00000, 0x000000070fc00000|100%| O|  |TAMS 0x000000070fa00000, 0x000000070fa00000| Untracked 
| 126|0x000000070fc00000, 0x000000070fe00000, 0x000000070fe00000|100%| O|  |TAMS 0x000000070fc00000, 0x000000070fc00000| Untracked 
| 127|0x000000070fe00000, 0x0000000710000000, 0x0000000710000000|100%| O|  |TAMS 0x000000070fe00000, 0x000000070fe00000| Untracked 
| 128|0x0000000710000000, 0x0000000710200000, 0x0000000710200000|100%| O|  |TAMS 0x0000000710000000, 0x0000000710000000| Untracked 
| 129|0x0000000710200000, 0x0000000710400000, 0x0000000710400000|100%| O|  |TAMS 0x0000000710200000, 0x0000000710200000| Untracked 
| 130|0x0000000710400000, 0x0000000710600000, 0x0000000710600000|100%| O|  |TAMS 0x0000000710400000, 0x0000000710400000| Untracked 
| 131|0x0000000710600000, 0x0000000710800000, 0x0000000710800000|100%| O|  |TAMS 0x0000000710600000, 0x0000000710600000| Untracked 
| 132|0x0000000710800000, 0x0000000710a00000, 0x0000000710a00000|100%| O|  |TAMS 0x0000000710800000, 0x0000000710800000| Untracked 
| 133|0x0000000710a00000, 0x0000000710c00000, 0x0000000710c00000|100%| O|  |TAMS 0x0000000710a00000, 0x0000000710a00000| Untracked 
| 134|0x0000000710c00000, 0x0000000710e00000, 0x0000000710e00000|100%| O|  |TAMS 0x0000000710c00000, 0x0000000710c00000| Untracked 
| 135|0x0000000710e00000, 0x0000000711000000, 0x0000000711000000|100%| O|  |TAMS 0x0000000710e00000, 0x0000000710e00000| Untracked 
| 136|0x0000000711000000, 0x0000000711200000, 0x0000000711200000|100%| O|  |TAMS 0x0000000711000000, 0x0000000711000000| Untracked 
| 137|0x0000000711200000, 0x0000000711400000, 0x0000000711400000|100%| O|  |TAMS 0x0000000711200000, 0x0000000711200000| Untracked 
| 138|0x0000000711400000, 0x0000000711600000, 0x0000000711600000|100%| O|  |TAMS 0x0000000711400000, 0x0000000711400000| Untracked 
| 139|0x0000000711600000, 0x0000000711800000, 0x0000000711800000|100%| O|  |TAMS 0x0000000711600000, 0x0000000711600000| Untracked 
| 140|0x0000000711800000, 0x0000000711a00000, 0x0000000711a00000|100%| O|  |TAMS 0x0000000711800000, 0x0000000711800000| Untracked 
| 141|0x0000000711a00000, 0x0000000711c00000, 0x0000000711c00000|100%| O|  |TAMS 0x0000000711a00000, 0x0000000711a00000| Untracked 
| 142|0x0000000711c00000, 0x0000000711e00000, 0x0000000711e00000|100%| O|  |TAMS 0x0000000711c00000, 0x0000000711c00000| Untracked 
| 143|0x0000000711e00000, 0x0000000712000000, 0x0000000712000000|100%| O|  |TAMS 0x0000000711e00000, 0x0000000711e00000| Untracked 
| 144|0x0000000712000000, 0x0000000712200000, 0x0000000712200000|100%| O|  |TAMS 0x0000000712000000, 0x0000000712000000| Untracked 
| 145|0x0000000712200000, 0x0000000712400000, 0x0000000712400000|100%| O|  |TAMS 0x0000000712200000, 0x0000000712200000| Untracked 
| 146|0x0000000712400000, 0x0000000712600000, 0x0000000712600000|100%| O|  |TAMS 0x0000000712400000, 0x0000000712400000| Untracked 
| 147|0x0000000712600000, 0x0000000712600000, 0x0000000712800000|  0%| F|  |TAMS 0x0000000712600000, 0x0000000712600000| Untracked 
| 148|0x0000000712800000, 0x0000000712800000, 0x0000000712a00000|  0%| F|  |TAMS 0x0000000712800000, 0x0000000712800000| Untracked 
| 149|0x0000000712a00000, 0x0000000712a00000, 0x0000000712c00000|  0%| F|  |TAMS 0x0000000712a00000, 0x0000000712a00000| Untracked 
| 150|0x0000000712c00000, 0x0000000712c00000, 0x0000000712e00000|  0%| F|  |TAMS 0x0000000712c00000, 0x0000000712c00000| Untracked 
| 151|0x0000000712e00000, 0x0000000712e00000, 0x0000000713000000|  0%| F|  |TAMS 0x0000000712e00000, 0x0000000712e00000| Untracked 
| 152|0x0000000713000000, 0x0000000713000000, 0x0000000713200000|  0%| F|  |TAMS 0x0000000713000000, 0x0000000713000000| Untracked 
| 153|0x0000000713200000, 0x0000000713200000, 0x0000000713400000|  0%| F|  |TAMS 0x0000000713200000, 0x0000000713200000| Untracked 
| 154|0x0000000713400000, 0x0000000713400000, 0x0000000713600000|  0%| F|  |TAMS 0x0000000713400000, 0x0000000713400000| Untracked 
| 155|0x0000000713600000, 0x0000000713600000, 0x0000000713800000|  0%| F|  |TAMS 0x0000000713600000, 0x0000000713600000| Untracked 
| 156|0x0000000713800000, 0x0000000713800000, 0x0000000713a00000|  0%| F|  |TAMS 0x0000000713800000, 0x0000000713800000| Untracked 
| 157|0x0000000713a00000, 0x0000000713a00000, 0x0000000713c00000|  0%| F|  |TAMS 0x0000000713a00000, 0x0000000713a00000| Untracked 
| 158|0x0000000713c00000, 0x0000000713c00000, 0x0000000713e00000|  0%| F|  |TAMS 0x0000000713c00000, 0x0000000713c00000| Untracked 
| 159|0x0000000713e00000, 0x0000000713e00000, 0x0000000714000000|  0%| F|  |TAMS 0x0000000713e00000, 0x0000000713e00000| Untracked 
| 160|0x0000000714000000, 0x0000000714000000, 0x0000000714200000|  0%| F|  |TAMS 0x0000000714000000, 0x0000000714000000| Untracked 
| 161|0x0000000714200000, 0x0000000714200000, 0x0000000714400000|  0%| F|  |TAMS 0x0000000714200000, 0x0000000714200000| Untracked 
| 162|0x0000000714400000, 0x0000000714400000, 0x0000000714600000|  0%| F|  |TAMS 0x0000000714400000, 0x0000000714400000| Untracked 
| 163|0x0000000714600000, 0x0000000714600000, 0x0000000714800000|  0%| F|  |TAMS 0x0000000714600000, 0x0000000714600000| Untracked 
| 164|0x0000000714800000, 0x0000000714800000, 0x0000000714a00000|  0%| F|  |TAMS 0x0000000714800000, 0x0000000714800000| Untracked 
| 165|0x0000000714a00000, 0x0000000714a00000, 0x0000000714c00000|  0%| F|  |TAMS 0x0000000714a00000, 0x0000000714a00000| Untracked 
| 166|0x0000000714c00000, 0x0000000714c00000, 0x0000000714e00000|  0%| F|  |TAMS 0x0000000714c00000, 0x0000000714c00000| Untracked 
| 167|0x0000000714e00000, 0x0000000714e00000, 0x0000000715000000|  0%| F|  |TAMS 0x0000000714e00000, 0x0000000714e00000| Untracked 
| 168|0x0000000715000000, 0x0000000715000000, 0x0000000715200000|  0%| F|  |TAMS 0x0000000715000000, 0x0000000715000000| Untracked 
| 169|0x0000000715200000, 0x0000000715200000, 0x0000000715400000|  0%| F|  |TAMS 0x0000000715200000, 0x0000000715200000| Untracked 
| 170|0x0000000715400000, 0x0000000715400000, 0x0000000715600000|  0%| F|  |TAMS 0x0000000715400000, 0x0000000715400000| Untracked 
| 171|0x0000000715600000, 0x0000000715600000, 0x0000000715800000|  0%| F|  |TAMS 0x0000000715600000, 0x0000000715600000| Untracked 
| 172|0x0000000715800000, 0x0000000715800000, 0x0000000715a00000|  0%| F|  |TAMS 0x0000000715800000, 0x0000000715800000| Untracked 
| 173|0x0000000715a00000, 0x0000000715a00000, 0x0000000715c00000|  0%| F|  |TAMS 0x0000000715a00000, 0x0000000715a00000| Untracked 
| 174|0x0000000715c00000, 0x0000000715c00000, 0x0000000715e00000|  0%| F|  |TAMS 0x0000000715c00000, 0x0000000715c00000| Untracked 
| 175|0x0000000715e00000, 0x0000000715e00000, 0x0000000716000000|  0%| F|  |TAMS 0x0000000715e00000, 0x0000000715e00000| Untracked 
| 176|0x0000000716000000, 0x0000000716000000, 0x0000000716200000|  0%| F|  |TAMS 0x0000000716000000, 0x0000000716000000| Untracked 
| 177|0x0000000716200000, 0x0000000716200000, 0x0000000716400000|  0%| F|  |TAMS 0x0000000716200000, 0x0000000716200000| Untracked 
| 178|0x0000000716400000, 0x0000000716400000, 0x0000000716600000|  0%| F|  |TAMS 0x0000000716400000, 0x0000000716400000| Untracked 
| 179|0x0000000716600000, 0x0000000716600000, 0x0000000716800000|  0%| F|  |TAMS 0x0000000716600000, 0x0000000716600000| Untracked 
| 180|0x0000000716800000, 0x0000000716800000, 0x0000000716a00000|  0%| F|  |TAMS 0x0000000716800000, 0x0000000716800000| Untracked 
| 181|0x0000000716a00000, 0x0000000716a00000, 0x0000000716c00000|  0%| F|  |TAMS 0x0000000716a00000, 0x0000000716a00000| Untracked 
| 182|0x0000000716c00000, 0x0000000716c00000, 0x0000000716e00000|  0%| F|  |TAMS 0x0000000716c00000, 0x0000000716c00000| Untracked 
| 183|0x0000000716e00000, 0x0000000716e00000, 0x0000000717000000|  0%| F|  |TAMS 0x0000000716e00000, 0x0000000716e00000| Untracked 
| 184|0x0000000717000000, 0x0000000717000000, 0x0000000717200000|  0%| F|  |TAMS 0x0000000717000000, 0x0000000717000000| Untracked 
| 185|0x0000000717200000, 0x0000000717200000, 0x0000000717400000|  0%| F|  |TAMS 0x0000000717200000, 0x0000000717200000| Untracked 
| 186|0x0000000717400000, 0x0000000717400000, 0x0000000717600000|  0%| F|  |TAMS 0x0000000717400000, 0x0000000717400000| Untracked 
| 187|0x0000000717600000, 0x0000000717600000, 0x0000000717800000|  0%| F|  |TAMS 0x0000000717600000, 0x0000000717600000| Untracked 
| 188|0x0000000717800000, 0x0000000717800000, 0x0000000717a00000|  0%| F|  |TAMS 0x0000000717800000, 0x0000000717800000| Untracked 
| 189|0x0000000717a00000, 0x0000000717a00000, 0x0000000717c00000|  0%| F|  |TAMS 0x0000000717a00000, 0x0000000717a00000| Untracked 
| 190|0x0000000717c00000, 0x0000000717c00000, 0x0000000717e00000|  0%| F|  |TAMS 0x0000000717c00000, 0x0000000717c00000| Untracked 
| 191|0x0000000717e00000, 0x0000000717e00000, 0x0000000718000000|  0%| F|  |TAMS 0x0000000717e00000, 0x0000000717e00000| Untracked 
| 192|0x0000000718000000, 0x0000000718000000, 0x0000000718200000|  0%| F|  |TAMS 0x0000000718000000, 0x0000000718000000| Untracked 
| 193|0x0000000718200000, 0x0000000718200000, 0x0000000718400000|  0%| F|  |TAMS 0x0000000718200000, 0x0000000718200000| Untracked 
| 194|0x0000000718400000, 0x0000000718400000, 0x0000000718600000|  0%| F|  |TAMS 0x0000000718400000, 0x0000000718400000| Untracked 
| 195|0x0000000718600000, 0x0000000718600000, 0x0000000718800000|  0%| F|  |TAMS 0x0000000718600000, 0x0000000718600000| Untracked 
| 196|0x0000000718800000, 0x0000000718800000, 0x0000000718a00000|  0%| F|  |TAMS 0x0000000718800000, 0x0000000718800000| Untracked 
| 197|0x0000000718a00000, 0x0000000718a00000, 0x0000000718c00000|  0%| F|  |TAMS 0x0000000718a00000, 0x0000000718a00000| Untracked 
| 198|0x0000000718c00000, 0x0000000718c00000, 0x0000000718e00000|  0%| F|  |TAMS 0x0000000718c00000, 0x0000000718c00000| Untracked 
| 199|0x0000000718e00000, 0x0000000718e00000, 0x0000000719000000|  0%| F|  |TAMS 0x0000000718e00000, 0x0000000718e00000| Untracked 
| 200|0x0000000719000000, 0x0000000719000000, 0x0000000719200000|  0%| F|  |TAMS 0x0000000719000000, 0x0000000719000000| Untracked 
| 201|0x0000000719200000, 0x0000000719200000, 0x0000000719400000|  0%| F|  |TAMS 0x0000000719200000, 0x0000000719200000| Untracked 
| 202|0x0000000719400000, 0x0000000719400000, 0x0000000719600000|  0%| F|  |TAMS 0x0000000719400000, 0x0000000719400000| Untracked 
| 203|0x0000000719600000, 0x0000000719600000, 0x0000000719800000|  0%| F|  |TAMS 0x0000000719600000, 0x0000000719600000| Untracked 
| 204|0x0000000719800000, 0x0000000719800000, 0x0000000719a00000|  0%| F|  |TAMS 0x0000000719800000, 0x0000000719800000| Untracked 
| 205|0x0000000719a00000, 0x0000000719a00000, 0x0000000719c00000|  0%| F|  |TAMS 0x0000000719a00000, 0x0000000719a00000| Untracked 
| 206|0x0000000719c00000, 0x0000000719c00000, 0x0000000719e00000|  0%| F|  |TAMS 0x0000000719c00000, 0x0000000719c00000| Untracked 
| 207|0x0000000719e00000, 0x0000000719e00000, 0x000000071a000000|  0%| F|  |TAMS 0x0000000719e00000, 0x0000000719e00000| Untracked 
| 208|0x000000071a000000, 0x000000071a000000, 0x000000071a200000|  0%| F|  |TAMS 0x000000071a000000, 0x000000071a000000| Untracked 
| 209|0x000000071a200000, 0x000000071a200000, 0x000000071a400000|  0%| F|  |TAMS 0x000000071a200000, 0x000000071a200000| Untracked 
| 210|0x000000071a400000, 0x000000071a400000, 0x000000071a600000|  0%| F|  |TAMS 0x000000071a400000, 0x000000071a400000| Untracked 
| 211|0x000000071a600000, 0x000000071a600000, 0x000000071a800000|  0%| F|  |TAMS 0x000000071a600000, 0x000000071a600000| Untracked 
| 212|0x000000071a800000, 0x000000071a800000, 0x000000071aa00000|  0%| F|  |TAMS 0x000000071a800000, 0x000000071a800000| Untracked 
| 213|0x000000071aa00000, 0x000000071aa00000, 0x000000071ac00000|  0%| F|  |TAMS 0x000000071aa00000, 0x000000071aa00000| Untracked 
| 214|0x000000071ac00000, 0x000000071ac00000, 0x000000071ae00000|  0%| F|  |TAMS 0x000000071ac00000, 0x000000071ac00000| Untracked 
| 215|0x000000071ae00000, 0x000000071ae00000, 0x000000071b000000|  0%| F|  |TAMS 0x000000071ae00000, 0x000000071ae00000| Untracked 
| 216|0x000000071b000000, 0x000000071b000000, 0x000000071b200000|  0%| F|  |TAMS 0x000000071b000000, 0x000000071b000000| Untracked 
| 217|0x000000071b200000, 0x000000071b200000, 0x000000071b400000|  0%| F|  |TAMS 0x000000071b200000, 0x000000071b200000| Untracked 
| 218|0x000000071b400000, 0x000000071b400000, 0x000000071b600000|  0%| F|  |TAMS 0x000000071b400000, 0x000000071b400000| Untracked 
| 219|0x000000071b600000, 0x000000071b600000, 0x000000071b800000|  0%| F|  |TAMS 0x000000071b600000, 0x000000071b600000| Untracked 
| 220|0x000000071b800000, 0x000000071b800000, 0x000000071ba00000|  0%| F|  |TAMS 0x000000071b800000, 0x000000071b800000| Untracked 
| 221|0x000000071ba00000, 0x000000071ba00000, 0x000000071bc00000|  0%| F|  |TAMS 0x000000071ba00000, 0x000000071ba00000| Untracked 
| 222|0x000000071bc00000, 0x000000071bc00000, 0x000000071be00000|  0%| F|  |TAMS 0x000000071bc00000, 0x000000071bc00000| Untracked 
| 223|0x000000071be00000, 0x000000071be00000, 0x000000071c000000|  0%| F|  |TAMS 0x000000071be00000, 0x000000071be00000| Untracked 
| 224|0x000000071c000000, 0x000000071c000000, 0x000000071c200000|  0%| F|  |TAMS 0x000000071c000000, 0x000000071c000000| Untracked 
| 225|0x000000071c200000, 0x000000071c200000, 0x000000071c400000|  0%| F|  |TAMS 0x000000071c200000, 0x000000071c200000| Untracked 
| 226|0x000000071c400000, 0x000000071c400000, 0x000000071c600000|  0%| F|  |TAMS 0x000000071c400000, 0x000000071c400000| Untracked 
| 227|0x000000071c600000, 0x000000071c600000, 0x000000071c800000|  0%| F|  |TAMS 0x000000071c600000, 0x000000071c600000| Untracked 
| 228|0x000000071c800000, 0x000000071c800000, 0x000000071ca00000|  0%| F|  |TAMS 0x000000071c800000, 0x000000071c800000| Untracked 
| 229|0x000000071ca00000, 0x000000071ca00000, 0x000000071cc00000|  0%| F|  |TAMS 0x000000071ca00000, 0x000000071ca00000| Untracked 
| 230|0x000000071cc00000, 0x000000071cc00000, 0x000000071ce00000|  0%| F|  |TAMS 0x000000071cc00000, 0x000000071cc00000| Untracked 
| 231|0x000000071ce00000, 0x000000071ce00000, 0x000000071d000000|  0%| F|  |TAMS 0x000000071ce00000, 0x000000071ce00000| Untracked 
| 232|0x000000071d000000, 0x000000071d000000, 0x000000071d200000|  0%| F|  |TAMS 0x000000071d000000, 0x000000071d000000| Untracked 
| 233|0x000000071d200000, 0x000000071d200000, 0x000000071d400000|  0%| F|  |TAMS 0x000000071d200000, 0x000000071d200000| Untracked 
| 234|0x000000071d400000, 0x000000071d400000, 0x000000071d600000|  0%| F|  |TAMS 0x000000071d400000, 0x000000071d400000| Untracked 
| 235|0x000000071d600000, 0x000000071d600000, 0x000000071d800000|  0%| F|  |TAMS 0x000000071d600000, 0x000000071d600000| Untracked 
| 236|0x000000071d800000, 0x000000071d800000, 0x000000071da00000|  0%| F|  |TAMS 0x000000071d800000, 0x000000071d800000| Untracked 
| 237|0x000000071da00000, 0x000000071da00000, 0x000000071dc00000|  0%| F|  |TAMS 0x000000071da00000, 0x000000071da00000| Untracked 
| 238|0x000000071dc00000, 0x000000071dc00000, 0x000000071de00000|  0%| F|  |TAMS 0x000000071dc00000, 0x000000071dc00000| Untracked 
| 239|0x000000071de00000, 0x000000071de00000, 0x000000071e000000|  0%| F|  |TAMS 0x000000071de00000, 0x000000071de00000| Untracked 
| 240|0x000000071e000000, 0x000000071e000000, 0x000000071e200000|  0%| F|  |TAMS 0x000000071e000000, 0x000000071e000000| Untracked 
| 241|0x000000071e200000, 0x000000071e200000, 0x000000071e400000|  0%| F|  |TAMS 0x000000071e200000, 0x000000071e200000| Untracked 
| 242|0x000000071e400000, 0x000000071e400000, 0x000000071e600000|  0%| F|  |TAMS 0x000000071e400000, 0x000000071e400000| Untracked 
| 243|0x000000071e600000, 0x000000071e600000, 0x000000071e800000|  0%| F|  |TAMS 0x000000071e600000, 0x000000071e600000| Untracked 
| 244|0x000000071e800000, 0x000000071e800000, 0x000000071ea00000|  0%| F|  |TAMS 0x000000071e800000, 0x000000071e800000| Untracked 
| 245|0x000000071ea00000, 0x000000071ea00000, 0x000000071ec00000|  0%| F|  |TAMS 0x000000071ea00000, 0x000000071ea00000| Untracked 
| 246|0x000000071ec00000, 0x000000071ec00000, 0x000000071ee00000|  0%| F|  |TAMS 0x000000071ec00000, 0x000000071ec00000| Untracked 
| 247|0x000000071ee00000, 0x000000071ee00000, 0x000000071f000000|  0%| F|  |TAMS 0x000000071ee00000, 0x000000071ee00000| Untracked 
| 248|0x000000071f000000, 0x000000071f000000, 0x000000071f200000|  0%| F|  |TAMS 0x000000071f000000, 0x000000071f000000| Untracked 
| 249|0x000000071f200000, 0x000000071f200000, 0x000000071f400000|  0%| F|  |TAMS 0x000000071f200000, 0x000000071f200000| Untracked 
| 250|0x000000071f400000, 0x000000071f400000, 0x000000071f600000|  0%| F|  |TAMS 0x000000071f400000, 0x000000071f400000| Untracked 
| 251|0x000000071f600000, 0x000000071f600000, 0x000000071f800000|  0%| F|  |TAMS 0x000000071f600000, 0x000000071f600000| Untracked 
| 252|0x000000071f800000, 0x000000071f800000, 0x000000071fa00000|  0%| F|  |TAMS 0x000000071f800000, 0x000000071f800000| Untracked 
| 253|0x000000071fa00000, 0x000000071fa00000, 0x000000071fc00000|  0%| F|  |TAMS 0x000000071fa00000, 0x000000071fa00000| Untracked 
| 254|0x000000071fc00000, 0x000000071fc00000, 0x000000071fe00000|  0%| F|  |TAMS 0x000000071fc00000, 0x000000071fc00000| Untracked 
| 255|0x000000071fe00000, 0x000000071fe00000, 0x0000000720000000|  0%| F|  |TAMS 0x000000071fe00000, 0x000000071fe00000| Untracked 
| 256|0x0000000720000000, 0x0000000720000000, 0x0000000720200000|  0%| F|  |TAMS 0x0000000720000000, 0x0000000720000000| Untracked 
| 257|0x0000000720200000, 0x0000000720200000, 0x0000000720400000|  0%| F|  |TAMS 0x0000000720200000, 0x0000000720200000| Untracked 
| 258|0x0000000720400000, 0x0000000720400000, 0x0000000720600000|  0%| F|  |TAMS 0x0000000720400000, 0x0000000720400000| Untracked 
| 259|0x0000000720600000, 0x0000000720600000, 0x0000000720800000|  0%| F|  |TAMS 0x0000000720600000, 0x0000000720600000| Untracked 
| 260|0x0000000720800000, 0x0000000720800000, 0x0000000720a00000|  0%| F|  |TAMS 0x0000000720800000, 0x0000000720800000| Untracked 
| 261|0x0000000720a00000, 0x0000000720a00000, 0x0000000720c00000|  0%| F|  |TAMS 0x0000000720a00000, 0x0000000720a00000| Untracked 
| 262|0x0000000720c00000, 0x0000000720c00000, 0x0000000720e00000|  0%| F|  |TAMS 0x0000000720c00000, 0x0000000720c00000| Untracked 
| 263|0x0000000720e00000, 0x0000000720e00000, 0x0000000721000000|  0%| F|  |TAMS 0x0000000720e00000, 0x0000000720e00000| Untracked 
| 264|0x0000000721000000, 0x0000000721000000, 0x0000000721200000|  0%| F|  |TAMS 0x0000000721000000, 0x0000000721000000| Untracked 
| 265|0x0000000721200000, 0x0000000721200000, 0x0000000721400000|  0%| F|  |TAMS 0x0000000721200000, 0x0000000721200000| Untracked 
| 266|0x0000000721400000, 0x0000000721400000, 0x0000000721600000|  0%| F|  |TAMS 0x0000000721400000, 0x0000000721400000| Untracked 
| 267|0x0000000721600000, 0x0000000721600000, 0x0000000721800000|  0%| F|  |TAMS 0x0000000721600000, 0x0000000721600000| Untracked 
| 268|0x0000000721800000, 0x0000000721800000, 0x0000000721a00000|  0%| F|  |TAMS 0x0000000721800000, 0x0000000721800000| Untracked 
| 269|0x0000000721a00000, 0x0000000721a00000, 0x0000000721c00000|  0%| F|  |TAMS 0x0000000721a00000, 0x0000000721a00000| Untracked 
| 270|0x0000000721c00000, 0x0000000721c00000, 0x0000000721e00000|  0%| F|  |TAMS 0x0000000721c00000, 0x0000000721c00000| Untracked 
| 271|0x0000000721e00000, 0x0000000721e00000, 0x0000000722000000|  0%| F|  |TAMS 0x0000000721e00000, 0x0000000721e00000| Untracked 
| 272|0x0000000722000000, 0x0000000722000000, 0x0000000722200000|  0%| F|  |TAMS 0x0000000722000000, 0x0000000722000000| Untracked 
| 273|0x0000000722200000, 0x0000000722200000, 0x0000000722400000|  0%| F|  |TAMS 0x0000000722200000, 0x0000000722200000| Untracked 
| 274|0x0000000722400000, 0x0000000722400000, 0x0000000722600000|  0%| F|  |TAMS 0x0000000722400000, 0x0000000722400000| Untracked 
| 275|0x0000000722600000, 0x0000000722600000, 0x0000000722800000|  0%| F|  |TAMS 0x0000000722600000, 0x0000000722600000| Untracked 
| 276|0x0000000722800000, 0x0000000722800000, 0x0000000722a00000|  0%| F|  |TAMS 0x0000000722800000, 0x0000000722800000| Untracked 
| 277|0x0000000722a00000, 0x0000000722a00000, 0x0000000722c00000|  0%| F|  |TAMS 0x0000000722a00000, 0x0000000722a00000| Untracked 
| 278|0x0000000722c00000, 0x0000000722c00000, 0x0000000722e00000|  0%| F|  |TAMS 0x0000000722c00000, 0x0000000722c00000| Untracked 
| 279|0x0000000722e00000, 0x0000000722e00000, 0x0000000723000000|  0%| F|  |TAMS 0x0000000722e00000, 0x0000000722e00000| Untracked 
| 280|0x0000000723000000, 0x0000000723000000, 0x0000000723200000|  0%| F|  |TAMS 0x0000000723000000, 0x0000000723000000| Untracked 
| 281|0x0000000723200000, 0x0000000723200000, 0x0000000723400000|  0%| F|  |TAMS 0x0000000723200000, 0x0000000723200000| Untracked 
| 282|0x0000000723400000, 0x0000000723400000, 0x0000000723600000|  0%| F|  |TAMS 0x0000000723400000, 0x0000000723400000| Untracked 
| 283|0x0000000723600000, 0x0000000723600000, 0x0000000723800000|  0%| F|  |TAMS 0x0000000723600000, 0x0000000723600000| Untracked 
| 284|0x0000000723800000, 0x0000000723800000, 0x0000000723a00000|  0%| F|  |TAMS 0x0000000723800000, 0x0000000723800000| Untracked 
| 285|0x0000000723a00000, 0x0000000723a00000, 0x0000000723c00000|  0%| F|  |TAMS 0x0000000723a00000, 0x0000000723a00000| Untracked 
| 286|0x0000000723c00000, 0x0000000723c00000, 0x0000000723e00000|  0%| F|  |TAMS 0x0000000723c00000, 0x0000000723c00000| Untracked 
| 287|0x0000000723e00000, 0x0000000723e00000, 0x0000000724000000|  0%| F|  |TAMS 0x0000000723e00000, 0x0000000723e00000| Untracked 
| 288|0x0000000724000000, 0x0000000724000000, 0x0000000724200000|  0%| F|  |TAMS 0x0000000724000000, 0x0000000724000000| Untracked 
| 289|0x0000000724200000, 0x0000000724200000, 0x0000000724400000|  0%| F|  |TAMS 0x0000000724200000, 0x0000000724200000| Untracked 
| 290|0x0000000724400000, 0x0000000724400000, 0x0000000724600000|  0%| F|  |TAMS 0x0000000724400000, 0x0000000724400000| Untracked 
| 291|0x0000000724600000, 0x0000000724600000, 0x0000000724800000|  0%| F|  |TAMS 0x0000000724600000, 0x0000000724600000| Untracked 
| 292|0x0000000724800000, 0x0000000724800000, 0x0000000724a00000|  0%| F|  |TAMS 0x0000000724800000, 0x0000000724800000| Untracked 
| 293|0x0000000724a00000, 0x0000000724a00000, 0x0000000724c00000|  0%| F|  |TAMS 0x0000000724a00000, 0x0000000724a00000| Untracked 
| 294|0x0000000724c00000, 0x0000000724c00000, 0x0000000724e00000|  0%| F|  |TAMS 0x0000000724c00000, 0x0000000724c00000| Untracked 
| 295|0x0000000724e00000, 0x0000000724e00000, 0x0000000725000000|  0%| F|  |TAMS 0x0000000724e00000, 0x0000000724e00000| Untracked 
| 296|0x0000000725000000, 0x0000000725000000, 0x0000000725200000|  0%| F|  |TAMS 0x0000000725000000, 0x0000000725000000| Untracked 
| 297|0x0000000725200000, 0x0000000725200000, 0x0000000725400000|  0%| F|  |TAMS 0x0000000725200000, 0x0000000725200000| Untracked 
| 298|0x0000000725400000, 0x0000000725400000, 0x0000000725600000|  0%| F|  |TAMS 0x0000000725400000, 0x0000000725400000| Untracked 
| 299|0x0000000725600000, 0x0000000725600000, 0x0000000725800000|  0%| F|  |TAMS 0x0000000725600000, 0x0000000725600000| Untracked 
| 300|0x0000000725800000, 0x0000000725800000, 0x0000000725a00000|  0%| F|  |TAMS 0x0000000725800000, 0x0000000725800000| Untracked 
| 301|0x0000000725a00000, 0x0000000725a00000, 0x0000000725c00000|  0%| F|  |TAMS 0x0000000725a00000, 0x0000000725a00000| Untracked 
| 302|0x0000000725c00000, 0x0000000725c00000, 0x0000000725e00000|  0%| F|  |TAMS 0x0000000725c00000, 0x0000000725c00000| Untracked 
| 303|0x0000000725e00000, 0x0000000725e00000, 0x0000000726000000|  0%| F|  |TAMS 0x0000000725e00000, 0x0000000725e00000| Untracked 
| 304|0x0000000726000000, 0x0000000726000000, 0x0000000726200000|  0%| F|  |TAMS 0x0000000726000000, 0x0000000726000000| Untracked 
| 305|0x0000000726200000, 0x0000000726200000, 0x0000000726400000|  0%| F|  |TAMS 0x0000000726200000, 0x0000000726200000| Untracked 
| 306|0x0000000726400000, 0x0000000726400000, 0x0000000726600000|  0%| F|  |TAMS 0x0000000726400000, 0x0000000726400000| Untracked 
| 307|0x0000000726600000, 0x0000000726600000, 0x0000000726800000|  0%| F|  |TAMS 0x0000000726600000, 0x0000000726600000| Untracked 
| 308|0x0000000726800000, 0x0000000726800000, 0x0000000726a00000|  0%| F|  |TAMS 0x0000000726800000, 0x0000000726800000| Untracked 
| 309|0x0000000726a00000, 0x0000000726a00000, 0x0000000726c00000|  0%| F|  |TAMS 0x0000000726a00000, 0x0000000726a00000| Untracked 
| 310|0x0000000726c00000, 0x0000000726c00000, 0x0000000726e00000|  0%| F|  |TAMS 0x0000000726c00000, 0x0000000726c00000| Untracked 
| 311|0x0000000726e00000, 0x0000000726e00000, 0x0000000727000000|  0%| F|  |TAMS 0x0000000726e00000, 0x0000000726e00000| Untracked 
| 312|0x0000000727000000, 0x0000000727000000, 0x0000000727200000|  0%| F|  |TAMS 0x0000000727000000, 0x0000000727000000| Untracked 
| 313|0x0000000727200000, 0x0000000727200000, 0x0000000727400000|  0%| F|  |TAMS 0x0000000727200000, 0x0000000727200000| Untracked 
| 314|0x0000000727400000, 0x0000000727400000, 0x0000000727600000|  0%| F|  |TAMS 0x0000000727400000, 0x0000000727400000| Untracked 
| 315|0x0000000727600000, 0x0000000727600000, 0x0000000727800000|  0%| F|  |TAMS 0x0000000727600000, 0x0000000727600000| Untracked 
| 316|0x0000000727800000, 0x0000000727800000, 0x0000000727a00000|  0%| F|  |TAMS 0x0000000727800000, 0x0000000727800000| Untracked 
| 317|0x0000000727a00000, 0x0000000727a00000, 0x0000000727c00000|  0%| F|  |TAMS 0x0000000727a00000, 0x0000000727a00000| Untracked 
| 318|0x0000000727c00000, 0x0000000727c00000, 0x0000000727e00000|  0%| F|  |TAMS 0x0000000727c00000, 0x0000000727c00000| Untracked 
| 319|0x0000000727e00000, 0x0000000727e00000, 0x0000000728000000|  0%| F|  |TAMS 0x0000000727e00000, 0x0000000727e00000| Untracked 
| 320|0x0000000728000000, 0x0000000728000000, 0x0000000728200000|  0%| F|  |TAMS 0x0000000728000000, 0x0000000728000000| Untracked 
| 321|0x0000000728200000, 0x0000000728200000, 0x0000000728400000|  0%| F|  |TAMS 0x0000000728200000, 0x0000000728200000| Untracked 
| 322|0x0000000728400000, 0x0000000728400000, 0x0000000728600000|  0%| F|  |TAMS 0x0000000728400000, 0x0000000728400000| Untracked 
| 323|0x0000000728600000, 0x0000000728600000, 0x0000000728800000|  0%| F|  |TAMS 0x0000000728600000, 0x0000000728600000| Untracked 
| 324|0x0000000728800000, 0x0000000728800000, 0x0000000728a00000|  0%| F|  |TAMS 0x0000000728800000, 0x0000000728800000| Untracked 
| 325|0x0000000728a00000, 0x0000000728a00000, 0x0000000728c00000|  0%| F|  |TAMS 0x0000000728a00000, 0x0000000728a00000| Untracked 
| 326|0x0000000728c00000, 0x0000000728c00000, 0x0000000728e00000|  0%| F|  |TAMS 0x0000000728c00000, 0x0000000728c00000| Untracked 
| 327|0x0000000728e00000, 0x0000000728e00000, 0x0000000729000000|  0%| F|  |TAMS 0x0000000728e00000, 0x0000000728e00000| Untracked 
| 328|0x0000000729000000, 0x0000000729000000, 0x0000000729200000|  0%| F|  |TAMS 0x0000000729000000, 0x0000000729000000| Untracked 
| 329|0x0000000729200000, 0x0000000729200000, 0x0000000729400000|  0%| F|  |TAMS 0x0000000729200000, 0x0000000729200000| Untracked 
| 330|0x0000000729400000, 0x0000000729400000, 0x0000000729600000|  0%| F|  |TAMS 0x0000000729400000, 0x0000000729400000| Untracked 
| 331|0x0000000729600000, 0x0000000729600000, 0x0000000729800000|  0%| F|  |TAMS 0x0000000729600000, 0x0000000729600000| Untracked 
| 332|0x0000000729800000, 0x0000000729800000, 0x0000000729a00000|  0%| F|  |TAMS 0x0000000729800000, 0x0000000729800000| Untracked 
| 333|0x0000000729a00000, 0x0000000729a00000, 0x0000000729c00000|  0%| F|  |TAMS 0x0000000729a00000, 0x0000000729a00000| Untracked 
| 334|0x0000000729c00000, 0x0000000729c00000, 0x0000000729e00000|  0%| F|  |TAMS 0x0000000729c00000, 0x0000000729c00000| Untracked 
| 335|0x0000000729e00000, 0x0000000729e00000, 0x000000072a000000|  0%| F|  |TAMS 0x0000000729e00000, 0x0000000729e00000| Untracked 
| 336|0x000000072a000000, 0x000000072a000000, 0x000000072a200000|  0%| F|  |TAMS 0x000000072a000000, 0x000000072a000000| Untracked 
| 337|0x000000072a200000, 0x000000072a200000, 0x000000072a400000|  0%| F|  |TAMS 0x000000072a200000, 0x000000072a200000| Untracked 
| 338|0x000000072a400000, 0x000000072a400000, 0x000000072a600000|  0%| F|  |TAMS 0x000000072a400000, 0x000000072a400000| Untracked 
| 339|0x000000072a600000, 0x000000072a600000, 0x000000072a800000|  0%| F|  |TAMS 0x000000072a600000, 0x000000072a600000| Untracked 
| 340|0x000000072a800000, 0x000000072a800000, 0x000000072aa00000|  0%| F|  |TAMS 0x000000072a800000, 0x000000072a800000| Untracked 
| 341|0x000000072aa00000, 0x000000072aa00000, 0x000000072ac00000|  0%| F|  |TAMS 0x000000072aa00000, 0x000000072aa00000| Untracked 
| 342|0x000000072ac00000, 0x000000072ac00000, 0x000000072ae00000|  0%| F|  |TAMS 0x000000072ac00000, 0x000000072ac00000| Untracked 
| 343|0x000000072ae00000, 0x000000072ae00000, 0x000000072b000000|  0%| F|  |TAMS 0x000000072ae00000, 0x000000072ae00000| Untracked 
| 344|0x000000072b000000, 0x000000072b000000, 0x000000072b200000|  0%| F|  |TAMS 0x000000072b000000, 0x000000072b000000| Untracked 
| 345|0x000000072b200000, 0x000000072b200000, 0x000000072b400000|  0%| F|  |TAMS 0x000000072b200000, 0x000000072b200000| Untracked 
| 346|0x000000072b400000, 0x000000072b400000, 0x000000072b600000|  0%| F|  |TAMS 0x000000072b400000, 0x000000072b400000| Untracked 
| 347|0x000000072b600000, 0x000000072b600000, 0x000000072b800000|  0%| F|  |TAMS 0x000000072b600000, 0x000000072b600000| Untracked 
| 348|0x000000072b800000, 0x000000072b800000, 0x000000072ba00000|  0%| F|  |TAMS 0x000000072b800000, 0x000000072b800000| Untracked 
| 349|0x000000072ba00000, 0x000000072ba00000, 0x000000072bc00000|  0%| F|  |TAMS 0x000000072ba00000, 0x000000072ba00000| Untracked 
| 350|0x000000072bc00000, 0x000000072bc00000, 0x000000072be00000|  0%| F|  |TAMS 0x000000072bc00000, 0x000000072bc00000| Untracked 
| 351|0x000000072be00000, 0x000000072be00000, 0x000000072c000000|  0%| F|  |TAMS 0x000000072be00000, 0x000000072be00000| Untracked 
| 352|0x000000072c000000, 0x000000072c000000, 0x000000072c200000|  0%| F|  |TAMS 0x000000072c000000, 0x000000072c000000| Untracked 
| 353|0x000000072c200000, 0x000000072c200000, 0x000000072c400000|  0%| F|  |TAMS 0x000000072c200000, 0x000000072c200000| Untracked 
| 354|0x000000072c400000, 0x000000072c400000, 0x000000072c600000|  0%| F|  |TAMS 0x000000072c400000, 0x000000072c400000| Untracked 
| 355|0x000000072c600000, 0x000000072c600000, 0x000000072c800000|  0%| F|  |TAMS 0x000000072c600000, 0x000000072c600000| Untracked 
| 356|0x000000072c800000, 0x000000072c800000, 0x000000072ca00000|  0%| F|  |TAMS 0x000000072c800000, 0x000000072c800000| Untracked 
| 357|0x000000072ca00000, 0x000000072ca00000, 0x000000072cc00000|  0%| F|  |TAMS 0x000000072ca00000, 0x000000072ca00000| Untracked 
| 358|0x000000072cc00000, 0x000000072cc00000, 0x000000072ce00000|  0%| F|  |TAMS 0x000000072cc00000, 0x000000072cc00000| Untracked 
| 359|0x000000072ce00000, 0x000000072ce00000, 0x000000072d000000|  0%| F|  |TAMS 0x000000072ce00000, 0x000000072ce00000| Untracked 
| 360|0x000000072d000000, 0x000000072d000000, 0x000000072d200000|  0%| F|  |TAMS 0x000000072d000000, 0x000000072d000000| Untracked 
| 361|0x000000072d200000, 0x000000072d200000, 0x000000072d400000|  0%| F|  |TAMS 0x000000072d200000, 0x000000072d200000| Untracked 
| 362|0x000000072d400000, 0x000000072d400000, 0x000000072d600000|  0%| F|  |TAMS 0x000000072d400000, 0x000000072d400000| Untracked 
| 363|0x000000072d600000, 0x000000072d600000, 0x000000072d800000|  0%| F|  |TAMS 0x000000072d600000, 0x000000072d600000| Untracked 
| 364|0x000000072d800000, 0x000000072d800000, 0x000000072da00000|  0%| F|  |TAMS 0x000000072d800000, 0x000000072d800000| Untracked 
| 365|0x000000072da00000, 0x000000072da00000, 0x000000072dc00000|  0%| F|  |TAMS 0x000000072da00000, 0x000000072da00000| Untracked 
| 366|0x000000072dc00000, 0x000000072dc00000, 0x000000072de00000|  0%| F|  |TAMS 0x000000072dc00000, 0x000000072dc00000| Untracked 
| 367|0x000000072de00000, 0x000000072de00000, 0x000000072e000000|  0%| F|  |TAMS 0x000000072de00000, 0x000000072de00000| Untracked 
| 368|0x000000072e000000, 0x000000072e000000, 0x000000072e200000|  0%| F|  |TAMS 0x000000072e000000, 0x000000072e000000| Untracked 
| 369|0x000000072e200000, 0x000000072e200000, 0x000000072e400000|  0%| F|  |TAMS 0x000000072e200000, 0x000000072e200000| Untracked 
| 370|0x000000072e400000, 0x000000072e400000, 0x000000072e600000|  0%| F|  |TAMS 0x000000072e400000, 0x000000072e400000| Untracked 
| 371|0x000000072e600000, 0x000000072e600000, 0x000000072e800000|  0%| F|  |TAMS 0x000000072e600000, 0x000000072e600000| Untracked 
| 372|0x000000072e800000, 0x000000072e800000, 0x000000072ea00000|  0%| F|  |TAMS 0x000000072e800000, 0x000000072e800000| Untracked 
| 373|0x000000072ea00000, 0x000000072ea00000, 0x000000072ec00000|  0%| F|  |TAMS 0x000000072ea00000, 0x000000072ea00000| Untracked 
| 374|0x000000072ec00000, 0x000000072ec00000, 0x000000072ee00000|  0%| F|  |TAMS 0x000000072ec00000, 0x000000072ec00000| Untracked 
| 375|0x000000072ee00000, 0x000000072ee00000, 0x000000072f000000|  0%| F|  |TAMS 0x000000072ee00000, 0x000000072ee00000| Untracked 
| 376|0x000000072f000000, 0x000000072f000000, 0x000000072f200000|  0%| F|  |TAMS 0x000000072f000000, 0x000000072f000000| Untracked 
| 377|0x000000072f200000, 0x000000072f200000, 0x000000072f400000|  0%| F|  |TAMS 0x000000072f200000, 0x000000072f200000| Untracked 
| 378|0x000000072f400000, 0x000000072f400000, 0x000000072f600000|  0%| F|  |TAMS 0x000000072f400000, 0x000000072f400000| Untracked 
| 379|0x000000072f600000, 0x000000072f600000, 0x000000072f800000|  0%| F|  |TAMS 0x000000072f600000, 0x000000072f600000| Untracked 
| 380|0x000000072f800000, 0x000000072f800000, 0x000000072fa00000|  0%| F|  |TAMS 0x000000072f800000, 0x000000072f800000| Untracked 
| 381|0x000000072fa00000, 0x000000072fa00000, 0x000000072fc00000|  0%| F|  |TAMS 0x000000072fa00000, 0x000000072fa00000| Untracked 
| 382|0x000000072fc00000, 0x000000072fc00000, 0x000000072fe00000|  0%| F|  |TAMS 0x000000072fc00000, 0x000000072fc00000| Untracked 
| 383|0x000000072fe00000, 0x000000072fe00000, 0x0000000730000000|  0%| F|  |TAMS 0x000000072fe00000, 0x000000072fe00000| Untracked 
| 384|0x0000000730000000, 0x0000000730000000, 0x0000000730200000|  0%| F|  |TAMS 0x0000000730000000, 0x0000000730000000| Untracked 
| 385|0x0000000730200000, 0x0000000730200000, 0x0000000730400000|  0%| F|  |TAMS 0x0000000730200000, 0x0000000730200000| Untracked 
| 386|0x0000000730400000, 0x0000000730400000, 0x0000000730600000|  0%| F|  |TAMS 0x0000000730400000, 0x0000000730400000| Untracked 
| 387|0x0000000730600000, 0x0000000730600000, 0x0000000730800000|  0%| F|  |TAMS 0x0000000730600000, 0x0000000730600000| Untracked 
| 388|0x0000000730800000, 0x0000000730800000, 0x0000000730a00000|  0%| F|  |TAMS 0x0000000730800000, 0x0000000730800000| Untracked 
| 389|0x0000000730a00000, 0x0000000730a00000, 0x0000000730c00000|  0%| F|  |TAMS 0x0000000730a00000, 0x0000000730a00000| Untracked 
| 390|0x0000000730c00000, 0x0000000730c00000, 0x0000000730e00000|  0%| F|  |TAMS 0x0000000730c00000, 0x0000000730c00000| Untracked 
| 391|0x0000000730e00000, 0x0000000730e00000, 0x0000000731000000|  0%| F|  |TAMS 0x0000000730e00000, 0x0000000730e00000| Untracked 
| 392|0x0000000731000000, 0x0000000731000000, 0x0000000731200000|  0%| F|  |TAMS 0x0000000731000000, 0x0000000731000000| Untracked 
| 393|0x0000000731200000, 0x0000000731200000, 0x0000000731400000|  0%| F|  |TAMS 0x0000000731200000, 0x0000000731200000| Untracked 
| 394|0x0000000731400000, 0x0000000731400000, 0x0000000731600000|  0%| F|  |TAMS 0x0000000731400000, 0x0000000731400000| Untracked 
| 395|0x0000000731600000, 0x0000000731600000, 0x0000000731800000|  0%| F|  |TAMS 0x0000000731600000, 0x0000000731600000| Untracked 
| 396|0x0000000731800000, 0x0000000731800000, 0x0000000731a00000|  0%| F|  |TAMS 0x0000000731800000, 0x0000000731800000| Untracked 
| 397|0x0000000731a00000, 0x0000000731a00000, 0x0000000731c00000|  0%| F|  |TAMS 0x0000000731a00000, 0x0000000731a00000| Untracked 
| 398|0x0000000731c00000, 0x0000000731c00000, 0x0000000731e00000|  0%| F|  |TAMS 0x0000000731c00000, 0x0000000731c00000| Untracked 
| 399|0x0000000731e00000, 0x0000000731e00000, 0x0000000732000000|  0%| F|  |TAMS 0x0000000731e00000, 0x0000000731e00000| Untracked 
| 400|0x0000000732000000, 0x0000000732000000, 0x0000000732200000|  0%| F|  |TAMS 0x0000000732000000, 0x0000000732000000| Untracked 
| 401|0x0000000732200000, 0x0000000732200000, 0x0000000732400000|  0%| F|  |TAMS 0x0000000732200000, 0x0000000732200000| Untracked 
| 402|0x0000000732400000, 0x0000000732400000, 0x0000000732600000|  0%| F|  |TAMS 0x0000000732400000, 0x0000000732400000| Untracked 
| 403|0x0000000732600000, 0x0000000732600000, 0x0000000732800000|  0%| F|  |TAMS 0x0000000732600000, 0x0000000732600000| Untracked 
| 404|0x0000000732800000, 0x0000000732800000, 0x0000000732a00000|  0%| F|  |TAMS 0x0000000732800000, 0x0000000732800000| Untracked 
| 405|0x0000000732a00000, 0x0000000732a00000, 0x0000000732c00000|  0%| F|  |TAMS 0x0000000732a00000, 0x0000000732a00000| Untracked 
| 406|0x0000000732c00000, 0x0000000732c00000, 0x0000000732e00000|  0%| F|  |TAMS 0x0000000732c00000, 0x0000000732c00000| Untracked 
| 407|0x0000000732e00000, 0x0000000732e00000, 0x0000000733000000|  0%| F|  |TAMS 0x0000000732e00000, 0x0000000732e00000| Untracked 
| 408|0x0000000733000000, 0x0000000733000000, 0x0000000733200000|  0%| F|  |TAMS 0x0000000733000000, 0x0000000733000000| Untracked 
| 409|0x0000000733200000, 0x0000000733200000, 0x0000000733400000|  0%| F|  |TAMS 0x0000000733200000, 0x0000000733200000| Untracked 
| 410|0x0000000733400000, 0x0000000733400000, 0x0000000733600000|  0%| F|  |TAMS 0x0000000733400000, 0x0000000733400000| Untracked 
| 411|0x0000000733600000, 0x0000000733600000, 0x0000000733800000|  0%| F|  |TAMS 0x0000000733600000, 0x0000000733600000| Untracked 
| 412|0x0000000733800000, 0x0000000733800000, 0x0000000733a00000|  0%| F|  |TAMS 0x0000000733800000, 0x0000000733800000| Untracked 
| 413|0x0000000733a00000, 0x0000000733a00000, 0x0000000733c00000|  0%| F|  |TAMS 0x0000000733a00000, 0x0000000733a00000| Untracked 
| 414|0x0000000733c00000, 0x0000000733c00000, 0x0000000733e00000|  0%| F|  |TAMS 0x0000000733c00000, 0x0000000733c00000| Untracked 
| 415|0x0000000733e00000, 0x0000000733e00000, 0x0000000734000000|  0%| F|  |TAMS 0x0000000733e00000, 0x0000000733e00000| Untracked 
| 416|0x0000000734000000, 0x0000000734000000, 0x0000000734200000|  0%| F|  |TAMS 0x0000000734000000, 0x0000000734000000| Untracked 
| 417|0x0000000734200000, 0x0000000734200000, 0x0000000734400000|  0%| F|  |TAMS 0x0000000734200000, 0x0000000734200000| Untracked 
| 418|0x0000000734400000, 0x0000000734400000, 0x0000000734600000|  0%| F|  |TAMS 0x0000000734400000, 0x0000000734400000| Untracked 
| 419|0x0000000734600000, 0x0000000734600000, 0x0000000734800000|  0%| F|  |TAMS 0x0000000734600000, 0x0000000734600000| Untracked 
| 420|0x0000000734800000, 0x0000000734800000, 0x0000000734a00000|  0%| F|  |TAMS 0x0000000734800000, 0x0000000734800000| Untracked 
| 421|0x0000000734a00000, 0x0000000734a00000, 0x0000000734c00000|  0%| F|  |TAMS 0x0000000734a00000, 0x0000000734a00000| Untracked 
| 422|0x0000000734c00000, 0x0000000734c00000, 0x0000000734e00000|  0%| F|  |TAMS 0x0000000734c00000, 0x0000000734c00000| Untracked 
| 423|0x0000000734e00000, 0x0000000734e00000, 0x0000000735000000|  0%| F|  |TAMS 0x0000000734e00000, 0x0000000734e00000| Untracked 
| 424|0x0000000735000000, 0x0000000735000000, 0x0000000735200000|  0%| F|  |TAMS 0x0000000735000000, 0x0000000735000000| Untracked 
| 425|0x0000000735200000, 0x0000000735200000, 0x0000000735400000|  0%| F|  |TAMS 0x0000000735200000, 0x0000000735200000| Untracked 
| 426|0x0000000735400000, 0x0000000735400000, 0x0000000735600000|  0%| F|  |TAMS 0x0000000735400000, 0x0000000735400000| Untracked 
| 427|0x0000000735600000, 0x0000000735600000, 0x0000000735800000|  0%| F|  |TAMS 0x0000000735600000, 0x0000000735600000| Untracked 
| 428|0x0000000735800000, 0x0000000735800000, 0x0000000735a00000|  0%| F|  |TAMS 0x0000000735800000, 0x0000000735800000| Untracked 
| 429|0x0000000735a00000, 0x0000000735a00000, 0x0000000735c00000|  0%| F|  |TAMS 0x0000000735a00000, 0x0000000735a00000| Untracked 
| 430|0x0000000735c00000, 0x0000000735c00000, 0x0000000735e00000|  0%| F|  |TAMS 0x0000000735c00000, 0x0000000735c00000| Untracked 
| 431|0x0000000735e00000, 0x0000000735e00000, 0x0000000736000000|  0%| F|  |TAMS 0x0000000735e00000, 0x0000000735e00000| Untracked 
| 432|0x0000000736000000, 0x0000000736000000, 0x0000000736200000|  0%| F|  |TAMS 0x0000000736000000, 0x0000000736000000| Untracked 
| 433|0x0000000736200000, 0x0000000736200000, 0x0000000736400000|  0%| F|  |TAMS 0x0000000736200000, 0x0000000736200000| Untracked 
| 434|0x0000000736400000, 0x0000000736400000, 0x0000000736600000|  0%| F|  |TAMS 0x0000000736400000, 0x0000000736400000| Untracked 
| 435|0x0000000736600000, 0x0000000736600000, 0x0000000736800000|  0%| F|  |TAMS 0x0000000736600000, 0x0000000736600000| Untracked 
| 436|0x0000000736800000, 0x0000000736800000, 0x0000000736a00000|  0%| F|  |TAMS 0x0000000736800000, 0x0000000736800000| Untracked 
| 437|0x0000000736a00000, 0x0000000736a00000, 0x0000000736c00000|  0%| F|  |TAMS 0x0000000736a00000, 0x0000000736a00000| Untracked 
| 438|0x0000000736c00000, 0x0000000736c00000, 0x0000000736e00000|  0%| F|  |TAMS 0x0000000736c00000, 0x0000000736c00000| Untracked 
| 439|0x0000000736e00000, 0x0000000736e00000, 0x0000000737000000|  0%| F|  |TAMS 0x0000000736e00000, 0x0000000736e00000| Untracked 
| 440|0x0000000737000000, 0x0000000737000000, 0x0000000737200000|  0%| F|  |TAMS 0x0000000737000000, 0x0000000737000000| Untracked 
| 441|0x0000000737200000, 0x0000000737200000, 0x0000000737400000|  0%| F|  |TAMS 0x0000000737200000, 0x0000000737200000| Untracked 
| 442|0x0000000737400000, 0x0000000737400000, 0x0000000737600000|  0%| F|  |TAMS 0x0000000737400000, 0x0000000737400000| Untracked 
| 443|0x0000000737600000, 0x0000000737600000, 0x0000000737800000|  0%| F|  |TAMS 0x0000000737600000, 0x0000000737600000| Untracked 
| 444|0x0000000737800000, 0x0000000737800000, 0x0000000737a00000|  0%| F|  |TAMS 0x0000000737800000, 0x0000000737800000| Untracked 
| 445|0x0000000737a00000, 0x0000000737a00000, 0x0000000737c00000|  0%| F|  |TAMS 0x0000000737a00000, 0x0000000737a00000| Untracked 
| 446|0x0000000737c00000, 0x0000000737c00000, 0x0000000737e00000|  0%| F|  |TAMS 0x0000000737c00000, 0x0000000737c00000| Untracked 
| 447|0x0000000737e00000, 0x0000000737e00000, 0x0000000738000000|  0%| F|  |TAMS 0x0000000737e00000, 0x0000000737e00000| Untracked 
| 448|0x0000000738000000, 0x0000000738000000, 0x0000000738200000|  0%| F|  |TAMS 0x0000000738000000, 0x0000000738000000| Untracked 
| 449|0x0000000738200000, 0x0000000738200000, 0x0000000738400000|  0%| F|  |TAMS 0x0000000738200000, 0x0000000738200000| Untracked 
| 450|0x0000000738400000, 0x0000000738400000, 0x0000000738600000|  0%| F|  |TAMS 0x0000000738400000, 0x0000000738400000| Untracked 
| 451|0x0000000738600000, 0x0000000738600000, 0x0000000738800000|  0%| F|  |TAMS 0x0000000738600000, 0x0000000738600000| Untracked 
| 452|0x0000000738800000, 0x0000000738800000, 0x0000000738a00000|  0%| F|  |TAMS 0x0000000738800000, 0x0000000738800000| Untracked 
| 453|0x0000000738a00000, 0x0000000738a00000, 0x0000000738c00000|  0%| F|  |TAMS 0x0000000738a00000, 0x0000000738a00000| Untracked 
| 454|0x0000000738c00000, 0x0000000738c00000, 0x0000000738e00000|  0%| F|  |TAMS 0x0000000738c00000, 0x0000000738c00000| Untracked 
| 455|0x0000000738e00000, 0x0000000738e00000, 0x0000000739000000|  0%| F|  |TAMS 0x0000000738e00000, 0x0000000738e00000| Untracked 
| 456|0x0000000739000000, 0x0000000739000000, 0x0000000739200000|  0%| F|  |TAMS 0x0000000739000000, 0x0000000739000000| Untracked 
| 457|0x0000000739200000, 0x0000000739200000, 0x0000000739400000|  0%| F|  |TAMS 0x0000000739200000, 0x0000000739200000| Untracked 
| 458|0x0000000739400000, 0x0000000739400000, 0x0000000739600000|  0%| F|  |TAMS 0x0000000739400000, 0x0000000739400000| Untracked 
| 459|0x0000000739600000, 0x0000000739600000, 0x0000000739800000|  0%| F|  |TAMS 0x0000000739600000, 0x0000000739600000| Untracked 
| 460|0x0000000739800000, 0x0000000739800000, 0x0000000739a00000|  0%| F|  |TAMS 0x0000000739800000, 0x0000000739800000| Untracked 
| 461|0x0000000739a00000, 0x0000000739a00000, 0x0000000739c00000|  0%| F|  |TAMS 0x0000000739a00000, 0x0000000739a00000| Untracked 
| 462|0x0000000739c00000, 0x0000000739c00000, 0x0000000739e00000|  0%| F|  |TAMS 0x0000000739c00000, 0x0000000739c00000| Untracked 
| 463|0x0000000739e00000, 0x0000000739efce00, 0x000000073a000000| 49%| E|  |TAMS 0x0000000739e00000, 0x0000000739e00000| Complete 
| 464|0x000000073a000000, 0x000000073a200000, 0x000000073a200000|100%| E|CS|TAMS 0x000000073a000000, 0x000000073a000000| Complete 
| 465|0x000000073a200000, 0x000000073a400000, 0x000000073a400000|100%| E|CS|TAMS 0x000000073a200000, 0x000000073a200000| Complete 
| 466|0x000000073a400000, 0x000000073a600000, 0x000000073a600000|100%| E|CS|TAMS 0x000000073a400000, 0x000000073a400000| Complete 
| 467|0x000000073a600000, 0x000000073a800000, 0x000000073a800000|100%| E|CS|TAMS 0x000000073a600000, 0x000000073a600000| Complete 
| 468|0x000000073a800000, 0x000000073aa00000, 0x000000073aa00000|100%| E|CS|TAMS 0x000000073a800000, 0x000000073a800000| Complete 
| 469|0x000000073aa00000, 0x000000073ac00000, 0x000000073ac00000|100%| E|CS|TAMS 0x000000073aa00000, 0x000000073aa00000| Complete 
| 470|0x000000073ac00000, 0x000000073ae00000, 0x000000073ae00000|100%| E|CS|TAMS 0x000000073ac00000, 0x000000073ac00000| Complete 
| 471|0x000000073ae00000, 0x000000073b000000, 0x000000073b000000|100%| E|CS|TAMS 0x000000073ae00000, 0x000000073ae00000| Complete 
| 472|0x000000073b000000, 0x000000073b200000, 0x000000073b200000|100%| E|CS|TAMS 0x000000073b000000, 0x000000073b000000| Complete 
| 473|0x000000073b200000, 0x000000073b400000, 0x000000073b400000|100%| E|CS|TAMS 0x000000073b200000, 0x000000073b200000| Complete 
| 474|0x000000073b400000, 0x000000073b600000, 0x000000073b600000|100%| E|CS|TAMS 0x000000073b400000, 0x000000073b400000| Complete 
| 475|0x000000073b600000, 0x000000073b800000, 0x000000073b800000|100%| E|CS|TAMS 0x000000073b600000, 0x000000073b600000| Complete 
| 476|0x000000073b800000, 0x000000073ba00000, 0x000000073ba00000|100%| E|CS|TAMS 0x000000073b800000, 0x000000073b800000| Complete 
| 477|0x000000073ba00000, 0x000000073bc00000, 0x000000073bc00000|100%| E|CS|TAMS 0x000000073ba00000, 0x000000073ba00000| Complete 
| 478|0x000000073bc00000, 0x000000073be00000, 0x000000073be00000|100%| E|CS|TAMS 0x000000073bc00000, 0x000000073bc00000| Complete 
| 479|0x000000073be00000, 0x000000073c000000, 0x000000073c000000|100%| E|CS|TAMS 0x000000073be00000, 0x000000073be00000| Complete 
| 480|0x000000073c000000, 0x000000073c200000, 0x000000073c200000|100%| E|CS|TAMS 0x000000073c000000, 0x000000073c000000| Complete 
| 481|0x000000073c200000, 0x000000073c400000, 0x000000073c400000|100%| E|  |TAMS 0x000000073c200000, 0x000000073c200000| Complete 
| 482|0x000000073c400000, 0x000000073c600000, 0x000000073c600000|100%| E|CS|TAMS 0x000000073c400000, 0x000000073c400000| Complete 
| 483|0x000000073c600000, 0x000000073c800000, 0x000000073c800000|100%| E|CS|TAMS 0x000000073c600000, 0x000000073c600000| Complete 
| 484|0x000000073c800000, 0x000000073ca00000, 0x000000073ca00000|100%| E|CS|TAMS 0x000000073c800000, 0x000000073c800000| Complete 
| 485|0x000000073ca00000, 0x000000073cc00000, 0x000000073cc00000|100%| E|CS|TAMS 0x000000073ca00000, 0x000000073ca00000| Complete 
| 486|0x000000073cc00000, 0x000000073ce00000, 0x000000073ce00000|100%| E|CS|TAMS 0x000000073cc00000, 0x000000073cc00000| Complete 
| 487|0x000000073ce00000, 0x000000073d000000, 0x000000073d000000|100%| E|CS|TAMS 0x000000073ce00000, 0x000000073ce00000| Complete 
| 488|0x000000073d000000, 0x000000073d200000, 0x000000073d200000|100%| E|CS|TAMS 0x000000073d000000, 0x000000073d000000| Complete 
| 489|0x000000073d200000, 0x000000073d400000, 0x000000073d400000|100%| E|CS|TAMS 0x000000073d200000, 0x000000073d200000| Complete 
| 490|0x000000073d400000, 0x000000073d600000, 0x000000073d600000|100%| E|CS|TAMS 0x000000073d400000, 0x000000073d400000| Complete 
| 491|0x000000073d600000, 0x000000073d800000, 0x000000073d800000|100%| E|CS|TAMS 0x000000073d600000, 0x000000073d600000| Complete 
| 492|0x000000073d800000, 0x000000073da00000, 0x000000073da00000|100%| E|CS|TAMS 0x000000073d800000, 0x000000073d800000| Complete 
| 493|0x000000073da00000, 0x000000073dc00000, 0x000000073dc00000|100%| E|CS|TAMS 0x000000073da00000, 0x000000073da00000| Complete 
| 494|0x000000073dc00000, 0x000000073de00000, 0x000000073de00000|100%| E|CS|TAMS 0x000000073dc00000, 0x000000073dc00000| Complete 
| 495|0x000000073de00000, 0x000000073e000000, 0x000000073e000000|100%| E|CS|TAMS 0x000000073de00000, 0x000000073de00000| Complete 
| 496|0x000000073e000000, 0x000000073e200000, 0x000000073e200000|100%| E|CS|TAMS 0x000000073e000000, 0x000000073e000000| Complete 
| 497|0x000000073e200000, 0x000000073e400000, 0x000000073e400000|100%| E|CS|TAMS 0x000000073e200000, 0x000000073e200000| Complete 
| 498|0x000000073e400000, 0x000000073e600000, 0x000000073e600000|100%| E|CS|TAMS 0x000000073e400000, 0x000000073e400000| Complete 
| 499|0x000000073e600000, 0x000000073e800000, 0x000000073e800000|100%| E|CS|TAMS 0x000000073e600000, 0x000000073e600000| Complete 
| 500|0x000000073e800000, 0x000000073ea00000, 0x000000073ea00000|100%| E|CS|TAMS 0x000000073e800000, 0x000000073e800000| Complete 
| 501|0x000000073ea00000, 0x000000073ec00000, 0x000000073ec00000|100%| E|CS|TAMS 0x000000073ea00000, 0x000000073ea00000| Complete 
| 502|0x000000073ec00000, 0x000000073ec44490, 0x000000073ee00000| 13%| S|CS|TAMS 0x000000073ec00000, 0x000000073ec00000| Complete 
| 503|0x000000073ee00000, 0x000000073f000000, 0x000000073f000000|100%| S|CS|TAMS 0x000000073ee00000, 0x000000073ee00000| Complete 
| 504|0x000000073f000000, 0x000000073f200000, 0x000000073f200000|100%| E|CS|TAMS 0x000000073f000000, 0x000000073f000000| Complete 
| 505|0x000000073f200000, 0x000000073f400000, 0x000000073f400000|100%| E|CS|TAMS 0x000000073f200000, 0x000000073f200000| Complete 
| 506|0x000000073f400000, 0x000000073f600000, 0x000000073f600000|100%| E|CS|TAMS 0x000000073f400000, 0x000000073f400000| Complete 
| 507|0x000000073f600000, 0x000000073f800000, 0x000000073f800000|100%| E|CS|TAMS 0x000000073f600000, 0x000000073f600000| Complete 
| 508|0x000000073f800000, 0x000000073fa00000, 0x000000073fa00000|100%| E|CS|TAMS 0x000000073f800000, 0x000000073f800000| Complete 
| 509|0x000000073fa00000, 0x000000073fc00000, 0x000000073fc00000|100%| E|CS|TAMS 0x000000073fa00000, 0x000000073fa00000| Complete 
| 510|0x000000073fc00000, 0x000000073fe00000, 0x000000073fe00000|100%| E|CS|TAMS 0x000000073fc00000, 0x000000073fc00000| Complete 
| 511|0x000000073fe00000, 0x0000000740000000, 0x0000000740000000|100%| E|CS|TAMS 0x000000073fe00000, 0x000000073fe00000| Complete 
| 512|0x0000000740000000, 0x0000000740200000, 0x0000000740200000|100%| E|CS|TAMS 0x0000000740000000, 0x0000000740000000| Complete 
| 513|0x0000000740200000, 0x0000000740400000, 0x0000000740400000|100%| E|CS|TAMS 0x0000000740200000, 0x0000000740200000| Complete 
| 514|0x0000000740400000, 0x0000000740600000, 0x0000000740600000|100%| E|CS|TAMS 0x0000000740400000, 0x0000000740400000| Complete 
| 515|0x0000000740600000, 0x0000000740800000, 0x0000000740800000|100%| E|CS|TAMS 0x0000000740600000, 0x0000000740600000| Complete 
| 516|0x0000000740800000, 0x0000000740a00000, 0x0000000740a00000|100%| E|CS|TAMS 0x0000000740800000, 0x0000000740800000| Complete 
| 517|0x0000000740a00000, 0x0000000740c00000, 0x0000000740c00000|100%| E|CS|TAMS 0x0000000740a00000, 0x0000000740a00000| Complete 
| 518|0x0000000740c00000, 0x0000000740e00000, 0x0000000740e00000|100%| E|CS|TAMS 0x0000000740c00000, 0x0000000740c00000| Complete 
| 519|0x0000000740e00000, 0x0000000741000000, 0x0000000741000000|100%| E|CS|TAMS 0x0000000740e00000, 0x0000000740e00000| Complete 
| 520|0x0000000741000000, 0x0000000741200000, 0x0000000741200000|100%| E|CS|TAMS 0x0000000741000000, 0x0000000741000000| Complete 
| 521|0x0000000741200000, 0x0000000741400000, 0x0000000741400000|100%| E|CS|TAMS 0x0000000741200000, 0x0000000741200000| Complete 
| 522|0x0000000741400000, 0x0000000741600000, 0x0000000741600000|100%| E|CS|TAMS 0x0000000741400000, 0x0000000741400000| Complete 
|2046|0x00000007ffc00000, 0x00000007ffe00000, 0x00000007ffe00000|100%| O|  |TAMS 0x00000007ffe00000, 0x00000007ffc00000| Untracked 
|2047|0x00000007ffe00000, 0x0000000800000000, 0x0000000800000000|100%| O|  |TAMS 0x0000000800000000, 0x00000007ffe00000| Untracked 

Card table byte_map: [0x000001823cb10000,0x000001823d310000] _byte_map_base: 0x0000018239310000

Marking Bits (Prev, Next): (CMBitMap*) 0x000001822552a930, (CMBitMap*) 0x000001822552a970
 Prev Bits: [0x000001823db10000, 0x0000018241b10000)
 Next Bits: [0x0000018241b10000, 0x0000018245b10000)

Polling page: 0x0000018224b20000

Metaspace:

Usage:
  Non-class:    107.33 MB used.
      Class:     16.53 MB used.
       Both:    123.86 MB used.

Virtual space:
  Non-class space:      128.00 MB reserved,     108.38 MB ( 85%) committed,  2 nodes.
      Class space:      416.00 MB reserved,      17.44 MB (  4%) committed,  1 nodes.
             Both:      544.00 MB reserved,     125.81 MB ( 23%) committed. 

Chunk freelists:
   Non-Class:  3.63 MB
       Class:  14.57 MB
        Both:  18.20 MB

MaxMetaspaceSize: 512.00 MB
CompressedClassSpaceSize: 416.00 MB
Initial GC threshold: 21.00 MB
Current GC threshold: 207.81 MB
CDS: on
MetaspaceReclaimPolicy: balanced
 - commit_granule_bytes: 65536.
 - commit_granule_words: 8192.
 - virtual_space_node_default_size: 8388608.
 - enlarge_chunks_in_place: 1.
 - new_chunks_are_fully_committed: 0.
 - uncommit_free_chunks: 1.
 - use_allocation_guard: 0.
 - handle_deallocations: 1.


Internal statistics:

num_allocs_failed_limit: 6.
num_arena_births: 3266.
num_arena_deaths: 298.
num_vsnodes_births: 3.
num_vsnodes_deaths: 0.
num_space_committed: 2011.
num_space_uncommitted: 0.
num_chunks_returned_to_freelist: 349.
num_chunks_taken_from_freelist: 9446.
num_chunk_merges: 127.
num_chunk_splits: 5635.
num_chunks_enlarged: 3060.
num_inconsistent_stats: 0.

CodeHeap 'non-profiled nmethods': size=120000Kb used=17384Kb max_used=17384Kb free=102616Kb
 bounds [0x0000018234ab0000, 0x0000018235bb0000, 0x000001823bfe0000]
CodeHeap 'profiled nmethods': size=120000Kb used=40115Kb max_used=40115Kb free=79884Kb
 bounds [0x000001822cfe0000, 0x000001822f710000, 0x0000018234510000]
CodeHeap 'non-nmethods': size=5760Kb used=2471Kb max_used=2561Kb free=3288Kb
 bounds [0x0000018234510000, 0x00000182347a0000, 0x0000018234ab0000]
 total_blobs=21346 nmethods=20328 adapters=929
 compilation: enabled
              stopped_count=0, restarted_count=0
 full_count=0

Compilation events (20 events):
Event: 7164.473 Thread 0x000001824857d370 24744       3       com.google.common.base.Ascii::toUpperCase (74 bytes)
Event: 7164.474 Thread 0x000001824857d370 nmethod 24744 0x000001822f6f3a10 code [0x000001822f6f3cc0, 0x000001822f6f4ae8]
Event: 7164.476 Thread 0x000001824857d370 24745       1       com.android.builder.internal.BaseConfigImpl::getConsumerProguardFiles (5 bytes)
Event: 7164.477 Thread 0x000001824857d370 nmethod 24745 0x0000018235ba5390 code [0x0000018235ba5520, 0x0000018235ba55f8]
Event: 7164.477 Thread 0x000001824857d370 24746       3       com.android.build.gradle.internal.core.dsl.impl.DslInfoUtilsKt::computeMergedOptions (66 bytes)
Event: 7164.479 Thread 0x000001824857d370 nmethod 24746 0x000001822f6f5090 code [0x000001822f6f5540, 0x000001822f6f7558]
Event: 7164.479 Thread 0x000001824857d370 24747       3       com.android.build.gradle.internal.core.dsl.impl.DslInfoUtilsKt$computeMergedOptions$1::<init> (11 bytes)
Event: 7164.480 Thread 0x000001824857d370 nmethod 24747 0x000001822f6f8090 code [0x000001822f6f8240, 0x000001822f6f8478]
Event: 7164.484 Thread 0x000001824857d370 24748       1       com.android.build.api.component.impl.features.DexingImpl::getDexingType (5 bytes)
Event: 7164.484 Thread 0x000001824857d370 nmethod 24748 0x0000018235ba5690 code [0x0000018235ba5820, 0x0000018235ba58f8]
Event: 7164.535 Thread 0x000001824857b2d0 24749       4       org.gradle.api.internal.provider.Collectors$TypedCollector::hashCode (22 bytes)
Event: 7164.537 Thread 0x000001824857b2d0 nmethod 24749 0x0000018235ba5990 code [0x0000018235ba5b20, 0x0000018235ba5cd8]
Event: 7164.537 Thread 0x000001824857b2d0 24750       4       org.gradle.api.internal.provider.Collectors$ElementFromProvider::hashCode (15 bytes)
Event: 7164.538 Thread 0x000001824857b2d0 nmethod 24750 0x0000018235ba5e10 code [0x0000018235ba5f80, 0x0000018235ba6078]
Event: 7164.545 Thread 0x000001824857b2d0 24751       4       org.gradle.api.internal.provider.AbstractMinimalProvider::flatMap (10 bytes)
Event: 7164.547 Thread 0x000001824857b2d0 nmethod 24751 0x0000018235ba6190 code [0x0000018235ba6320, 0x0000018235ba6418]
Event: 7164.563 Thread 0x000001824857b2d0 24755       4       org.gradle.internal.id.ConfigurationCacheableIdFactory::createId (33 bytes)
Event: 7164.563 Thread 0x000001824857d370 24752       1       com.android.build.api.component.impl.ComponentImpl::getJavaCompilation (5 bytes)
Event: 7164.563 Thread 0x000001824857d370 nmethod 24752 0x0000018235ba6510 code [0x0000018235ba66a0, 0x0000018235ba6778]
Event: 7164.563 Thread 0x000001824857d370 24754       3       java.nio.charset.Charset::lookup (44 bytes)

GC Heap History (20 events):
Event: 2546.971 GC heap before
{Heap before GC invocations=82 (full 0):
 garbage-first heap   total 407552K, used 344451K [0x0000000700000000, 0x0000000800000000)
  region size 2048K, 53 young (108544K), 5 survivors (10240K)
 Metaspace       used 124493K, committed 126272K, reserved 557056K
  class space    used 16744K, committed 17536K, reserved 425984K
}
Event: 2547.189 GC heap after
{Heap after GC invocations=83 (full 0):
 garbage-first heap   total 407552K, used 248327K [0x0000000700000000, 0x0000000800000000)
  region size 2048K, 4 young (8192K), 4 survivors (8192K)
 Metaspace       used 124493K, committed 126272K, reserved 557056K
  class space    used 16744K, committed 17536K, reserved 425984K
}
Event: 5366.988 GC heap before
{Heap before GC invocations=83 (full 0):
 garbage-first heap   total 407552K, used 348679K [0x0000000700000000, 0x0000000800000000)
  region size 2048K, 53 young (108544K), 4 survivors (8192K)
 Metaspace       used 124520K, committed 126272K, reserved 557056K
  class space    used 16744K, committed 17536K, reserved 425984K
}
Event: 5367.112 GC heap after
{Heap after GC invocations=84 (full 0):
 garbage-first heap   total 407552K, used 248227K [0x0000000700000000, 0x0000000800000000)
  region size 2048K, 4 young (8192K), 4 survivors (8192K)
 Metaspace       used 124520K, committed 126272K, reserved 557056K
  class space    used 16744K, committed 17536K, reserved 425984K
}
Event: 6686.292 GC heap before
{Heap before GC invocations=84 (full 0):
 garbage-first heap   total 407552K, used 350627K [0x0000000700000000, 0x0000000800000000)
  region size 2048K, 54 young (110592K), 4 survivors (8192K)
 Metaspace       used 124940K, committed 126784K, reserved 557056K
  class space    used 16796K, committed 17664K, reserved 425984K
}
Event: 6686.357 GC heap after
{Heap after GC invocations=85 (full 0):
 garbage-first heap   total 407552K, used 252585K [0x0000000700000000, 0x0000000800000000)
  region size 2048K, 6 young (12288K), 6 survivors (12288K)
 Metaspace       used 124940K, committed 126784K, reserved 557056K
  class space    used 16796K, committed 17664K, reserved 425984K
}
Event: 6690.126 GC heap before
{Heap before GC invocations=85 (full 0):
 garbage-first heap   total 407552K, used 346793K [0x0000000700000000, 0x0000000800000000)
  region size 2048K, 53 young (108544K), 6 survivors (12288K)
 Metaspace       used 125248K, committed 127104K, reserved 557056K
  class space    used 16810K, committed 17664K, reserved 425984K
}
Event: 6690.186 GC heap after
{Heap after GC invocations=86 (full 0):
 garbage-first heap   total 407552K, used 263293K [0x0000000700000000, 0x0000000800000000)
  region size 2048K, 7 young (14336K), 7 survivors (14336K)
 Metaspace       used 125248K, committed 127104K, reserved 557056K
  class space    used 16810K, committed 17664K, reserved 425984K
}
Event: 6692.282 GC heap before
{Heap before GC invocations=86 (full 0):
 garbage-first heap   total 407552K, used 347261K [0x0000000700000000, 0x0000000800000000)
  region size 2048K, 48 young (98304K), 7 survivors (14336K)
 Metaspace       used 125620K, committed 127488K, reserved 557056K
  class space    used 16842K, committed 17728K, reserved 425984K
}
Event: 6692.342 GC heap after
{Heap after GC invocations=87 (full 0):
 garbage-first heap   total 407552K, used 277334K [0x0000000700000000, 0x0000000800000000)
  region size 2048K, 6 young (12288K), 6 survivors (12288K)
 Metaspace       used 125620K, committed 127488K, reserved 557056K
  class space    used 16842K, committed 17728K, reserved 425984K
}
Event: 6693.643 GC heap before
{Heap before GC invocations=88 (full 0):
 garbage-first heap   total 540672K, used 330582K [0x0000000700000000, 0x0000000800000000)
  region size 2048K, 32 young (65536K), 6 survivors (12288K)
 Metaspace       used 125467K, committed 127680K, reserved 557056K
  class space    used 16777K, committed 17728K, reserved 425984K
}
Event: 6693.676 GC heap after
{Heap after GC invocations=89 (full 0):
 garbage-first heap   total 540672K, used 287309K [0x0000000700000000, 0x0000000800000000)
  region size 2048K, 4 young (8192K), 4 survivors (8192K)
 Metaspace       used 125467K, committed 127680K, reserved 557056K
  class space    used 16777K, committed 17728K, reserved 425984K
}
Event: 6694.273 GC heap before
{Heap before GC invocations=89 (full 0):
 garbage-first heap   total 540672K, used 305741K [0x0000000700000000, 0x0000000800000000)
  region size 2048K, 13 young (26624K), 4 survivors (8192K)
 Metaspace       used 125524K, committed 127680K, reserved 557056K
  class space    used 16781K, committed 17728K, reserved 425984K
}
Event: 6694.332 GC heap after
{Heap after GC invocations=90 (full 0):
 garbage-first heap   total 540672K, used 252165K [0x0000000700000000, 0x0000000800000000)
  region size 2048K, 2 young (4096K), 2 survivors (4096K)
 Metaspace       used 125524K, committed 127680K, reserved 557056K
  class space    used 16781K, committed 17728K, reserved 425984K
}
Event: 6694.811 GC heap before
{Heap before GC invocations=90 (full 0):
 garbage-first heap   total 540672K, used 274693K [0x0000000700000000, 0x0000000800000000)
  region size 2048K, 13 young (26624K), 2 survivors (4096K)
 Metaspace       used 125632K, committed 127680K, reserved 557056K
  class space    used 16795K, committed 17728K, reserved 425984K
}
Event: 6694.899 GC heap after
{Heap after GC invocations=91 (full 0):
 garbage-first heap   total 540672K, used 235720K [0x0000000700000000, 0x0000000800000000)
  region size 2048K, 2 young (4096K), 2 survivors (4096K)
 Metaspace       used 125632K, committed 127680K, reserved 557056K
  class space    used 16795K, committed 17728K, reserved 425984K
}
Event: 6733.308 GC heap before
{Heap before GC invocations=91 (full 0):
 garbage-first heap   total 540672K, used 422088K [0x0000000700000000, 0x0000000800000000)
  region size 2048K, 93 young (190464K), 2 survivors (4096K)
 Metaspace       used 126500K, committed 128448K, reserved 557056K
  class space    used 16890K, committed 17792K, reserved 425984K
}
Event: 6733.646 GC heap after
{Heap after GC invocations=92 (full 0):
 garbage-first heap   total 1075200K, used 245872K [0x0000000700000000, 0x0000000800000000)
  region size 2048K, 7 young (14336K), 7 survivors (14336K)
 Metaspace       used 126500K, committed 128448K, reserved 557056K
  class space    used 16890K, committed 17792K, reserved 425984K
}
Event: 7076.970 GC heap before
{Heap before GC invocations=92 (full 0):
 garbage-first heap   total 1075200K, used 284784K [0x0000000700000000, 0x0000000800000000)
  region size 2048K, 26 young (53248K), 7 survivors (14336K)
 Metaspace       used 126554K, committed 128512K, reserved 557056K
  class space    used 16903K, committed 17856K, reserved 425984K
}
Event: 7077.127 GC heap after
{Heap after GC invocations=93 (full 0):
 garbage-first heap   total 1075200K, used 247022K [0x0000000700000000, 0x0000000800000000)
  region size 2048K, 2 young (4096K), 2 survivors (4096K)
 Metaspace       used 126554K, committed 128512K, reserved 557056K
  class space    used 16903K, committed 17856K, reserved 425984K
}

Dll operation events (15 events):
Event: 0.021 Loaded shared library C:\Program Files\Microsoft\jdk-17.0.12.7-hotspot\bin\java.dll
Event: 0.050 Loaded shared library C:\Program Files\Microsoft\jdk-17.0.12.7-hotspot\bin\jsvml.dll
Event: 0.149 Loaded shared library C:\Program Files\Microsoft\jdk-17.0.12.7-hotspot\bin\zip.dll
Event: 0.155 Loaded shared library C:\Program Files\Microsoft\jdk-17.0.12.7-hotspot\bin\instrument.dll
Event: 0.164 Loaded shared library C:\Program Files\Microsoft\jdk-17.0.12.7-hotspot\bin\net.dll
Event: 0.167 Loaded shared library C:\Program Files\Microsoft\jdk-17.0.12.7-hotspot\bin\nio.dll
Event: 0.171 Loaded shared library C:\Program Files\Microsoft\jdk-17.0.12.7-hotspot\bin\zip.dll
Event: 0.829 Loaded shared library C:\Program Files\Microsoft\jdk-17.0.12.7-hotspot\bin\jimage.dll
Event: 1.522 Loaded shared library C:\Program Files\Microsoft\jdk-17.0.12.7-hotspot\bin\verify.dll
Event: 1.978 Loaded shared library C:\Users\Abutalib\.gradle\native\c067742578af261105cb4f569cf0c3c89f3d7b1fecec35dd04571415982c5e48\windows-amd64\native-platform.dll
Event: 2.004 Loaded shared library C:\Users\Abutalib\.gradle\native\100fb08df4bc3b14c8652ba06237920a3bd2aa13389f12d3474272988ae205f9\windows-amd64\native-platform-file-events.dll
Event: 5.722 Loaded shared library C:\Program Files\Microsoft\jdk-17.0.12.7-hotspot\bin\management.dll
Event: 5.731 Loaded shared library C:\Program Files\Microsoft\jdk-17.0.12.7-hotspot\bin\management_ext.dll
Event: 6.315 Loaded shared library C:\Program Files\Microsoft\jdk-17.0.12.7-hotspot\bin\extnet.dll
Event: 6.990 Loaded shared library C:\Program Files\Microsoft\jdk-17.0.12.7-hotspot\bin\sunmscapi.dll

Deoptimization events (20 events):
Event: 7163.642 Thread 0x000001827551f4c0 Uncommon trap: trap_request=0xffffffbe fr.pc=0x0000018235b35df0 relative=0x0000000000002e10
Event: 7163.642 Thread 0x000001827551f4c0 Uncommon trap: reason=profile_predicate action=maybe_recompile pc=0x0000018235b35df0 method=java.util.AbstractSet.hashCode()I @ 13 c2
Event: 7163.642 Thread 0x000001827551f4c0 DEOPT PACKING pc=0x0000018235b35df0 sp=0x00000038e68f8940
Event: 7163.642 Thread 0x000001827551f4c0 DEOPT UNPACKING pc=0x00000182345669a3 sp=0x00000038e68f8828 mode 2
Event: 7163.642 Thread 0x000001827551f4c0 Uncommon trap: trap_request=0xffffffbe fr.pc=0x0000018235b35df0 relative=0x0000000000002e10
Event: 7163.642 Thread 0x000001827551f4c0 Uncommon trap: reason=profile_predicate action=maybe_recompile pc=0x0000018235b35df0 method=java.util.AbstractSet.hashCode()I @ 13 c2
Event: 7163.642 Thread 0x000001827551f4c0 DEOPT PACKING pc=0x0000018235b35df0 sp=0x00000038e68f8940
Event: 7163.642 Thread 0x000001827551f4c0 DEOPT UNPACKING pc=0x00000182345669a3 sp=0x00000038e68f8828 mode 2
Event: 7163.643 Thread 0x000001827551f4c0 Uncommon trap: trap_request=0xffffffbe fr.pc=0x0000018235b35df0 relative=0x0000000000002e10
Event: 7163.643 Thread 0x000001827551f4c0 Uncommon trap: reason=profile_predicate action=maybe_recompile pc=0x0000018235b35df0 method=java.util.AbstractSet.hashCode()I @ 13 c2
Event: 7163.643 Thread 0x000001827551f4c0 DEOPT PACKING pc=0x0000018235b35df0 sp=0x00000038e68f8940
Event: 7163.643 Thread 0x000001827551f4c0 DEOPT UNPACKING pc=0x00000182345669a3 sp=0x00000038e68f8828 mode 2
Event: 7163.643 Thread 0x000001827551f4c0 Uncommon trap: trap_request=0xffffffbe fr.pc=0x0000018235b35df0 relative=0x0000000000002e10
Event: 7163.643 Thread 0x000001827551f4c0 Uncommon trap: reason=profile_predicate action=maybe_recompile pc=0x0000018235b35df0 method=java.util.AbstractSet.hashCode()I @ 13 c2
Event: 7163.643 Thread 0x000001827551f4c0 DEOPT PACKING pc=0x0000018235b35df0 sp=0x00000038e68f8940
Event: 7163.643 Thread 0x000001827551f4c0 DEOPT UNPACKING pc=0x00000182345669a3 sp=0x00000038e68f8828 mode 2
Event: 7163.708 Thread 0x0000018273b6fea0 Uncommon trap: trap_request=0xfffffff4 fr.pc=0x0000018235b647e4 relative=0x0000000000000144
Event: 7163.708 Thread 0x0000018273b6fea0 Uncommon trap: reason=null_check action=make_not_entrant pc=0x0000018235b647e4 method=org.gradle.internal.properties.bean.DefaultPropertyWalker$CachedPropertyValue.isConfigurable()Z @ 6 c2
Event: 7163.709 Thread 0x0000018273b6fea0 DEOPT PACKING pc=0x0000018235b647e4 sp=0x00000038e98fd770
Event: 7163.709 Thread 0x0000018273b6fea0 DEOPT UNPACKING pc=0x00000182345669a3 sp=0x00000038e98fd698 mode 2

Classes loaded (20 events):
Event: 124.010 Loading class sun/nio/ch/SocketChannelImpl$DefaultOptionsHolder
Event: 124.011 Loading class sun/nio/ch/SocketChannelImpl$DefaultOptionsHolder done
Event: 154.103 Loading class java/util/Locale$1
Event: 154.104 Loading class java/util/Locale$1 done
Event: 154.135 Loading class java/util/concurrent/CompletableFuture$AsyncRun
Event: 154.136 Loading class java/util/concurrent/CompletableFuture$AsyncRun done
Event: 6682.676 Loading class jdk/internal/math/FormattedFloatingDecimal$Form
Event: 6682.710 Loading class jdk/internal/math/FormattedFloatingDecimal$Form done
Event: 6682.712 Loading class jdk/internal/math/FormattedFloatingDecimal
Event: 6682.761 Loading class jdk/internal/math/FormattedFloatingDecimal done
Event: 6682.764 Loading class jdk/internal/math/FormattedFloatingDecimal$1
Event: 6682.773 Loading class jdk/internal/math/FormattedFloatingDecimal$1 done
Event: 6682.819 Loading class jdk/internal/math/FormattedFloatingDecimal$2
Event: 6682.822 Loading class jdk/internal/math/FormattedFloatingDecimal$2 done
Event: 6990.440 Loading class sun/net/ConnectionResetException
Event: 6990.474 Loading class sun/net/ConnectionResetException done
Event: 6990.998 Loading class java/net/ConnectException
Event: 6991.004 Loading class java/net/ConnectException done
Event: 6991.008 Loading class sun/net/util/SocketExceptions
Event: 6991.068 Loading class sun/net/util/SocketExceptions done

Classes unloaded (20 events):
Event: 6693.095 Thread 0x00000182485244b0 Unloading class 0x000001824a1e2800 'java/lang/invoke/LambdaForm$MH+0x000001824a1e2800'
Event: 6693.095 Thread 0x00000182485244b0 Unloading class 0x000001824a1e2400 'java/lang/invoke/LambdaForm$MH+0x000001824a1e2400'
Event: 6693.095 Thread 0x00000182485244b0 Unloading class 0x000001824a1e2000 'java/lang/invoke/LambdaForm$MH+0x000001824a1e2000'
Event: 6693.095 Thread 0x00000182485244b0 Unloading class 0x000001824a1e1c00 'java/lang/invoke/LambdaForm$MH+0x000001824a1e1c00'
Event: 6693.095 Thread 0x00000182485244b0 Unloading class 0x000001824a1e1800 'java/lang/invoke/LambdaForm$MH+0x000001824a1e1800'
Event: 6693.095 Thread 0x00000182485244b0 Unloading class 0x000001824a1e1400 'java/lang/invoke/LambdaForm$MH+0x000001824a1e1400'
Event: 6693.095 Thread 0x00000182485244b0 Unloading class 0x000001824a1e0400 'java/lang/invoke/LambdaForm$MH+0x000001824a1e0400'
Event: 6693.095 Thread 0x00000182485244b0 Unloading class 0x000001824a1e0000 'java/lang/invoke/LambdaForm$BMH+0x000001824a1e0000'
Event: 6693.095 Thread 0x00000182485244b0 Unloading class 0x000001824a110800 'java/lang/invoke/LambdaForm$DMH+0x000001824a110800'
Event: 6693.095 Thread 0x00000182485244b0 Unloading class 0x000001824a110000 'java/lang/invoke/LambdaForm$DMH+0x000001824a110000'
Event: 6693.095 Thread 0x00000182485244b0 Unloading class 0x000001824a0e6000 'java/lang/invoke/LambdaForm$MH+0x000001824a0e6000'
Event: 6693.095 Thread 0x00000182485244b0 Unloading class 0x000001824a0e5800 'java/lang/invoke/LambdaForm$MH+0x000001824a0e5800'
Event: 6693.095 Thread 0x00000182485244b0 Unloading class 0x000001824a0e5400 'java/lang/invoke/LambdaForm$MH+0x000001824a0e5400'
Event: 6693.095 Thread 0x00000182485244b0 Unloading class 0x000001824a0e5000 'java/lang/invoke/LambdaForm$MH+0x000001824a0e5000'
Event: 6693.095 Thread 0x00000182485244b0 Unloading class 0x000001824a0e4c00 'java/lang/invoke/LambdaForm$MH+0x000001824a0e4c00'
Event: 6693.095 Thread 0x00000182485244b0 Unloading class 0x000001824a0e4400 'java/lang/invoke/LambdaForm$MH+0x000001824a0e4400'
Event: 6693.095 Thread 0x00000182485244b0 Unloading class 0x000001824a038400 'java/lang/invoke/LambdaForm$DMH+0x000001824a038400'
Event: 6693.095 Thread 0x00000182485244b0 Unloading class 0x000001824a02e800 'java/lang/invoke/LambdaForm$MH+0x000001824a02e800'
Event: 6693.095 Thread 0x00000182485244b0 Unloading class 0x000001824a02e400 'java/lang/invoke/LambdaForm$MH+0x000001824a02e400'
Event: 6693.095 Thread 0x00000182485244b0 Unloading class 0x000001824a02c000 'java/lang/invoke/LambdaForm$MH+0x000001824a02c000'

Classes redefined (0 events):
No events

Internal exceptions (20 events):
Event: 7162.534 Thread 0x00000182742b0500 Exception <a 'java/net/ConnectException'{0x000000074084c360}: Connection refused: connect> (0x000000074084c360) 
thrown [s\src\hotspot\share\prims\jni.cpp, line 535]
Event: 7162.883 Thread 0x0000018269a88060 Exception <a 'sun/nio/fs/WindowsException'{0x000000073d4b9000}> (0x000000073d4b9000) 
thrown [s\src\hotspot\share\prims\jni.cpp, line 516]
Event: 7162.885 Thread 0x0000018269a88060 Exception <a 'sun/nio/fs/WindowsException'{0x000000073d4bb0a0}> (0x000000073d4bb0a0) 
thrown [s\src\hotspot\share\prims\jni.cpp, line 516]
Event: 7162.886 Thread 0x0000018269a88060 Exception <a 'sun/nio/fs/WindowsException'{0x000000073d4bd0a0}> (0x000000073d4bd0a0) 
thrown [s\src\hotspot\share\prims\jni.cpp, line 516]
Event: 7162.886 Thread 0x0000018269a88060 Exception <a 'sun/nio/fs/WindowsException'{0x000000073d4bed38}> (0x000000073d4bed38) 
thrown [s\src\hotspot\share\prims\jni.cpp, line 516]
Event: 7162.890 Thread 0x0000018269a88060 Exception <a 'sun/nio/fs/WindowsException'{0x000000073d4c87e8}> (0x000000073d4c87e8) 
thrown [s\src\hotspot\share\prims\jni.cpp, line 516]
Event: 7163.014 Thread 0x0000018269a89ec0 Exception <a 'sun/nio/fs/WindowsException'{0x000000073cefacf8}> (0x000000073cefacf8) 
thrown [s\src\hotspot\share\prims\jni.cpp, line 516]
Event: 7163.015 Thread 0x0000018269a89ec0 Exception <a 'sun/nio/fs/WindowsException'{0x000000073cefce30}> (0x000000073cefce30) 
thrown [s\src\hotspot\share\prims\jni.cpp, line 516]
Event: 7163.015 Thread 0x0000018269a89ec0 Exception <a 'sun/nio/fs/WindowsException'{0x000000073ceff118}> (0x000000073ceff118) 
thrown [s\src\hotspot\share\prims\jni.cpp, line 516]
Event: 7163.016 Thread 0x0000018269a89ec0 Exception <a 'sun/nio/fs/WindowsException'{0x000000073cf00e28}> (0x000000073cf00e28) 
thrown [s\src\hotspot\share\prims\jni.cpp, line 516]
Event: 7163.546 Thread 0x00000182742b0500 Exception <a 'java/net/ConnectException'{0x000000074084e4f0}: Connection refused: connect> (0x000000074084e4f0) 
thrown [s\src\hotspot\share\prims\jni.cpp, line 535]
Event: 7163.547 Thread 0x00000182742b0500 Exception <a 'java/net/ConnectException'{0x000000074084ea58}: Connection refused: connect> (0x000000074084ea58) 
thrown [s\src\hotspot\share\prims\jni.cpp, line 535]
Event: 7163.708 Thread 0x0000018273b6fea0 Implicit null exception at 0x0000018235b646d5 to 0x0000018235b647d0
Event: 7163.758 Thread 0x0000018273b6fea0 Exception <a 'sun/nio/fs/WindowsException'{0x000000073babdf58}> (0x000000073babdf58) 
thrown [s\src\hotspot\share\prims\jni.cpp, line 516]
Event: 7163.760 Thread 0x0000018273b6fea0 Exception <a 'sun/nio/fs/WindowsException'{0x000000073bac0420}> (0x000000073bac0420) 
thrown [s\src\hotspot\share\prims\jni.cpp, line 516]
Event: 7163.760 Thread 0x0000018273b6fea0 Exception <a 'sun/nio/fs/WindowsException'{0x000000073bac2828}> (0x000000073bac2828) 
thrown [s\src\hotspot\share\prims\jni.cpp, line 516]
Event: 7163.761 Thread 0x0000018273b6fea0 Exception <a 'sun/nio/fs/WindowsException'{0x000000073bac48a8}> (0x000000073bac48a8) 
thrown [s\src\hotspot\share\prims\jni.cpp, line 516]
Event: 7164.064 Thread 0x000001827551f4c0 Exception <a 'sun/nio/fs/WindowsException'{0x000000073aa0af70}> (0x000000073aa0af70) 
thrown [s\src\hotspot\share\prims\jni.cpp, line 516]
Event: 7164.559 Thread 0x00000182742b0500 Exception <a 'java/net/ConnectException'{0x0000000740850bb0}: Connection refused: connect> (0x0000000740850bb0) 
thrown [s\src\hotspot\share\prims\jni.cpp, line 535]
Event: 7164.560 Thread 0x00000182742b0500 Exception <a 'java/net/ConnectException'{0x0000000740851118}: Connection refused: connect> (0x0000000740851118) 
thrown [s\src\hotspot\share\prims\jni.cpp, line 535]

VM Operations (20 events):
Event: 7027.014 Executing VM operation: Cleanup done
Event: 7051.211 Executing VM operation: Cleanup
Event: 7051.212 Executing VM operation: Cleanup done
Event: 7057.254 Executing VM operation: Cleanup
Event: 7057.254 Executing VM operation: Cleanup done
Event: 7076.964 Executing VM operation: G1CollectForAllocation
Event: 7077.127 Executing VM operation: G1CollectForAllocation done
Event: 7158.725 Executing VM operation: Cleanup
Event: 7158.726 Executing VM operation: Cleanup done
Event: 7159.738 Executing VM operation: Cleanup
Event: 7159.738 Executing VM operation: Cleanup done
Event: 7160.741 Executing VM operation: Cleanup
Event: 7160.756 Executing VM operation: Cleanup done
Event: 7161.770 Executing VM operation: Cleanup
Event: 7161.771 Executing VM operation: Cleanup done
Event: 7162.783 Executing VM operation: Cleanup
Event: 7162.784 Executing VM operation: Cleanup done
Event: 7163.797 Executing VM operation: Cleanup
Event: 7163.798 Executing VM operation: Cleanup done
Event: 7164.808 Executing VM operation: Cleanup

Events (20 events):
Event: 7163.727 Thread 0x000001826b636790 Thread added: 0x000001826b636790
Event: 7163.728 Thread 0x000001826b635d70 Thread added: 0x000001826b635d70
Event: 7163.728 Thread 0x000001826b636280 Thread added: 0x000001826b636280
Event: 7163.729 Thread 0x000001826b636ca0 Thread added: 0x000001826b636ca0
Event: 7163.783 Thread 0x000001826b637bd0 Thread added: 0x000001826b637bd0
Event: 7163.783 Thread 0x0000018269a030d0 Thread added: 0x0000018269a030d0
Event: 7163.784 Thread 0x0000018269a04000 Thread added: 0x0000018269a04000
Event: 7163.784 Thread 0x0000018269a01780 Thread added: 0x0000018269a01780
Event: 7163.785 Thread 0x0000018269a05950 Thread added: 0x0000018269a05950
Event: 7163.785 Thread 0x0000018269a021a0 Thread added: 0x0000018269a021a0
Event: 7163.786 Thread 0x0000018269a05e60 Thread added: 0x0000018269a05e60
Event: 7163.878 Thread 0x0000018269a026b0 Thread added: 0x0000018269a026b0
Event: 7163.878 Thread 0x0000018269a07cc0 Thread added: 0x0000018269a07cc0
Event: 7163.879 Thread 0x0000018269a086e0 Thread added: 0x0000018269a086e0
Event: 7163.880 Thread 0x0000018269a09100 Thread added: 0x0000018269a09100
Event: 7163.881 Thread 0x0000018269a08bf0 Thread added: 0x0000018269a08bf0
Event: 7163.881 Thread 0x0000018269a081d0 Thread added: 0x0000018269a081d0
Event: 7163.881 Thread 0x0000018269a06d90 Thread added: 0x0000018269a06d90
Event: 7163.905 Thread 0x0000018268d9d630 Thread added: 0x0000018268d9d630
Event: 7164.197 Thread 0x00000182742b0f20 Thread added: 0x00000182742b0f20


Dynamic libraries:
0x00007ff781bc0000 - 0x00007ff781bce000 	C:\Program Files\Microsoft\jdk-17.0.12.7-hotspot\bin\java.exe
0x00007fffb9f40000 - 0x00007fffba1a0000 	C:\WINDOWS\SYSTEM32\ntdll.dll
0x00007fffb86c0000 - 0x00007fffb8787000 	C:\WINDOWS\System32\KERNEL32.DLL
0x00007fffb7410000 - 0x00007fffb77da000 	C:\WINDOWS\System32\KERNELBASE.dll
0x00007fffb77e0000 - 0x00007fffb792b000 	C:\WINDOWS\System32\ucrtbase.dll
0x00007fffac940000 - 0x00007fffac95d000 	C:\Program Files\Microsoft\jdk-17.0.12.7-hotspot\bin\VCRUNTIME140.dll
0x00007fffad7e0000 - 0x00007fffad7f7000 	C:\Program Files\Microsoft\jdk-17.0.12.7-hotspot\bin\jli.dll
0x00007fffb90c0000 - 0x00007fffb928c000 	C:\WINDOWS\System32\USER32.dll
0x00007fffa0580000 - 0x00007fffa0817000 	C:\WINDOWS\WinSxS\amd64_microsoft.windows.common-controls_6595b64144ccf1df_6.0.26100.3624_none_3e086962e3345f24\COMCTL32.dll
0x00007fffb7930000 - 0x00007fffb7957000 	C:\WINDOWS\System32\win32u.dll
0x00007fffb9320000 - 0x00007fffb93c9000 	C:\WINDOWS\System32\msvcrt.dll
0x00007fffb93e0000 - 0x00007fffb940a000 	C:\WINDOWS\System32\GDI32.dll
0x00007fffb7960000 - 0x00007fffb7a91000 	C:\WINDOWS\System32\gdi32full.dll
0x00007fffb7c90000 - 0x00007fffb7d33000 	C:\WINDOWS\System32\msvcp_win.dll
0x00007fffb9080000 - 0x00007fffb90af000 	C:\WINDOWS\System32\IMM32.DLL
0x00007fffad7b0000 - 0x00007fffad7bc000 	C:\Program Files\Microsoft\jdk-17.0.12.7-hotspot\bin\vcruntime140_1.dll
0x00007fff60e20000 - 0x00007fff60ead000 	C:\Program Files\Microsoft\jdk-17.0.12.7-hotspot\bin\msvcp140.dll
0x00007fff27580000 - 0x00007fff281f0000 	C:\Program Files\Microsoft\jdk-17.0.12.7-hotspot\bin\server\jvm.dll
0x00007fffb9c60000 - 0x00007fffb9d12000 	C:\WINDOWS\System32\ADVAPI32.dll
0x00007fffb7d40000 - 0x00007fffb7de6000 	C:\WINDOWS\System32\sechost.dll
0x00007fffb9410000 - 0x00007fffb9526000 	C:\WINDOWS\System32\RPCRT4.dll
0x00007fffb7ff0000 - 0x00007fffb8064000 	C:\WINDOWS\System32\WS2_32.dll
0x00007fffb6f70000 - 0x00007fffb6fce000 	C:\WINDOWS\SYSTEM32\POWRPROF.dll
0x00007fffb02f0000 - 0x00007fffb02fb000 	C:\WINDOWS\SYSTEM32\VERSION.dll
0x00007fffb02b0000 - 0x00007fffb02e6000 	C:\WINDOWS\SYSTEM32\WINMM.dll
0x00007fffb6f50000 - 0x00007fffb6f64000 	C:\WINDOWS\SYSTEM32\UMPDC.dll
0x00007fffb5f30000 - 0x00007fffb5f4a000 	C:\WINDOWS\SYSTEM32\kernel.appcore.dll
0x00007fffac920000 - 0x00007fffac92a000 	C:\Program Files\Microsoft\jdk-17.0.12.7-hotspot\bin\jimage.dll
0x00007fffaa300000 - 0x00007fffaa541000 	C:\WINDOWS\SYSTEM32\DBGHELP.DLL
0x00007fffb8250000 - 0x00007fffb85d2000 	C:\WINDOWS\System32\combase.dll
0x00007fffb85e0000 - 0x00007fffb86b6000 	C:\WINDOWS\System32\OLEAUT32.dll
0x00007fff9a1e0000 - 0x00007fff9a219000 	C:\WINDOWS\SYSTEM32\dbgcore.DLL
0x00007fffb7aa0000 - 0x00007fffb7b39000 	C:\WINDOWS\System32\bcryptPrimitives.dll
0x00007fffa9530000 - 0x00007fffa953e000 	C:\Program Files\Microsoft\jdk-17.0.12.7-hotspot\bin\instrument.dll
0x00007fff9e370000 - 0x00007fff9e395000 	C:\Program Files\Microsoft\jdk-17.0.12.7-hotspot\bin\java.dll
0x00007fff60d40000 - 0x00007fff60e17000 	C:\Program Files\Microsoft\jdk-17.0.12.7-hotspot\bin\jsvml.dll
0x00007fffb9530000 - 0x00007fffb9c59000 	C:\WINDOWS\System32\SHELL32.dll
0x00007fffb7120000 - 0x00007fffb7288000 	C:\WINDOWS\System32\wintypes.dll
0x00007fffb4dc0000 - 0x00007fffb5612000 	C:\WINDOWS\SYSTEM32\windows.storage.dll
0x00007fffb8070000 - 0x00007fffb815d000 	C:\WINDOWS\System32\SHCORE.dll
0x00007fffb7df0000 - 0x00007fffb7e54000 	C:\WINDOWS\System32\shlwapi.dll
0x00007fffb7030000 - 0x00007fffb705f000 	C:\WINDOWS\SYSTEM32\profapi.dll
0x00007fff8f820000 - 0x00007fff8f838000 	C:\Program Files\Microsoft\jdk-17.0.12.7-hotspot\bin\zip.dll
0x00007fff9c280000 - 0x00007fff9c29a000 	C:\Program Files\Microsoft\jdk-17.0.12.7-hotspot\bin\net.dll
0x00007fffae050000 - 0x00007fffae16d000 	C:\WINDOWS\SYSTEM32\WINHTTP.dll
0x00007fffb6450000 - 0x00007fffb64ba000 	C:\WINDOWS\system32\mswsock.dll
0x00007fff9c220000 - 0x00007fff9c236000 	C:\Program Files\Microsoft\jdk-17.0.12.7-hotspot\bin\nio.dll
0x00007fffac8c0000 - 0x00007fffac8d0000 	C:\Program Files\Microsoft\jdk-17.0.12.7-hotspot\bin\verify.dll
0x00007fffb0fe0000 - 0x00007fffb1007000 	C:\Users\Abutalib\.gradle\native\c067742578af261105cb4f569cf0c3c89f3d7b1fecec35dd04571415982c5e48\windows-amd64\native-platform.dll
0x00007fff5e410000 - 0x00007fff5e554000 	C:\Users\Abutalib\.gradle\native\100fb08df4bc3b14c8652ba06237920a3bd2aa13389f12d3474272988ae205f9\windows-amd64\native-platform-file-events.dll
0x00007fffaa170000 - 0x00007fffaa17a000 	C:\Program Files\Microsoft\jdk-17.0.12.7-hotspot\bin\management.dll
0x00007fffaa0a0000 - 0x00007fffaa0ab000 	C:\Program Files\Microsoft\jdk-17.0.12.7-hotspot\bin\management_ext.dll
0x00007fffb8240000 - 0x00007fffb8248000 	C:\WINDOWS\System32\PSAPI.DLL
0x00007fffb66f0000 - 0x00007fffb670c000 	C:\WINDOWS\SYSTEM32\CRYPTSP.dll
0x00007fffb5e90000 - 0x00007fffb5eca000 	C:\WINDOWS\system32\rsaenh.dll
0x00007fffb64f0000 - 0x00007fffb651b000 	C:\WINDOWS\SYSTEM32\USERENV.dll
0x00007fffb7000000 - 0x00007fffb7026000 	C:\WINDOWS\SYSTEM32\bcrypt.dll
0x00007fffb6710000 - 0x00007fffb671c000 	C:\WINDOWS\SYSTEM32\CRYPTBASE.dll
0x00007fffb5990000 - 0x00007fffb59c3000 	C:\WINDOWS\SYSTEM32\IPHLPAPI.DLL
0x00007fffb93d0000 - 0x00007fffb93da000 	C:\WINDOWS\System32\NSI.dll
0x00007fffae270000 - 0x00007fffae28f000 	C:\WINDOWS\SYSTEM32\dhcpcsvc6.DLL
0x00007fffae240000 - 0x00007fffae265000 	C:\WINDOWS\SYSTEM32\dhcpcsvc.DLL
0x00007fffb5a30000 - 0x00007fffb5b55000 	C:\WINDOWS\SYSTEM32\DNSAPI.dll
0x00007fffa99f0000 - 0x00007fffa99f9000 	C:\Program Files\Microsoft\jdk-17.0.12.7-hotspot\bin\extnet.dll
0x00007fff9f770000 - 0x00007fff9f77e000 	C:\Program Files\Microsoft\jdk-17.0.12.7-hotspot\bin\sunmscapi.dll
0x00007fffb7290000 - 0x00007fffb7407000 	C:\WINDOWS\System32\CRYPT32.dll
0x00007fffb68f0000 - 0x00007fffb6920000 	C:\WINDOWS\SYSTEM32\ncrypt.dll
0x00007fffb68a0000 - 0x00007fffb68df000 	C:\WINDOWS\SYSTEM32\NTASN1.dll
0x00007fffb25d0000 - 0x00007fffb25d8000 	C:\WINDOWS\system32\wshunix.dll
0x00007fff917a0000 - 0x00007fff917b8000 	C:\WINDOWS\system32\napinsp.dll
0x00007fff90a80000 - 0x00007fff90a92000 	C:\WINDOWS\System32\winrnr.dll
0x00007fff90960000 - 0x00007fff90990000 	C:\WINDOWS\system32\nlansp_c.dll
0x00007fffab2e0000 - 0x00007fffab2f6000 	C:\WINDOWS\system32\wshbth.dll
0x00007fffadb00000 - 0x00007fffadb0b000 	C:\Windows\System32\rasadhlp.dll
0x00007fffb09d0000 - 0x00007fffb0a55000 	C:\WINDOWS\System32\fwpuclnt.dll

dbghelp: loaded successfully - version: 4.0.5 - missing functions: none
symbol engine: initialized successfully - sym options: 0x614 - pdb path: .;C:\Program Files\Microsoft\jdk-17.0.12.7-hotspot\bin;C:\WINDOWS\SYSTEM32;C:\WINDOWS\WinSxS\amd64_microsoft.windows.common-controls_6595b64144ccf1df_6.0.26100.3624_none_3e086962e3345f24;C:\Program Files\Microsoft\jdk-17.0.12.7-hotspot\bin\server;C:\Users\Abutalib\.gradle\native\c067742578af261105cb4f569cf0c3c89f3d7b1fecec35dd04571415982c5e48\windows-amd64;C:\Users\Abutalib\.gradle\native\100fb08df4bc3b14c8652ba06237920a3bd2aa13389f12d3474272988ae205f9\windows-amd64

VM Arguments:
jvm_args: -XX:MaxMetaspaceSize=512m --add-opens=java.base/java.util=ALL-UNNAMED --add-opens=java.base/java.lang=ALL-UNNAMED --add-opens=java.base/java.lang.invoke=ALL-UNNAMED --add-opens=java.prefs/java.util.prefs=ALL-UNNAMED --add-exports=jdk.compiler/com.sun.tools.javac.api=ALL-UNNAMED --add-exports=jdk.compiler/com.sun.tools.javac.util=ALL-UNNAMED --add-opens=java.base/java.nio.charset=ALL-UNNAMED --add-opens=java.base/java.net=ALL-UNNAMED --add-opens=java.base/java.util.concurrent.atomic=ALL-UNNAMED -Xmx4096m -Dfile.encoding=windows-1252 -Duser.country=IN -Duser.language=en -Duser.variant -javaagent:C:\Users\Abutalib\.gradle\wrapper\dists\gradle-8.10.2-all\7iv73wktx1xtkvlq19urqw1wm\gradle-8.10.2\lib\agents\gradle-instrumentation-agent-8.10.2.jar 
java_command: org.gradle.launcher.daemon.bootstrap.GradleDaemon 8.10.2
java_class_path (initial): C:\Users\Abutalib\.gradle\wrapper\dists\gradle-8.10.2-all\7iv73wktx1xtkvlq19urqw1wm\gradle-8.10.2\lib\gradle-daemon-main-8.10.2.jar
Launcher Type: SUN_STANDARD

[Global flags]
     intx CICompilerCount                          = 4                                         {product} {ergonomic}
   size_t CompressedClassSpaceSize                 = 436207616                                 {product} {ergonomic}
     uint ConcGCThreads                            = 2                                         {product} {ergonomic}
     uint G1ConcRefinementThreads                  = 8                                         {product} {ergonomic}
   size_t G1HeapRegionSize                         = 2097152                                   {product} {ergonomic}
    uintx GCDrainStackTargetSize                   = 64                                        {product} {ergonomic}
   size_t InitialHeapSize                          = 123731968                                 {product} {ergonomic}
   size_t MarkStackSize                            = 4194304                                   {product} {ergonomic}
   size_t MaxHeapSize                              = 4294967296                                {product} {command line}
   size_t MaxMetaspaceSize                         = 536870912                                 {product} {command line}
   size_t MaxNewSize                               = 2575302656                                {product} {ergonomic}
   size_t MinHeapDeltaBytes                        = 2097152                                   {product} {ergonomic}
   size_t MinHeapSize                              = 8388608                                   {product} {ergonomic}
    uintx NonNMethodCodeHeapSize                   = 5839372                                {pd product} {ergonomic}
    uintx NonProfiledCodeHeapSize                  = 122909434                              {pd product} {ergonomic}
    uintx ProfiledCodeHeapSize                     = 122909434                              {pd product} {ergonomic}
    uintx ReservedCodeCacheSize                    = 251658240                              {pd product} {ergonomic}
     bool SegmentedCodeCache                       = true                                      {product} {ergonomic}
   size_t SoftMaxHeapSize                          = 4294967296                             {manageable} {ergonomic}
     bool UseCompressedClassPointers               = true                           {product lp64_product} {ergonomic}
     bool UseCompressedOops                        = true                           {product lp64_product} {ergonomic}
     bool UseG1GC                                  = true                                      {product} {ergonomic}
     bool UseLargePagesIndividualAllocation        = false                                  {pd product} {ergonomic}

Logging:
Log output configuration:
 #0: stdout all=warning uptime,level,tags
 #1: stderr all=off uptime,level,tags

Environment Variables:
JAVA_HOME=C:\Program Files\Microsoft\jdk-17.0.12.7-hotspot
CLASSPATH=C:\NexgenLMS\NexGenMobile\android\\gradle\wrapper\gradle-wrapper.jar
PATH=C:\NexgenLMS\NexGenMobile\node_modules\.bin;C:\NexgenLMS\node_modules\.bin;C:\node_modules\.bin;C:\Users\Abutalib\AppData\Roaming\npm\node_modules\npm\node_modules\@npmcli\run-script\lib\node-gyp-bin;C:\Program Files\Microsoft\jdk-17.0.12.7-hotspot\bin;C:\Users\Abutalib\AppData\Local\Programs\Python\Python311\Scripts\;C:\Users\Abutalib\AppData\Local\Programs\Python\Python311\;C:\Ruby32-x64\bin;C:\Program Files\Common Files\Oracle\Java\javapath;C:\Users\Abutalib\AppData\Local\Programs\Python\Python311;c:\users\abutalib\appdata\local\programs\python\python311\lib\site-packages\pip\__init__.py;C:\WINDOWS\system32;C:\WINDOWS;C:\WINDOWS\System32\OpenSSH\;C:\WINDOWS\System32\Wbem;C:\WINDOWS\System32\WindowsPowerShell\v1.0\;C:\Program Files (x86)\Yarn\bin\;C:\Program Files\Git\cmd;C:\ProgramData\chocolatey\bin;C:\php;C:\ProgramData\ComposerSetup\bin;C:\Program Files\Amazon\AWSCLIV2\;%NVM_HOME%;%NVM_SYMLINK%;C:\Program Files\nodejs\;;C:\Users\Abutalib\AppData\Local\Microsoft\WindowsApps;C:\Users\Abutalib\AppData\Local\Android\Sdk\emulator;C:\Users\Abutalib\AppData\Local\Android\Sdk\platform-tools;C:\Users\Abutalib\AppData\Local\Android\Sdk\cmdline-tools\13.0\bin;C:\java programs\Microsoft VS Code\bin;C:\Users\Abutalib\PyCharm Community Edition 2022.3\bin;;C:\MinGW\bin;C:\MinGW\bin\gcc.exe;C:\Users\Abutalib\AppData\Local\Yarn\bin;C:\Program Files\Microsoft\jdk-17.0.12.7-hotspot\bin;C:\Users\Abutalib\AppData\Local\Microsoft\WinGet\Packages\Schniz.fnm_Microsoft.Winget.Source_8wekyb3d8bbwe;C:\Users\Abutalib\AppData\Local\Android\Sdk\system-images\android-34-ext12\google_apis_playstore\x86_64;C:\Users\Abutalib\AppData\Local\nvm;C:\nvm4w\nodejs;C:\Users\Abutalib\AppData\Roaming\npm
USERNAME=Abutalib
OS=Windows_NT
PROCESSOR_IDENTIFIER=AMD64 Family 23 Model 104 Stepping 1, AuthenticAMD
TMP=C:\Users\Abutalib\AppData\Local\Temp
TEMP=C:\Users\Abutalib\AppData\Local\Temp



Periodic native trim disabled


---------------  S Y S T E M  ---------------

OS:
 Windows 11 , 64 bit Build 26100 (10.0.26100.3775)
OS uptime: 2 days 1:26 hours
Hyper-V role detected

CPU: total 8 (initial active 8) (8 cores per cpu, 2 threads per core) family 23 model 104 stepping 1 microcode 0x8608107, cx8, cmov, fxsr, ht, mmx, 3dnowpref, sse, sse2, sse3, ssse3, sse4a, sse4.1, sse4.2, popcnt, lzcnt, tsc, tscinvbit, avx, avx2, aes, clmul, bmi1, bmi2, adx, sha, fma, vzeroupper, clflush, clflushopt, hv
Processor Information for the first 8 processors :
  Max Mhz: 2600, Current Mhz: 2600, Mhz Limit: 2600

Memory: 4k page, system-wide physical 7502M (634M free)
TotalPageFile size 30030M (AvailPageFile size 41M)
current process WorkingSet (physical memory assigned to process): 385M, peak: 597M
current process commit charge ("private bytes"): 1515M, peak: 1517M

vm_info: OpenJDK 64-Bit Server VM (17.0.12+7-LTS) for windows-amd64 JRE (17.0.12+7-LTS), built on Jul 16 2024 18:11:44 by "MicrosoftCorporation" with unknown MS VC++:1939

END.
