#
# There is insufficient memory for the Java Runtime Environment to continue.
# Native memory allocation (mmap) failed to map 276824064 bytes. Error detail: G1 virtual space
# Possible reasons:
#   The system is out of physical RAM or swap space
#   This process is running with CompressedOops enabled, and the Java Heap may be blocking the growth of the native heap
# Possible solutions:
#   Reduce memory load on the system
#   Increase physical memory or swap space
#   Check if swap backing store is full
#   Decrease Java heap size (-Xmx/-Xms)
#   Decrease number of Java threads
#   Decrease Java thread stack sizes (-Xss)
#   Set larger code cache with -XX:ReservedCodeCacheSize=
#   JVM is running with Unscaled Compressed Oops mode in which the Java heap is
#     placed in the first 4GB address space. The Java Heap base address is the
#     maximum limit for the native heap growth. Please use -XX:HeapBaseMinAddress
#     to set the Java Heap base and to place the Java Heap above 4GB virtual address.
# This output file may be truncated or incomplete.
#
#  Out of Memory Error (os_windows.cpp:3678), pid=22292, tid=8256
#
# JRE version: OpenJDK Runtime Environment Microsoft-9889599 (17.0.12+7) (build 17.0.12+7-LTS)
# Java VM: OpenJDK 64-Bit Server VM Microsoft-9889599 (17.0.12+7-LTS, mixed mode, sharing, tiered, compressed oops, compressed class ptrs, g1 gc, windows-amd64)
# No core dump will be written. Minidumps are not enabled by default on client versions of Windows
#

---------------  S U M M A R Y ------------

Command Line: -XX:+HeapDumpOnOutOfMemoryError --add-opens=java.base/java.util=ALL-UNNAMED --add-opens=java.base/java.lang=ALL-UNNAMED --add-opens=java.base/java.lang.invoke=ALL-UNNAMED --add-opens=java.prefs/java.util.prefs=ALL-UNNAMED --add-exports=jdk.compiler/com.sun.tools.javac.api=ALL-UNNAMED --add-exports=jdk.compiler/com.sun.tools.javac.util=ALL-UNNAMED --add-opens=java.base/java.nio.charset=ALL-UNNAMED --add-opens=java.base/java.net=ALL-UNNAMED --add-opens=java.base/java.util.concurrent.atomic=ALL-UNNAMED -Xmx2048m -Dfile.encoding=UTF-8 -Duser.country=IN -Duser.language=en -Duser.variant -javaagent:C:\Users\Abutalib\.gradle\wrapper\dists\gradle-8.10.2-all\7iv73wktx1xtkvlq19urqw1wm\gradle-8.10.2\lib\agents\gradle-instrumentation-agent-8.10.2.jar org.gradle.launcher.daemon.bootstrap.GradleDaemon 8.10.2

Host: AMD Ryzen 3 5300U with Radeon Graphics         , 8 cores, 7G,  Windows 11 , 64 bit Build 26100 (10.0.26100.3912)
Time: Fri May 23 14:34:21 2025 India Standard Time elapsed time: 231.504140 seconds (0d 0h 3m 51s)

---------------  T H R E A D  ---------------

Current thread (0x000001eec0000550):  VMThread "VM Thread" [stack: 0x0000004874300000,0x0000004874400000] [id=8256]

Stack: [0x0000004874300000,0x0000004874400000]
Native frames: (J=compiled Java code, j=interpreted, Vv=VM code, C=native code)
V  [jvm.dll+0x686d99]
V  [jvm.dll+0x83daf8]
V  [jvm.dll+0x83f5a3]
V  [jvm.dll+0x83fc13]
V  [jvm.dll+0x2492ef]
V  [jvm.dll+0x683dd9]
V  [jvm.dll+0x6782fa]
V  [jvm.dll+0x30a797]
V  [jvm.dll+0x311d06]
V  [jvm.dll+0x36252e]
V  [jvm.dll+0x36276d]
V  [jvm.dll+0x2e1a9c]
V  [jvm.dll+0x2e4a76]
V  [jvm.dll+0x2ef1ac]
V  [jvm.dll+0x32231d]
V  [jvm.dll+0x84444d]
V  [jvm.dll+0x845183]
V  [jvm.dll+0x8456af]
V  [jvm.dll+0x845a94]
V  [jvm.dll+0x845b5e]
V  [jvm.dll+0x7ed87c]
V  [jvm.dll+0x685c77]
C  [ucrtbase.dll+0x37b0]
C  [KERNEL32.DLL+0x2e8d7]
C  [ntdll.dll+0x9c5dc]

VM_Operation (0x0000004873fff440): G1PauseRemark, mode: safepoint, requested by thread 0x000001eea235cdf0


---------------  P R O C E S S  ---------------

Threads class SMR info:
_java_thread_list=0x000001ef15cce3f0, length=151, elements={
0x000001eea22ed7e0, 0x000001eec0005350, 0x000001eec0007e30, 0x000001eec001d290,
0x000001eec001fb70, 0x000001eec0020440, 0x000001eec00234c0, 0x000001eec0052540,
0x000001eec0055a00, 0x000001eec0056ab0, 0x000001eebfff4410, 0x000001eec098dcd0,
0x000001ef07613c80, 0x000001ef076b4770, 0x000001ef077345e0, 0x000001ef06b500a0,
0x000001ef06474ed0, 0x000001ef077d9a30, 0x000001ef077d80e0, 0x000001ef077d9f40,
0x000001ef077d85f0, 0x000001ef077d9520, 0x000001ef077da450, 0x000001ef077d8b00,
0x000001ef077db890, 0x000001ef077d9010, 0x000001ef077da960, 0x000001ef077dae70,
0x000001ef077db380, 0x000001ef0839b5e0, 0x000001ef08398d60, 0x000001ef0839b0d0,
0x000001ef0839a1a0, 0x000001ef0839baf0, 0x000001ef08399c90, 0x000001ef0839c000,
0x000001ef0839abc0, 0x000001ef08398850, 0x000001ef0839cf30, 0x000001ef0839e370,
0x000001ef0839d440, 0x000001ef0839d950, 0x000001ef0839e880, 0x000001ef0839f2a0,
0x000001ef0839ed90, 0x000001ef0839c510, 0x000001ef0839f7b0, 0x000001ef083a01d0,
0x000001ef0839ca20, 0x000001ef08325500, 0x000001ef08323190, 0x000001ef08324ae0,
0x000001ef083236a0, 0x000001ef08325a10, 0x000001ef08324ff0, 0x000001ef08325f20,
0x000001ef08323bb0, 0x000001ef083240c0, 0x000001ef08322770, 0x000001ef083245d0,
0x000001ef08326430, 0x000001ef08322c80, 0x000001ef08328cb0, 0x000001ef08327870,
0x000001ef08329be0, 0x000001ef08326940, 0x000001ef08326e50, 0x000001ef086eb8e0,
0x000001ef086ebdf0, 0x000001ef086ecd20, 0x000001ef086ec300, 0x000001ef086ea9b0,
0x000001ef086e9570, 0x000001ef086ed230, 0x000001ef086eaec0, 0x000001ef086ed740,
0x000001ef086eb3d0, 0x000001ef086e9f90, 0x000001ef086ea4a0, 0x000001ef086eeb80,
0x000001ef086ef090, 0x000001ef086ef5a0, 0x000001ef086ee160, 0x000001ef086f04d0,
0x000001ef086efab0, 0x000001ef086ee670, 0x000001ef086f09e0, 0x000001ef086effc0,
0x000001ef07eb63e0, 0x000001ef07eb6e00, 0x000001ef07eb7820, 0x000001ef07eb54b0,
0x000001ef07eb7d30, 0x000001ef07eb7310, 0x000001ef07eb4a90, 0x000001ef07eb8240,
0x000001ef07eb8750, 0x000001ef07eb4fa0, 0x000001ef07eb8c60, 0x000001ef07eb59c0,
0x000001ef07eb9170, 0x000001ef07eb5ed0, 0x000001ef07eb9b90, 0x000001ef07eba0a0,
0x000001ef07eb9680, 0x000001ef07eb68f0, 0x000001ef07eba5b0, 0x000001ef07ebaac0,
0x000001ef07ebafd0, 0x000001ef07ebb4e0, 0x000001ef07ebbf00, 0x000001ef07ebb9f0,
0x000001ef095bd0b0, 0x000001ef095bb250, 0x000001ef095b9e10, 0x000001ef095bb760,
0x000001ef095b9900, 0x000001ef095bbc70, 0x000001ef095bad40, 0x000001ef095bcba0,
0x000001ef095bc180, 0x000001ef095bc690, 0x000001ef095bd5c0, 0x000001ef095bdad0,
0x000001ef095ba830, 0x000001ef095be4f0, 0x000001ef095bea00, 0x000001ef095bf420,
0x000001ef095bfe40, 0x000001ef095bf930, 0x000001ef095c0350, 0x000001ef095c0d70,
0x000001ef095c0860, 0x000001ef07d27ce0, 0x000001ef07d272c0, 0x000001ef07d29630,
0x000001ef07d281f0, 0x000001ef07d2b9a0, 0x000001ef07d2c8d0, 0x000001ef0c6f13c0,
0x000001ef0c6f7900, 0x000001ef0c6f5590, 0x000001ef0c6f5aa0, 0x000001ef0c6f7e10,
0x000001ef086ec810, 0x000001ef086e9a80, 0x000001ef07eb4580, 0x000001ef14f8b970,
0x000001ef14ebbee0, 0x000001ef14ebb9d0, 0x000001ef211b7130
}

Java Threads: ( => current thread )
  0x000001eea22ed7e0 JavaThread "main" [_thread_blocked, id=10496, stack(0x0000004873d00000,0x0000004873e00000)]
  0x000001eec0005350 JavaThread "Reference Handler" daemon [_thread_blocked, id=23360, stack(0x0000004874400000,0x0000004874500000)]
  0x000001eec0007e30 JavaThread "Finalizer" daemon [_thread_blocked, id=20528, stack(0x0000004874500000,0x0000004874600000)]
  0x000001eec001d290 JavaThread "Signal Dispatcher" daemon [_thread_blocked, id=15564, stack(0x0000004874600000,0x0000004874700000)]
  0x000001eec001fb70 JavaThread "Attach Listener" daemon [_thread_blocked, id=15256, stack(0x0000004874700000,0x0000004874800000)]
  0x000001eec0020440 JavaThread "Service Thread" daemon [_thread_blocked, id=26400, stack(0x0000004874800000,0x0000004874900000)]
  0x000001eec00234c0 JavaThread "Monitor Deflation Thread" daemon [_thread_blocked, id=28008, stack(0x0000004874900000,0x0000004874a00000)]
  0x000001eec0052540 JavaThread "C2 CompilerThread0" daemon [_thread_blocked, id=18232, stack(0x0000004874a00000,0x0000004874b00000)]
  0x000001eec0055a00 JavaThread "C1 CompilerThread0" daemon [_thread_blocked, id=25132, stack(0x0000004874b00000,0x0000004874c00000)]
  0x000001eec0056ab0 JavaThread "Sweeper thread" daemon [_thread_blocked, id=23560, stack(0x0000004874c00000,0x0000004874d00000)]
  0x000001eebfff4410 JavaThread "Common-Cleaner" daemon [_thread_blocked, id=25288, stack(0x0000004874d00000,0x0000004874e00000)]
  0x000001eec098dcd0 JavaThread "Notification Thread" daemon [_thread_blocked, id=18020, stack(0x0000004874e00000,0x0000004874f00000)]
  0x000001ef07613c80 JavaThread "Daemon health stats" [_thread_blocked, id=25820, stack(0x0000004875500000,0x0000004875600000)]
  0x000001ef076b4770 JavaThread "Incoming local TCP Connector on port 58354" [_thread_in_native, id=1440, stack(0x0000004875000000,0x0000004875100000)]
  0x000001ef077345e0 JavaThread "Daemon periodic checks" [_thread_blocked, id=28200, stack(0x0000004875600000,0x0000004875700000)]
  0x000001ef06b500a0 JavaThread "Daemon" [_thread_blocked, id=9776, stack(0x0000004875700000,0x0000004875800000)]
  0x000001ef06474ed0 JavaThread "Handler for socket connection from /127.0.0.1:58354 to /127.0.0.1:58355" [_thread_in_native, id=25912, stack(0x0000004875800000,0x0000004875900000)]
  0x000001ef077d9a30 JavaThread "Cancel handler" [_thread_blocked, id=26912, stack(0x0000004875900000,0x0000004875a00000)]
  0x000001ef077d80e0 JavaThread "Daemon worker" [_thread_blocked, id=26500, stack(0x0000004875a00000,0x0000004875b00000)]
  0x000001ef077d9f40 JavaThread "Asynchronous log dispatcher for DefaultDaemonConnection: socket connection from /127.0.0.1:58354 to /127.0.0.1:58355" [_thread_blocked, id=14564, stack(0x0000004875b00000,0x0000004875c00000)]
  0x000001ef077d85f0 JavaThread "Stdin handler" [_thread_blocked, id=20452, stack(0x0000004875c00000,0x0000004875d00000)]
  0x000001ef077d9520 JavaThread "Daemon client event forwarder" [_thread_blocked, id=25020, stack(0x0000004875d00000,0x0000004875e00000)]
  0x000001ef077da450 JavaThread "Cache worker for journal cache (C:\Users\Abutalib\.gradle\caches\journal-1)" [_thread_blocked, id=28480, stack(0x0000004875e00000,0x0000004875f00000)]
  0x000001ef077d8b00 JavaThread "File lock request listener" [_thread_in_native, id=24800, stack(0x0000004875f00000,0x0000004876000000)]
  0x000001ef077db890 JavaThread "Cache worker for file hash cache (C:\Users\Abutalib\.gradle\caches\8.10.2\fileHashes)" [_thread_blocked, id=18680, stack(0x0000004876000000,0x0000004876100000)]
  0x000001ef077d9010 JavaThread "Cache worker for file hash cache (C:\NexgenLMS\NexGenMobile\android\.gradle\8.10.2\fileHashes)" [_thread_blocked, id=26560, stack(0x0000004876500000,0x0000004876600000)]
  0x000001ef077da960 JavaThread "Cache worker for Build Output Cleanup Cache (C:\NexgenLMS\NexGenMobile\android\.gradle\buildOutputCleanup)" [_thread_blocked, id=25920, stack(0x0000004876600000,0x0000004876700000)]
  0x000001ef077dae70 JavaThread "File watcher server" daemon [_thread_blocked, id=27624, stack(0x0000004876800000,0x0000004876900000)]
  0x000001ef077db380 JavaThread "File watcher consumer" daemon [_thread_blocked, id=15272, stack(0x0000004876900000,0x0000004876a00000)]
  0x000001ef0839b5e0 JavaThread "Cache worker for checksums cache (C:\NexgenLMS\NexGenMobile\android\.gradle\8.10.2\checksums)" [_thread_blocked, id=26116, stack(0x0000004876a00000,0x0000004876b00000)]
  0x000001ef08398d60 JavaThread "Cache worker for file content cache (C:\Users\Abutalib\.gradle\caches\8.10.2\fileContent)" [_thread_blocked, id=2696, stack(0x0000004876b00000,0x0000004876c00000)]
  0x000001ef0839b0d0 JavaThread "Cache worker for cache directory md-rule (C:\Users\Abutalib\.gradle\caches\8.10.2\md-rule)" [_thread_blocked, id=28432, stack(0x0000004876c00000,0x0000004876d00000)]
  0x000001ef0839a1a0 JavaThread "Cache worker for cache directory md-supplier (C:\Users\Abutalib\.gradle\caches\8.10.2\md-supplier)" [_thread_blocked, id=16232, stack(0x0000004876d00000,0x0000004876e00000)]
  0x000001ef0839baf0 JavaThread "jar transforms" [_thread_blocked, id=13184, stack(0x0000004876e00000,0x0000004876f00000)]
  0x000001ef08399c90 JavaThread "Cache worker for Build Output Cleanup Cache (C:\NexgenLMS\NexGenMobile\node_modules\@react-native\gradle-plugin\.gradle\buildOutputCleanup)" [_thread_blocked, id=18320, stack(0x0000004876f00000,0x0000004877000000)]
  0x000001ef0839c000 JavaThread "Unconstrained build operations" [_thread_blocked, id=5488, stack(0x0000004877000000,0x0000004877100000)]
  0x000001ef0839abc0 JavaThread "Unconstrained build operations Thread 2" [_thread_blocked, id=24080, stack(0x0000004877100000,0x0000004877200000)]
  0x000001ef08398850 JavaThread "Unconstrained build operations Thread 3" [_thread_blocked, id=28564, stack(0x0000004877200000,0x0000004877300000)]
  0x000001ef0839cf30 JavaThread "Unconstrained build operations Thread 4" [_thread_blocked, id=25992, stack(0x0000004877300000,0x0000004877400000)]
  0x000001ef0839e370 JavaThread "Unconstrained build operations Thread 5" [_thread_blocked, id=16856, stack(0x0000004877400000,0x0000004877500000)]
  0x000001ef0839d440 JavaThread "Unconstrained build operations Thread 6" [_thread_blocked, id=10668, stack(0x0000004877500000,0x0000004877600000)]
  0x000001ef0839d950 JavaThread "Unconstrained build operations Thread 7" [_thread_blocked, id=27380, stack(0x0000004877600000,0x0000004877700000)]
  0x000001ef0839e880 JavaThread "Unconstrained build operations Thread 8" [_thread_blocked, id=27340, stack(0x0000004877700000,0x0000004877800000)]
  0x000001ef0839f2a0 JavaThread "Unconstrained build operations Thread 9" [_thread_blocked, id=22852, stack(0x0000004877800000,0x0000004877900000)]
  0x000001ef0839ed90 JavaThread "Unconstrained build operations Thread 10" [_thread_blocked, id=14632, stack(0x0000004877900000,0x0000004877a00000)]
  0x000001ef0839c510 JavaThread "Unconstrained build operations Thread 11" [_thread_blocked, id=22236, stack(0x0000004877a00000,0x0000004877b00000)]
  0x000001ef0839f7b0 JavaThread "Unconstrained build operations Thread 12" [_thread_blocked, id=22924, stack(0x0000004877b00000,0x0000004877c00000)]
  0x000001ef083a01d0 JavaThread "Unconstrained build operations Thread 13" [_thread_blocked, id=20844, stack(0x0000004877c00000,0x0000004877d00000)]
  0x000001ef0839ca20 JavaThread "Unconstrained build operations Thread 14" [_thread_blocked, id=28116, stack(0x0000004877d00000,0x0000004877e00000)]
  0x000001ef08325500 JavaThread "Unconstrained build operations Thread 15" [_thread_blocked, id=12936, stack(0x0000004877e00000,0x0000004877f00000)]
  0x000001ef08323190 JavaThread "Unconstrained build operations Thread 16" [_thread_blocked, id=18172, stack(0x0000004877f00000,0x0000004878000000)]
  0x000001ef08324ae0 JavaThread "Unconstrained build operations Thread 17" [_thread_blocked, id=16936, stack(0x0000004878000000,0x0000004878100000)]
  0x000001ef083236a0 JavaThread "Unconstrained build operations Thread 18" [_thread_blocked, id=25036, stack(0x0000004878100000,0x0000004878200000)]
  0x000001ef08325a10 JavaThread "Unconstrained build operations Thread 19" [_thread_blocked, id=9472, stack(0x0000004878200000,0x0000004878300000)]
  0x000001ef08324ff0 JavaThread "Unconstrained build operations Thread 20" [_thread_blocked, id=27156, stack(0x0000004878300000,0x0000004878400000)]
  0x000001ef08325f20 JavaThread "Unconstrained build operations Thread 21" [_thread_blocked, id=19656, stack(0x0000004878400000,0x0000004878500000)]
  0x000001ef08323bb0 JavaThread "Unconstrained build operations Thread 22" [_thread_blocked, id=18424, stack(0x0000004878500000,0x0000004878600000)]
  0x000001ef083240c0 JavaThread "Unconstrained build operations Thread 23" [_thread_blocked, id=15036, stack(0x0000004878600000,0x0000004878700000)]
  0x000001ef08322770 JavaThread "Unconstrained build operations Thread 24" [_thread_blocked, id=17452, stack(0x0000004878700000,0x0000004878800000)]
  0x000001ef083245d0 JavaThread "Unconstrained build operations Thread 25" [_thread_blocked, id=27172, stack(0x0000004878800000,0x0000004878900000)]
  0x000001ef08326430 JavaThread "Unconstrained build operations Thread 26" [_thread_blocked, id=25924, stack(0x0000004878900000,0x0000004878a00000)]
  0x000001ef08322c80 JavaThread "Unconstrained build operations Thread 27" [_thread_blocked, id=13632, stack(0x0000004878a00000,0x0000004878b00000)]
  0x000001ef08328cb0 JavaThread "Memory manager" [_thread_blocked, id=22460, stack(0x0000004878b00000,0x0000004878c00000)]
  0x000001ef08327870 JavaThread "build event listener" [_thread_blocked, id=23040, stack(0x0000004876400000,0x0000004876500000)]
  0x000001ef08329be0 JavaThread "ForkJoinPool.commonPool-worker-1" daemon [_thread_blocked, id=22076, stack(0x0000004878c00000,0x0000004878d00000)]
  0x000001ef08326940 JavaThread "ForkJoinPool.commonPool-worker-4" daemon [_thread_blocked, id=14160, stack(0x0000004879100000,0x0000004879200000)]
  0x000001ef08326e50 JavaThread "ForkJoinPool.commonPool-worker-5" daemon [_thread_blocked, id=10492, stack(0x0000004879200000,0x0000004879300000)]
  0x000001ef086eb8e0 JavaThread "ForkJoinPool.commonPool-worker-6" daemon [_thread_blocked, id=21712, stack(0x0000004879300000,0x0000004879400000)]
  0x000001ef086ebdf0 JavaThread "ForkJoinPool.commonPool-worker-7" daemon [_thread_blocked, id=21344, stack(0x0000004879400000,0x0000004879500000)]
  0x000001ef086ecd20 JavaThread "included builds" [_thread_blocked, id=8912, stack(0x0000004879900000,0x0000004879a00000)]
  0x000001ef086ec300 JavaThread "Execution worker" [_thread_blocked, id=22272, stack(0x0000004879a00000,0x0000004879b00000)]
  0x000001ef086ea9b0 JavaThread "Execution worker Thread 2" [_thread_blocked, id=27464, stack(0x0000004879b00000,0x0000004879c00000)]
  0x000001ef086e9570 JavaThread "Execution worker Thread 3" [_thread_blocked, id=15496, stack(0x0000004879c00000,0x0000004879d00000)]
  0x000001ef086ed230 JavaThread "Execution worker Thread 4" [_thread_blocked, id=9400, stack(0x0000004879d00000,0x0000004879e00000)]
  0x000001ef086eaec0 JavaThread "Execution worker Thread 5" [_thread_blocked, id=22644, stack(0x0000004879e00000,0x0000004879f00000)]
  0x000001ef086ed740 JavaThread "Execution worker Thread 6" [_thread_blocked, id=24856, stack(0x0000004879f00000,0x000000487a000000)]
  0x000001ef086eb3d0 JavaThread "Execution worker Thread 7" [_thread_blocked, id=22608, stack(0x000000487a000000,0x000000487a100000)]
  0x000001ef086e9f90 JavaThread "Cache worker for execution history cache (C:\NexgenLMS\NexGenMobile\node_modules\@react-native\gradle-plugin\.gradle\8.10.2\executionHistory)" [_thread_blocked, id=26216, stack(0x000000487a100000,0x000000487a200000)]
  0x000001ef086ea4a0 JavaThread "Unconstrained build operations Thread 28" [_thread_blocked, id=23384, stack(0x000000487a200000,0x000000487a300000)]
  0x000001ef086eeb80 JavaThread "Unconstrained build operations Thread 29" [_thread_blocked, id=21952, stack(0x000000487a300000,0x000000487a400000)]
  0x000001ef086ef090 JavaThread "Unconstrained build operations Thread 30" [_thread_blocked, id=7004, stack(0x000000487a400000,0x000000487a500000)]
  0x000001ef086ef5a0 JavaThread "Unconstrained build operations Thread 31" [_thread_blocked, id=22512, stack(0x000000487a500000,0x000000487a600000)]
  0x000001ef086ee160 JavaThread "Unconstrained build operations Thread 32" [_thread_blocked, id=22124, stack(0x000000487a600000,0x000000487a700000)]
  0x000001ef086f04d0 JavaThread "Unconstrained build operations Thread 33" [_thread_blocked, id=27028, stack(0x000000487a700000,0x000000487a800000)]
  0x000001ef086efab0 JavaThread "Unconstrained build operations Thread 34" [_thread_blocked, id=26200, stack(0x000000487a800000,0x000000487a900000)]
  0x000001ef086ee670 JavaThread "Unconstrained build operations Thread 35" [_thread_blocked, id=26612, stack(0x000000487a900000,0x000000487aa00000)]
  0x000001ef086f09e0 JavaThread "Unconstrained build operations Thread 36" [_thread_blocked, id=21912, stack(0x000000487aa00000,0x000000487ab00000)]
  0x000001ef086effc0 JavaThread "Unconstrained build operations Thread 37" [_thread_blocked, id=10048, stack(0x000000487ab00000,0x000000487ac00000)]
  0x000001ef07eb63e0 JavaThread "Unconstrained build operations Thread 38" [_thread_blocked, id=26960, stack(0x000000487ac00000,0x000000487ad00000)]
  0x000001ef07eb6e00 JavaThread "Unconstrained build operations Thread 39" [_thread_blocked, id=24712, stack(0x000000487ad00000,0x000000487ae00000)]
  0x000001ef07eb7820 JavaThread "Unconstrained build operations Thread 40" [_thread_blocked, id=15080, stack(0x000000487ae00000,0x000000487af00000)]
  0x000001ef07eb54b0 JavaThread "Unconstrained build operations Thread 41" [_thread_blocked, id=22016, stack(0x000000487af00000,0x000000487b000000)]
  0x000001ef07eb7d30 JavaThread "Unconstrained build operations Thread 42" [_thread_blocked, id=26828, stack(0x000000487b000000,0x000000487b100000)]
  0x000001ef07eb7310 JavaThread "Unconstrained build operations Thread 43" [_thread_blocked, id=26572, stack(0x000000487b100000,0x000000487b200000)]
  0x000001ef07eb4a90 JavaThread "Unconstrained build operations Thread 44" [_thread_blocked, id=27248, stack(0x000000487b200000,0x000000487b300000)]
  0x000001ef07eb8240 JavaThread "Unconstrained build operations Thread 45" [_thread_blocked, id=19432, stack(0x000000487b300000,0x000000487b400000)]
  0x000001ef07eb8750 JavaThread "Unconstrained build operations Thread 46" [_thread_blocked, id=8352, stack(0x000000487b400000,0x000000487b500000)]
  0x000001ef07eb4fa0 JavaThread "Unconstrained build operations Thread 47" [_thread_blocked, id=17164, stack(0x000000487b500000,0x000000487b600000)]
  0x000001ef07eb8c60 JavaThread "Unconstrained build operations Thread 48" [_thread_blocked, id=18228, stack(0x000000487b600000,0x000000487b700000)]
  0x000001ef07eb59c0 JavaThread "Unconstrained build operations Thread 49" [_thread_blocked, id=16076, stack(0x000000487b700000,0x000000487b800000)]
  0x000001ef07eb9170 JavaThread "Unconstrained build operations Thread 50" [_thread_blocked, id=20412, stack(0x000000487b800000,0x000000487b900000)]
  0x000001ef07eb5ed0 JavaThread "Unconstrained build operations Thread 51" [_thread_blocked, id=2800, stack(0x000000487b900000,0x000000487ba00000)]
  0x000001ef07eb9b90 JavaThread "Unconstrained build operations Thread 52" [_thread_blocked, id=25780, stack(0x0000004879800000,0x0000004879900000)]
  0x000001ef07eba0a0 JavaThread "Unconstrained build operations Thread 53" [_thread_blocked, id=22872, stack(0x000000487ba00000,0x000000487bb00000)]
  0x000001ef07eb9680 JavaThread "Unconstrained build operations Thread 54" [_thread_blocked, id=26996, stack(0x000000487bb00000,0x000000487bc00000)]
  0x000001ef07eb68f0 JavaThread "Unconstrained build operations Thread 55" [_thread_blocked, id=26448, stack(0x000000487bc00000,0x000000487bd00000)]
  0x000001ef07eba5b0 JavaThread "Unconstrained build operations Thread 56" [_thread_blocked, id=22452, stack(0x000000487bd00000,0x000000487be00000)]
  0x000001ef07ebaac0 JavaThread "Unconstrained build operations Thread 57" [_thread_blocked, id=27444, stack(0x000000487be00000,0x000000487bf00000)]
  0x000001ef07ebafd0 JavaThread "Unconstrained build operations Thread 58" [_thread_blocked, id=4088, stack(0x000000487bf00000,0x000000487c000000)]
  0x000001ef07ebb4e0 JavaThread "Unconstrained build operations Thread 59" [_thread_blocked, id=25136, stack(0x000000487c000000,0x000000487c100000)]
  0x000001ef07ebbf00 JavaThread "Unconstrained build operations Thread 60" [_thread_blocked, id=26832, stack(0x000000487c100000,0x000000487c200000)]
  0x000001ef07ebb9f0 JavaThread "Unconstrained build operations Thread 61" [_thread_blocked, id=2896, stack(0x000000487c200000,0x000000487c300000)]
  0x000001ef095bd0b0 JavaThread "Unconstrained build operations Thread 62" [_thread_blocked, id=22732, stack(0x000000487c300000,0x000000487c400000)]
  0x000001ef095bb250 JavaThread "Unconstrained build operations Thread 63" [_thread_blocked, id=1068, stack(0x000000487c400000,0x000000487c500000)]
  0x000001ef095b9e10 JavaThread "Unconstrained build operations Thread 64" [_thread_blocked, id=27288, stack(0x000000487c500000,0x000000487c600000)]
  0x000001ef095bb760 JavaThread "Unconstrained build operations Thread 65" [_thread_blocked, id=11248, stack(0x000000487c600000,0x000000487c700000)]
  0x000001ef095b9900 JavaThread "Unconstrained build operations Thread 66" [_thread_blocked, id=26336, stack(0x000000487c700000,0x000000487c800000)]
  0x000001ef095bbc70 JavaThread "Unconstrained build operations Thread 67" [_thread_blocked, id=13472, stack(0x000000487c800000,0x000000487c900000)]
  0x000001ef095bad40 JavaThread "Unconstrained build operations Thread 68" [_thread_blocked, id=5532, stack(0x000000487c900000,0x000000487ca00000)]
  0x000001ef095bcba0 JavaThread "Unconstrained build operations Thread 69" [_thread_blocked, id=26872, stack(0x000000487ca00000,0x000000487cb00000)]
  0x000001ef095bc180 JavaThread "Unconstrained build operations Thread 70" [_thread_blocked, id=21312, stack(0x000000487cb00000,0x000000487cc00000)]
  0x000001ef095bc690 JavaThread "Unconstrained build operations Thread 71" [_thread_blocked, id=16488, stack(0x000000487cc00000,0x000000487cd00000)]
  0x000001ef095bd5c0 JavaThread "Unconstrained build operations Thread 72" [_thread_blocked, id=15108, stack(0x000000487cd00000,0x000000487ce00000)]
  0x000001ef095bdad0 JavaThread "jar transforms Thread 2" [_thread_blocked, id=19992, stack(0x000000487cf00000,0x000000487d000000)]
  0x000001ef095ba830 JavaThread "jar transforms Thread 3" [_thread_blocked, id=5140, stack(0x000000487d000000,0x000000487d100000)]
  0x000001ef095be4f0 JavaThread "Unconstrained build operations Thread 73" [_thread_blocked, id=1728, stack(0x000000487d100000,0x000000487d200000)]
  0x000001ef095bea00 JavaThread "Unconstrained build operations Thread 74" [_thread_blocked, id=21664, stack(0x000000487d200000,0x000000487d300000)]
  0x000001ef095bf420 JavaThread "Unconstrained build operations Thread 75" [_thread_blocked, id=24312, stack(0x000000487d300000,0x000000487d400000)]
  0x000001ef095bfe40 JavaThread "Unconstrained build operations Thread 76" [_thread_blocked, id=21988, stack(0x000000487d400000,0x000000487d500000)]
  0x000001ef095bf930 JavaThread "Unconstrained build operations Thread 77" [_thread_blocked, id=17040, stack(0x000000487d500000,0x000000487d600000)]
  0x000001ef095c0350 JavaThread "Unconstrained build operations Thread 78" [_thread_blocked, id=15420, stack(0x000000487d600000,0x000000487d700000)]
  0x000001ef095c0d70 JavaThread "Unconstrained build operations Thread 79" [_thread_blocked, id=17312, stack(0x000000487d700000,0x000000487d800000)]
  0x000001ef095c0860 JavaThread "Unconstrained build operations Thread 80" [_thread_blocked, id=26244, stack(0x000000487d800000,0x000000487d900000)]
  0x000001ef07d27ce0 JavaThread "jar transforms Thread 4" [_thread_blocked, id=11720, stack(0x000000487ce00000,0x000000487cf00000)]
  0x000001ef07d272c0 JavaThread "jar transforms Thread 5" [_thread_blocked, id=12056, stack(0x000000487d900000,0x000000487da00000)]
  0x000001ef07d29630 JavaThread "jar transforms Thread 6" [_thread_blocked, id=19192, stack(0x000000487da00000,0x000000487db00000)]
  0x000001ef07d281f0 JavaThread "build event listener" [_thread_blocked, id=5108, stack(0x000000487db00000,0x000000487dc00000)]
  0x000001ef07d2b9a0 JavaThread "jar transforms Thread 7" [_thread_blocked, id=23256, stack(0x000000487dd00000,0x000000487de00000)]
  0x000001ef07d2c8d0 JavaThread "jar transforms Thread 8" [_thread_blocked, id=27612, stack(0x000000487de00000,0x000000487df00000)]
  0x000001ef0c6f13c0 JavaThread "pool-3-thread-1" [_thread_blocked, id=5444, stack(0x0000004873c00000,0x0000004873d00000)]
  0x000001ef0c6f7900 JavaThread "build event listener" [_thread_blocked, id=12840, stack(0x000000487dc00000,0x000000487dd00000)]
  0x000001ef0c6f5590 JavaThread "Cache worker for execution history cache (C:\NexgenLMS\NexGenMobile\android\.gradle\8.10.2\executionHistory)" [_thread_blocked, id=22572, stack(0x000000487df00000,0x000000487e000000)]
  0x000001ef0c6f5aa0 JavaThread "WorkerExecutor Queue" [_thread_blocked, id=16292, stack(0x0000004873b00000,0x0000004873c00000)]
  0x000001ef0c6f7e10 JavaThread "pool-4-thread-1" [_thread_blocked, id=28280, stack(0x0000004879500000,0x0000004879600000)]
  0x000001ef086ec810 JavaThread "WorkerExecutor Queue Thread 2" [_thread_blocked, id=11524, stack(0x0000004879600000,0x0000004879700000)]
  0x000001ef086e9a80 JavaThread "pool-5-thread-1" [_thread_blocked, id=22892, stack(0x0000004879700000,0x0000004879800000)]
  0x000001ef07eb4580 JavaThread "WorkerExecutor Queue Thread 3" [_thread_blocked, id=28336, stack(0x000000487e000000,0x000000487e100000)]
  0x000001ef14f8b970 JavaThread "Exec process Thread 4" [_thread_in_native, id=20088, stack(0x000000487e200000,0x000000487e300000)]
  0x000001ef14ebbee0 JavaThread "Exec process Thread 5" [_thread_in_native, id=21328, stack(0x000000487e300000,0x000000487e400000)]
  0x000001ef14ebb9d0 JavaThread "Exec process Thread 6" [_thread_in_native, id=22420, stack(0x000000487e400000,0x000000487e500000)]
  0x000001ef211b7130 JavaThread "C2 CompilerThread1" daemon [_thread_blocked, id=21860, stack(0x0000004878d00000,0x0000004878e00000)]

Other Threads:
=>0x000001eec0000550 VMThread "VM Thread" [stack: 0x0000004874300000,0x0000004874400000] [id=8256]
  0x000001eec09d5420 WatcherThread [stack: 0x0000004874f00000,0x0000004875000000] [id=25528]
  0x000001eea234b2c0 GCTaskThread "GC Thread#0" [stack: 0x0000004873e00000,0x0000004873f00000] [id=6048]
  0x000001eec0b117b0 GCTaskThread "GC Thread#1" [stack: 0x0000004875100000,0x0000004875200000] [id=21704]
  0x000001ef06081110 GCTaskThread "GC Thread#2" [stack: 0x0000004875200000,0x0000004875300000] [id=3380]
  0x000001ef06f30290 GCTaskThread "GC Thread#3" [stack: 0x0000004875300000,0x0000004875400000] [id=21936]
  0x000001ef06e579a0 GCTaskThread "GC Thread#4" [stack: 0x0000004875400000,0x0000004875500000] [id=19156]
  0x000001ef08261790 GCTaskThread "GC Thread#5" [stack: 0x0000004876100000,0x0000004876200000] [id=14504]
  0x000001ef08262d90 GCTaskThread "GC Thread#6" [stack: 0x0000004876200000,0x0000004876300000] [id=25364]
  0x000001ef08261d10 GCTaskThread "GC Thread#7" [stack: 0x0000004876300000,0x0000004876400000] [id=9676]
  0x000001eea235cdf0 ConcurrentGCThread "G1 Main Marker" [stack: 0x0000004873f00000,0x0000004874000000] [id=7288]
  0x000001eea235e5d0 ConcurrentGCThread "G1 Conc#0" [stack: 0x0000004874000000,0x0000004874100000] [id=14552]
  0x000001ef08262290 ConcurrentGCThread "G1 Conc#1" [stack: 0x0000004876700000,0x0000004876800000] [id=18468]
  0x000001eea239b0d0 ConcurrentGCThread "G1 Refine#0" [stack: 0x0000004874100000,0x0000004874200000] [id=24120]
  0x000001ef0a48d670 ConcurrentGCThread "G1 Refine#1" [stack: 0x0000004873a00000,0x0000004873b00000] [id=16412]
  0x000001eea239b8b0 ConcurrentGCThread "G1 Service" [stack: 0x0000004874200000,0x0000004874300000] [id=23588]

Threads with active compile tasks:
C2 CompilerThread0   231611 59006       4       java.util.regex.Matcher::replaceAll (59 bytes)
C2 CompilerThread1   231611 59020       4       org.jetbrains.kotlin.ir.declarations.IrFunction::transformChildren (99 bytes)

VM state: at safepoint (normal execution)

VM Mutex/Monitor currently owned by a thread:  ([mutex/lock_event])
[0x000001eea00ba180] Threads_lock - owner thread: 0x000001eec0000550
[0x000001eea22eb610] Heap_lock - owner thread: 0x000001eea235cdf0

Heap address: 0x0000000080000000, size: 2048 MB, Compressed Oops mode: 32-bit

CDS archive(s) mapped at: [0x000001eec1000000-0x000001eec1bb0000-0x000001eec1bb0000), size 12255232, SharedBaseAddress: 0x000001eec1000000, ArchiveRelocationMode: 1.
Compressed class space mapped at: 0x000001eec2000000-0x000001ef02000000, reserved size: 1073741824
Narrow klass base: 0x000001eec1000000, Narrow klass shift: 0, Narrow klass range: 0x100000000

GC Precious Log:
 CPUs: 8 total, 8 available
 Memory: 7502M
 Large Page Support: Disabled
 NUMA Support: Disabled
 Compressed Oops: Enabled (32-bit)
 Heap Region Size: 1M
 Heap Min Capacity: 8M
 Heap Initial Capacity: 118M
 Heap Max Capacity: 2G
 Pre-touch: Disabled
 Parallel Workers: 8
 Concurrent Workers: 2
 Concurrent Refinement Workers: 8
 Periodic GC: Disabled

Heap:
 garbage-first heap   total 568320K, used 499805K [0x0000000080000000, 0x0000000100000000)
  region size 1024K, 18 young (18432K), 3 survivors (3072K)
 Metaspace       used 332945K, committed 334976K, reserved 1376256K
  class space    used 40842K, committed 41792K, reserved 1048576K

Heap Regions: E=young(eden), S=young(survivor), O=old, HS=humongous(starts), HC=humongous(continues), CS=collection set, F=free, OA=open archive, CA=closed archive, TAMS=top-at-mark-start (previous, next)
|   0|0x0000000080000000, 0x0000000080100000, 0x0000000080100000|100%| O|  |TAMS 0x0000000080100000, 0x0000000080000000| Untracked 
|   1|0x0000000080100000, 0x0000000080200000, 0x0000000080200000|100%| O|  |TAMS 0x0000000080200000, 0x0000000080100000| Updating 
|   2|0x0000000080200000, 0x0000000080300000, 0x0000000080300000|100%|HS|  |TAMS 0x0000000080300000, 0x0000000080200000| Complete 
|   3|0x0000000080300000, 0x0000000080400000, 0x0000000080400000|100%|HC|  |TAMS 0x0000000080400000, 0x0000000080300000| Complete 
|   4|0x0000000080400000, 0x0000000080500000, 0x0000000080500000|100%|HC|  |TAMS 0x0000000080500000, 0x0000000080400000| Complete 
|   5|0x0000000080500000, 0x0000000080600000, 0x0000000080600000|100%|HC|  |TAMS 0x0000000080600000, 0x0000000080500000| Complete 
|   6|0x0000000080600000, 0x0000000080700000, 0x0000000080700000|100%| O|  |TAMS 0x0000000080700000, 0x0000000080600000| Untracked 
|   7|0x0000000080700000, 0x0000000080800000, 0x0000000080800000|100%| O|  |TAMS 0x0000000080800000, 0x0000000080700000| Untracked 
|   8|0x0000000080800000, 0x0000000080900000, 0x0000000080900000|100%| O|  |TAMS 0x0000000080900000, 0x0000000080800000| Untracked 
|   9|0x0000000080900000, 0x0000000080a00000, 0x0000000080a00000|100%|HS|  |TAMS 0x0000000080a00000, 0x0000000080900000| Complete 
|  10|0x0000000080a00000, 0x0000000080b00000, 0x0000000080b00000|100%| O|  |TAMS 0x0000000080b00000, 0x0000000080a00000| Untracked 
|  11|0x0000000080b00000, 0x0000000080c00000, 0x0000000080c00000|100%| O|  |TAMS 0x0000000080c00000, 0x0000000080b00000| Untracked 
|  12|0x0000000080c00000, 0x0000000080d00000, 0x0000000080d00000|100%| O|  |TAMS 0x0000000080d00000, 0x0000000080c00000| Untracked 
|  13|0x0000000080d00000, 0x0000000080e00000, 0x0000000080e00000|100%| O|  |TAMS 0x0000000080e00000, 0x0000000080d00000| Untracked 
|  14|0x0000000080e00000, 0x0000000080f00000, 0x0000000080f00000|100%| O|  |TAMS 0x0000000080f00000, 0x0000000080e00000| Untracked 
|  15|0x0000000080f00000, 0x0000000081000000, 0x0000000081000000|100%| O|  |TAMS 0x0000000081000000, 0x0000000080f00000| Untracked 
|  16|0x0000000081000000, 0x0000000081100000, 0x0000000081100000|100%| O|  |TAMS 0x0000000081100000, 0x0000000081000000| Untracked 
|  17|0x0000000081100000, 0x0000000081200000, 0x0000000081200000|100%| O|  |TAMS 0x0000000081200000, 0x0000000081100000| Untracked 
|  18|0x0000000081200000, 0x0000000081300000, 0x0000000081300000|100%| O|  |TAMS 0x0000000081300000, 0x0000000081200000| Untracked 
|  19|0x0000000081300000, 0x0000000081400000, 0x0000000081400000|100%| O|  |TAMS 0x0000000081400000, 0x0000000081300000| Untracked 
|  20|0x0000000081400000, 0x0000000081500000, 0x0000000081500000|100%| O|  |TAMS 0x0000000081500000, 0x0000000081400000| Untracked 
|  21|0x0000000081500000, 0x00000000815ca600, 0x0000000081600000| 79%| O|  |TAMS 0x00000000815ca600, 0x0000000081500000| Updating 
|  22|0x0000000081600000, 0x0000000081700000, 0x0000000081700000|100%| O|  |TAMS 0x0000000081700000, 0x0000000081600000| Untracked 
|  23|0x0000000081700000, 0x0000000081800000, 0x0000000081800000|100%| O|  |TAMS 0x0000000081800000, 0x0000000081700000| Untracked 
|  24|0x0000000081800000, 0x0000000081900000, 0x0000000081900000|100%| O|  |TAMS 0x0000000081900000, 0x0000000081800000| Updating 
|  25|0x0000000081900000, 0x0000000081a00000, 0x0000000081a00000|100%| O|  |TAMS 0x0000000081a00000, 0x0000000081900000| Updating 
|  26|0x0000000081a00000, 0x0000000081b00000, 0x0000000081b00000|100%| O|  |TAMS 0x0000000081b00000, 0x0000000081a00000| Untracked 
|  27|0x0000000081b00000, 0x0000000081c00000, 0x0000000081c00000|100%| O|  |TAMS 0x0000000081c00000, 0x0000000081b00000| Untracked 
|  28|0x0000000081c00000, 0x0000000081d00000, 0x0000000081d00000|100%| O|  |TAMS 0x0000000081d00000, 0x0000000081c00000| Untracked 
|  29|0x0000000081d00000, 0x0000000081e00000, 0x0000000081e00000|100%| O|  |TAMS 0x0000000081e00000, 0x0000000081d00000| Untracked 
|  30|0x0000000081e00000, 0x0000000081f00000, 0x0000000081f00000|100%| O|  |TAMS 0x0000000081f00000, 0x0000000081e00000| Untracked 
|  31|0x0000000081f00000, 0x0000000082000000, 0x0000000082000000|100%| O|  |TAMS 0x0000000082000000, 0x0000000081f00000| Untracked 
|  32|0x0000000082000000, 0x0000000082100000, 0x0000000082100000|100%| O|  |TAMS 0x0000000082100000, 0x0000000082000000| Untracked 
|  33|0x0000000082100000, 0x0000000082200000, 0x0000000082200000|100%| O|  |TAMS 0x0000000082200000, 0x0000000082100000| Untracked 
|  34|0x0000000082200000, 0x0000000082300000, 0x0000000082300000|100%| O|  |TAMS 0x0000000082300000, 0x0000000082200000| Untracked 
|  35|0x0000000082300000, 0x0000000082400000, 0x0000000082400000|100%| O|  |TAMS 0x0000000082400000, 0x0000000082300000| Untracked 
|  36|0x0000000082400000, 0x0000000082500000, 0x0000000082500000|100%| O|  |TAMS 0x0000000082500000, 0x0000000082400000| Untracked 
|  37|0x0000000082500000, 0x0000000082600000, 0x0000000082600000|100%| O|  |TAMS 0x0000000082600000, 0x0000000082500000| Updating 
|  38|0x0000000082600000, 0x0000000082700000, 0x0000000082700000|100%| O|  |TAMS 0x0000000082700000, 0x0000000082600000| Untracked 
|  39|0x0000000082700000, 0x0000000082800000, 0x0000000082800000|100%| O|  |TAMS 0x0000000082800000, 0x0000000082700000| Updating 
|  40|0x0000000082800000, 0x0000000082900000, 0x0000000082900000|100%| O|  |TAMS 0x0000000082900000, 0x0000000082800000| Updating 
|  41|0x0000000082900000, 0x0000000082a00000, 0x0000000082a00000|100%| O|  |TAMS 0x0000000082a00000, 0x0000000082900000| Untracked 
|  42|0x0000000082a00000, 0x0000000082b00000, 0x0000000082b00000|100%| O|  |TAMS 0x0000000082b00000, 0x0000000082a00000| Untracked 
|  43|0x0000000082b00000, 0x0000000082c00000, 0x0000000082c00000|100%| O|  |TAMS 0x0000000082c00000, 0x0000000082b00000| Untracked 
|  44|0x0000000082c00000, 0x0000000082d00000, 0x0000000082d00000|100%| O|  |TAMS 0x0000000082d00000, 0x0000000082c00000| Updating 
|  45|0x0000000082d00000, 0x0000000082e00000, 0x0000000082e00000|100%|HS|  |TAMS 0x0000000082e00000, 0x0000000082d00000| Complete 
|  46|0x0000000082e00000, 0x0000000082f00000, 0x0000000082f00000|100%|HS|  |TAMS 0x0000000082f00000, 0x0000000082e00000| Complete 
|  47|0x0000000082f00000, 0x0000000083000000, 0x0000000083000000|100%| O|  |TAMS 0x0000000083000000, 0x0000000082f00000| Updating 
|  48|0x0000000083000000, 0x0000000083100000, 0x0000000083100000|100%| O|  |TAMS 0x0000000083100000, 0x0000000083000000| Updating 
|  49|0x0000000083100000, 0x0000000083200000, 0x0000000083200000|100%|HS|  |TAMS 0x0000000083200000, 0x0000000083100000| Complete 
|  50|0x0000000083200000, 0x0000000083300000, 0x0000000083300000|100%|HC|  |TAMS 0x0000000083300000, 0x0000000083200000| Complete 
|  51|0x0000000083300000, 0x0000000083400000, 0x0000000083400000|100%|HS|  |TAMS 0x0000000083400000, 0x0000000083300000| Complete 
|  52|0x0000000083400000, 0x0000000083500000, 0x0000000083500000|100%|HC|  |TAMS 0x0000000083500000, 0x0000000083400000| Complete 
|  53|0x0000000083500000, 0x0000000083600000, 0x0000000083600000|100%|HS|  |TAMS 0x0000000083600000, 0x0000000083500000| Complete 
|  54|0x0000000083600000, 0x0000000083700000, 0x0000000083700000|100%|HC|  |TAMS 0x0000000083700000, 0x0000000083600000| Complete 
|  55|0x0000000083700000, 0x0000000083800000, 0x0000000083800000|100%|HC|  |TAMS 0x0000000083800000, 0x0000000083700000| Complete 
|  56|0x0000000083800000, 0x0000000083900000, 0x0000000083900000|100%|HC|  |TAMS 0x0000000083900000, 0x0000000083800000| Complete 
|  57|0x0000000083900000, 0x0000000083a00000, 0x0000000083a00000|100%|HS|  |TAMS 0x0000000083a00000, 0x0000000083900000| Complete 
|  58|0x0000000083a00000, 0x0000000083b00000, 0x0000000083b00000|100%|HC|  |TAMS 0x0000000083b00000, 0x0000000083a00000| Complete 
|  59|0x0000000083b00000, 0x0000000083c00000, 0x0000000083c00000|100%|HC|  |TAMS 0x0000000083c00000, 0x0000000083b00000| Complete 
|  60|0x0000000083c00000, 0x0000000083d00000, 0x0000000083d00000|100%|HC|  |TAMS 0x0000000083d00000, 0x0000000083c00000| Complete 
|  61|0x0000000083d00000, 0x0000000083e00000, 0x0000000083e00000|100%| O|  |TAMS 0x0000000083e00000, 0x0000000083d00000| Untracked 
|  62|0x0000000083e00000, 0x0000000083f00000, 0x0000000083f00000|100%| O|  |TAMS 0x0000000083f00000, 0x0000000083e00000| Untracked 
|  63|0x0000000083f00000, 0x0000000084000000, 0x0000000084000000|100%| O|  |TAMS 0x0000000084000000, 0x0000000083f00000| Updating 
|  64|0x0000000084000000, 0x0000000084100000, 0x0000000084100000|100%| O|  |TAMS 0x0000000084100000, 0x0000000084000000| Updating 
|  65|0x0000000084100000, 0x0000000084200000, 0x0000000084200000|100%| O|  |TAMS 0x0000000084200000, 0x0000000084100000| Updating 
|  66|0x0000000084200000, 0x0000000084300000, 0x0000000084300000|100%| O|  |TAMS 0x0000000084300000, 0x0000000084200000| Updating 
|  67|0x0000000084300000, 0x0000000084400000, 0x0000000084400000|100%| O|  |TAMS 0x0000000084400000, 0x0000000084300000| Untracked 
|  68|0x0000000084400000, 0x0000000084500000, 0x0000000084500000|100%| O|  |TAMS 0x0000000084500000, 0x0000000084400000| Untracked 
|  69|0x0000000084500000, 0x0000000084600000, 0x0000000084600000|100%| O|  |TAMS 0x0000000084600000, 0x0000000084500000| Untracked 
|  70|0x0000000084600000, 0x0000000084700000, 0x0000000084700000|100%| O|  |TAMS 0x0000000084700000, 0x0000000084600000| Untracked 
|  71|0x0000000084700000, 0x0000000084800000, 0x0000000084800000|100%| O|  |TAMS 0x0000000084800000, 0x0000000084700000| Untracked 
|  72|0x0000000084800000, 0x0000000084900000, 0x0000000084900000|100%| O|  |TAMS 0x0000000084900000, 0x0000000084800000| Updating 
|  73|0x0000000084900000, 0x0000000084a00000, 0x0000000084a00000|100%| O|  |TAMS 0x0000000084a00000, 0x0000000084900000| Untracked 
|  74|0x0000000084a00000, 0x0000000084b00000, 0x0000000084b00000|100%| O|  |TAMS 0x0000000084b00000, 0x0000000084a00000| Untracked 
|  75|0x0000000084b00000, 0x0000000084c00000, 0x0000000084c00000|100%| O|  |TAMS 0x0000000084c00000, 0x0000000084b00000| Updating 
|  76|0x0000000084c00000, 0x0000000084d00000, 0x0000000084d00000|100%| O|  |TAMS 0x0000000084d00000, 0x0000000084c00000| Untracked 
|  77|0x0000000084d00000, 0x0000000084e00000, 0x0000000084e00000|100%| O|  |TAMS 0x0000000084e00000, 0x0000000084d00000| Updating 
|  78|0x0000000084e00000, 0x0000000084f00000, 0x0000000084f00000|100%| O|  |TAMS 0x0000000084f00000, 0x0000000084e00000| Untracked 
|  79|0x0000000084f00000, 0x0000000085000000, 0x0000000085000000|100%| O|  |TAMS 0x0000000085000000, 0x0000000084f00000| Untracked 
|  80|0x0000000085000000, 0x0000000085100000, 0x0000000085100000|100%| O|  |TAMS 0x0000000085100000, 0x0000000085000000| Updating 
|  81|0x0000000085100000, 0x0000000085200000, 0x0000000085200000|100%| O|  |TAMS 0x0000000085200000, 0x0000000085100000| Updating 
|  82|0x0000000085200000, 0x0000000085300000, 0x0000000085300000|100%|HS|  |TAMS 0x0000000085300000, 0x0000000085200000| Complete 
|  83|0x0000000085300000, 0x0000000085400000, 0x0000000085400000|100%|HS|  |TAMS 0x0000000085400000, 0x0000000085300000| Complete 
|  84|0x0000000085400000, 0x0000000085500000, 0x0000000085500000|100%|HS|  |TAMS 0x0000000085500000, 0x0000000085400000| Complete 
|  85|0x0000000085500000, 0x0000000085600000, 0x0000000085600000|100%|HS|  |TAMS 0x0000000085600000, 0x0000000085500000| Complete 
|  86|0x0000000085600000, 0x0000000085700000, 0x0000000085700000|100%| O|  |TAMS 0x0000000085700000, 0x0000000085600000| Untracked 
|  87|0x0000000085700000, 0x0000000085800000, 0x0000000085800000|100%|HS|  |TAMS 0x0000000085800000, 0x0000000085700000| Complete 
|  88|0x0000000085800000, 0x0000000085900000, 0x0000000085900000|100%|HS|  |TAMS 0x0000000085900000, 0x0000000085800000| Complete 
|  89|0x0000000085900000, 0x0000000085a00000, 0x0000000085a00000|100%| O|  |TAMS 0x0000000085a00000, 0x0000000085900000| Updating 
|  90|0x0000000085a00000, 0x0000000085b00000, 0x0000000085b00000|100%| O|  |TAMS 0x0000000085b00000, 0x0000000085a00000| Untracked 
|  91|0x0000000085b00000, 0x0000000085c00000, 0x0000000085c00000|100%| O|  |TAMS 0x0000000085c00000, 0x0000000085b00000| Updating 
|  92|0x0000000085c00000, 0x0000000085d00000, 0x0000000085d00000|100%| O|  |TAMS 0x0000000085d00000, 0x0000000085c00000| Updating 
|  93|0x0000000085d00000, 0x0000000085e00000, 0x0000000085e00000|100%| O|  |TAMS 0x0000000085e00000, 0x0000000085d00000| Updating 
|  94|0x0000000085e00000, 0x0000000085f00000, 0x0000000085f00000|100%| O|  |TAMS 0x0000000085f00000, 0x0000000085e00000| Updating 
|  95|0x0000000085f00000, 0x0000000086000000, 0x0000000086000000|100%| O|  |TAMS 0x0000000086000000, 0x0000000085f00000| Updating 
|  96|0x0000000086000000, 0x0000000086100000, 0x0000000086100000|100%| O|  |TAMS 0x0000000086100000, 0x0000000086000000| Updating 
|  97|0x0000000086100000, 0x0000000086200000, 0x0000000086200000|100%| O|  |TAMS 0x0000000086200000, 0x0000000086100000| Untracked 
|  98|0x0000000086200000, 0x0000000086300000, 0x0000000086300000|100%| O|  |TAMS 0x0000000086300000, 0x0000000086200000| Updating 
|  99|0x0000000086300000, 0x0000000086400000, 0x0000000086400000|100%| O|  |TAMS 0x0000000086400000, 0x0000000086300000| Updating 
| 100|0x0000000086400000, 0x0000000086500000, 0x0000000086500000|100%|HS|  |TAMS 0x0000000086500000, 0x0000000086400000| Complete 
| 101|0x0000000086500000, 0x0000000086600000, 0x0000000086600000|100%|HC|  |TAMS 0x0000000086600000, 0x0000000086500000| Complete 
| 102|0x0000000086600000, 0x0000000086700000, 0x0000000086700000|100%| O|  |TAMS 0x0000000086700000, 0x0000000086600000| Untracked 
| 103|0x0000000086700000, 0x0000000086800000, 0x0000000086800000|100%|HS|  |TAMS 0x0000000086800000, 0x0000000086700000| Complete 
| 104|0x0000000086800000, 0x0000000086900000, 0x0000000086900000|100%| O|  |TAMS 0x0000000086900000, 0x0000000086800000| Untracked 
| 105|0x0000000086900000, 0x0000000086a00000, 0x0000000086a00000|100%| O|  |TAMS 0x0000000086a00000, 0x0000000086900000| Untracked 
| 106|0x0000000086a00000, 0x0000000086b00000, 0x0000000086b00000|100%| O|  |TAMS 0x0000000086b00000, 0x0000000086a00000| Updating 
| 107|0x0000000086b00000, 0x0000000086c00000, 0x0000000086c00000|100%| O|  |TAMS 0x0000000086c00000, 0x0000000086b00000| Untracked 
| 108|0x0000000086c00000, 0x0000000086d00000, 0x0000000086d00000|100%| O|  |TAMS 0x0000000086d00000, 0x0000000086c00000| Untracked 
| 109|0x0000000086d00000, 0x0000000086e00000, 0x0000000086e00000|100%| O|  |TAMS 0x0000000086e00000, 0x0000000086d00000| Updating 
| 110|0x0000000086e00000, 0x0000000086f00000, 0x0000000086f00000|100%| O|  |TAMS 0x0000000086f00000, 0x0000000086e00000| Untracked 
| 111|0x0000000086f00000, 0x0000000087000000, 0x0000000087000000|100%| O|  |TAMS 0x0000000087000000, 0x0000000086f00000| Untracked 
| 112|0x0000000087000000, 0x0000000087100000, 0x0000000087100000|100%| O|  |TAMS 0x0000000087100000, 0x0000000087000000| Untracked 
| 113|0x0000000087100000, 0x0000000087200000, 0x0000000087200000|100%| O|  |TAMS 0x0000000087200000, 0x0000000087100000| Untracked 
| 114|0x0000000087200000, 0x0000000087300000, 0x0000000087300000|100%| O|  |TAMS 0x0000000087300000, 0x0000000087200000| Updating 
| 115|0x0000000087300000, 0x0000000087400000, 0x0000000087400000|100%| O|  |TAMS 0x0000000087400000, 0x0000000087300000| Updating 
| 116|0x0000000087400000, 0x0000000087500000, 0x0000000087500000|100%| O|  |TAMS 0x0000000087500000, 0x0000000087400000| Untracked 
| 117|0x0000000087500000, 0x0000000087600000, 0x0000000087600000|100%| O|  |TAMS 0x0000000087600000, 0x0000000087500000| Untracked 
| 118|0x0000000087600000, 0x0000000087700000, 0x0000000087700000|100%| O|  |TAMS 0x0000000087700000, 0x0000000087600000| Untracked 
| 119|0x0000000087700000, 0x0000000087800000, 0x0000000087800000|100%| O|  |TAMS 0x0000000087800000, 0x0000000087700000| Untracked 
| 120|0x0000000087800000, 0x0000000087900000, 0x0000000087900000|100%| O|  |TAMS 0x0000000087900000, 0x0000000087800000| Untracked 
| 121|0x0000000087900000, 0x0000000087a00000, 0x0000000087a00000|100%| O|  |TAMS 0x0000000087a00000, 0x0000000087900000| Untracked 
| 122|0x0000000087a00000, 0x0000000087b00000, 0x0000000087b00000|100%| O|  |TAMS 0x0000000087b00000, 0x0000000087a00000| Updating 
| 123|0x0000000087b00000, 0x0000000087c00000, 0x0000000087c00000|100%| O|  |TAMS 0x0000000087c00000, 0x0000000087b00000| Untracked 
| 124|0x0000000087c00000, 0x0000000087d00000, 0x0000000087d00000|100%| O|  |TAMS 0x0000000087d00000, 0x0000000087c00000| Updating 
| 125|0x0000000087d00000, 0x0000000087e00000, 0x0000000087e00000|100%| O|  |TAMS 0x0000000087e00000, 0x0000000087d00000| Updating 
| 126|0x0000000087e00000, 0x0000000087f00000, 0x0000000087f00000|100%| O|  |TAMS 0x0000000087f00000, 0x0000000087e00000| Updating 
| 127|0x0000000087f00000, 0x0000000088000000, 0x0000000088000000|100%| O|  |TAMS 0x0000000088000000, 0x0000000087f00000| Untracked 
| 128|0x0000000088000000, 0x0000000088100000, 0x0000000088100000|100%|HS|  |TAMS 0x0000000088100000, 0x0000000088000000| Complete 
| 129|0x0000000088100000, 0x0000000088200000, 0x0000000088200000|100%|HS|  |TAMS 0x0000000088200000, 0x0000000088100000| Complete 
| 130|0x0000000088200000, 0x0000000088300000, 0x0000000088300000|100%|HC|  |TAMS 0x0000000088300000, 0x0000000088200000| Complete 
| 131|0x0000000088300000, 0x0000000088400000, 0x0000000088400000|100%| O|  |TAMS 0x0000000088400000, 0x0000000088300000| Updating 
| 132|0x0000000088400000, 0x0000000088500000, 0x0000000088500000|100%| O|  |TAMS 0x0000000088500000, 0x0000000088400000| Updating 
| 133|0x0000000088500000, 0x0000000088600000, 0x0000000088600000|100%| O|  |TAMS 0x0000000088600000, 0x0000000088500000| Untracked 
| 134|0x0000000088600000, 0x0000000088700000, 0x0000000088700000|100%| O|  |TAMS 0x0000000088700000, 0x0000000088600000| Updating 
| 135|0x0000000088700000, 0x0000000088800000, 0x0000000088800000|100%| O|  |TAMS 0x0000000088800000, 0x0000000088700000| Untracked 
| 136|0x0000000088800000, 0x0000000088900000, 0x0000000088900000|100%| O|  |TAMS 0x0000000088900000, 0x0000000088800000| Untracked 
| 137|0x0000000088900000, 0x0000000088a00000, 0x0000000088a00000|100%| O|  |TAMS 0x0000000088a00000, 0x0000000088900000| Untracked 
| 138|0x0000000088a00000, 0x0000000088b00000, 0x0000000088b00000|100%| O|  |TAMS 0x0000000088b00000, 0x0000000088a00000| Untracked 
| 139|0x0000000088b00000, 0x0000000088c00000, 0x0000000088c00000|100%| O|  |TAMS 0x0000000088c00000, 0x0000000088b00000| Untracked 
| 140|0x0000000088c00000, 0x0000000088d00000, 0x0000000088d00000|100%| O|  |TAMS 0x0000000088d00000, 0x0000000088c00000| Updating 
| 141|0x0000000088d00000, 0x0000000088e00000, 0x0000000088e00000|100%| O|  |TAMS 0x0000000088e00000, 0x0000000088d00000| Untracked 
| 142|0x0000000088e00000, 0x0000000088f00000, 0x0000000088f00000|100%| O|  |TAMS 0x0000000088f00000, 0x0000000088e00000| Updating 
| 143|0x0000000088f00000, 0x0000000089000000, 0x0000000089000000|100%| O|  |TAMS 0x0000000089000000, 0x0000000088f00000| Untracked 
| 144|0x0000000089000000, 0x0000000089100000, 0x0000000089100000|100%| O|  |TAMS 0x0000000089100000, 0x0000000089000000| Untracked 
| 145|0x0000000089100000, 0x0000000089200000, 0x0000000089200000|100%| O|  |TAMS 0x0000000089200000, 0x0000000089100000| Untracked 
| 146|0x0000000089200000, 0x0000000089300000, 0x0000000089300000|100%| O|  |TAMS 0x0000000089300000, 0x0000000089200000| Updating 
| 147|0x0000000089300000, 0x0000000089400000, 0x0000000089400000|100%| O|  |TAMS 0x0000000089400000, 0x0000000089300000| Updating 
| 148|0x0000000089400000, 0x0000000089500000, 0x0000000089500000|100%|HS|  |TAMS 0x0000000089500000, 0x0000000089400000| Complete 
| 149|0x0000000089500000, 0x0000000089600000, 0x0000000089600000|100%|HS|  |TAMS 0x0000000089600000, 0x0000000089500000| Complete 
| 150|0x0000000089600000, 0x0000000089700000, 0x0000000089700000|100%| O|  |TAMS 0x0000000089700000, 0x0000000089600000| Updating 
| 151|0x0000000089700000, 0x0000000089800000, 0x0000000089800000|100%| O|  |TAMS 0x0000000089800000, 0x0000000089700000| Untracked 
| 152|0x0000000089800000, 0x0000000089900000, 0x0000000089900000|100%| O|  |TAMS 0x0000000089900000, 0x0000000089800000| Untracked 
| 153|0x0000000089900000, 0x0000000089a00000, 0x0000000089a00000|100%| O|  |TAMS 0x0000000089a00000, 0x0000000089900000| Untracked 
| 154|0x0000000089a00000, 0x0000000089b00000, 0x0000000089b00000|100%| O|  |TAMS 0x0000000089b00000, 0x0000000089a00000| Updating 
| 155|0x0000000089b00000, 0x0000000089c00000, 0x0000000089c00000|100%| O|  |TAMS 0x0000000089c00000, 0x0000000089b00000| Untracked 
| 156|0x0000000089c00000, 0x0000000089d00000, 0x0000000089d00000|100%| O|  |TAMS 0x0000000089d00000, 0x0000000089c00000| Untracked 
| 157|0x0000000089d00000, 0x0000000089e00000, 0x0000000089e00000|100%| O|  |TAMS 0x0000000089e00000, 0x0000000089d00000| Untracked 
| 158|0x0000000089e00000, 0x0000000089f00000, 0x0000000089f00000|100%| O|  |TAMS 0x0000000089f00000, 0x0000000089e00000| Untracked 
| 159|0x0000000089f00000, 0x000000008a000000, 0x000000008a000000|100%| O|  |TAMS 0x000000008a000000, 0x0000000089f00000| Untracked 
| 160|0x000000008a000000, 0x000000008a100000, 0x000000008a100000|100%| O|  |TAMS 0x000000008a100000, 0x000000008a000000| Untracked 
| 161|0x000000008a100000, 0x000000008a200000, 0x000000008a200000|100%| O|  |TAMS 0x000000008a200000, 0x000000008a100000| Updating 
| 162|0x000000008a200000, 0x000000008a300000, 0x000000008a300000|100%| O|  |TAMS 0x000000008a300000, 0x000000008a200000| Untracked 
| 163|0x000000008a300000, 0x000000008a400000, 0x000000008a400000|100%| O|  |TAMS 0x000000008a400000, 0x000000008a300000| Untracked 
| 164|0x000000008a400000, 0x000000008a500000, 0x000000008a500000|100%| O|  |TAMS 0x000000008a500000, 0x000000008a400000| Updating 
| 165|0x000000008a500000, 0x000000008a600000, 0x000000008a600000|100%| O|  |TAMS 0x000000008a600000, 0x000000008a500000| Untracked 
| 166|0x000000008a600000, 0x000000008a700000, 0x000000008a700000|100%| O|  |TAMS 0x000000008a700000, 0x000000008a600000| Untracked 
| 167|0x000000008a700000, 0x000000008a800000, 0x000000008a800000|100%| O|  |TAMS 0x000000008a800000, 0x000000008a700000| Updating 
| 168|0x000000008a800000, 0x000000008a900000, 0x000000008a900000|100%| O|  |TAMS 0x000000008a900000, 0x000000008a800000| Untracked 
| 169|0x000000008a900000, 0x000000008aa00000, 0x000000008aa00000|100%| O|  |TAMS 0x000000008aa00000, 0x000000008a900000| Updating 
| 170|0x000000008aa00000, 0x000000008ab00000, 0x000000008ab00000|100%| O|  |TAMS 0x000000008ab00000, 0x000000008aa00000| Untracked 
| 171|0x000000008ab00000, 0x000000008ac00000, 0x000000008ac00000|100%| O|  |TAMS 0x000000008ac00000, 0x000000008ab00000| Untracked 
| 172|0x000000008ac00000, 0x000000008ad00000, 0x000000008ad00000|100%| O|  |TAMS 0x000000008ad00000, 0x000000008ac00000| Untracked 
| 173|0x000000008ad00000, 0x000000008ae00000, 0x000000008ae00000|100%| O|  |TAMS 0x000000008ae00000, 0x000000008ad00000| Updating 
| 174|0x000000008ae00000, 0x000000008af00000, 0x000000008af00000|100%| O|  |TAMS 0x000000008af00000, 0x000000008ae00000| Updating 
| 175|0x000000008af00000, 0x000000008b000000, 0x000000008b000000|100%| O|  |TAMS 0x000000008b000000, 0x000000008af00000| Untracked 
| 176|0x000000008b000000, 0x000000008b100000, 0x000000008b100000|100%| O|  |TAMS 0x000000008b100000, 0x000000008b000000| Untracked 
| 177|0x000000008b100000, 0x000000008b200000, 0x000000008b200000|100%| O|  |TAMS 0x000000008b200000, 0x000000008b100000| Untracked 
| 178|0x000000008b200000, 0x000000008b300000, 0x000000008b300000|100%| O|  |TAMS 0x000000008b300000, 0x000000008b200000| Untracked 
| 179|0x000000008b300000, 0x000000008b400000, 0x000000008b400000|100%| O|  |TAMS 0x000000008b400000, 0x000000008b300000| Updating 
| 180|0x000000008b400000, 0x000000008b500000, 0x000000008b500000|100%| O|  |TAMS 0x000000008b500000, 0x000000008b400000| Untracked 
| 181|0x000000008b500000, 0x000000008b600000, 0x000000008b600000|100%| O|  |TAMS 0x000000008b600000, 0x000000008b500000| Updating 
| 182|0x000000008b600000, 0x000000008b700000, 0x000000008b700000|100%| O|  |TAMS 0x000000008b700000, 0x000000008b600000| Untracked 
| 183|0x000000008b700000, 0x000000008b800000, 0x000000008b800000|100%|HS|  |TAMS 0x000000008b800000, 0x000000008b700000| Complete 
| 184|0x000000008b800000, 0x000000008b900000, 0x000000008b900000|100%|HC|  |TAMS 0x000000008b900000, 0x000000008b800000| Complete 
| 185|0x000000008b900000, 0x000000008ba00000, 0x000000008ba00000|100%| O|  |TAMS 0x000000008ba00000, 0x000000008b900000| Untracked 
| 186|0x000000008ba00000, 0x000000008bb00000, 0x000000008bb00000|100%| O|  |TAMS 0x000000008bb00000, 0x000000008ba00000| Untracked 
| 187|0x000000008bb00000, 0x000000008bc00000, 0x000000008bc00000|100%| O|  |TAMS 0x000000008bc00000, 0x000000008bb00000| Untracked 
| 188|0x000000008bc00000, 0x000000008bd00000, 0x000000008bd00000|100%| O|  |TAMS 0x000000008bd00000, 0x000000008bc00000| Untracked 
| 189|0x000000008bd00000, 0x000000008be00000, 0x000000008be00000|100%| O|  |TAMS 0x000000008be00000, 0x000000008bd00000| Untracked 
| 190|0x000000008be00000, 0x000000008bf00000, 0x000000008bf00000|100%| O|  |TAMS 0x000000008bf00000, 0x000000008be00000| Untracked 
| 191|0x000000008bf00000, 0x000000008c000000, 0x000000008c000000|100%| O|  |TAMS 0x000000008c000000, 0x000000008bf00000| Untracked 
| 192|0x000000008c000000, 0x000000008c100000, 0x000000008c100000|100%| O|  |TAMS 0x000000008c100000, 0x000000008c000000| Untracked 
| 193|0x000000008c100000, 0x000000008c200000, 0x000000008c200000|100%| O|  |TAMS 0x000000008c200000, 0x000000008c100000| Updating 
| 194|0x000000008c200000, 0x000000008c300000, 0x000000008c300000|100%| O|  |TAMS 0x000000008c300000, 0x000000008c200000| Updating 
| 195|0x000000008c300000, 0x000000008c400000, 0x000000008c400000|100%| O|  |TAMS 0x000000008c400000, 0x000000008c300000| Untracked 
| 196|0x000000008c400000, 0x000000008c500000, 0x000000008c500000|100%| O|  |TAMS 0x000000008c500000, 0x000000008c400000| Untracked 
| 197|0x000000008c500000, 0x000000008c600000, 0x000000008c600000|100%| O|  |TAMS 0x000000008c600000, 0x000000008c500000| Untracked 
| 198|0x000000008c600000, 0x000000008c700000, 0x000000008c700000|100%| O|  |TAMS 0x000000008c700000, 0x000000008c600000| Updating 
| 199|0x000000008c700000, 0x000000008c800000, 0x000000008c800000|100%| O|  |TAMS 0x000000008c800000, 0x000000008c700000| Updating 
| 200|0x000000008c800000, 0x000000008c900000, 0x000000008c900000|100%| O|  |TAMS 0x000000008c900000, 0x000000008c800000| Updating 
| 201|0x000000008c900000, 0x000000008ca00000, 0x000000008ca00000|100%| O|  |TAMS 0x000000008ca00000, 0x000000008c900000| Untracked 
| 202|0x000000008ca00000, 0x000000008cb00000, 0x000000008cb00000|100%| O|  |TAMS 0x000000008cb00000, 0x000000008ca00000| Untracked 
| 203|0x000000008cb00000, 0x000000008cc00000, 0x000000008cc00000|100%| O|  |TAMS 0x000000008cc00000, 0x000000008cb00000| Untracked 
| 204|0x000000008cc00000, 0x000000008cd00000, 0x000000008cd00000|100%| O|  |TAMS 0x000000008cd00000, 0x000000008cc00000| Untracked 
| 205|0x000000008cd00000, 0x000000008ce00000, 0x000000008ce00000|100%| O|  |TAMS 0x000000008ce00000, 0x000000008cd00000| Untracked 
| 206|0x000000008ce00000, 0x000000008cf00000, 0x000000008cf00000|100%| O|  |TAMS 0x000000008cf00000, 0x000000008ce00000| Untracked 
| 207|0x000000008cf00000, 0x000000008d000000, 0x000000008d000000|100%| O|  |TAMS 0x000000008d000000, 0x000000008cf00000| Untracked 
| 208|0x000000008d000000, 0x000000008d100000, 0x000000008d100000|100%| O|  |TAMS 0x000000008d100000, 0x000000008d000000| Untracked 
| 209|0x000000008d100000, 0x000000008d200000, 0x000000008d200000|100%| O|  |TAMS 0x000000008d200000, 0x000000008d100000| Untracked 
| 210|0x000000008d200000, 0x000000008d300000, 0x000000008d300000|100%| O|  |TAMS 0x000000008d300000, 0x000000008d200000| Updating 
| 211|0x000000008d300000, 0x000000008d400000, 0x000000008d400000|100%| O|  |TAMS 0x000000008d400000, 0x000000008d300000| Untracked 
| 212|0x000000008d400000, 0x000000008d500000, 0x000000008d500000|100%| O|  |TAMS 0x000000008d500000, 0x000000008d400000| Untracked 
| 213|0x000000008d500000, 0x000000008d600000, 0x000000008d600000|100%| O|  |TAMS 0x000000008d600000, 0x000000008d500000| Untracked 
| 214|0x000000008d600000, 0x000000008d700000, 0x000000008d700000|100%| O|  |TAMS 0x000000008d700000, 0x000000008d600000| Untracked 
| 215|0x000000008d700000, 0x000000008d800000, 0x000000008d800000|100%| O|  |TAMS 0x000000008d800000, 0x000000008d700000| Untracked 
| 216|0x000000008d800000, 0x000000008d900000, 0x000000008d900000|100%| O|  |TAMS 0x000000008d900000, 0x000000008d800000| Updating 
| 217|0x000000008d900000, 0x000000008da00000, 0x000000008da00000|100%| O|  |TAMS 0x000000008da00000, 0x000000008d900000| Updating 
| 218|0x000000008da00000, 0x000000008db00000, 0x000000008db00000|100%| O|  |TAMS 0x000000008db00000, 0x000000008da00000| Untracked 
| 219|0x000000008db00000, 0x000000008dc00000, 0x000000008dc00000|100%| O|  |TAMS 0x000000008dc00000, 0x000000008db00000| Untracked 
| 220|0x000000008dc00000, 0x000000008dd00000, 0x000000008dd00000|100%| O|  |TAMS 0x000000008dd00000, 0x000000008dc00000| Untracked 
| 221|0x000000008dd00000, 0x000000008de00000, 0x000000008de00000|100%| O|  |TAMS 0x000000008de00000, 0x000000008dd00000| Updating 
| 222|0x000000008de00000, 0x000000008df00000, 0x000000008df00000|100%| O|  |TAMS 0x000000008df00000, 0x000000008de00000| Untracked 
| 223|0x000000008df00000, 0x000000008e000000, 0x000000008e000000|100%| O|  |TAMS 0x000000008e000000, 0x000000008df00000| Untracked 
| 224|0x000000008e000000, 0x000000008e100000, 0x000000008e100000|100%| O|  |TAMS 0x000000008e100000, 0x000000008e000000| Untracked 
| 225|0x000000008e100000, 0x000000008e200000, 0x000000008e200000|100%| O|  |TAMS 0x000000008e200000, 0x000000008e100000| Updating 
| 226|0x000000008e200000, 0x000000008e300000, 0x000000008e300000|100%| O|  |TAMS 0x000000008e300000, 0x000000008e200000| Updating 
| 227|0x000000008e300000, 0x000000008e400000, 0x000000008e400000|100%| O|  |TAMS 0x000000008e400000, 0x000000008e300000| Untracked 
| 228|0x000000008e400000, 0x000000008e500000, 0x000000008e500000|100%| O|  |TAMS 0x000000008e500000, 0x000000008e400000| Updating 
| 229|0x000000008e500000, 0x000000008e600000, 0x000000008e600000|100%| O|  |TAMS 0x000000008e600000, 0x000000008e500000| Updating 
| 230|0x000000008e600000, 0x000000008e700000, 0x000000008e700000|100%| O|  |TAMS 0x000000008e700000, 0x000000008e600000| Untracked 
| 231|0x000000008e700000, 0x000000008e800000, 0x000000008e800000|100%| O|  |TAMS 0x000000008e800000, 0x000000008e700000| Updating 
| 232|0x000000008e800000, 0x000000008e900000, 0x000000008e900000|100%| O|  |TAMS 0x000000008e900000, 0x000000008e800000| Updating 
| 233|0x000000008e900000, 0x000000008ea00000, 0x000000008ea00000|100%| O|  |TAMS 0x000000008ea00000, 0x000000008e900000| Untracked 
| 234|0x000000008ea00000, 0x000000008eb00000, 0x000000008eb00000|100%| O|  |TAMS 0x000000008eb00000, 0x000000008ea00000| Updating 
| 235|0x000000008eb00000, 0x000000008ec00000, 0x000000008ec00000|100%| O|  |TAMS 0x000000008ec00000, 0x000000008eb00000| Untracked 
| 236|0x000000008ec00000, 0x000000008ed00000, 0x000000008ed00000|100%| O|  |TAMS 0x000000008ed00000, 0x000000008ec00000| Untracked 
| 237|0x000000008ed00000, 0x000000008ee00000, 0x000000008ee00000|100%| O|  |TAMS 0x000000008ee00000, 0x000000008ed00000| Untracked 
| 238|0x000000008ee00000, 0x000000008ef00000, 0x000000008ef00000|100%| O|  |TAMS 0x000000008ef00000, 0x000000008ee00000| Updating 
| 239|0x000000008ef00000, 0x000000008f000000, 0x000000008f000000|100%| O|  |TAMS 0x000000008f000000, 0x000000008ef00000| Untracked 
| 240|0x000000008f000000, 0x000000008f100000, 0x000000008f100000|100%| O|  |TAMS 0x000000008f100000, 0x000000008f000000| Untracked 
| 241|0x000000008f100000, 0x000000008f200000, 0x000000008f200000|100%| O|  |TAMS 0x000000008f200000, 0x000000008f100000| Updating 
| 242|0x000000008f200000, 0x000000008f300000, 0x000000008f300000|100%| O|  |TAMS 0x000000008f300000, 0x000000008f200000| Untracked 
| 243|0x000000008f300000, 0x000000008f400000, 0x000000008f400000|100%| O|  |TAMS 0x000000008f400000, 0x000000008f300000| Untracked 
| 244|0x000000008f400000, 0x000000008f500000, 0x000000008f500000|100%| O|  |TAMS 0x000000008f500000, 0x000000008f400000| Updating 
| 245|0x000000008f500000, 0x000000008f600000, 0x000000008f600000|100%| O|  |TAMS 0x000000008f600000, 0x000000008f500000| Updating 
| 246|0x000000008f600000, 0x000000008f700000, 0x000000008f700000|100%| O|  |TAMS 0x000000008f700000, 0x000000008f600000| Updating 
| 247|0x000000008f700000, 0x000000008f800000, 0x000000008f800000|100%| O|  |TAMS 0x000000008f800000, 0x000000008f700000| Untracked 
| 248|0x000000008f800000, 0x000000008f900000, 0x000000008f900000|100%| O|  |TAMS 0x000000008f900000, 0x000000008f800000| Untracked 
| 249|0x000000008f900000, 0x000000008fa00000, 0x000000008fa00000|100%| O|  |TAMS 0x000000008fa00000, 0x000000008f900000| Untracked 
| 250|0x000000008fa00000, 0x000000008fb00000, 0x000000008fb00000|100%| O|  |TAMS 0x000000008fb00000, 0x000000008fa00000| Updating 
| 251|0x000000008fb00000, 0x000000008fc00000, 0x000000008fc00000|100%| O|  |TAMS 0x000000008fc00000, 0x000000008fb00000| Untracked 
| 252|0x000000008fc00000, 0x000000008fd00000, 0x000000008fd00000|100%| O|  |TAMS 0x000000008fd00000, 0x000000008fc00000| Updating 
| 253|0x000000008fd00000, 0x000000008fe00000, 0x000000008fe00000|100%| O|  |TAMS 0x000000008fe00000, 0x000000008fd00000| Updating 
| 254|0x000000008fe00000, 0x000000008ff00000, 0x000000008ff00000|100%| O|  |TAMS 0x000000008ff00000, 0x000000008fe00000| Updating 
| 255|0x000000008ff00000, 0x0000000090000000, 0x0000000090000000|100%| O|  |TAMS 0x0000000090000000, 0x000000008ff00000| Updating 
| 256|0x0000000090000000, 0x0000000090100000, 0x0000000090100000|100%| O|  |TAMS 0x0000000090100000, 0x0000000090000000| Updating 
| 257|0x0000000090100000, 0x0000000090200000, 0x0000000090200000|100%| O|  |TAMS 0x0000000090200000, 0x0000000090100000| Updating 
| 258|0x0000000090200000, 0x0000000090300000, 0x0000000090300000|100%| O|  |TAMS 0x0000000090300000, 0x0000000090200000| Updating 
| 259|0x0000000090300000, 0x0000000090400000, 0x0000000090400000|100%| O|  |TAMS 0x0000000090400000, 0x0000000090300000| Updating 
| 260|0x0000000090400000, 0x0000000090500000, 0x0000000090500000|100%| O|  |TAMS 0x0000000090500000, 0x0000000090400000| Updating 
| 261|0x0000000090500000, 0x0000000090600000, 0x0000000090600000|100%| O|  |TAMS 0x0000000090600000, 0x0000000090500000| Untracked 
| 262|0x0000000090600000, 0x0000000090700000, 0x0000000090700000|100%| O|  |TAMS 0x0000000090700000, 0x0000000090600000| Updating 
| 263|0x0000000090700000, 0x0000000090800000, 0x0000000090800000|100%| O|  |TAMS 0x0000000090800000, 0x0000000090700000| Untracked 
| 264|0x0000000090800000, 0x0000000090900000, 0x0000000090900000|100%| O|  |TAMS 0x0000000090900000, 0x0000000090800000| Updating 
| 265|0x0000000090900000, 0x0000000090a00000, 0x0000000090a00000|100%| O|  |TAMS 0x0000000090a00000, 0x0000000090900000| Updating 
| 266|0x0000000090a00000, 0x0000000090b00000, 0x0000000090b00000|100%| O|  |TAMS 0x0000000090b00000, 0x0000000090a00000| Untracked 
| 267|0x0000000090b00000, 0x0000000090c00000, 0x0000000090c00000|100%| O|  |TAMS 0x0000000090c00000, 0x0000000090b00000| Untracked 
| 268|0x0000000090c00000, 0x0000000090d00000, 0x0000000090d00000|100%| O|  |TAMS 0x0000000090d00000, 0x0000000090c00000| Updating 
| 269|0x0000000090d00000, 0x0000000090e00000, 0x0000000090e00000|100%| O|  |TAMS 0x0000000090e00000, 0x0000000090d00000| Untracked 
| 270|0x0000000090e00000, 0x0000000090f00000, 0x0000000090f00000|100%| O|  |TAMS 0x0000000090f00000, 0x0000000090e00000| Untracked 
| 271|0x0000000090f00000, 0x0000000091000000, 0x0000000091000000|100%| O|  |TAMS 0x0000000091000000, 0x0000000090f00000| Updating 
| 272|0x0000000091000000, 0x0000000091100000, 0x0000000091100000|100%| O|  |TAMS 0x0000000091100000, 0x0000000091000000| Untracked 
| 273|0x0000000091100000, 0x0000000091200000, 0x0000000091200000|100%| O|  |TAMS 0x0000000091200000, 0x0000000091100000| Untracked 
| 274|0x0000000091200000, 0x0000000091300000, 0x0000000091300000|100%| O|  |TAMS 0x0000000091300000, 0x0000000091200000| Untracked 
| 275|0x0000000091300000, 0x0000000091400000, 0x0000000091400000|100%| O|  |TAMS 0x0000000091400000, 0x0000000091300000| Untracked 
| 276|0x0000000091400000, 0x0000000091500000, 0x0000000091500000|100%| O|  |TAMS 0x0000000091500000, 0x0000000091400000| Untracked 
| 277|0x0000000091500000, 0x0000000091600000, 0x0000000091600000|100%| O|  |TAMS 0x0000000091600000, 0x0000000091500000| Untracked 
| 278|0x0000000091600000, 0x0000000091700000, 0x0000000091700000|100%| O|  |TAMS 0x0000000091700000, 0x0000000091600000| Untracked 
| 279|0x0000000091700000, 0x0000000091800000, 0x0000000091800000|100%| O|  |TAMS 0x0000000091800000, 0x0000000091700000| Updating 
| 280|0x0000000091800000, 0x0000000091900000, 0x0000000091900000|100%| O|  |TAMS 0x0000000091900000, 0x0000000091800000| Untracked 
| 281|0x0000000091900000, 0x0000000091a00000, 0x0000000091a00000|100%| O|  |TAMS 0x0000000091a00000, 0x0000000091900000| Updating 
| 282|0x0000000091a00000, 0x0000000091b00000, 0x0000000091b00000|100%| O|  |TAMS 0x0000000091b00000, 0x0000000091a00000| Untracked 
| 283|0x0000000091b00000, 0x0000000091c00000, 0x0000000091c00000|100%| O|  |TAMS 0x0000000091c00000, 0x0000000091b00000| Untracked 
| 284|0x0000000091c00000, 0x0000000091d00000, 0x0000000091d00000|100%| O|  |TAMS 0x0000000091d00000, 0x0000000091c00000| Updating 
| 285|0x0000000091d00000, 0x0000000091e00000, 0x0000000091e00000|100%| O|  |TAMS 0x0000000091e00000, 0x0000000091d00000| Untracked 
| 286|0x0000000091e00000, 0x0000000091f00000, 0x0000000091f00000|100%| O|  |TAMS 0x0000000091f00000, 0x0000000091e00000| Untracked 
| 287|0x0000000091f00000, 0x0000000092000000, 0x0000000092000000|100%| O|  |TAMS 0x0000000092000000, 0x0000000091f00000| Updating 
| 288|0x0000000092000000, 0x0000000092100000, 0x0000000092100000|100%| O|  |TAMS 0x0000000092100000, 0x0000000092000000| Updating 
| 289|0x0000000092100000, 0x0000000092200000, 0x0000000092200000|100%| O|  |TAMS 0x0000000092200000, 0x0000000092100000| Updating 
| 290|0x0000000092200000, 0x0000000092300000, 0x0000000092300000|100%| O|  |TAMS 0x0000000092300000, 0x0000000092200000| Updating 
| 291|0x0000000092300000, 0x0000000092400000, 0x0000000092400000|100%| O|  |TAMS 0x0000000092400000, 0x0000000092300000| Untracked 
| 292|0x0000000092400000, 0x0000000092500000, 0x0000000092500000|100%| O|  |TAMS 0x0000000092500000, 0x0000000092400000| Untracked 
| 293|0x0000000092500000, 0x0000000092600000, 0x0000000092600000|100%| O|  |TAMS 0x0000000092600000, 0x0000000092500000| Untracked 
| 294|0x0000000092600000, 0x0000000092700000, 0x0000000092700000|100%| O|  |TAMS 0x0000000092700000, 0x0000000092600000| Untracked 
| 295|0x0000000092700000, 0x0000000092800000, 0x0000000092800000|100%| O|  |TAMS 0x0000000092800000, 0x0000000092700000| Untracked 
| 296|0x0000000092800000, 0x0000000092900000, 0x0000000092900000|100%| O|  |TAMS 0x0000000092900000, 0x0000000092800000| Updating 
| 297|0x0000000092900000, 0x0000000092a00000, 0x0000000092a00000|100%| O|  |TAMS 0x0000000092a00000, 0x0000000092900000| Updating 
| 298|0x0000000092a00000, 0x0000000092b00000, 0x0000000092b00000|100%| O|  |TAMS 0x0000000092b00000, 0x0000000092a00000| Updating 
| 299|0x0000000092b00000, 0x0000000092c00000, 0x0000000092c00000|100%| O|  |TAMS 0x0000000092c00000, 0x0000000092b00000| Untracked 
| 300|0x0000000092c00000, 0x0000000092d00000, 0x0000000092d00000|100%| O|  |TAMS 0x0000000092d00000, 0x0000000092c00000| Untracked 
| 301|0x0000000092d00000, 0x0000000092e00000, 0x0000000092e00000|100%| O|  |TAMS 0x0000000092e00000, 0x0000000092d00000| Untracked 
| 302|0x0000000092e00000, 0x0000000092f00000, 0x0000000092f00000|100%| O|  |TAMS 0x0000000092f00000, 0x0000000092e00000| Untracked 
| 303|0x0000000092f00000, 0x0000000093000000, 0x0000000093000000|100%| O|  |TAMS 0x0000000093000000, 0x0000000092f00000| Untracked 
| 304|0x0000000093000000, 0x0000000093100000, 0x0000000093100000|100%| O|  |TAMS 0x0000000093100000, 0x0000000093000000| Untracked 
| 305|0x0000000093100000, 0x0000000093200000, 0x0000000093200000|100%| O|  |TAMS 0x0000000093200000, 0x0000000093100000| Updating 
| 306|0x0000000093200000, 0x0000000093300000, 0x0000000093300000|100%| O|  |TAMS 0x0000000093300000, 0x0000000093200000| Updating 
| 307|0x0000000093300000, 0x0000000093400000, 0x0000000093400000|100%| O|  |TAMS 0x0000000093400000, 0x0000000093300000| Untracked 
| 308|0x0000000093400000, 0x0000000093500000, 0x0000000093500000|100%| O|  |TAMS 0x0000000093500000, 0x0000000093400000| Untracked 
| 309|0x0000000093500000, 0x0000000093600000, 0x0000000093600000|100%| O|  |TAMS 0x0000000093600000, 0x0000000093500000| Untracked 
| 310|0x0000000093600000, 0x0000000093700000, 0x0000000093700000|100%| O|  |TAMS 0x0000000093700000, 0x0000000093600000| Untracked 
| 311|0x0000000093700000, 0x0000000093800000, 0x0000000093800000|100%| O|  |TAMS 0x0000000093800000, 0x0000000093700000| Untracked 
| 312|0x0000000093800000, 0x0000000093900000, 0x0000000093900000|100%| O|  |TAMS 0x0000000093900000, 0x0000000093800000| Updating 
| 313|0x0000000093900000, 0x0000000093a00000, 0x0000000093a00000|100%| O|  |TAMS 0x0000000093a00000, 0x0000000093900000| Updating 
| 314|0x0000000093a00000, 0x0000000093b00000, 0x0000000093b00000|100%| O|  |TAMS 0x0000000093b00000, 0x0000000093a00000| Updating 
| 315|0x0000000093b00000, 0x0000000093c00000, 0x0000000093c00000|100%| O|  |TAMS 0x0000000093c00000, 0x0000000093b00000| Updating 
| 316|0x0000000093c00000, 0x0000000093d00000, 0x0000000093d00000|100%| O|  |TAMS 0x0000000093d00000, 0x0000000093c00000| Updating 
| 317|0x0000000093d00000, 0x0000000093e00000, 0x0000000093e00000|100%| O|  |TAMS 0x0000000093e00000, 0x0000000093d00000| Updating 
| 318|0x0000000093e00000, 0x0000000093f00000, 0x0000000093f00000|100%| O|  |TAMS 0x0000000093f00000, 0x0000000093e00000| Updating 
| 319|0x0000000093f00000, 0x0000000094000000, 0x0000000094000000|100%| O|  |TAMS 0x0000000094000000, 0x0000000093f00000| Updating 
| 320|0x0000000094000000, 0x0000000094100000, 0x0000000094100000|100%| O|  |TAMS 0x0000000094100000, 0x0000000094000000| Updating 
| 321|0x0000000094100000, 0x0000000094200000, 0x0000000094200000|100%| O|  |TAMS 0x0000000094200000, 0x0000000094100000| Updating 
| 322|0x0000000094200000, 0x0000000094300000, 0x0000000094300000|100%| O|  |TAMS 0x0000000094300000, 0x0000000094200000| Updating 
| 323|0x0000000094300000, 0x0000000094400000, 0x0000000094400000|100%| O|  |TAMS 0x0000000094400000, 0x0000000094300000| Untracked 
| 324|0x0000000094400000, 0x0000000094500000, 0x0000000094500000|100%| O|  |TAMS 0x0000000094500000, 0x0000000094400000| Untracked 
| 325|0x0000000094500000, 0x0000000094600000, 0x0000000094600000|100%| O|  |TAMS 0x0000000094600000, 0x0000000094500000| Untracked 
| 326|0x0000000094600000, 0x0000000094700000, 0x0000000094700000|100%| O|  |TAMS 0x0000000094700000, 0x0000000094600000| Untracked 
| 327|0x0000000094700000, 0x0000000094800000, 0x0000000094800000|100%| O|  |TAMS 0x0000000094800000, 0x0000000094700000| Untracked 
| 328|0x0000000094800000, 0x0000000094900000, 0x0000000094900000|100%| O|  |TAMS 0x0000000094900000, 0x0000000094800000| Untracked 
| 329|0x0000000094900000, 0x0000000094a00000, 0x0000000094a00000|100%| O|  |TAMS 0x0000000094a00000, 0x0000000094900000| Updating 
| 330|0x0000000094a00000, 0x0000000094b00000, 0x0000000094b00000|100%| O|  |TAMS 0x0000000094b00000, 0x0000000094a00000| Untracked 
| 331|0x0000000094b00000, 0x0000000094c00000, 0x0000000094c00000|100%| O|  |TAMS 0x0000000094c00000, 0x0000000094b00000| Updating 
| 332|0x0000000094c00000, 0x0000000094d00000, 0x0000000094d00000|100%| O|  |TAMS 0x0000000094d00000, 0x0000000094c00000| Untracked 
| 333|0x0000000094d00000, 0x0000000094e00000, 0x0000000094e00000|100%| O|  |TAMS 0x0000000094e00000, 0x0000000094d00000| Updating 
| 334|0x0000000094e00000, 0x0000000094f00000, 0x0000000094f00000|100%| O|  |TAMS 0x0000000094f00000, 0x0000000094e00000| Updating 
| 335|0x0000000094f00000, 0x0000000095000000, 0x0000000095000000|100%| O|  |TAMS 0x0000000095000000, 0x0000000094f00000| Updating 
| 336|0x0000000095000000, 0x0000000095100000, 0x0000000095100000|100%| O|  |TAMS 0x0000000095100000, 0x0000000095000000| Updating 
| 337|0x0000000095100000, 0x0000000095200000, 0x0000000095200000|100%| O|  |TAMS 0x0000000095200000, 0x0000000095100000| Updating 
| 338|0x0000000095200000, 0x0000000095300000, 0x0000000095300000|100%| O|  |TAMS 0x0000000095300000, 0x0000000095200000| Updating 
| 339|0x0000000095300000, 0x0000000095400000, 0x0000000095400000|100%| O|  |TAMS 0x0000000095400000, 0x0000000095300000| Updating 
| 340|0x0000000095400000, 0x0000000095500000, 0x0000000095500000|100%| O|  |TAMS 0x0000000095500000, 0x0000000095400000| Updating 
| 341|0x0000000095500000, 0x0000000095600000, 0x0000000095600000|100%| O|  |TAMS 0x0000000095600000, 0x0000000095500000| Updating 
| 342|0x0000000095600000, 0x0000000095700000, 0x0000000095700000|100%| O|  |TAMS 0x0000000095700000, 0x0000000095600000| Updating 
| 343|0x0000000095700000, 0x0000000095800000, 0x0000000095800000|100%| O|  |TAMS 0x0000000095800000, 0x0000000095700000| Updating 
| 344|0x0000000095800000, 0x0000000095900000, 0x0000000095900000|100%| O|  |TAMS 0x0000000095900000, 0x0000000095800000| Updating 
| 345|0x0000000095900000, 0x0000000095a00000, 0x0000000095a00000|100%| O|  |TAMS 0x0000000095a00000, 0x0000000095900000| Updating 
| 346|0x0000000095a00000, 0x0000000095b00000, 0x0000000095b00000|100%| O|  |TAMS 0x0000000095b00000, 0x0000000095a00000| Updating 
| 347|0x0000000095b00000, 0x0000000095c00000, 0x0000000095c00000|100%| O|  |TAMS 0x0000000095c00000, 0x0000000095b00000| Untracked 
| 348|0x0000000095c00000, 0x0000000095d00000, 0x0000000095d00000|100%| O|  |TAMS 0x0000000095d00000, 0x0000000095c00000| Updating 
| 349|0x0000000095d00000, 0x0000000095e00000, 0x0000000095e00000|100%| O|  |TAMS 0x0000000095e00000, 0x0000000095d00000| Untracked 
| 350|0x0000000095e00000, 0x0000000095f00000, 0x0000000095f00000|100%| O|  |TAMS 0x0000000095f00000, 0x0000000095e00000| Updating 
| 351|0x0000000095f00000, 0x0000000096000000, 0x0000000096000000|100%| O|  |TAMS 0x0000000096000000, 0x0000000095f00000| Updating 
| 352|0x0000000096000000, 0x0000000096100000, 0x0000000096100000|100%| O|  |TAMS 0x0000000096100000, 0x0000000096000000| Untracked 
| 353|0x0000000096100000, 0x0000000096200000, 0x0000000096200000|100%| O|  |TAMS 0x0000000096200000, 0x0000000096100000| Updating 
| 354|0x0000000096200000, 0x0000000096300000, 0x0000000096300000|100%| O|  |TAMS 0x0000000096300000, 0x0000000096200000| Updating 
| 355|0x0000000096300000, 0x0000000096400000, 0x0000000096400000|100%| O|  |TAMS 0x0000000096400000, 0x0000000096300000| Untracked 
| 356|0x0000000096400000, 0x0000000096500000, 0x0000000096500000|100%| O|  |TAMS 0x0000000096500000, 0x0000000096400000| Untracked 
| 357|0x0000000096500000, 0x0000000096600000, 0x0000000096600000|100%| O|  |TAMS 0x0000000096600000, 0x0000000096500000| Untracked 
| 358|0x0000000096600000, 0x0000000096700000, 0x0000000096700000|100%| O|  |TAMS 0x0000000096700000, 0x0000000096600000| Updating 
| 359|0x0000000096700000, 0x0000000096800000, 0x0000000096800000|100%| O|  |TAMS 0x0000000096800000, 0x0000000096700000| Untracked 
| 360|0x0000000096800000, 0x0000000096900000, 0x0000000096900000|100%| O|  |TAMS 0x0000000096900000, 0x0000000096800000| Untracked 
| 361|0x0000000096900000, 0x0000000096a00000, 0x0000000096a00000|100%| O|  |TAMS 0x0000000096a00000, 0x0000000096900000| Untracked 
| 362|0x0000000096a00000, 0x0000000096b00000, 0x0000000096b00000|100%| O|  |TAMS 0x0000000096b00000, 0x0000000096a00000| Untracked 
| 363|0x0000000096b00000, 0x0000000096c00000, 0x0000000096c00000|100%| O|  |TAMS 0x0000000096c00000, 0x0000000096b00000| Updating 
| 364|0x0000000096c00000, 0x0000000096d00000, 0x0000000096d00000|100%| O|  |TAMS 0x0000000096d00000, 0x0000000096c00000| Updating 
| 365|0x0000000096d00000, 0x0000000096e00000, 0x0000000096e00000|100%| O|  |TAMS 0x0000000096e00000, 0x0000000096d00000| Updating 
| 366|0x0000000096e00000, 0x0000000096f00000, 0x0000000096f00000|100%| O|  |TAMS 0x0000000096f00000, 0x0000000096e00000| Updating 
| 367|0x0000000096f00000, 0x0000000097000000, 0x0000000097000000|100%| O|  |TAMS 0x0000000097000000, 0x0000000096f00000| Updating 
| 368|0x0000000097000000, 0x0000000097100000, 0x0000000097100000|100%| O|  |TAMS 0x0000000097100000, 0x0000000097000000| Untracked 
| 369|0x0000000097100000, 0x0000000097200000, 0x0000000097200000|100%| O|  |TAMS 0x0000000097200000, 0x0000000097100000| Untracked 
| 370|0x0000000097200000, 0x0000000097300000, 0x0000000097300000|100%| O|  |TAMS 0x0000000097300000, 0x0000000097200000| Untracked 
| 371|0x0000000097300000, 0x0000000097400000, 0x0000000097400000|100%| O|  |TAMS 0x0000000097400000, 0x0000000097300000| Updating 
| 372|0x0000000097400000, 0x0000000097500000, 0x0000000097500000|100%| O|  |TAMS 0x0000000097500000, 0x0000000097400000| Untracked 
| 373|0x0000000097500000, 0x0000000097600000, 0x0000000097600000|100%| O|  |TAMS 0x0000000097600000, 0x0000000097500000| Untracked 
| 374|0x0000000097600000, 0x0000000097700000, 0x0000000097700000|100%| O|  |TAMS 0x0000000097700000, 0x0000000097600000| Updating 
| 375|0x0000000097700000, 0x0000000097800000, 0x0000000097800000|100%| O|  |TAMS 0x0000000097800000, 0x0000000097700000| Updating 
| 376|0x0000000097800000, 0x0000000097900000, 0x0000000097900000|100%| O|  |TAMS 0x0000000097900000, 0x0000000097800000| Untracked 
| 377|0x0000000097900000, 0x0000000097a00000, 0x0000000097a00000|100%| O|  |TAMS 0x0000000097a00000, 0x0000000097900000| Updating 
| 378|0x0000000097a00000, 0x0000000097b00000, 0x0000000097b00000|100%| O|  |TAMS 0x0000000097b00000, 0x0000000097a00000| Untracked 
| 379|0x0000000097b00000, 0x0000000097c00000, 0x0000000097c00000|100%| O|  |TAMS 0x0000000097c00000, 0x0000000097b00000| Updating 
| 380|0x0000000097c00000, 0x0000000097d00000, 0x0000000097d00000|100%| O|  |TAMS 0x0000000097d00000, 0x0000000097c00000| Updating 
| 381|0x0000000097d00000, 0x0000000097e00000, 0x0000000097e00000|100%| O|  |TAMS 0x0000000097e00000, 0x0000000097d00000| Updating 
| 382|0x0000000097e00000, 0x0000000097f00000, 0x0000000097f00000|100%|HS|  |TAMS 0x0000000097f00000, 0x0000000097e00000| Complete 
| 383|0x0000000097f00000, 0x0000000098000000, 0x0000000098000000|100%|HC|  |TAMS 0x0000000098000000, 0x0000000097f00000| Complete 
| 384|0x0000000098000000, 0x0000000098100000, 0x0000000098100000|100%| O|  |TAMS 0x0000000098100000, 0x0000000098000000| Updating 
| 385|0x0000000098100000, 0x0000000098200000, 0x0000000098200000|100%| O|  |TAMS 0x0000000098200000, 0x0000000098100000| Updating 
| 386|0x0000000098200000, 0x0000000098300000, 0x0000000098300000|100%| O|  |TAMS 0x0000000098300000, 0x0000000098200000| Untracked 
| 387|0x0000000098300000, 0x0000000098400000, 0x0000000098400000|100%| O|  |TAMS 0x0000000098400000, 0x0000000098300000| Untracked 
| 388|0x0000000098400000, 0x0000000098500000, 0x0000000098500000|100%| O|  |TAMS 0x0000000098500000, 0x0000000098400000| Untracked 
| 389|0x0000000098500000, 0x0000000098600000, 0x0000000098600000|100%| O|  |TAMS 0x0000000098600000, 0x0000000098500000| Updating 
| 390|0x0000000098600000, 0x0000000098700000, 0x0000000098700000|100%| O|  |TAMS 0x0000000098700000, 0x0000000098600000| Updating 
| 391|0x0000000098700000, 0x0000000098800000, 0x0000000098800000|100%| O|  |TAMS 0x0000000098800000, 0x0000000098700000| Updating 
| 392|0x0000000098800000, 0x0000000098900000, 0x0000000098900000|100%| O|  |TAMS 0x0000000098900000, 0x0000000098800000| Updating 
| 393|0x0000000098900000, 0x0000000098a00000, 0x0000000098a00000|100%| O|  |TAMS 0x0000000098a00000, 0x0000000098900000| Untracked 
| 394|0x0000000098a00000, 0x0000000098a00000, 0x0000000098b00000|  0%| F|  |TAMS 0x0000000098a00000, 0x0000000098a00000| Untracked 
| 395|0x0000000098b00000, 0x0000000098b00000, 0x0000000098c00000|  0%| F|  |TAMS 0x0000000098b00000, 0x0000000098b00000| Untracked 
| 396|0x0000000098c00000, 0x0000000098d00000, 0x0000000098d00000|100%| O|  |TAMS 0x0000000098d00000, 0x0000000098c00000| Untracked 
| 397|0x0000000098d00000, 0x0000000098e00000, 0x0000000098e00000|100%| O|  |TAMS 0x0000000098e00000, 0x0000000098d00000| Updating 
| 398|0x0000000098e00000, 0x0000000098f00000, 0x0000000098f00000|100%| O|  |TAMS 0x0000000098f00000, 0x0000000098e00000| Updating 
| 399|0x0000000098f00000, 0x0000000099000000, 0x0000000099000000|100%| O|  |TAMS 0x0000000099000000, 0x0000000098f00000| Updating 
| 400|0x0000000099000000, 0x0000000099100000, 0x0000000099100000|100%| O|  |TAMS 0x0000000099100000, 0x0000000099000000| Untracked 
| 401|0x0000000099100000, 0x0000000099200000, 0x0000000099200000|100%| O|  |TAMS 0x0000000099200000, 0x0000000099100000| Updating 
| 402|0x0000000099200000, 0x0000000099300000, 0x0000000099300000|100%| O|  |TAMS 0x0000000099300000, 0x0000000099200000| Updating 
| 403|0x0000000099300000, 0x0000000099400000, 0x0000000099400000|100%| O|  |TAMS 0x0000000099400000, 0x0000000099300000| Updating 
| 404|0x0000000099400000, 0x0000000099500000, 0x0000000099500000|100%| O|  |TAMS 0x0000000099500000, 0x0000000099400000| Updating 
| 405|0x0000000099500000, 0x0000000099600000, 0x0000000099600000|100%| O|  |TAMS 0x0000000099600000, 0x0000000099500000| Updating 
| 406|0x0000000099600000, 0x0000000099700000, 0x0000000099700000|100%| O|  |TAMS 0x0000000099700000, 0x0000000099600000| Untracked 
| 407|0x0000000099700000, 0x0000000099800000, 0x0000000099800000|100%| O|  |TAMS 0x0000000099800000, 0x0000000099700000| Updating 
| 408|0x0000000099800000, 0x0000000099900000, 0x0000000099900000|100%| O|  |TAMS 0x0000000099900000, 0x0000000099800000| Updating 
| 409|0x0000000099900000, 0x0000000099a00000, 0x0000000099a00000|100%| O|  |TAMS 0x0000000099a00000, 0x0000000099900000| Updating 
| 410|0x0000000099a00000, 0x0000000099b00000, 0x0000000099b00000|100%| O|  |TAMS 0x0000000099b00000, 0x0000000099a00000| Updating 
| 411|0x0000000099b00000, 0x0000000099c00000, 0x0000000099c00000|100%| O|  |TAMS 0x0000000099c00000, 0x0000000099b00000| Updating 
| 412|0x0000000099c00000, 0x0000000099d00000, 0x0000000099d00000|100%| O|  |TAMS 0x0000000099d00000, 0x0000000099c00000| Updating 
| 413|0x0000000099d00000, 0x0000000099e00000, 0x0000000099e00000|100%| O|  |TAMS 0x0000000099e00000, 0x0000000099d00000| Updating 
| 414|0x0000000099e00000, 0x0000000099f00000, 0x0000000099f00000|100%| O|  |TAMS 0x0000000099f00000, 0x0000000099e00000| Updating 
| 415|0x0000000099f00000, 0x000000009a000000, 0x000000009a000000|100%| O|  |TAMS 0x000000009a000000, 0x0000000099f00000| Updating 
| 416|0x000000009a000000, 0x000000009a100000, 0x000000009a100000|100%| O|  |TAMS 0x000000009a100000, 0x000000009a000000| Updating 
| 417|0x000000009a100000, 0x000000009a200000, 0x000000009a200000|100%| O|  |TAMS 0x000000009a200000, 0x000000009a100000| Untracked 
| 418|0x000000009a200000, 0x000000009a300000, 0x000000009a300000|100%| O|  |TAMS 0x000000009a300000, 0x000000009a200000| Updating 
| 419|0x000000009a300000, 0x000000009a400000, 0x000000009a400000|100%| O|  |TAMS 0x000000009a400000, 0x000000009a300000| Updating 
| 420|0x000000009a400000, 0x000000009a500000, 0x000000009a500000|100%| O|  |TAMS 0x000000009a500000, 0x000000009a400000| Updating 
| 421|0x000000009a500000, 0x000000009a600000, 0x000000009a600000|100%| O|  |TAMS 0x000000009a600000, 0x000000009a500000| Updating 
| 422|0x000000009a600000, 0x000000009a700000, 0x000000009a700000|100%| O|  |TAMS 0x000000009a700000, 0x000000009a600000| Untracked 
| 423|0x000000009a700000, 0x000000009a800000, 0x000000009a800000|100%| O|  |TAMS 0x000000009a800000, 0x000000009a700000| Updating 
| 424|0x000000009a800000, 0x000000009a900000, 0x000000009a900000|100%| O|  |TAMS 0x000000009a900000, 0x000000009a800000| Updating 
| 425|0x000000009a900000, 0x000000009aa00000, 0x000000009aa00000|100%| O|  |TAMS 0x000000009aa00000, 0x000000009a900000| Updating 
| 426|0x000000009aa00000, 0x000000009ab00000, 0x000000009ab00000|100%| O|  |TAMS 0x000000009ab00000, 0x000000009aa00000| Updating 
| 427|0x000000009ab00000, 0x000000009ac00000, 0x000000009ac00000|100%| O|  |TAMS 0x000000009ac00000, 0x000000009ab00000| Updating 
| 428|0x000000009ac00000, 0x000000009ad00000, 0x000000009ad00000|100%| O|  |TAMS 0x000000009ad00000, 0x000000009ac00000| Updating 
| 429|0x000000009ad00000, 0x000000009ae00000, 0x000000009ae00000|100%| O|  |TAMS 0x000000009ae00000, 0x000000009ad00000| Updating 
| 430|0x000000009ae00000, 0x000000009af00000, 0x000000009af00000|100%| O|  |TAMS 0x000000009af00000, 0x000000009ae00000| Updating 
| 431|0x000000009af00000, 0x000000009b000000, 0x000000009b000000|100%| O|  |TAMS 0x000000009b000000, 0x000000009af00000| Updating 
| 432|0x000000009b000000, 0x000000009b100000, 0x000000009b100000|100%| O|  |TAMS 0x000000009b100000, 0x000000009b000000| Updating 
| 433|0x000000009b100000, 0x000000009b200000, 0x000000009b200000|100%| O|  |TAMS 0x000000009b200000, 0x000000009b100000| Untracked 
| 434|0x000000009b200000, 0x000000009b300000, 0x000000009b300000|100%| O|  |TAMS 0x000000009b300000, 0x000000009b200000| Updating 
| 435|0x000000009b300000, 0x000000009b400000, 0x000000009b400000|100%| O|  |TAMS 0x000000009b400000, 0x000000009b300000| Updating 
| 436|0x000000009b400000, 0x000000009b500000, 0x000000009b500000|100%| O|  |TAMS 0x000000009b500000, 0x000000009b400000| Updating 
| 437|0x000000009b500000, 0x000000009b600000, 0x000000009b600000|100%| O|  |TAMS 0x000000009b600000, 0x000000009b500000| Updating 
| 438|0x000000009b600000, 0x000000009b700000, 0x000000009b700000|100%| O|  |TAMS 0x000000009b700000, 0x000000009b600000| Updating 
| 439|0x000000009b700000, 0x000000009b800000, 0x000000009b800000|100%| O|  |TAMS 0x000000009b800000, 0x000000009b700000| Updating 
| 440|0x000000009b800000, 0x000000009b900000, 0x000000009b900000|100%| O|  |TAMS 0x000000009b900000, 0x000000009b800000| Updating 
| 441|0x000000009b900000, 0x000000009ba00000, 0x000000009ba00000|100%| O|  |TAMS 0x000000009ba00000, 0x000000009b900000| Updating 
| 442|0x000000009ba00000, 0x000000009bb00000, 0x000000009bb00000|100%| O|  |TAMS 0x000000009bb00000, 0x000000009ba00000| Updating 
| 443|0x000000009bb00000, 0x000000009bc00000, 0x000000009bc00000|100%| O|  |TAMS 0x000000009bc00000, 0x000000009bb00000| Updating 
| 444|0x000000009bc00000, 0x000000009bd00000, 0x000000009bd00000|100%| O|  |TAMS 0x000000009bd00000, 0x000000009bc00000| Untracked 
| 445|0x000000009bd00000, 0x000000009be00000, 0x000000009be00000|100%| O|  |TAMS 0x000000009be00000, 0x000000009bd00000| Untracked 
| 446|0x000000009be00000, 0x000000009bf00000, 0x000000009bf00000|100%| O|  |TAMS 0x000000009bf00000, 0x000000009be00000| Untracked 
| 447|0x000000009bf00000, 0x000000009c000000, 0x000000009c000000|100%| O|  |TAMS 0x000000009c000000, 0x000000009bf00000| Updating 
| 448|0x000000009c000000, 0x000000009c100000, 0x000000009c100000|100%| O|  |TAMS 0x000000009c100000, 0x000000009c000000| Updating 
| 449|0x000000009c100000, 0x000000009c200000, 0x000000009c200000|100%| O|  |TAMS 0x000000009c200000, 0x000000009c100000| Updating 
| 450|0x000000009c200000, 0x000000009c300000, 0x000000009c300000|100%| O|  |TAMS 0x000000009c300000, 0x000000009c200000| Untracked 
| 451|0x000000009c300000, 0x000000009c400000, 0x000000009c400000|100%| O|  |TAMS 0x000000009c400000, 0x000000009c300000| Updating 
| 452|0x000000009c400000, 0x000000009c500000, 0x000000009c500000|100%| O|  |TAMS 0x000000009c500000, 0x000000009c400000| Updating 
| 453|0x000000009c500000, 0x000000009c600000, 0x000000009c600000|100%| O|  |TAMS 0x000000009c600000, 0x000000009c500000| Updating 
| 454|0x000000009c600000, 0x000000009c700000, 0x000000009c700000|100%| O|  |TAMS 0x000000009c700000, 0x000000009c600000| Untracked 
| 455|0x000000009c700000, 0x000000009c800000, 0x000000009c800000|100%| O|  |TAMS 0x000000009c800000, 0x000000009c700000| Updating 
| 456|0x000000009c800000, 0x000000009c900000, 0x000000009c900000|100%| O|  |TAMS 0x000000009c900000, 0x000000009c800000| Updating 
| 457|0x000000009c900000, 0x000000009ca00000, 0x000000009ca00000|100%| O|  |TAMS 0x000000009ca00000, 0x000000009c900000| Updating 
| 458|0x000000009ca00000, 0x000000009cb00000, 0x000000009cb00000|100%| O|  |TAMS 0x000000009cb00000, 0x000000009ca00000| Untracked 
| 459|0x000000009cb00000, 0x000000009cc00000, 0x000000009cc00000|100%| O|  |TAMS 0x000000009cc00000, 0x000000009cb00000| Untracked 
| 460|0x000000009cc00000, 0x000000009cd00000, 0x000000009cd00000|100%| O|  |TAMS 0x000000009cd00000, 0x000000009cc00000| Untracked 
| 461|0x000000009cd00000, 0x000000009ce00000, 0x000000009ce00000|100%| O|  |TAMS 0x000000009ce00000, 0x000000009cd00000| Untracked 
| 462|0x000000009ce00000, 0x000000009cf00000, 0x000000009cf00000|100%| O|  |TAMS 0x000000009cf00000, 0x000000009ce00000| Untracked 
| 463|0x000000009cf00000, 0x000000009d000000, 0x000000009d000000|100%| O|  |TAMS 0x000000009d000000, 0x000000009cf00000| Untracked 
| 464|0x000000009d000000, 0x000000009d100000, 0x000000009d100000|100%| O|  |TAMS 0x000000009d100000, 0x000000009d000000| Untracked 
| 465|0x000000009d100000, 0x000000009d200000, 0x000000009d200000|100%| O|  |TAMS 0x000000009d200000, 0x000000009d100000| Untracked 
| 466|0x000000009d200000, 0x000000009d300000, 0x000000009d300000|100%| O|  |TAMS 0x000000009d300000, 0x000000009d200000| Untracked 
| 467|0x000000009d300000, 0x000000009d400000, 0x000000009d400000|100%| O|  |TAMS 0x000000009d400000, 0x000000009d300000| Untracked 
| 468|0x000000009d400000, 0x000000009d500000, 0x000000009d500000|100%| O|  |TAMS 0x000000009d500000, 0x000000009d400000| Untracked 
| 469|0x000000009d500000, 0x000000009d600000, 0x000000009d600000|100%| O|  |TAMS 0x000000009d600000, 0x000000009d500000| Untracked 
| 470|0x000000009d600000, 0x000000009d700000, 0x000000009d700000|100%| O|  |TAMS 0x000000009d700000, 0x000000009d600000| Updating 
| 471|0x000000009d700000, 0x000000009d800000, 0x000000009d800000|100%| O|  |TAMS 0x000000009d800000, 0x000000009d700000| Untracked 
| 472|0x000000009d800000, 0x000000009d900000, 0x000000009d900000|100%| O|  |TAMS 0x000000009d900000, 0x000000009d800000| Untracked 
| 473|0x000000009d900000, 0x000000009da00000, 0x000000009da00000|100%| O|  |TAMS 0x000000009da00000, 0x000000009d900000| Untracked 
| 474|0x000000009da00000, 0x000000009dada600, 0x000000009db00000| 85%| O|  |TAMS 0x000000009dada600, 0x000000009da00000| Updating 
| 475|0x000000009db00000, 0x000000009db00000, 0x000000009dc00000|  0%| F|  |TAMS 0x000000009db00000, 0x000000009db00000| Untracked 
| 476|0x000000009dc00000, 0x000000009dc00000, 0x000000009dd00000|  0%| F|  |TAMS 0x000000009dc00000, 0x000000009dc00000| Untracked 
| 477|0x000000009dd00000, 0x000000009dd00000, 0x000000009de00000|  0%| F|  |TAMS 0x000000009dd00000, 0x000000009dd00000| Untracked 
| 478|0x000000009de00000, 0x000000009de00000, 0x000000009df00000|  0%| F|  |TAMS 0x000000009de00000, 0x000000009de00000| Untracked 
| 479|0x000000009df00000, 0x000000009df00000, 0x000000009e000000|  0%| F|  |TAMS 0x000000009df00000, 0x000000009df00000| Untracked 
| 480|0x000000009e000000, 0x000000009e000000, 0x000000009e100000|  0%| F|  |TAMS 0x000000009e000000, 0x000000009e000000| Untracked 
| 481|0x000000009e100000, 0x000000009e100000, 0x000000009e200000|  0%| F|  |TAMS 0x000000009e100000, 0x000000009e100000| Untracked 
| 482|0x000000009e200000, 0x000000009e200000, 0x000000009e300000|  0%| F|  |TAMS 0x000000009e200000, 0x000000009e200000| Untracked 
| 483|0x000000009e300000, 0x000000009e300000, 0x000000009e400000|  0%| F|  |TAMS 0x000000009e300000, 0x000000009e300000| Untracked 
| 484|0x000000009e400000, 0x000000009e400000, 0x000000009e500000|  0%| F|  |TAMS 0x000000009e400000, 0x000000009e400000| Untracked 
| 485|0x000000009e500000, 0x000000009e500000, 0x000000009e600000|  0%| F|  |TAMS 0x000000009e500000, 0x000000009e500000| Untracked 
| 486|0x000000009e600000, 0x000000009e600000, 0x000000009e700000|  0%| F|  |TAMS 0x000000009e600000, 0x000000009e600000| Untracked 
| 487|0x000000009e700000, 0x000000009e700000, 0x000000009e800000|  0%| F|  |TAMS 0x000000009e700000, 0x000000009e700000| Untracked 
| 488|0x000000009e800000, 0x000000009e800000, 0x000000009e900000|  0%| F|  |TAMS 0x000000009e800000, 0x000000009e800000| Untracked 
| 489|0x000000009e900000, 0x000000009e900000, 0x000000009ea00000|  0%| F|  |TAMS 0x000000009e900000, 0x000000009e900000| Untracked 
| 490|0x000000009ea00000, 0x000000009ea00000, 0x000000009eb00000|  0%| F|  |TAMS 0x000000009ea00000, 0x000000009ea00000| Untracked 
| 491|0x000000009eb00000, 0x000000009eb00000, 0x000000009ec00000|  0%| F|  |TAMS 0x000000009eb00000, 0x000000009eb00000| Untracked 
| 492|0x000000009ec00000, 0x000000009ec00000, 0x000000009ed00000|  0%| F|  |TAMS 0x000000009ec00000, 0x000000009ec00000| Untracked 
| 493|0x000000009ed00000, 0x000000009ed00000, 0x000000009ee00000|  0%| F|  |TAMS 0x000000009ed00000, 0x000000009ed00000| Untracked 
| 494|0x000000009ee00000, 0x000000009ee00000, 0x000000009ef00000|  0%| F|  |TAMS 0x000000009ee00000, 0x000000009ee00000| Untracked 
| 495|0x000000009ef00000, 0x000000009ef00000, 0x000000009f000000|  0%| F|  |TAMS 0x000000009ef00000, 0x000000009ef00000| Untracked 
| 496|0x000000009f000000, 0x000000009f000000, 0x000000009f100000|  0%| F|  |TAMS 0x000000009f000000, 0x000000009f000000| Untracked 
| 497|0x000000009f100000, 0x000000009f100000, 0x000000009f200000|  0%| F|  |TAMS 0x000000009f100000, 0x000000009f100000| Untracked 
| 498|0x000000009f200000, 0x000000009f200000, 0x000000009f300000|  0%| F|  |TAMS 0x000000009f200000, 0x000000009f200000| Untracked 
| 499|0x000000009f300000, 0x000000009f300000, 0x000000009f400000|  0%| F|  |TAMS 0x000000009f300000, 0x000000009f300000| Untracked 
| 500|0x000000009f400000, 0x000000009f400000, 0x000000009f500000|  0%| F|  |TAMS 0x000000009f400000, 0x000000009f400000| Untracked 
| 501|0x000000009f500000, 0x000000009f500000, 0x000000009f600000|  0%| F|  |TAMS 0x000000009f500000, 0x000000009f500000| Untracked 
| 502|0x000000009f600000, 0x000000009f600000, 0x000000009f700000|  0%| F|  |TAMS 0x000000009f600000, 0x000000009f600000| Untracked 
| 503|0x000000009f700000, 0x000000009f700000, 0x000000009f800000|  0%| F|  |TAMS 0x000000009f700000, 0x000000009f700000| Untracked 
| 504|0x000000009f800000, 0x000000009f800000, 0x000000009f900000|  0%| F|  |TAMS 0x000000009f800000, 0x000000009f800000| Untracked 
| 505|0x000000009f900000, 0x000000009f900000, 0x000000009fa00000|  0%| F|  |TAMS 0x000000009f900000, 0x000000009f900000| Untracked 
| 506|0x000000009fa00000, 0x000000009fa00000, 0x000000009fb00000|  0%| F|  |TAMS 0x000000009fa00000, 0x000000009fa00000| Untracked 
| 507|0x000000009fb00000, 0x000000009fb00000, 0x000000009fc00000|  0%| F|  |TAMS 0x000000009fb00000, 0x000000009fb00000| Untracked 
| 508|0x000000009fc00000, 0x000000009fc00000, 0x000000009fd00000|  0%| F|  |TAMS 0x000000009fc00000, 0x000000009fc00000| Untracked 
| 509|0x000000009fd00000, 0x000000009fd00000, 0x000000009fe00000|  0%| F|  |TAMS 0x000000009fd00000, 0x000000009fd00000| Untracked 
| 510|0x000000009fe00000, 0x000000009fe00000, 0x000000009ff00000|  0%| F|  |TAMS 0x000000009fe00000, 0x000000009fe00000| Untracked 
| 511|0x000000009ff00000, 0x000000009ff00000, 0x00000000a0000000|  0%| F|  |TAMS 0x000000009ff00000, 0x000000009ff00000| Untracked 
| 512|0x00000000a0000000, 0x00000000a0000000, 0x00000000a0100000|  0%| F|  |TAMS 0x00000000a0000000, 0x00000000a0000000| Untracked 
| 513|0x00000000a0100000, 0x00000000a0100000, 0x00000000a0200000|  0%| F|  |TAMS 0x00000000a0100000, 0x00000000a0100000| Untracked 
| 514|0x00000000a0200000, 0x00000000a0200000, 0x00000000a0300000|  0%| F|  |TAMS 0x00000000a0200000, 0x00000000a0200000| Untracked 
| 515|0x00000000a0300000, 0x00000000a0300000, 0x00000000a0400000|  0%| F|  |TAMS 0x00000000a0300000, 0x00000000a0300000| Untracked 
| 516|0x00000000a0400000, 0x00000000a0400000, 0x00000000a0500000|  0%| F|  |TAMS 0x00000000a0400000, 0x00000000a0400000| Untracked 
| 517|0x00000000a0500000, 0x00000000a0500000, 0x00000000a0600000|  0%| F|  |TAMS 0x00000000a0500000, 0x00000000a0500000| Untracked 
| 518|0x00000000a0600000, 0x00000000a0600000, 0x00000000a0700000|  0%| F|  |TAMS 0x00000000a0600000, 0x00000000a0600000| Untracked 
| 519|0x00000000a0700000, 0x00000000a0700000, 0x00000000a0800000|  0%| F|  |TAMS 0x00000000a0700000, 0x00000000a0700000| Untracked 
| 520|0x00000000a0800000, 0x00000000a0800000, 0x00000000a0900000|  0%| F|  |TAMS 0x00000000a0800000, 0x00000000a0800000| Untracked 
| 521|0x00000000a0900000, 0x00000000a0900000, 0x00000000a0a00000|  0%| F|  |TAMS 0x00000000a0900000, 0x00000000a0900000| Untracked 
| 522|0x00000000a0a00000, 0x00000000a0a00000, 0x00000000a0b00000|  0%| F|  |TAMS 0x00000000a0a00000, 0x00000000a0a00000| Untracked 
| 523|0x00000000a0b00000, 0x00000000a0b00000, 0x00000000a0c00000|  0%| F|  |TAMS 0x00000000a0b00000, 0x00000000a0b00000| Untracked 
| 524|0x00000000a0c00000, 0x00000000a0c00000, 0x00000000a0d00000|  0%| F|  |TAMS 0x00000000a0c00000, 0x00000000a0c00000| Untracked 
| 525|0x00000000a0d00000, 0x00000000a0d00000, 0x00000000a0e00000|  0%| F|  |TAMS 0x00000000a0d00000, 0x00000000a0d00000| Untracked 
| 526|0x00000000a0e00000, 0x00000000a0e00000, 0x00000000a0f00000|  0%| F|  |TAMS 0x00000000a0e00000, 0x00000000a0e00000| Untracked 
| 527|0x00000000a0f00000, 0x00000000a0f00000, 0x00000000a1000000|  0%| F|  |TAMS 0x00000000a0f00000, 0x00000000a0f00000| Untracked 
| 528|0x00000000a1000000, 0x00000000a1072a60, 0x00000000a1100000| 44%| S|CS|TAMS 0x00000000a1000000, 0x00000000a1000000| Complete 
| 529|0x00000000a1100000, 0x00000000a1200000, 0x00000000a1200000|100%| S|CS|TAMS 0x00000000a1100000, 0x00000000a1100000| Complete 
| 530|0x00000000a1200000, 0x00000000a1200000, 0x00000000a1300000|  0%| F|  |TAMS 0x00000000a1200000, 0x00000000a1200000| Untracked 
| 531|0x00000000a1300000, 0x00000000a1300000, 0x00000000a1400000|  0%| F|  |TAMS 0x00000000a1300000, 0x00000000a1300000| Untracked 
| 532|0x00000000a1400000, 0x00000000a1500000, 0x00000000a1500000|100%| S|CS|TAMS 0x00000000a1400000, 0x00000000a1400000| Complete 
| 533|0x00000000a1500000, 0x00000000a1500000, 0x00000000a1600000|  0%| F|  |TAMS 0x00000000a1500000, 0x00000000a1500000| Untracked 
| 534|0x00000000a1600000, 0x00000000a1600000, 0x00000000a1700000|  0%| F|  |TAMS 0x00000000a1600000, 0x00000000a1600000| Untracked 
| 535|0x00000000a1700000, 0x00000000a1700000, 0x00000000a1800000|  0%| F|  |TAMS 0x00000000a1700000, 0x00000000a1700000| Untracked 
| 536|0x00000000a1800000, 0x00000000a1800000, 0x00000000a1900000|  0%| F|  |TAMS 0x00000000a1800000, 0x00000000a1800000| Untracked 
| 537|0x00000000a1900000, 0x00000000a1900000, 0x00000000a1a00000|  0%| F|  |TAMS 0x00000000a1900000, 0x00000000a1900000| Untracked 
| 538|0x00000000a1a00000, 0x00000000a1a00000, 0x00000000a1b00000|  0%| F|  |TAMS 0x00000000a1a00000, 0x00000000a1a00000| Untracked 
| 539|0x00000000a1b00000, 0x00000000a1b00000, 0x00000000a1c00000|  0%| F|  |TAMS 0x00000000a1b00000, 0x00000000a1b00000| Untracked 
| 540|0x00000000a1c00000, 0x00000000a1c782b0, 0x00000000a1d00000| 46%| E|  |TAMS 0x00000000a1c00000, 0x00000000a1c00000| Complete 
| 541|0x00000000a1d00000, 0x00000000a1e00000, 0x00000000a1e00000|100%| E|CS|TAMS 0x00000000a1d00000, 0x00000000a1d00000| Complete 
| 542|0x00000000a1e00000, 0x00000000a1f00000, 0x00000000a1f00000|100%| E|CS|TAMS 0x00000000a1e00000, 0x00000000a1e00000| Complete 
| 543|0x00000000a1f00000, 0x00000000a2000000, 0x00000000a2000000|100%| E|CS|TAMS 0x00000000a1f00000, 0x00000000a1f00000| Complete 
| 544|0x00000000a2000000, 0x00000000a2100000, 0x00000000a2100000|100%| E|CS|TAMS 0x00000000a2000000, 0x00000000a2000000| Complete 
| 545|0x00000000a2100000, 0x00000000a2200000, 0x00000000a2200000|100%| E|CS|TAMS 0x00000000a2100000, 0x00000000a2100000| Complete 
| 546|0x00000000a2200000, 0x00000000a2300000, 0x00000000a2300000|100%| E|  |TAMS 0x00000000a2200000, 0x00000000a2200000| Complete 
| 547|0x00000000a2300000, 0x00000000a2400000, 0x00000000a2400000|100%| E|CS|TAMS 0x00000000a2300000, 0x00000000a2300000| Complete 
| 548|0x00000000a2400000, 0x00000000a2500000, 0x00000000a2500000|100%| E|CS|TAMS 0x00000000a2400000, 0x00000000a2400000| Complete 
| 549|0x00000000a2500000, 0x00000000a2600000, 0x00000000a2600000|100%| E|CS|TAMS 0x00000000a2500000, 0x00000000a2500000| Complete 
| 550|0x00000000a2600000, 0x00000000a2700000, 0x00000000a2700000|100%| E|CS|TAMS 0x00000000a2600000, 0x00000000a2600000| Complete 
| 551|0x00000000a2700000, 0x00000000a2800000, 0x00000000a2800000|100%| E|CS|TAMS 0x00000000a2700000, 0x00000000a2700000| Complete 
| 552|0x00000000a2800000, 0x00000000a2900000, 0x00000000a2900000|100%| E|CS|TAMS 0x00000000a2800000, 0x00000000a2800000| Complete 
| 553|0x00000000a2900000, 0x00000000a2a00000, 0x00000000a2a00000|100%| E|CS|TAMS 0x00000000a2900000, 0x00000000a2900000| Complete 
| 554|0x00000000a2a00000, 0x00000000a2b00000, 0x00000000a2b00000|100%| E|CS|TAMS 0x00000000a2a00000, 0x00000000a2a00000| Complete 

Card table byte_map: [0x000001eeb9540000,0x000001eeb9940000] _byte_map_base: 0x000001eeb9140000

Marking Bits (Prev, Next): (CMBitMap*) 0x000001eea234b7f0, (CMBitMap*) 0x000001eea234b830
 Prev Bits: [0x000001eeb9d40000, 0x000001eebbd40000)
 Next Bits: [0x000001eebbd40000, 0x000001eebdd40000)

Polling page: 0x000001eea1aa0000

Metaspace:

Usage:
  Non-class:    285.26 MB used.
      Class:     39.89 MB used.
       Both:    325.14 MB used.

Virtual space:
  Non-class space:      320.00 MB reserved,     286.31 MB ( 89%) committed,  5 nodes.
      Class space:        1.00 GB reserved,      40.81 MB (  4%) committed,  1 nodes.
             Both:        1.31 GB reserved,     327.12 MB ( 24%) committed. 

Chunk freelists:
   Non-Class:  1.52 MB
       Class:  7.24 MB
        Both:  8.76 MB

MaxMetaspaceSize: unlimited
CompressedClassSpaceSize: 1.00 GB
Initial GC threshold: 21.00 MB
Current GC threshold: 327.31 MB
CDS: on
MetaspaceReclaimPolicy: balanced
 - commit_granule_bytes: 65536.
 - commit_granule_words: 8192.
 - virtual_space_node_default_size: 8388608.
 - enlarge_chunks_in_place: 1.
 - new_chunks_are_fully_committed: 0.
 - uncommit_free_chunks: 1.
 - use_allocation_guard: 0.
 - handle_deallocations: 1.


Internal statistics:

num_allocs_failed_limit: 99.
num_arena_births: 2880.
num_arena_deaths: 24.
num_vsnodes_births: 6.
num_vsnodes_deaths: 0.
num_space_committed: 5227.
num_space_uncommitted: 0.
num_chunks_returned_to_freelist: 130.
num_chunks_taken_from_freelist: 19883.
num_chunk_merges: 99.
num_chunk_splits: 12033.
num_chunks_enlarged: 5587.
num_inconsistent_stats: 0.

CodeHeap 'non-profiled nmethods': size=120000Kb used=39690Kb max_used=39690Kb free=80309Kb
 bounds [0x000001eeb18e0000, 0x000001eeb3fb0000, 0x000001eeb8e10000]
CodeHeap 'profiled nmethods': size=120000Kb used=119961Kb max_used=119971Kb free=38Kb
 bounds [0x000001eea9e10000, 0x000001eeb1340000, 0x000001eeb1340000]
CodeHeap 'non-nmethods': size=5760Kb used=2675Kb max_used=2754Kb free=3084Kb
 bounds [0x000001eeb1340000, 0x000001eeb1600000, 0x000001eeb18e0000]
 total_blobs=48686 nmethods=47443 adapters=1150
 compilation: enabled
              stopped_count=0, restarted_count=0
 full_count=0

Compilation events (20 events):
Event: 229.510 Thread 0x000001eec0055a00 59034       3       org.jetbrains.kotlin.ir.visitors.IrElementTransformerVoid::visitFunctionReference (16 bytes)
Event: 229.511 Thread 0x000001eec0055a00 nmethod 59034 0x000001eeb3f96590 code [0x000001eeb3f967a0, 0x000001eeb3f96e28]
Event: 229.511 Thread 0x000001ef211b7130 nmethod 58796 0x000001eeb3f8e910 code [0x000001eeb3f8ed20, 0x000001eeb3f93b30]
Event: 229.512 Thread 0x000001ef211b7130 59020       4       org.jetbrains.kotlin.ir.declarations.IrFunction::transformChildren (99 bytes)
Event: 229.527 Thread 0x000001eec0055a00 59035       3       org.jetbrains.kotlin.backend.common.lower.DefaultArgumentStubGenerator::lower (90 bytes)
Event: 229.529 Thread 0x000001eec0055a00 nmethod 59035 0x000001eeb3f97090 code [0x000001eeb3f973c0, 0x000001eeb3f98898]
Event: 229.532 Thread 0x000001eec0055a00 59036       3       org.jetbrains.kotlin.backend.common.lower.DefaultParameterInjector::shouldReplaceWithSyntheticFunction (143 bytes)
Event: 229.533 Thread 0x000001eec0055a00 nmethod 59036 0x000001eeb3f98f90 code [0x000001eeb3f992e0, 0x000001eeb3f9a9a8]
Event: 229.545 Thread 0x000001eec0055a00 59037       3       org.jetbrains.kotlin.backend.common.lower.DefaultParameterInjector::needsTypeArgumentOffset (34 bytes)
Event: 229.546 Thread 0x000001eec0055a00 nmethod 59037 0x000001eeb3f9b110 code [0x000001eeb3f9b380, 0x000001eeb3f9be88]
Event: 229.550 Thread 0x000001eec0055a00 59038       3       org.jetbrains.kotlin.backend.jvm.lower.JvmDefaultParameterInjector::isStatic (38 bytes)
Event: 229.551 Thread 0x000001eec0055a00 nmethod 59038 0x000001eeb3f9c190 code [0x000001eeb3f9c400, 0x000001eeb3f9cef8]
Event: 229.551 Thread 0x000001eec0055a00 59039       3       org.jetbrains.kotlin.backend.common.lower.DefaultParameterInjector::visitCall (87 bytes)
Event: 229.554 Thread 0x000001eec0055a00 nmethod 59039 0x000001eeb3f9d290 code [0x000001eeb3f9d720, 0x000001eeb3f9fa28]
Event: 229.554 Thread 0x000001eec0055a00 59040       3       org.jetbrains.kotlin.ir.visitors.IrElementTransformerVoid::visitComposite (10 bytes)
Event: 229.555 Thread 0x000001eec0055a00 nmethod 59040 0x000001eeb3fa0510 code [0x000001eeb3fa0740, 0x000001eeb3fa0f28]
Event: 229.556 Thread 0x000001eec0055a00 59041       1       kotlin.collections.builders.MapBuilder::access$getValuesArray$p (5 bytes)
Event: 229.556 Thread 0x000001eec0055a00 nmethod 59041 0x000001eeb3fa1210 code [0x000001eeb3fa13a0, 0x000001eeb3fa1458]
Event: 229.565 Thread 0x000001eec0055a00 59043       3       org.jetbrains.kotlin.backend.common.DeclarationTransformer$Visitor::visitSetField (13 bytes)
Event: 229.567 Thread 0x000001eec0055a00 nmethod 59043 0x000001eeb3fa1510 code [0x000001eeb3fa1800, 0x000001eeb3fa2618]

GC Heap History (20 events):
Event: 212.152 GC heap before
{Heap before GC invocations=158 (full 0):
 garbage-first heap   total 568320K, used 498590K [0x0000000080000000, 0x0000000100000000)
  region size 1024K, 39 young (39936K), 5 survivors (5120K)
 Metaspace       used 314424K, committed 316480K, reserved 1376256K
  class space    used 39121K, committed 40064K, reserved 1048576K
}
Event: 212.162 GC heap after
{Heap after GC invocations=159 (full 0):
 garbage-first heap   total 568320K, used 467977K [0x0000000080000000, 0x0000000100000000)
  region size 1024K, 4 young (4096K), 4 survivors (4096K)
 Metaspace       used 314424K, committed 316480K, reserved 1376256K
  class space    used 39121K, committed 40064K, reserved 1048576K
}
Event: 213.631 GC heap before
{Heap before GC invocations=159 (full 0):
 garbage-first heap   total 568320K, used 500745K [0x0000000080000000, 0x0000000100000000)
  region size 1024K, 36 young (36864K), 4 survivors (4096K)
 Metaspace       used 315105K, committed 317120K, reserved 1376256K
  class space    used 39176K, committed 40128K, reserved 1048576K
}
Event: 213.637 GC heap after
{Heap after GC invocations=160 (full 0):
 garbage-first heap   total 568320K, used 469103K [0x0000000080000000, 0x0000000100000000)
  region size 1024K, 2 young (2048K), 2 survivors (2048K)
 Metaspace       used 315105K, committed 317120K, reserved 1376256K
  class space    used 39176K, committed 40128K, reserved 1048576K
}
Event: 215.889 GC heap before
{Heap before GC invocations=160 (full 0):
 garbage-first heap   total 568320K, used 501871K [0x0000000080000000, 0x0000000100000000)
  region size 1024K, 34 young (34816K), 2 survivors (2048K)
 Metaspace       used 317825K, committed 319808K, reserved 1376256K
  class space    used 39406K, committed 40320K, reserved 1048576K
}
Event: 215.896 GC heap after
{Heap after GC invocations=161 (full 0):
 garbage-first heap   total 568320K, used 470865K [0x0000000080000000, 0x0000000100000000)
  region size 1024K, 4 young (4096K), 4 survivors (4096K)
 Metaspace       used 317825K, committed 319808K, reserved 1376256K
  class space    used 39406K, committed 40320K, reserved 1048576K
}
Event: 218.377 GC heap before
{Heap before GC invocations=161 (full 0):
 garbage-first heap   total 568320K, used 501585K [0x0000000080000000, 0x0000000100000000)
  region size 1024K, 35 young (35840K), 4 survivors (4096K)
 Metaspace       used 321542K, committed 323584K, reserved 1376256K
  class space    used 39750K, committed 40704K, reserved 1048576K
}
Event: 218.386 GC heap after
{Heap after GC invocations=162 (full 0):
 garbage-first heap   total 568320K, used 473235K [0x0000000080000000, 0x0000000100000000)
  region size 1024K, 5 young (5120K), 5 survivors (5120K)
 Metaspace       used 321542K, committed 323584K, reserved 1376256K
  class space    used 39750K, committed 40704K, reserved 1048576K
}
Event: 220.154 GC heap before
{Heap before GC invocations=162 (full 0):
 garbage-first heap   total 568320K, used 501907K [0x0000000080000000, 0x0000000100000000)
  region size 1024K, 33 young (33792K), 5 survivors (5120K)
 Metaspace       used 321994K, committed 323968K, reserved 1376256K
  class space    used 39793K, committed 40704K, reserved 1048576K
}
Event: 220.168 GC heap after
{Heap after GC invocations=163 (full 0):
 garbage-first heap   total 568320K, used 476558K [0x0000000080000000, 0x0000000100000000)
  region size 1024K, 5 young (5120K), 5 survivors (5120K)
 Metaspace       used 321994K, committed 323968K, reserved 1376256K
  class space    used 39793K, committed 40704K, reserved 1048576K
}
Event: 221.779 GC heap before
{Heap before GC invocations=163 (full 0):
 garbage-first heap   total 568320K, used 503182K [0x0000000080000000, 0x0000000100000000)
  region size 1024K, 31 young (31744K), 5 survivors (5120K)
 Metaspace       used 323948K, committed 325952K, reserved 1376256K
  class space    used 40019K, committed 40960K, reserved 1048576K
}
Event: 221.792 GC heap after
{Heap after GC invocations=164 (full 0):
 garbage-first heap   total 568320K, used 480192K [0x0000000080000000, 0x0000000100000000)
  region size 1024K, 4 young (4096K), 4 survivors (4096K)
 Metaspace       used 323948K, committed 325952K, reserved 1376256K
  class space    used 40019K, committed 40960K, reserved 1048576K
}
Event: 223.363 GC heap before
{Heap before GC invocations=164 (full 0):
 garbage-first heap   total 568320K, used 502720K [0x0000000080000000, 0x0000000100000000)
  region size 1024K, 27 young (27648K), 4 survivors (4096K)
 Metaspace       used 325976K, committed 328000K, reserved 1376256K
  class space    used 40166K, committed 41088K, reserved 1048576K
}
Event: 223.373 GC heap after
{Heap after GC invocations=165 (full 0):
 garbage-first heap   total 568320K, used 482378K [0x0000000080000000, 0x0000000100000000)
  region size 1024K, 3 young (3072K), 3 survivors (3072K)
 Metaspace       used 325976K, committed 328000K, reserved 1376256K
  class space    used 40166K, committed 41088K, reserved 1048576K
}
Event: 224.889 GC heap before
{Heap before GC invocations=165 (full 0):
 garbage-first heap   total 568320K, used 506954K [0x0000000080000000, 0x0000000100000000)
  region size 1024K, 27 young (27648K), 3 survivors (3072K)
 Metaspace       used 326511K, committed 328512K, reserved 1376256K
  class space    used 40243K, committed 41152K, reserved 1048576K
}
Event: 224.897 GC heap after
{Heap after GC invocations=166 (full 0):
 garbage-first heap   total 568320K, used 485897K [0x0000000080000000, 0x0000000100000000)
  region size 1024K, 4 young (4096K), 4 survivors (4096K)
 Metaspace       used 326511K, committed 328512K, reserved 1376256K
  class space    used 40243K, committed 41152K, reserved 1048576K
}
Event: 226.210 GC heap before
{Heap before GC invocations=166 (full 0):
 garbage-first heap   total 568320K, used 508425K [0x0000000080000000, 0x0000000100000000)
  region size 1024K, 27 young (27648K), 4 survivors (4096K)
 Metaspace       used 329465K, committed 331456K, reserved 1376256K
  class space    used 40538K, committed 41472K, reserved 1048576K
}
Event: 226.219 GC heap after
{Heap after GC invocations=167 (full 0):
 garbage-first heap   total 568320K, used 487516K [0x0000000080000000, 0x0000000100000000)
  region size 1024K, 2 young (2048K), 2 survivors (2048K)
 Metaspace       used 329465K, committed 331456K, reserved 1376256K
  class space    used 40538K, committed 41472K, reserved 1048576K
}
Event: 227.824 GC heap before
{Heap before GC invocations=167 (full 0):
 garbage-first heap   total 568320K, used 507996K [0x0000000080000000, 0x0000000100000000)
  region size 1024K, 24 young (24576K), 2 survivors (2048K)
 Metaspace       used 331907K, committed 333888K, reserved 1376256K
  class space    used 40795K, committed 41728K, reserved 1048576K
}
Event: 227.850 GC heap after
{Heap after GC invocations=168 (full 0):
 garbage-first heap   total 568320K, used 488541K [0x0000000080000000, 0x0000000100000000)
  region size 1024K, 3 young (3072K), 3 survivors (3072K)
 Metaspace       used 331907K, committed 333888K, reserved 1376256K
  class space    used 40795K, committed 41728K, reserved 1048576K
}

Dll operation events (15 events):
Event: 0.035 Loaded shared library C:\Program Files\Microsoft\jdk-17.0.12.7-hotspot\bin\java.dll
Event: 0.068 Loaded shared library C:\Program Files\Microsoft\jdk-17.0.12.7-hotspot\bin\jsvml.dll
Event: 0.157 Loaded shared library C:\Program Files\Microsoft\jdk-17.0.12.7-hotspot\bin\zip.dll
Event: 0.167 Loaded shared library C:\Program Files\Microsoft\jdk-17.0.12.7-hotspot\bin\instrument.dll
Event: 0.179 Loaded shared library C:\Program Files\Microsoft\jdk-17.0.12.7-hotspot\bin\net.dll
Event: 0.184 Loaded shared library C:\Program Files\Microsoft\jdk-17.0.12.7-hotspot\bin\nio.dll
Event: 0.192 Loaded shared library C:\Program Files\Microsoft\jdk-17.0.12.7-hotspot\bin\zip.dll
Event: 0.817 Loaded shared library C:\Program Files\Microsoft\jdk-17.0.12.7-hotspot\bin\jimage.dll
Event: 1.366 Loaded shared library C:\Program Files\Microsoft\jdk-17.0.12.7-hotspot\bin\verify.dll
Event: 1.680 Loaded shared library C:\Users\Abutalib\.gradle\native\c067742578af261105cb4f569cf0c3c89f3d7b1fecec35dd04571415982c5e48\windows-amd64\native-platform.dll
Event: 1.710 Loaded shared library C:\Users\Abutalib\.gradle\native\100fb08df4bc3b14c8652ba06237920a3bd2aa13389f12d3474272988ae205f9\windows-amd64\native-platform-file-events.dll
Event: 4.323 Loaded shared library C:\Program Files\Microsoft\jdk-17.0.12.7-hotspot\bin\management.dll
Event: 4.329 Loaded shared library C:\Program Files\Microsoft\jdk-17.0.12.7-hotspot\bin\management_ext.dll
Event: 4.804 Loaded shared library C:\Program Files\Microsoft\jdk-17.0.12.7-hotspot\bin\extnet.dll
Event: 5.711 Loaded shared library C:\Program Files\Microsoft\jdk-17.0.12.7-hotspot\bin\sunmscapi.dll

Deoptimization events (20 events):
Event: 229.150 Thread 0x000001ef086e9a80 Uncommon trap: trap_request=0xffffff45 fr.pc=0x000001eeb39c2804 relative=0x0000000000004524
Event: 229.150 Thread 0x000001ef086e9a80 Uncommon trap: reason=unstable_if action=reinterpret pc=0x000001eeb39c2804 method=org.jetbrains.kotlin.ir.util.TypeTranslator.translateTypeAnnotations(Lorg/jetbrains/kotlin/types/KotlinType;Lorg/jetbrains/kotlin/types/KotlinType;)Ljava/util/List; @ 205 c2
Event: 229.150 Thread 0x000001ef086e9a80 DEOPT PACKING pc=0x000001eeb39c2804 sp=0x00000048797fb560
Event: 229.150 Thread 0x000001ef086e9a80 DEOPT UNPACKING pc=0x000001eeb13969a3 sp=0x00000048797fb4a0 mode 2
Event: 229.158 Thread 0x000001ef086e9a80 Uncommon trap: trap_request=0xffffff45 fr.pc=0x000001eeb2ee76a0 relative=0x0000000000002c40
Event: 229.158 Thread 0x000001ef086e9a80 Uncommon trap: reason=unstable_if action=reinterpret pc=0x000001eeb2ee76a0 method=org.jetbrains.kotlin.ir.util.TypeTranslator.translateTypeAnnotations(Lorg/jetbrains/kotlin/types/KotlinType;Lorg/jetbrains/kotlin/types/KotlinType;)Ljava/util/List; @ 205 c2
Event: 229.158 Thread 0x000001ef086e9a80 DEOPT PACKING pc=0x000001eeb2ee76a0 sp=0x00000048797fa100
Event: 229.158 Thread 0x000001ef086e9a80 DEOPT UNPACKING pc=0x000001eeb13969a3 sp=0x00000048797fa0c0 mode 2
Event: 229.400 Thread 0x000001ef086e9a80 Uncommon trap: trap_request=0xffffff76 fr.pc=0x000001eeb3cf3510 relative=0x0000000000000910
Event: 229.400 Thread 0x000001ef086e9a80 Uncommon trap: reason=predicate action=maybe_recompile pc=0x000001eeb3cf3510 method=org.jetbrains.kotlin.ir.declarations.IrFunction.acceptChildren(Lorg/jetbrains/kotlin/ir/visitors/IrElementVisitor;Ljava/lang/Object;)V @ 129 c2
Event: 229.400 Thread 0x000001ef086e9a80 DEOPT PACKING pc=0x000001eeb3cf3510 sp=0x00000048797fc5a0
Event: 229.400 Thread 0x000001ef086e9a80 DEOPT UNPACKING pc=0x000001eeb13969a3 sp=0x00000048797fc540 mode 2
Event: 229.470 Thread 0x000001ef086e9a80 Uncommon trap: trap_request=0xffffff76 fr.pc=0x000001eeb3d283c4 relative=0x0000000000001e04
Event: 229.470 Thread 0x000001ef086e9a80 Uncommon trap: reason=predicate action=maybe_recompile pc=0x000001eeb3d283c4 method=org.jetbrains.kotlin.ir.util.TransformKt.transformIfNeeded(Ljava/util/List;Lorg/jetbrains/kotlin/ir/visitors/IrElementTransformer;Ljava/lang/Object;)Ljava/util/List; @ 32 
Event: 229.470 Thread 0x000001ef086e9a80 DEOPT PACKING pc=0x000001eeb3d283c4 sp=0x00000048797fb6e0
Event: 229.470 Thread 0x000001ef086e9a80 DEOPT UNPACKING pc=0x000001eeb13969a3 sp=0x00000048797fb670 mode 2
Event: 229.471 Thread 0x000001ef086e9a80 Uncommon trap: trap_request=0xffffff76 fr.pc=0x000001eeb3ef82b4 relative=0x0000000000000714
Event: 229.471 Thread 0x000001ef086e9a80 Uncommon trap: reason=predicate action=maybe_recompile pc=0x000001eeb3ef82b4 method=org.jetbrains.kotlin.ir.util.TransformKt.transformIfNeeded(Ljava/util/List;Lorg/jetbrains/kotlin/ir/visitors/IrElementTransformer;Ljava/lang/Object;)Ljava/util/List; @ 32 
Event: 229.471 Thread 0x000001ef086e9a80 DEOPT PACKING pc=0x000001eeb3ef82b4 sp=0x00000048797fb6b0
Event: 229.471 Thread 0x000001ef086e9a80 DEOPT UNPACKING pc=0x000001eeb13969a3 sp=0x00000048797fb660 mode 2

Classes loaded (20 events):
Event: 148.170 Loading class java/util/zip/Adler32
Event: 148.185 Loading class java/util/zip/Adler32 done
Event: 148.278 Loading class java/nio/file/Path$1
Event: 148.294 Loading class java/nio/file/Path$1 done
Event: 148.844 Loading class java/nio/file/StandardCopyOption
Event: 148.866 Loading class java/nio/file/StandardCopyOption done
Event: 148.866 Loading class sun/nio/fs/WindowsFileCopy
Event: 148.871 Loading class sun/nio/fs/WindowsFileCopy done
Event: 178.283 Loading class java/util/regex/Pattern$Bound
Event: 178.284 Loading class java/util/regex/Pattern$Bound done
Event: 187.321 Loading class java/text/MessageFormat
Event: 187.325 Loading class java/text/MessageFormat done
Event: 187.522 Loading class java/text/ChoiceFormat
Event: 187.528 Loading class java/text/ChoiceFormat done
Event: 187.685 Loading class java/text/MessageFormat$Field
Event: 187.685 Loading class java/text/MessageFormat$Field done
Event: 204.575 Loading class java/util/Vector$Itr
Event: 204.582 Loading class java/util/Vector$Itr done
Event: 208.458 Loading class java/util/Comparators$NullComparator
Event: 208.461 Loading class java/util/Comparators$NullComparator done

Classes unloaded (12 events):
Event: 121.109 Thread 0x000001eec0000550 Unloading class 0x000001eec38a0400 'java/lang/invoke/LambdaForm$DMH+0x000001eec38a0400'
Event: 229.614 Thread 0x000001eec0000550 Unloading class 0x000001eec3da9c00 'java/lang/invoke/LambdaForm$DMH+0x000001eec3da9c00'
Event: 229.615 Thread 0x000001eec0000550 Unloading class 0x000001eec3da9400 'java/lang/invoke/LambdaForm$DMH+0x000001eec3da9400'
Event: 229.615 Thread 0x000001eec0000550 Unloading class 0x000001eec3da8400 'java/lang/invoke/LambdaForm$DMH+0x000001eec3da8400'
Event: 229.615 Thread 0x000001eec0000550 Unloading class 0x000001eec3c15c00 'java/lang/invoke/LambdaForm$MH+0x000001eec3c15c00'
Event: 229.615 Thread 0x000001eec0000550 Unloading class 0x000001eec3c15400 'java/lang/invoke/LambdaForm$DMH+0x000001eec3c15400'
Event: 229.615 Thread 0x000001eec0000550 Unloading class 0x000001eec3c14c00 'java/lang/invoke/LambdaForm$DMH+0x000001eec3c14c00'
Event: 229.615 Thread 0x000001eec0000550 Unloading class 0x000001eec3c14000 'java/lang/invoke/LambdaForm$DMH+0x000001eec3c14000'
Event: 229.615 Thread 0x000001eec0000550 Unloading class 0x000001eec3bf8400 'java/lang/invoke/LambdaForm$DMH+0x000001eec3bf8400'
Event: 229.615 Thread 0x000001eec0000550 Unloading class 0x000001eec3b88400 'java/lang/invoke/LambdaForm$DMH+0x000001eec3b88400'
Event: 229.615 Thread 0x000001eec0000550 Unloading class 0x000001eec3b0c000 'java/lang/invoke/LambdaForm$DMH+0x000001eec3b0c000'
Event: 229.615 Thread 0x000001eec0000550 Unloading class 0x000001eec39cc800 'java/lang/invoke/LambdaForm$DMH+0x000001eec39cc800'

Classes redefined (0 events):
No events

Internal exceptions (20 events):
Event: 175.748 Thread 0x000001ef0c6f7e10 Implicit null exception at 0x000001eeb2cb4f98 to 0x000001eeb2cbdc80
Event: 177.365 Thread 0x000001ef0c6f7e10 Implicit null exception at 0x000001eeb2bd2a03 to 0x000001eeb2bd2cf4
Event: 178.119 Thread 0x000001ef086e9a80 Exception <a 'java/lang/IncompatibleClassChangeError'{0x00000000a119d628}: Found class java.lang.Object, but interface was expected> (0x00000000a119d628) 
thrown [s\src\hotspot\share\interpreter\linkResolver.cpp, line 826]
Event: 179.925 Thread 0x000001ef0c6f7e10 Exception <a 'java/lang/IncompatibleClassChangeError'{0x000000009f6daa00}: Found class java.lang.Object, but interface was expected> (0x000000009f6daa00) 
thrown [s\src\hotspot\share\interpreter\linkResolver.cpp, line 826]
Event: 182.101 Thread 0x000001ef086e9a80 Implicit null exception at 0x000001eeb2ba4a9f to 0x000001eeb2ba5880
Event: 182.237 Thread 0x000001ef0c6f7e10 Implicit null exception at 0x000001eeb1e8c280 to 0x000001eeb1e8c404
Event: 190.031 Thread 0x000001ef0839de60 Exception <a 'java/lang/NoSuchMethodError'{0x000000009ee45e18}: 'java.lang.Object java.lang.invoke.DirectMethodHandle$Holder.newInvokeSpecial(java.lang.Object, java.lang.Object, java.lang.Object, int, int, java.lang.Object, java.lang.Object)'> (0x000000009ee45e18) 
thrown [s\src\hotspot\share\interpreter\linkResolver.cpp, line 759]
Event: 190.505 Thread 0x000001ef0839de60 Exception <a 'java/lang/NoSuchMethodError'{0x00000000a271e5a0}: 'java.lang.Object java.lang.invoke.DirectMethodHandle$Holder.invokeSpecial(java.lang.Object, java.lang.Object, int, int, java.lang.Object, java.lang.Object, java.lang.Object, java.lang.Object, java.lang.Object)'> (0x00000000a271e5a0) 
thrown [s\src\hotspot\share\interpreter\linkResolver.cpp, line 759]
Event: 190.530 Thread 0x000001ef086e9a80 Implicit null exception at 0x000001eeb2f3492c to 0x000001eeb2f349f0
Event: 190.688 Thread 0x000001ef0839de60 Exception <a 'java/lang/NoSuchMethodError'{0x00000000a242ea18}: 'java.lang.Object java.lang.invoke.DirectMethodHandle$Holder.newInvokeSpecial(java.lang.Object, java.lang.Object, java.lang.Object, int, int)'> (0x00000000a242ea18) 
thrown [s\src\hotspot\share\interpreter\linkResolver.cpp, line 759]
Event: 190.690 Thread 0x000001ef0839de60 Exception <a 'java/lang/NoSuchMethodError'{0x00000000a2432b00}: 'java.lang.Object java.lang.invoke.DirectMethodHandle$Holder.invokeSpecial(java.lang.Object, java.lang.Object, java.lang.Object, java.lang.Object, int, int)'> (0x00000000a2432b00) 
thrown [s\src\hotspot\share\interpreter\linkResolver.cpp, line 759]
Event: 198.563 Thread 0x000001ef086e9a80 Implicit null exception at 0x000001eeb2ebbd93 to 0x000001eeb2ebd76c
Event: 209.354 Thread 0x000001ef086e9a80 Implicit null exception at 0x000001eeb2b8355c to 0x000001eeb2b844b8
Event: 214.534 Thread 0x000001ef0c6f7e10 Implicit null exception at 0x000001eeb2ac96b7 to 0x000001eeb2ac9be4
Event: 217.065 Thread 0x000001ef086e9a80 Exception <a 'java/lang/NoSuchMethodError'{0x00000000a18cb888}: 'java.lang.Object java.lang.invoke.DirectMethodHandle$Holder.invokeStatic(java.lang.Object, java.lang.Object, java.lang.Object, int, int, java.lang.Object, java.lang.Object, java.lang.Object, java.lang.Object)'> (0x00000000a18cb888) 
thrown [s\src\hotspot\share\interpreter\linkResolver.cpp, line 759]
Event: 217.068 Thread 0x000001ef086e9a80 Exception <a 'java/lang/NoSuchMethodError'{0x00000000a18d5560}: 'java.lang.Object java.lang.invoke.DirectMethodHandle$Holder.newInvokeSpecial(java.lang.Object, java.lang.Object, java.lang.Object, int, int, java.lang.Object)'> (0x00000000a18d5560) 
thrown [s\src\hotspot\share\interpreter\linkResolver.cpp, line 759]
Event: 217.068 Thread 0x000001ef086e9a80 Exception <a 'java/lang/NoSuchMethodError'{0x00000000a173a4f0}: 'java.lang.Object java.lang.invoke.Invokers$Holder.linkToTargetMethod(java.lang.Object, java.lang.Object, int, int, java.lang.Object, java.lang.Object)'> (0x00000000a173a4f0) 
thrown [s\src\hotspot\share\interpreter\linkResolver.cpp, line 759]
Event: 220.804 Thread 0x000001ef086e9a80 Exception <a 'java/lang/NoSuchMethodError'{0x00000000a214d040}: 'java.lang.Object java.lang.invoke.DirectMethodHandle$Holder.newInvokeSpecial(java.lang.Object, java.lang.Object, int, int, java.lang.Object, java.lang.Object, java.lang.Object)'> (0x00000000a214d040) 
thrown [s\src\hotspot\share\interpreter\linkResolver.cpp, line 759]
Event: 220.805 Thread 0x000001ef086e9a80 Exception <a 'java/lang/NoSuchMethodError'{0x00000000a2151938}: 'java.lang.Object java.lang.invoke.DirectMethodHandle$Holder.invokeSpecial(java.lang.Object, java.lang.Object, java.lang.Object, int, int, java.lang.Object, java.lang.Object, java.lang.Object)'> (0x00000000a2151938) 
thrown [s\src\hotspot\share\interpreter\linkResolver.cpp, line 759]
Event: 224.693 Thread 0x000001ef0c6f7e10 Implicit null exception at 0x000001eeb31419bc to 0x000001eeb3141a4a

VM Operations (20 events):
Event: 227.715 Executing VM operation: ICBufferFull done
Event: 227.807 Executing VM operation: CollectForMetadataAllocation
Event: 227.851 Executing VM operation: CollectForMetadataAllocation done
Event: 227.910 Executing VM operation: HandshakeAllThreads
Event: 227.910 Executing VM operation: HandshakeAllThreads done
Event: 227.910 Executing VM operation: HandshakeAllThreads
Event: 227.911 Executing VM operation: HandshakeAllThreads done
Event: 227.972 Executing VM operation: HandshakeAllThreads
Event: 227.983 Executing VM operation: HandshakeAllThreads done
Event: 227.991 Executing VM operation: HandshakeAllThreads
Event: 227.999 Executing VM operation: HandshakeAllThreads done
Event: 228.408 Executing VM operation: CollectForMetadataAllocation
Event: 228.424 Executing VM operation: CollectForMetadataAllocation done
Event: 228.805 Executing VM operation: ICBufferFull
Event: 228.810 Executing VM operation: ICBufferFull done
Event: 228.919 Executing VM operation: CollectForMetadataAllocation
Event: 228.920 Executing VM operation: CollectForMetadataAllocation done
Event: 229.237 Executing VM operation: CollectForMetadataAllocation
Event: 229.252 Executing VM operation: CollectForMetadataAllocation done
Event: 229.577 Executing VM operation: G1PauseRemark

Events (20 events):
Event: 223.706 Thread 0x000001eec0056ab0 flushing nmethod 0x000001eeb0a54090
Event: 223.706 Thread 0x000001eec0056ab0 flushing nmethod 0x000001eeb0b80e90
Event: 223.709 Thread 0x000001eec0056ab0 flushing nmethod 0x000001eeb0d24a90
Event: 223.709 Thread 0x000001eec0056ab0 flushing nmethod 0x000001eeb0d2c710
Event: 223.714 Thread 0x000001eec0056ab0 flushing nmethod 0x000001eeb1158b10
Event: 223.715 Thread 0x000001eec0056ab0 flushing nmethod 0x000001eeb11b7310
Event: 223.716 Thread 0x000001eec0056ab0 flushing nmethod 0x000001eeb126b190
Event: 227.919 Thread 0x000001eec0056ab0 flushing nmethod 0x000001eeb202ba90
Event: 227.939 Thread 0x000001eec0056ab0 flushing nmethod 0x000001eeb3257790
Event: 227.945 Thread 0x000001eec0056ab0 flushing nmethod 0x000001eeb3861d90
Event: 227.945 Thread 0x000001eec0056ab0 flushing nmethod 0x000001eeb386a410
Event: 227.945 Thread 0x000001eec0056ab0 flushing nmethod 0x000001eeb386c210
Event: 227.979 Thread 0x000001eec0056ab0 flushing nmethod 0x000001eeaae00410
Event: 227.982 Thread 0x000001eec0056ab0 flushing nmethod 0x000001eeab039490
Event: 228.025 Thread 0x000001eec0056ab0 flushing nmethod 0x000001eeaca5d690
Event: 228.032 Thread 0x000001eec0056ab0 flushing nmethod 0x000001eeacf39f90
Event: 228.034 Thread 0x000001eec0056ab0 flushing nmethod 0x000001eeacff6090
Event: 228.063 Thread 0x000001eec0056ab0 flushing nmethod 0x000001eeae757190
Event: 228.080 Thread 0x000001eec0056ab0 flushing nmethod 0x000001eeaf2ef890
Event: 228.090 Thread 0x000001eec0056ab0 flushing nmethod 0x000001eeafafcb10


Dynamic libraries:
0x00007ff71acc0000 - 0x00007ff71acce000 	C:\Program Files\Microsoft\jdk-17.0.12.7-hotspot\bin\java.exe
0x00007fffc9600000 - 0x00007fffc9866000 	C:\WINDOWS\SYSTEM32\ntdll.dll
0x00007fffc8190000 - 0x00007fffc8259000 	C:\WINDOWS\System32\KERNEL32.DLL
0x00007fffc6ab0000 - 0x00007fffc6e7c000 	C:\WINDOWS\System32\KERNELBASE.dll
0x00007fffc71d0000 - 0x00007fffc731b000 	C:\WINDOWS\System32\ucrtbase.dll
0x00007fff9f800000 - 0x00007fff9f817000 	C:\Program Files\Microsoft\jdk-17.0.12.7-hotspot\bin\jli.dll
0x00007fff9f820000 - 0x00007fff9f83d000 	C:\Program Files\Microsoft\jdk-17.0.12.7-hotspot\bin\VCRUNTIME140.dll
0x00007fffc8cb0000 - 0x00007fffc8e7a000 	C:\WINDOWS\System32\USER32.dll
0x00007fffc69c0000 - 0x00007fffc69e7000 	C:\WINDOWS\System32\win32u.dll
0x00007fffafba0000 - 0x00007fffafe3a000 	C:\WINDOWS\WinSxS\amd64_microsoft.windows.common-controls_6595b64144ccf1df_6.0.26100.3912_none_3e07963ce335137e\COMCTL32.dll
0x00007fffc9510000 - 0x00007fffc95b9000 	C:\WINDOWS\System32\msvcrt.dll
0x00007fffc7a90000 - 0x00007fffc7abb000 	C:\WINDOWS\System32\GDI32.dll
0x00007fffc6f10000 - 0x00007fffc7042000 	C:\WINDOWS\System32\gdi32full.dll
0x00007fffc6790000 - 0x00007fffc6833000 	C:\WINDOWS\System32\msvcp_win.dll
0x00007fffc8990000 - 0x00007fffc89c0000 	C:\WINDOWS\System32\IMM32.DLL
0x00007fffaf7b0000 - 0x00007fffaf7bc000 	C:\Program Files\Microsoft\jdk-17.0.12.7-hotspot\bin\vcruntime140_1.dll
0x00007fff69de0000 - 0x00007fff69e6d000 	C:\Program Files\Microsoft\jdk-17.0.12.7-hotspot\bin\msvcp140.dll
0x00007fff4fc80000 - 0x00007fff508f0000 	C:\Program Files\Microsoft\jdk-17.0.12.7-hotspot\bin\server\jvm.dll
0x00007fffc80d0000 - 0x00007fffc8182000 	C:\WINDOWS\System32\ADVAPI32.dll
0x00007fffc8a50000 - 0x00007fffc8af6000 	C:\WINDOWS\System32\sechost.dll
0x00007fffc92a0000 - 0x00007fffc93b6000 	C:\WINDOWS\System32\RPCRT4.dll
0x00007fffc7ac0000 - 0x00007fffc7b34000 	C:\WINDOWS\System32\WS2_32.dll
0x00007fffc65e0000 - 0x00007fffc663e000 	C:\WINDOWS\SYSTEM32\POWRPROF.dll
0x00007fffbfaa0000 - 0x00007fffbfaab000 	C:\WINDOWS\SYSTEM32\VERSION.dll
0x00007fffbfa60000 - 0x00007fffbfa96000 	C:\WINDOWS\SYSTEM32\WINMM.dll
0x00007fffc65c0000 - 0x00007fffc65d4000 	C:\WINDOWS\SYSTEM32\UMPDC.dll
0x00007fffc5550000 - 0x00007fffc556a000 	C:\WINDOWS\SYSTEM32\kernel.appcore.dll
0x00007fffae4e0000 - 0x00007fffae4ea000 	C:\Program Files\Microsoft\jdk-17.0.12.7-hotspot\bin\jimage.dll
0x00007fffb9740000 - 0x00007fffb9981000 	C:\WINDOWS\SYSTEM32\DBGHELP.DLL
0x00007fffc7ba0000 - 0x00007fffc7f24000 	C:\WINDOWS\System32\combase.dll
0x00007fffc9000000 - 0x00007fffc90e0000 	C:\WINDOWS\System32\OLEAUT32.dll
0x00007fffa9510000 - 0x00007fffa9549000 	C:\WINDOWS\SYSTEM32\dbgcore.DLL
0x00007fffc7320000 - 0x00007fffc73b9000 	C:\WINDOWS\System32\bcryptPrimitives.dll
0x00007fffa6a40000 - 0x00007fffa6a4e000 	C:\Program Files\Microsoft\jdk-17.0.12.7-hotspot\bin\instrument.dll
0x00007fff8dd50000 - 0x00007fff8dd75000 	C:\Program Files\Microsoft\jdk-17.0.12.7-hotspot\bin\java.dll
0x00007fff620c0000 - 0x00007fff62197000 	C:\Program Files\Microsoft\jdk-17.0.12.7-hotspot\bin\jsvml.dll
0x00007fffc8260000 - 0x00007fffc898d000 	C:\WINDOWS\System32\SHELL32.dll
0x00007fffc6840000 - 0x00007fffc69b4000 	C:\WINDOWS\System32\wintypes.dll
0x00007fffc4400000 - 0x00007fffc4c56000 	C:\WINDOWS\SYSTEM32\windows.storage.dll
0x00007fffc90f0000 - 0x00007fffc91df000 	C:\WINDOWS\System32\SHCORE.dll
0x00007fffc7fe0000 - 0x00007fffc8049000 	C:\WINDOWS\System32\shlwapi.dll
0x00007fffc66a0000 - 0x00007fffc66cf000 	C:\WINDOWS\SYSTEM32\profapi.dll
0x00007fff8bf90000 - 0x00007fff8bfa8000 	C:\Program Files\Microsoft\jdk-17.0.12.7-hotspot\bin\zip.dll
0x00007fff92250000 - 0x00007fff9226a000 	C:\Program Files\Microsoft\jdk-17.0.12.7-hotspot\bin\net.dll
0x00007fffbd5d0000 - 0x00007fffbd6ee000 	C:\WINDOWS\SYSTEM32\WINHTTP.dll
0x00007fffc5ac0000 - 0x00007fffc5b2a000 	C:\WINDOWS\system32\mswsock.dll
0x00007fff8df70000 - 0x00007fff8df86000 	C:\Program Files\Microsoft\jdk-17.0.12.7-hotspot\bin\nio.dll
0x00007fffae480000 - 0x00007fffae490000 	C:\Program Files\Microsoft\jdk-17.0.12.7-hotspot\bin\verify.dll
0x00007fff61f90000 - 0x00007fff61fb7000 	C:\Users\Abutalib\.gradle\native\c067742578af261105cb4f569cf0c3c89f3d7b1fecec35dd04571415982c5e48\windows-amd64\native-platform.dll
0x00007fff613d0000 - 0x00007fff61514000 	C:\Users\Abutalib\.gradle\native\100fb08df4bc3b14c8652ba06237920a3bd2aa13389f12d3474272988ae205f9\windows-amd64\native-platform-file-events.dll
0x00007fffad680000 - 0x00007fffad68a000 	C:\Program Files\Microsoft\jdk-17.0.12.7-hotspot\bin\management.dll
0x00007fffad370000 - 0x00007fffad37b000 	C:\Program Files\Microsoft\jdk-17.0.12.7-hotspot\bin\management_ext.dll
0x00007fffc8ff0000 - 0x00007fffc8ff8000 	C:\WINDOWS\System32\PSAPI.DLL
0x00007fffc5d60000 - 0x00007fffc5d7c000 	C:\WINDOWS\SYSTEM32\CRYPTSP.dll
0x00007fffc54b0000 - 0x00007fffc54ea000 	C:\WINDOWS\system32\rsaenh.dll
0x00007fffc5b60000 - 0x00007fffc5b8b000 	C:\WINDOWS\SYSTEM32\USERENV.dll
0x00007fffc6670000 - 0x00007fffc6696000 	C:\WINDOWS\SYSTEM32\bcrypt.dll
0x00007fffc5d80000 - 0x00007fffc5d8c000 	C:\WINDOWS\SYSTEM32\CRYPTBASE.dll
0x00007fffc4f70000 - 0x00007fffc4fa3000 	C:\WINDOWS\SYSTEM32\IPHLPAPI.DLL
0x00007fffc93d0000 - 0x00007fffc93da000 	C:\WINDOWS\System32\NSI.dll
0x00007fffbda50000 - 0x00007fffbda6f000 	C:\WINDOWS\SYSTEM32\dhcpcsvc6.DLL
0x00007fffbd900000 - 0x00007fffbd925000 	C:\WINDOWS\SYSTEM32\dhcpcsvc.DLL
0x00007fffc4fb0000 - 0x00007fffc50d7000 	C:\WINDOWS\SYSTEM32\DNSAPI.dll
0x00007fffa8a50000 - 0x00007fffa8a59000 	C:\Program Files\Microsoft\jdk-17.0.12.7-hotspot\bin\extnet.dll
0x00007fffa4c30000 - 0x00007fffa4c3e000 	C:\Program Files\Microsoft\jdk-17.0.12.7-hotspot\bin\sunmscapi.dll
0x00007fffc7050000 - 0x00007fffc71c7000 	C:\WINDOWS\System32\CRYPT32.dll
0x00007fffc5f70000 - 0x00007fffc5fa0000 	C:\WINDOWS\SYSTEM32\ncrypt.dll
0x00007fffc5f20000 - 0x00007fffc5f5f000 	C:\WINDOWS\SYSTEM32\NTASN1.dll
0x00007fff99940000 - 0x00007fff99948000 	C:\WINDOWS\system32\wshunix.dll
0x00007fffa6330000 - 0x00007fffa6348000 	C:\WINDOWS\system32\napinsp.dll
0x00007fffa4c40000 - 0x00007fffa4c52000 	C:\WINDOWS\System32\winrnr.dll
0x00007fff9fe30000 - 0x00007fff9fe60000 	C:\WINDOWS\system32\nlansp_c.dll
0x00007fffba9f0000 - 0x00007fffbaa10000 	C:\WINDOWS\system32\wshbth.dll
0x00007fffbb7b0000 - 0x00007fffbb7bb000 	C:\Windows\System32\rasadhlp.dll
0x00007fffbfe50000 - 0x00007fffbfed6000 	C:\WINDOWS\System32\fwpuclnt.dll

dbghelp: loaded successfully - version: 4.0.5 - missing functions: none
symbol engine: initialized successfully - sym options: 0x614 - pdb path: .;C:\Program Files\Microsoft\jdk-17.0.12.7-hotspot\bin;C:\WINDOWS\SYSTEM32;C:\WINDOWS\WinSxS\amd64_microsoft.windows.common-controls_6595b64144ccf1df_6.0.26100.3912_none_3e07963ce335137e;C:\Program Files\Microsoft\jdk-17.0.12.7-hotspot\bin\server;C:\Users\Abutalib\.gradle\native\c067742578af261105cb4f569cf0c3c89f3d7b1fecec35dd04571415982c5e48\windows-amd64;C:\Users\Abutalib\.gradle\native\100fb08df4bc3b14c8652ba06237920a3bd2aa13389f12d3474272988ae205f9\windows-amd64

VM Arguments:
jvm_args: -XX:+HeapDumpOnOutOfMemoryError --add-opens=java.base/java.util=ALL-UNNAMED --add-opens=java.base/java.lang=ALL-UNNAMED --add-opens=java.base/java.lang.invoke=ALL-UNNAMED --add-opens=java.prefs/java.util.prefs=ALL-UNNAMED --add-exports=jdk.compiler/com.sun.tools.javac.api=ALL-UNNAMED --add-exports=jdk.compiler/com.sun.tools.javac.util=ALL-UNNAMED --add-opens=java.base/java.nio.charset=ALL-UNNAMED --add-opens=java.base/java.net=ALL-UNNAMED --add-opens=java.base/java.util.concurrent.atomic=ALL-UNNAMED -Xmx2048m -Dfile.encoding=UTF-8 -Duser.country=IN -Duser.language=en -Duser.variant -javaagent:C:\Users\Abutalib\.gradle\wrapper\dists\gradle-8.10.2-all\7iv73wktx1xtkvlq19urqw1wm\gradle-8.10.2\lib\agents\gradle-instrumentation-agent-8.10.2.jar 
java_command: org.gradle.launcher.daemon.bootstrap.GradleDaemon 8.10.2
java_class_path (initial): C:\Users\Abutalib\.gradle\wrapper\dists\gradle-8.10.2-all\7iv73wktx1xtkvlq19urqw1wm\gradle-8.10.2\lib\gradle-daemon-main-8.10.2.jar
Launcher Type: SUN_STANDARD

[Global flags]
     intx CICompilerCount                          = 4                                         {product} {ergonomic}
     uint ConcGCThreads                            = 2                                         {product} {ergonomic}
     uint G1ConcRefinementThreads                  = 8                                         {product} {ergonomic}
   size_t G1HeapRegionSize                         = 1048576                                   {product} {ergonomic}
    uintx GCDrainStackTargetSize                   = 64                                        {product} {ergonomic}
     bool HeapDumpOnOutOfMemoryError               = true                                   {manageable} {command line}
   size_t InitialHeapSize                          = 123731968                                 {product} {ergonomic}
   size_t MarkStackSize                            = 4194304                                   {product} {ergonomic}
   size_t MaxHeapSize                              = 2147483648                                {product} {command line}
   size_t MaxNewSize                               = 1287651328                                {product} {ergonomic}
   size_t MinHeapDeltaBytes                        = 1048576                                   {product} {ergonomic}
   size_t MinHeapSize                              = 8388608                                   {product} {ergonomic}
    uintx NonNMethodCodeHeapSize                   = 5839372                                {pd product} {ergonomic}
    uintx NonProfiledCodeHeapSize                  = 122909434                              {pd product} {ergonomic}
    uintx ProfiledCodeHeapSize                     = 122909434                              {pd product} {ergonomic}
    uintx ReservedCodeCacheSize                    = 251658240                              {pd product} {ergonomic}
     bool SegmentedCodeCache                       = true                                      {product} {ergonomic}
   size_t SoftMaxHeapSize                          = 2147483648                             {manageable} {ergonomic}
     bool UseCompressedClassPointers               = true                           {product lp64_product} {ergonomic}
     bool UseCompressedOops                        = true                           {product lp64_product} {ergonomic}
     bool UseG1GC                                  = true                                      {product} {ergonomic}
     bool UseLargePagesIndividualAllocation        = false                                  {pd product} {ergonomic}

Logging:
Log output configuration:
 #0: stdout all=warning uptime,level,tags
 #1: stderr all=off uptime,level,tags

Environment Variables:
JAVA_HOME=C:\Program Files\Microsoft\jdk-17.0.12.7-hotspot
CLASSPATH=C:\NexgenLMS\NexGenMobile\android\\gradle\wrapper\gradle-wrapper.jar
PATH=C:\NexgenLMS\NexGenMobile\node_modules\.bin;C:\NexgenLMS\NexGenMobile\node_modules\.bin;C:\NexgenLMS\node_modules\.bin;C:\node_modules\.bin;C:\Users\Abutalib\AppData\Roaming\npm\node_modules\npm\node_modules\@npmcli\run-script\lib\node-gyp-bin;C:\Program Files\Microsoft\jdk-17.0.12.7-hotspot\bin;C:\Users\Abutalib\AppData\Local\Programs\Python\Python311\Scripts\;C:\Users\Abutalib\AppData\Local\Programs\Python\Python311\;C:\Ruby32-x64\bin;C:\Program Files\Common Files\Oracle\Java\javapath;C:\Users\Abutalib\AppData\Local\Programs\Python\Python311;c:\users\abutalib\appdata\local\programs\python\python311\lib\site-packages\pip\__init__.py;C:\WINDOWS\system32;C:\WINDOWS;C:\WINDOWS\System32\OpenSSH\;C:\WINDOWS\System32\Wbem;C:\WINDOWS\System32\WindowsPowerShell\v1.0\;C:\Program Files (x86)\Yarn\bin\;C:\Program Files\Git\cmd;C:\ProgramData\chocolatey\bin;C:\php;C:\ProgramData\ComposerSetup\bin;C:\Program Files\Amazon\AWSCLIV2\;C:\Users\Abutalib\AppData\Local\nvm;C:\nvm4w\nodejs;C:\Program Files\nodejs\;;C:\Users\Abutalib\AppData\Local\Microsoft\WindowsApps;C:\Users\Abutalib\AppData\Local\Android\Sdk\emulator;C:\Users\Abutalib\AppData\Local\Android\Sdk\platform-tools;C:\Users\Abutalib\AppData\Local\Android\Sdk\cmdline-tools\13.0\bin;C:\java programs\Microsoft VS Code\bin;C:\Users\Abutalib\PyCharm Community Edition 2022.3\bin;;C:\MinGW\bin;C:\MinGW\bin\gcc.exe;C:\Users\Abutalib\AppData\Local\Yarn\bin;C:\Program Files\Microsoft\jdk-17.0.12.7-hotspot\bin;C:\Users\Abutalib\AppData\Local\Microsoft\WinGet\Packages\Schniz.fnm_Microsoft.Winget.Source_8wekyb3d8bbwe;C:\Users\Abutalib\AppData\Local\Android\Sdk\system-images\android-34-ext12\google_apis_playstore\x86_64;C:\Users\Abutalib\AppData\Local\nvm;C:\nvm4w\nodejs;C:\Users\Abutalib\AppData\Roaming\npm
USERNAME=Abutalib
OS=Windows_NT
PROCESSOR_IDENTIFIER=AMD64 Family 23 Model 104 Stepping 1, AuthenticAMD
TMP=C:\Users\Abutalib\AppData\Local\Temp
TEMP=C:\Users\Abutalib\AppData\Local\Temp



Periodic native trim disabled


---------------  S Y S T E M  ---------------

OS:
 Windows 11 , 64 bit Build 26100 (10.0.26100.3912)
OS uptime: 1 days 2:23 hours
Hyper-V role detected

CPU: total 8 (initial active 8) (8 cores per cpu, 2 threads per core) family 23 model 104 stepping 1 microcode 0x8608107, cx8, cmov, fxsr, ht, mmx, 3dnowpref, sse, sse2, sse3, ssse3, sse4a, sse4.1, sse4.2, popcnt, lzcnt, tsc, tscinvbit, avx, avx2, aes, clmul, bmi1, bmi2, adx, sha, fma, vzeroupper, clflush, clflushopt, hv
Processor Information for the first 8 processors :
  Max Mhz: 2600, Current Mhz: 2600, Mhz Limit: 2600

Memory: 4k page, system-wide physical 7502M (323M free)
TotalPageFile size 30030M (AvailPageFile size 78M)
current process WorkingSet (physical memory assigned to process): 936M, peak: 1052M
current process commit charge ("private bytes"): 1373M, peak: 1637M

vm_info: OpenJDK 64-Bit Server VM (17.0.12+7-LTS) for windows-amd64 JRE (17.0.12+7-LTS), built on Jul 16 2024 18:11:44 by "MicrosoftCorporation" with unknown MS VC++:1939

END.
