#
# There is insufficient memory for the Java Runtime Environment to continue.
# Native memory allocation (malloc) failed to allocate 1616224 bytes. Error detail: Chunk::new
# Possible reasons:
#   The system is out of physical RAM or swap space
#   This process is running with CompressedOops enabled, and the Java Heap may be blocking the growth of the native heap
# Possible solutions:
#   Reduce memory load on the system
#   Increase physical memory or swap space
#   Check if swap backing store is full
#   Decrease Java heap size (-Xmx/-Xms)
#   Decrease number of Java threads
#   Decrease Java thread stack sizes (-Xss)
#   Set larger code cache with -XX:ReservedCodeCacheSize=
#   JVM is running with Unscaled Compressed Oops mode in which the Java heap is
#     placed in the first 4GB address space. The Java Heap base address is the
#     maximum limit for the native heap growth. Please use -XX:HeapBaseMinAddress
#     to set the Java Heap base and to place the Java Heap above 4GB virtual address.
# This output file may be truncated or incomplete.
#
#  Out of Memory Error (arena.cpp:191), pid=4888, tid=21648
#
# JRE version: OpenJDK Runtime Environment Microsoft-9889599 (17.0.12+7) (build 17.0.12+7-LTS)
# Java VM: OpenJDK 64-Bit Server VM Microsoft-9889599 (17.0.12+7-LTS, mixed mode, sharing, tiered, compressed oops, compressed class ptrs, g1 gc, windows-amd64)
# No core dump will be written. Minidumps are not enabled by default on client versions of Windows
#

---------------  S U M M A R Y ------------

Command Line: -XX:MaxMetaspaceSize=512m --add-opens=java.base/java.util=ALL-UNNAMED --add-opens=java.base/java.lang=ALL-UNNAMED --add-opens=java.base/java.lang.invoke=ALL-UNNAMED --add-opens=java.prefs/java.util.prefs=ALL-UNNAMED --add-exports=jdk.compiler/com.sun.tools.javac.api=ALL-UNNAMED --add-exports=jdk.compiler/com.sun.tools.javac.util=ALL-UNNAMED --add-opens=java.base/java.nio.charset=ALL-UNNAMED --add-opens=java.base/java.net=ALL-UNNAMED --add-opens=java.base/java.util.concurrent.atomic=ALL-UNNAMED -Xmx2048m -Dfile.encoding=windows-1252 -Duser.country=IN -Duser.language=en -Duser.variant -javaagent:C:\Users\Abutalib\.gradle\wrapper\dists\gradle-8.10.2-all\7iv73wktx1xtkvlq19urqw1wm\gradle-8.10.2\lib\agents\gradle-instrumentation-agent-8.10.2.jar org.gradle.launcher.daemon.bootstrap.GradleDaemon 8.10.2

Host: AMD Ryzen 3 5300U with Radeon Graphics         , 8 cores, 7G,  Windows 11 , 64 bit Build 26100 (10.0.26100.3775)
Time: Sat Apr 19 17:43:22 2025 India Standard Time elapsed time: 139.253834 seconds (0d 0h 2m 19s)

---------------  T H R E A D  ---------------

Current thread (0x000001343d714730):  JavaThread "C2 CompilerThread0" daemon [_thread_in_native, id=21648, stack(0x00000010ea400000,0x00000010ea500000)]


Current CompileTask:
C2: 139253 17783       4       javax.management.ObjectName::construct (1135 bytes)

Stack: [0x00000010ea400000,0x00000010ea500000]
Native frames: (J=compiled Java code, j=interpreted, Vv=VM code, C=native code)
V  [jvm.dll+0x686d99]
V  [jvm.dll+0x83daf8]
V  [jvm.dll+0x83f5a3]
V  [jvm.dll+0x83fc13]
V  [jvm.dll+0x2492ef]
V  [jvm.dll+0xad0a4]
V  [jvm.dll+0xad73c]
V  [jvm.dll+0x36a44e]
V  [jvm.dll+0x1bce12]
V  [jvm.dll+0x21a6ac]
V  [jvm.dll+0x21996f]
V  [jvm.dll+0x1a53e6]
V  [jvm.dll+0x229faa]
V  [jvm.dll+0x2280fb]
V  [jvm.dll+0x7f3508]
V  [jvm.dll+0x7ed87c]
V  [jvm.dll+0x685c77]
C  [ucrtbase.dll+0x37b0]
C  [KERNEL32.DLL+0x2e8d7]
C  [ntdll.dll+0xb14fc]


---------------  P R O C E S S  ---------------

Threads class SMR info:
_java_thread_list=0x000001346c537370, length=145, elements={
0x000001341f299210, 0x000001343d6ef5d0, 0x000001343d6f13b0, 0x000001343d70b090,
0x000001343d711980, 0x000001343d712250, 0x000001343d712b20, 0x000001343d714730,
0x000001343d717290, 0x000001343d717ba0, 0x000001343d6d89c0, 0x000001343d8def90,
0x000001345e819b40, 0x000001345e812840, 0x000001343da76880, 0x000001345d154d40,
0x000001345db07ed0, 0x000001345db06a90, 0x000001345db083e0, 0x000001345db079c0,
0x000001345db09310, 0x000001345db06070, 0x000001345db09820, 0x000001345db088f0,
0x000001345db08e00, 0x000001345db06580, 0x000001345db06fa0, 0x000001345db074b0,
0x00000134604d9610, 0x00000134604da030, 0x00000134604d86e0, 0x00000134604daf60,
0x00000134604db980, 0x00000134604dbe90, 0x00000134604daa50, 0x00000134604d9100,
0x00000134604d9b20, 0x00000134604da540, 0x000001345f92e5c0, 0x000001345f92ead0,
0x000001345f92c760, 0x000001345f92cc70, 0x000001345f92bd40, 0x000001345f92dba0,
0x000001345f92b830, 0x000001345f92d180, 0x000001345f92d690, 0x000001345f92fa00,
0x000001345f92e0b0, 0x000001345f92efe0, 0x000001345f92c250, 0x000001345f92ff10,
0x000001345f932790, 0x000001345f932ca0, 0x000001345f92f4f0, 0x000001345f930930,
0x000001345f930420, 0x000001345f930e40, 0x000001345f931350, 0x000001345f931860,
0x000001345f931d70, 0x000001345f932280, 0x0000013460ec28f0, 0x0000013460ec2e00,
0x0000013460ec23e0, 0x0000013460ec3d30, 0x0000013460ec4240, 0x0000013460ec5170,
0x0000013460ec19c0, 0x0000013460ec1ed0, 0x000001345f1e6de0, 0x000001345f1e72f0,
0x000001345f1e4a70, 0x000001345f1e7d10, 0x000001345f1e8730, 0x000001345f1e8c40,
0x000001345f1e5490, 0x000001345f1e9150, 0x000001345f1e59a0, 0x000001345f1e9660,
0x000001345f1e5eb0, 0x000001345f1e68d0, 0x000001345f1e63c0, 0x000001345f1eaaa0,
0x000001345f1ea080, 0x000001345f1ea590, 0x000001345f1eafb0, 0x000001345f1eb4c0,
0x000001345f1eb9d0, 0x000001345f1ebee0, 0x000001345f1ec3f0, 0x0000013461e325d0,
0x0000013461e33a10, 0x0000013461e33f20, 0x0000013461e32ae0, 0x0000013461e32ff0,
0x0000013461e34430, 0x0000013461e30c80, 0x0000013461e34940, 0x0000013461e31190,
0x0000013461e34e50, 0x0000013461e316a0, 0x0000013461e320c0, 0x0000013461e35360,
0x0000013461e31bb0, 0x0000013461e35870, 0x0000013461e35d80, 0x0000013461e36290,
0x0000013461e33500, 0x0000013461e36cb0, 0x0000013461e371c0, 0x0000013461e376d0,
0x0000013461e37be0, 0x0000013461e380f0, 0x0000013461e38600, 0x00000134610cb8b0,
0x00000134610ca470, 0x00000134610c9540, 0x00000134610c9030, 0x00000134610c9a50,
0x00000134610cae90, 0x00000134610c9f60, 0x00000134610ca980, 0x00000134610cb3a0,
0x00000134610c8100, 0x00000134610cbdc0, 0x00000134610c8b20, 0x00000134610cf570,
0x00000134610cc7e0, 0x00000134610ceb50, 0x00000134610cf060, 0x00000134610cccf0,
0x00000134610ce640, 0x00000134610cc2d0, 0x00000134610cd200, 0x00000134610cd710,
0x0000013461e367a0, 0x000001346065ecc0, 0x000001346065d370, 0x000001346065f1d0,
0x0000013460660100, 0x00000134606638b0, 0x0000013460660610, 0x0000013460664cf0,
0x000001345f92b320
}

Java Threads: ( => current thread )
  0x000001341f299210 JavaThread "main" [_thread_blocked, id=14652, stack(0x00000010e9700000,0x00000010e9800000)]
  0x000001343d6ef5d0 JavaThread "Reference Handler" daemon [_thread_blocked, id=21152, stack(0x00000010e9e00000,0x00000010e9f00000)]
  0x000001343d6f13b0 JavaThread "Finalizer" daemon [_thread_blocked, id=17400, stack(0x00000010e9f00000,0x00000010ea000000)]
  0x000001343d70b090 JavaThread "Signal Dispatcher" daemon [_thread_blocked, id=9704, stack(0x00000010ea000000,0x00000010ea100000)]
  0x000001343d711980 JavaThread "Attach Listener" daemon [_thread_blocked, id=19308, stack(0x00000010ea100000,0x00000010ea200000)]
  0x000001343d712250 JavaThread "Service Thread" daemon [_thread_blocked, id=7916, stack(0x00000010ea200000,0x00000010ea300000)]
  0x000001343d712b20 JavaThread "Monitor Deflation Thread" daemon [_thread_blocked, id=20044, stack(0x00000010ea300000,0x00000010ea400000)]
=>0x000001343d714730 JavaThread "C2 CompilerThread0" daemon [_thread_in_native, id=21648, stack(0x00000010ea400000,0x00000010ea500000)]
  0x000001343d717290 JavaThread "C1 CompilerThread0" daemon [_thread_blocked, id=520, stack(0x00000010ea500000,0x00000010ea600000)]
  0x000001343d717ba0 JavaThread "Sweeper thread" daemon [_thread_blocked, id=20048, stack(0x00000010ea600000,0x00000010ea700000)]
  0x000001343d6d89c0 JavaThread "Common-Cleaner" daemon [_thread_blocked, id=17248, stack(0x00000010ea700000,0x00000010ea800000)]
  0x000001343d8def90 JavaThread "Notification Thread" daemon [_thread_blocked, id=19744, stack(0x00000010ea800000,0x00000010ea900000)]
  0x000001345e819b40 JavaThread "Daemon health stats" [_thread_blocked, id=19776, stack(0x00000010eaa00000,0x00000010eab00000)]
  0x000001345e812840 JavaThread "Incoming local TCP Connector on port 53379" [_thread_in_native, id=19668, stack(0x00000010eaf00000,0x00000010eb000000)]
  0x000001343da76880 JavaThread "Daemon periodic checks" [_thread_blocked, id=11016, stack(0x00000010eb000000,0x00000010eb100000)]
  0x000001345d154d40 JavaThread "Daemon" [_thread_blocked, id=21292, stack(0x00000010eb100000,0x00000010eb200000)]
  0x000001345db07ed0 JavaThread "Handler for socket connection from /127.0.0.1:53379 to /127.0.0.1:53380" [_thread_in_native, id=7816, stack(0x00000010eb200000,0x00000010eb300000)]
  0x000001345db06a90 JavaThread "Cancel handler" [_thread_blocked, id=812, stack(0x00000010eb300000,0x00000010eb400000)]
  0x000001345db083e0 JavaThread "Daemon worker" [_thread_blocked, id=22408, stack(0x00000010eb400000,0x00000010eb500000)]
  0x000001345db079c0 JavaThread "Asynchronous log dispatcher for DefaultDaemonConnection: socket connection from /127.0.0.1:53379 to /127.0.0.1:53380" [_thread_blocked, id=18968, stack(0x00000010eb500000,0x00000010eb600000)]
  0x000001345db09310 JavaThread "Stdin handler" [_thread_blocked, id=21424, stack(0x00000010eb600000,0x00000010eb700000)]
  0x000001345db06070 JavaThread "Daemon client event forwarder" [_thread_blocked, id=21056, stack(0x00000010eb700000,0x00000010eb800000)]
  0x000001345db09820 JavaThread "Cache worker for journal cache (C:\Users\Abutalib\.gradle\caches\journal-1)" [_thread_blocked, id=16468, stack(0x00000010eb800000,0x00000010eb900000)]
  0x000001345db088f0 JavaThread "File lock request listener" [_thread_in_native, id=21612, stack(0x00000010eb900000,0x00000010eba00000)]
  0x000001345db08e00 JavaThread "Cache worker for file hash cache (C:\Users\Abutalib\.gradle\caches\8.10.2\fileHashes)" [_thread_blocked, id=4952, stack(0x00000010eba00000,0x00000010ebb00000)]
  0x000001345db06580 JavaThread "File lock release action executor" [_thread_blocked, id=13620, stack(0x00000010ebf00000,0x00000010ec000000)]
  0x000001345db06fa0 JavaThread "Cache worker for file hash cache (C:\NexgenLMS\NexGenMobile\android\.gradle\8.10.2\fileHashes)" [_thread_blocked, id=20164, stack(0x00000010ec000000,0x00000010ec100000)]
  0x000001345db074b0 JavaThread "Cache worker for Build Output Cleanup Cache (C:\NexgenLMS\NexGenMobile\android\.gradle\buildOutputCleanup)" [_thread_blocked, id=20668, stack(0x00000010ebb00000,0x00000010ebc00000)]
  0x00000134604d9610 JavaThread "File watcher server" daemon [_thread_in_native, id=17816, stack(0x00000010ec200000,0x00000010ec300000)]
  0x00000134604da030 JavaThread "File watcher consumer" daemon [_thread_blocked, id=18568, stack(0x00000010ec300000,0x00000010ec400000)]
  0x00000134604d86e0 JavaThread "Cache worker for checksums cache (C:\NexgenLMS\NexGenMobile\android\.gradle\8.10.2\checksums)" [_thread_blocked, id=9828, stack(0x00000010ec400000,0x00000010ec500000)]
  0x00000134604daf60 JavaThread "Cache worker for file content cache (C:\Users\Abutalib\.gradle\caches\8.10.2\fileContent)" [_thread_blocked, id=15700, stack(0x00000010ec500000,0x00000010ec600000)]
  0x00000134604db980 JavaThread "Cache worker for cache directory md-rule (C:\Users\Abutalib\.gradle\caches\8.10.2\md-rule)" [_thread_blocked, id=9360, stack(0x00000010ec700000,0x00000010ec800000)]
  0x00000134604dbe90 JavaThread "Cache worker for cache directory md-supplier (C:\Users\Abutalib\.gradle\caches\8.10.2\md-supplier)" [_thread_blocked, id=17736, stack(0x00000010ec800000,0x00000010ec900000)]
  0x00000134604daa50 JavaThread "jar transforms" [_thread_blocked, id=21172, stack(0x00000010ecb00000,0x00000010ecc00000)]
  0x00000134604d9100 JavaThread "Cache worker for Build Output Cleanup Cache (C:\NexgenLMS\NexGenMobile\node_modules\@react-native\gradle-plugin\.gradle\buildOutputCleanup)" [_thread_blocked, id=16096, stack(0x00000010ec900000,0x00000010eca00000)]
  0x00000134604d9b20 JavaThread "Unconstrained build operations" [_thread_blocked, id=4968, stack(0x00000010ec600000,0x00000010ec700000)]
  0x00000134604da540 JavaThread "Unconstrained build operations Thread 2" [_thread_blocked, id=10004, stack(0x00000010ecc00000,0x00000010ecd00000)]
  0x000001345f92e5c0 JavaThread "Unconstrained build operations Thread 3" [_thread_blocked, id=19768, stack(0x00000010ecd00000,0x00000010ece00000)]
  0x000001345f92ead0 JavaThread "Unconstrained build operations Thread 4" [_thread_blocked, id=15188, stack(0x00000010ece00000,0x00000010ecf00000)]
  0x000001345f92c760 JavaThread "Unconstrained build operations Thread 5" [_thread_blocked, id=18540, stack(0x00000010ed000000,0x00000010ed100000)]
  0x000001345f92cc70 JavaThread "Unconstrained build operations Thread 6" [_thread_blocked, id=9856, stack(0x00000010ed100000,0x00000010ed200000)]
  0x000001345f92bd40 JavaThread "Unconstrained build operations Thread 7" [_thread_blocked, id=13788, stack(0x00000010ecf00000,0x00000010ed000000)]
  0x000001345f92dba0 JavaThread "Unconstrained build operations Thread 8" [_thread_blocked, id=19880, stack(0x00000010ed200000,0x00000010ed300000)]
  0x000001345f92b830 JavaThread "Unconstrained build operations Thread 9" [_thread_blocked, id=5440, stack(0x00000010ed300000,0x00000010ed400000)]
  0x000001345f92d180 JavaThread "Unconstrained build operations Thread 10" [_thread_blocked, id=10812, stack(0x00000010ed400000,0x00000010ed500000)]
  0x000001345f92d690 JavaThread "Unconstrained build operations Thread 11" [_thread_blocked, id=11160, stack(0x00000010ed500000,0x00000010ed600000)]
  0x000001345f92fa00 JavaThread "Unconstrained build operations Thread 12" [_thread_blocked, id=15828, stack(0x00000010ed600000,0x00000010ed700000)]
  0x000001345f92e0b0 JavaThread "Unconstrained build operations Thread 13" [_thread_blocked, id=20080, stack(0x00000010ed700000,0x00000010ed800000)]
  0x000001345f92efe0 JavaThread "Unconstrained build operations Thread 14" [_thread_blocked, id=6896, stack(0x00000010ed800000,0x00000010ed900000)]
  0x000001345f92c250 JavaThread "Unconstrained build operations Thread 15" [_thread_blocked, id=2472, stack(0x00000010ed900000,0x00000010eda00000)]
  0x000001345f92ff10 JavaThread "Unconstrained build operations Thread 16" [_thread_blocked, id=21068, stack(0x00000010eda00000,0x00000010edb00000)]
  0x000001345f932790 JavaThread "Unconstrained build operations Thread 17" [_thread_blocked, id=1548, stack(0x00000010edb00000,0x00000010edc00000)]
  0x000001345f932ca0 JavaThread "Unconstrained build operations Thread 18" [_thread_blocked, id=14080, stack(0x00000010edc00000,0x00000010edd00000)]
  0x000001345f92f4f0 JavaThread "Unconstrained build operations Thread 19" [_thread_blocked, id=8872, stack(0x00000010edd00000,0x00000010ede00000)]
  0x000001345f930930 JavaThread "Unconstrained build operations Thread 20" [_thread_blocked, id=16068, stack(0x00000010ede00000,0x00000010edf00000)]
  0x000001345f930420 JavaThread "Unconstrained build operations Thread 21" [_thread_blocked, id=14872, stack(0x00000010ee000000,0x00000010ee100000)]
  0x000001345f930e40 JavaThread "Unconstrained build operations Thread 22" [_thread_blocked, id=5152, stack(0x00000010ee100000,0x00000010ee200000)]
  0x000001345f931350 JavaThread "Unconstrained build operations Thread 23" [_thread_blocked, id=21796, stack(0x00000010ee200000,0x00000010ee300000)]
  0x000001345f931860 JavaThread "Unconstrained build operations Thread 24" [_thread_blocked, id=1364, stack(0x00000010ee300000,0x00000010ee400000)]
  0x000001345f931d70 JavaThread "Unconstrained build operations Thread 25" [_thread_blocked, id=20428, stack(0x00000010ee400000,0x00000010ee500000)]
  0x000001345f932280 JavaThread "Unconstrained build operations Thread 26" [_thread_blocked, id=21804, stack(0x00000010ee500000,0x00000010ee600000)]
  0x0000013460ec28f0 JavaThread "Unconstrained build operations Thread 27" [_thread_blocked, id=2060, stack(0x00000010ee600000,0x00000010ee700000)]
  0x0000013460ec2e00 JavaThread "Memory manager" [_thread_blocked, id=5524, stack(0x00000010ee700000,0x00000010ee800000)]
  0x0000013460ec23e0 JavaThread "build event listener" [_thread_blocked, id=16732, stack(0x00000010ee800000,0x00000010ee900000)]
  0x0000013460ec3d30 JavaThread "ForkJoinPool.commonPool-worker-1" daemon [_thread_blocked, id=15760, stack(0x00000010eea00000,0x00000010eeb00000)]
  0x0000013460ec4240 JavaThread "ForkJoinPool.commonPool-worker-2" daemon [_thread_blocked, id=15432, stack(0x00000010eeb00000,0x00000010eec00000)]
  0x0000013460ec5170 JavaThread "ForkJoinPool.commonPool-worker-3" daemon [_thread_blocked, id=848, stack(0x00000010eec00000,0x00000010eed00000)]
  0x0000013460ec19c0 JavaThread "ForkJoinPool.commonPool-worker-4" daemon [_thread_blocked, id=6628, stack(0x00000010eed00000,0x00000010eee00000)]
  0x0000013460ec1ed0 JavaThread "ForkJoinPool.commonPool-worker-5" daemon [_thread_blocked, id=22456, stack(0x00000010eee00000,0x00000010eef00000)]
  0x000001345f1e6de0 JavaThread "ForkJoinPool.commonPool-worker-6" daemon [_thread_blocked, id=19580, stack(0x00000010eef00000,0x00000010ef000000)]
  0x000001345f1e72f0 JavaThread "ForkJoinPool.commonPool-worker-7" daemon [_thread_blocked, id=8592, stack(0x00000010ef000000,0x00000010ef100000)]
  0x000001345f1e4a70 JavaThread "included builds" [_thread_in_native, id=2760, stack(0x00000010ef500000,0x00000010ef600000)]
  0x000001345f1e7d10 JavaThread "Execution worker" [_thread_blocked, id=9636, stack(0x00000010ef600000,0x00000010ef700000)]
  0x000001345f1e8730 JavaThread "Execution worker Thread 2" [_thread_blocked, id=3784, stack(0x00000010ef700000,0x00000010ef800000)]
  0x000001345f1e8c40 JavaThread "Execution worker Thread 3" [_thread_blocked, id=12912, stack(0x00000010ef800000,0x00000010ef900000)]
  0x000001345f1e5490 JavaThread "Execution worker Thread 4" [_thread_blocked, id=21228, stack(0x00000010ef900000,0x00000010efa00000)]
  0x000001345f1e9150 JavaThread "Execution worker Thread 5" [_thread_blocked, id=5608, stack(0x00000010efa00000,0x00000010efb00000)]
  0x000001345f1e59a0 JavaThread "Execution worker Thread 6" [_thread_blocked, id=15148, stack(0x00000010efb00000,0x00000010efc00000)]
  0x000001345f1e9660 JavaThread "Execution worker Thread 7" [_thread_blocked, id=21660, stack(0x00000010efc00000,0x00000010efd00000)]
  0x000001345f1e5eb0 JavaThread "Cache worker for execution history cache (C:\NexgenLMS\NexGenMobile\node_modules\@react-native\gradle-plugin\.gradle\8.10.2\executionHistory)" [_thread_blocked, id=22324, stack(0x00000010efd00000,0x00000010efe00000)]
  0x000001345f1e68d0 JavaThread "Unconstrained build operations Thread 28" [_thread_blocked, id=21428, stack(0x00000010efe00000,0x00000010eff00000)]
  0x000001345f1e63c0 JavaThread "Unconstrained build operations Thread 29" [_thread_blocked, id=11792, stack(0x00000010eff00000,0x00000010f0000000)]
  0x000001345f1eaaa0 JavaThread "Unconstrained build operations Thread 30" [_thread_blocked, id=19208, stack(0x00000010f0000000,0x00000010f0100000)]
  0x000001345f1ea080 JavaThread "Unconstrained build operations Thread 31" [_thread_blocked, id=21284, stack(0x00000010f0100000,0x00000010f0200000)]
  0x000001345f1ea590 JavaThread "Unconstrained build operations Thread 32" [_thread_blocked, id=18764, stack(0x00000010f0200000,0x00000010f0300000)]
  0x000001345f1eafb0 JavaThread "Unconstrained build operations Thread 33" [_thread_blocked, id=14904, stack(0x00000010f0300000,0x00000010f0400000)]
  0x000001345f1eb4c0 JavaThread "Unconstrained build operations Thread 34" [_thread_blocked, id=7212, stack(0x00000010f0400000,0x00000010f0500000)]
  0x000001345f1eb9d0 JavaThread "Unconstrained build operations Thread 35" [_thread_blocked, id=10376, stack(0x00000010f0500000,0x00000010f0600000)]
  0x000001345f1ebee0 JavaThread "Unconstrained build operations Thread 36" [_thread_blocked, id=6964, stack(0x00000010f0600000,0x00000010f0700000)]
  0x000001345f1ec3f0 JavaThread "Unconstrained build operations Thread 37" [_thread_blocked, id=11504, stack(0x00000010f0700000,0x00000010f0800000)]
  0x0000013461e325d0 JavaThread "Unconstrained build operations Thread 38" [_thread_blocked, id=22208, stack(0x00000010f0800000,0x00000010f0900000)]
  0x0000013461e33a10 JavaThread "Unconstrained build operations Thread 39" [_thread_blocked, id=13044, stack(0x00000010f0900000,0x00000010f0a00000)]
  0x0000013461e33f20 JavaThread "Unconstrained build operations Thread 40" [_thread_blocked, id=6800, stack(0x00000010f0a00000,0x00000010f0b00000)]
  0x0000013461e32ae0 JavaThread "Unconstrained build operations Thread 41" [_thread_blocked, id=7932, stack(0x00000010f0b00000,0x00000010f0c00000)]
  0x0000013461e32ff0 JavaThread "Unconstrained build operations Thread 42" [_thread_blocked, id=4084, stack(0x00000010f0c00000,0x00000010f0d00000)]
  0x0000013461e34430 JavaThread "Unconstrained build operations Thread 43" [_thread_blocked, id=15172, stack(0x00000010f0d00000,0x00000010f0e00000)]
  0x0000013461e30c80 JavaThread "Unconstrained build operations Thread 44" [_thread_blocked, id=19156, stack(0x00000010edf00000,0x00000010ee000000)]
  0x0000013461e34940 JavaThread "Unconstrained build operations Thread 45" [_thread_blocked, id=11020, stack(0x00000010f0e00000,0x00000010f0f00000)]
  0x0000013461e31190 JavaThread "Unconstrained build operations Thread 46" [_thread_blocked, id=16140, stack(0x00000010f0f00000,0x00000010f1000000)]
  0x0000013461e34e50 JavaThread "Unconstrained build operations Thread 47" [_thread_blocked, id=21788, stack(0x00000010f1000000,0x00000010f1100000)]
  0x0000013461e316a0 JavaThread "Unconstrained build operations Thread 48" [_thread_blocked, id=944, stack(0x00000010f1100000,0x00000010f1200000)]
  0x0000013461e320c0 JavaThread "Unconstrained build operations Thread 49" [_thread_blocked, id=10284, stack(0x00000010f1200000,0x00000010f1300000)]
  0x0000013461e35360 JavaThread "Unconstrained build operations Thread 50" [_thread_blocked, id=21348, stack(0x00000010f1300000,0x00000010f1400000)]
  0x0000013461e31bb0 JavaThread "Unconstrained build operations Thread 51" [_thread_blocked, id=16740, stack(0x00000010f1400000,0x00000010f1500000)]
  0x0000013461e35870 JavaThread "Unconstrained build operations Thread 52" [_thread_blocked, id=22252, stack(0x00000010f1600000,0x00000010f1700000)]
  0x0000013461e35d80 JavaThread "Unconstrained build operations Thread 53" [_thread_blocked, id=14980, stack(0x00000010f1700000,0x00000010f1800000)]
  0x0000013461e36290 JavaThread "Unconstrained build operations Thread 54" [_thread_blocked, id=20788, stack(0x00000010f1800000,0x00000010f1900000)]
  0x0000013461e33500 JavaThread "Unconstrained build operations Thread 55" [_thread_blocked, id=12672, stack(0x00000010f1900000,0x00000010f1a00000)]
  0x0000013461e36cb0 JavaThread "Unconstrained build operations Thread 56" [_thread_blocked, id=10448, stack(0x00000010f1a00000,0x00000010f1b00000)]
  0x0000013461e371c0 JavaThread "Unconstrained build operations Thread 57" [_thread_blocked, id=22500, stack(0x00000010f1b00000,0x00000010f1c00000)]
  0x0000013461e376d0 JavaThread "Unconstrained build operations Thread 58" [_thread_blocked, id=7640, stack(0x00000010f1c00000,0x00000010f1d00000)]
  0x0000013461e37be0 JavaThread "Unconstrained build operations Thread 59" [_thread_blocked, id=15852, stack(0x00000010f1d00000,0x00000010f1e00000)]
  0x0000013461e380f0 JavaThread "Unconstrained build operations Thread 60" [_thread_blocked, id=7576, stack(0x00000010f1e00000,0x00000010f1f00000)]
  0x0000013461e38600 JavaThread "Unconstrained build operations Thread 61" [_thread_blocked, id=17848, stack(0x00000010f1f00000,0x00000010f2000000)]
  0x00000134610cb8b0 JavaThread "Unconstrained build operations Thread 62" [_thread_blocked, id=20796, stack(0x00000010f2000000,0x00000010f2100000)]
  0x00000134610ca470 JavaThread "Unconstrained build operations Thread 63" [_thread_blocked, id=21252, stack(0x00000010f2100000,0x00000010f2200000)]
  0x00000134610c9540 JavaThread "Unconstrained build operations Thread 64" [_thread_blocked, id=13520, stack(0x00000010f2200000,0x00000010f2300000)]
  0x00000134610c9030 JavaThread "Unconstrained build operations Thread 65" [_thread_blocked, id=21824, stack(0x00000010f2300000,0x00000010f2400000)]
  0x00000134610c9a50 JavaThread "Unconstrained build operations Thread 66" [_thread_blocked, id=21704, stack(0x00000010f2400000,0x00000010f2500000)]
  0x00000134610cae90 JavaThread "Unconstrained build operations Thread 67" [_thread_blocked, id=21020, stack(0x00000010f2500000,0x00000010f2600000)]
  0x00000134610c9f60 JavaThread "Unconstrained build operations Thread 68" [_thread_blocked, id=21624, stack(0x00000010f2600000,0x00000010f2700000)]
  0x00000134610ca980 JavaThread "Unconstrained build operations Thread 69" [_thread_blocked, id=18664, stack(0x00000010f2700000,0x00000010f2800000)]
  0x00000134610cb3a0 JavaThread "Unconstrained build operations Thread 70" [_thread_blocked, id=15224, stack(0x00000010f2800000,0x00000010f2900000)]
  0x00000134610c8100 JavaThread "Unconstrained build operations Thread 71" [_thread_blocked, id=20620, stack(0x00000010f2900000,0x00000010f2a00000)]
  0x00000134610cbdc0 JavaThread "Unconstrained build operations Thread 72" [_thread_blocked, id=19212, stack(0x00000010f2a00000,0x00000010f2b00000)]
  0x00000134610c8b20 JavaThread "jar transforms Thread 2" [_thread_blocked, id=12824, stack(0x00000010f2b00000,0x00000010f2c00000)]
  0x00000134610cf570 JavaThread "jar transforms Thread 3" [_thread_blocked, id=15892, stack(0x00000010e9400000,0x00000010e9500000)]
  0x00000134610cc7e0 JavaThread "Unconstrained build operations Thread 73" [_thread_blocked, id=21248, stack(0x00000010e9500000,0x00000010e9600000)]
  0x00000134610ceb50 JavaThread "Unconstrained build operations Thread 74" [_thread_blocked, id=9344, stack(0x00000010e9600000,0x00000010e9700000)]
  0x00000134610cf060 JavaThread "Unconstrained build operations Thread 75" [_thread_blocked, id=22256, stack(0x00000010f1500000,0x00000010f1600000)]
  0x00000134610cccf0 JavaThread "Unconstrained build operations Thread 76" [_thread_blocked, id=1444, stack(0x00000010f2c00000,0x00000010f2d00000)]
  0x00000134610ce640 JavaThread "Unconstrained build operations Thread 77" [_thread_blocked, id=6208, stack(0x00000010f2d00000,0x00000010f2e00000)]
  0x00000134610cc2d0 JavaThread "Unconstrained build operations Thread 78" [_thread_blocked, id=372, stack(0x00000010f2e00000,0x00000010f2f00000)]
  0x00000134610cd200 JavaThread "Unconstrained build operations Thread 79" [_thread_blocked, id=19664, stack(0x00000010f2f00000,0x00000010f3000000)]
  0x00000134610cd710 JavaThread "Unconstrained build operations Thread 80" [_thread_blocked, id=1900, stack(0x00000010f3000000,0x00000010f3100000)]
  0x0000013461e367a0 JavaThread "jar transforms Thread 4" [_thread_blocked, id=16348, stack(0x00000010f3300000,0x00000010f3400000)]
  0x000001346065ecc0 JavaThread "jar transforms Thread 5" [_thread_blocked, id=7328, stack(0x00000010f3200000,0x00000010f3300000)]
  0x000001346065d370 JavaThread "jar transforms Thread 6" [_thread_blocked, id=20780, stack(0x00000010f3400000,0x00000010f3500000)]
  0x000001346065f1d0 JavaThread "build event listener" [_thread_blocked, id=21180, stack(0x00000010f3100000,0x00000010f3200000)]
  0x0000013460660100 JavaThread "jar transforms Thread 7" [_thread_blocked, id=20496, stack(0x00000010ef100000,0x00000010ef200000)]
  0x00000134606638b0 JavaThread "jar transforms Thread 8" [_thread_blocked, id=21708, stack(0x00000010ef200000,0x00000010ef300000)]
  0x0000013460660610 JavaThread "pool-3-thread-1" [_thread_blocked, id=22396, stack(0x00000010f3500000,0x00000010f3600000)]
  0x0000013460664cf0 JavaThread "build event listener" [_thread_blocked, id=19028, stack(0x00000010f3600000,0x00000010f3700000)]
  0x000001345f92b320 JavaThread "Cache worker for execution history cache (C:\NexgenLMS\NexGenMobile\android\.gradle\8.10.2\executionHistory)" [_thread_blocked, id=4692, stack(0x00000010f3700000,0x00000010f3800000)]

Other Threads:
  0x000001343d6e8d50 VMThread "VM Thread" [stack: 0x00000010e9d00000,0x00000010e9e00000] [id=22288]
  0x000001343d8a3480 WatcherThread [stack: 0x00000010ea900000,0x00000010eaa00000] [id=22368]
  0x000001341f2f6ff0 GCTaskThread "GC Thread#0" [stack: 0x00000010e9800000,0x00000010e9900000] [id=16024]
  0x000001345d57c870 GCTaskThread "GC Thread#1" [stack: 0x00000010eab00000,0x00000010eac00000] [id=5804]
  0x000001345d57cd00 GCTaskThread "GC Thread#2" [stack: 0x00000010eac00000,0x00000010ead00000] [id=22296]
  0x000001345d3dbbb0 GCTaskThread "GC Thread#3" [stack: 0x00000010ead00000,0x00000010eae00000] [id=21728]
  0x000001345dc8d0c0 GCTaskThread "GC Thread#4" [stack: 0x00000010eae00000,0x00000010eaf00000] [id=1176]
  0x000001345e40c220 GCTaskThread "GC Thread#5" [stack: 0x00000010ebc00000,0x00000010ebd00000] [id=17364]
  0x000001345ffae8c0 GCTaskThread "GC Thread#6" [stack: 0x00000010ebd00000,0x00000010ebe00000] [id=21080]
  0x000001345ffaeb80 GCTaskThread "GC Thread#7" [stack: 0x00000010ebe00000,0x00000010ebf00000] [id=19060]
  0x000001341f307e50 ConcurrentGCThread "G1 Main Marker" [stack: 0x00000010e9900000,0x00000010e9a00000] [id=21304]
  0x000001341f308780 ConcurrentGCThread "G1 Conc#0" [stack: 0x00000010e9a00000,0x00000010e9b00000] [id=21268]
  0x000001346069d040 ConcurrentGCThread "G1 Conc#1" [stack: 0x00000010ec100000,0x00000010ec200000] [id=21192]
  0x000001343d5a3870 ConcurrentGCThread "G1 Refine#0" [stack: 0x00000010e9b00000,0x00000010e9c00000] [id=18544]
  0x000001345f8d8450 ConcurrentGCThread "G1 Refine#1" [stack: 0x00000010eca00000,0x00000010ecb00000] [id=18052]
  0x000001341f34d880 ConcurrentGCThread "G1 Service" [stack: 0x00000010e9c00000,0x00000010e9d00000] [id=21144]

Threads with active compile tasks:
C2 CompilerThread0   139302 17783       4       javax.management.ObjectName::construct (1135 bytes)

VM state: not at safepoint (normal execution)

VM Mutex/Monitor currently owned by a thread: None

Heap address: 0x0000000080000000, size: 2048 MB, Compressed Oops mode: 32-bit

CDS archive(s) mapped at: [0x000001343e000000-0x000001343ebb0000-0x000001343ebb0000), size 12255232, SharedBaseAddress: 0x000001343e000000, ArchiveRelocationMode: 1.
Compressed class space mapped at: 0x000001343f000000-0x0000013459000000, reserved size: 436207616
Narrow klass base: 0x000001343e000000, Narrow klass shift: 0, Narrow klass range: 0x100000000

GC Precious Log:
 CPUs: 8 total, 8 available
 Memory: 7502M
 Large Page Support: Disabled
 NUMA Support: Disabled
 Compressed Oops: Enabled (32-bit)
 Heap Region Size: 1M
 Heap Min Capacity: 8M
 Heap Initial Capacity: 118M
 Heap Max Capacity: 2G
 Pre-touch: Disabled
 Parallel Workers: 8
 Concurrent Workers: 2
 Concurrent Refinement Workers: 8
 Periodic GC: Disabled

Heap:
 garbage-first heap   total 329728K, used 263893K [0x0000000080000000, 0x0000000100000000)
  region size 1024K, 6 young (6144K), 3 survivors (3072K)
 Metaspace       used 116112K, committed 117632K, reserved 557056K
  class space    used 15954K, committed 16640K, reserved 425984K

Heap Regions: E=young(eden), S=young(survivor), O=old, HS=humongous(starts), HC=humongous(continues), CS=collection set, F=free, OA=open archive, CA=closed archive, TAMS=top-at-mark-start (previous, next)
|   0|0x0000000080000000, 0x0000000080100000, 0x0000000080100000|100%| O|  |TAMS 0x0000000080100000, 0x0000000080000000| Untracked 
|   1|0x0000000080100000, 0x0000000080200000, 0x0000000080200000|100%| O|  |TAMS 0x0000000080200000, 0x0000000080100000| Untracked 
|   2|0x0000000080200000, 0x0000000080300000, 0x0000000080300000|100%|HS|  |TAMS 0x0000000080300000, 0x0000000080200000| Complete 
|   3|0x0000000080300000, 0x0000000080400000, 0x0000000080400000|100%|HC|  |TAMS 0x0000000080400000, 0x0000000080300000| Complete 
|   4|0x0000000080400000, 0x0000000080500000, 0x0000000080500000|100%|HC|  |TAMS 0x0000000080500000, 0x0000000080400000| Complete 
|   5|0x0000000080500000, 0x0000000080600000, 0x0000000080600000|100%|HC|  |TAMS 0x0000000080600000, 0x0000000080500000| Complete 
|   6|0x0000000080600000, 0x0000000080700000, 0x0000000080700000|100%| O|  |TAMS 0x0000000080700000, 0x0000000080600000| Untracked 
|   7|0x0000000080700000, 0x0000000080800000, 0x0000000080800000|100%| O|  |TAMS 0x0000000080800000, 0x0000000080700000| Untracked 
|   8|0x0000000080800000, 0x0000000080900000, 0x0000000080900000|100%| O|  |TAMS 0x0000000080900000, 0x0000000080800000| Untracked 
|   9|0x0000000080900000, 0x0000000080a00000, 0x0000000080a00000|100%|HS|  |TAMS 0x0000000080a00000, 0x0000000080900000| Complete 
|  10|0x0000000080a00000, 0x0000000080b00000, 0x0000000080b00000|100%| O|  |TAMS 0x0000000080b00000, 0x0000000080a00000| Untracked 
|  11|0x0000000080b00000, 0x0000000080c00000, 0x0000000080c00000|100%| O|  |TAMS 0x0000000080c00000, 0x0000000080b00000| Untracked 
|  12|0x0000000080c00000, 0x0000000080d00000, 0x0000000080d00000|100%| O|  |TAMS 0x0000000080d00000, 0x0000000080c00000| Untracked 
|  13|0x0000000080d00000, 0x0000000080e00000, 0x0000000080e00000|100%| O|  |TAMS 0x0000000080e00000, 0x0000000080d00000| Untracked 
|  14|0x0000000080e00000, 0x0000000080f00000, 0x0000000080f00000|100%| O|  |TAMS 0x0000000080f00000, 0x0000000080e00000| Untracked 
|  15|0x0000000080f00000, 0x0000000081000000, 0x0000000081000000|100%| O|  |TAMS 0x0000000081000000, 0x0000000080f00000| Untracked 
|  16|0x0000000081000000, 0x0000000081100000, 0x0000000081100000|100%| O|  |TAMS 0x0000000081100000, 0x0000000081000000| Untracked 
|  17|0x0000000081100000, 0x0000000081200000, 0x0000000081200000|100%| O|  |TAMS 0x0000000081200000, 0x0000000081100000| Untracked 
|  18|0x0000000081200000, 0x0000000081300000, 0x0000000081300000|100%| O|  |TAMS 0x0000000081300000, 0x0000000081200000| Untracked 
|  19|0x0000000081300000, 0x0000000081400000, 0x0000000081400000|100%| O|  |TAMS 0x0000000081400000, 0x0000000081300000| Untracked 
|  20|0x0000000081400000, 0x0000000081500000, 0x0000000081500000|100%| O|  |TAMS 0x0000000081500000, 0x0000000081400000| Untracked 
|  21|0x0000000081500000, 0x00000000815b5600, 0x0000000081600000| 70%| O|  |TAMS 0x00000000815b5600, 0x0000000081500000| Untracked 
|  22|0x0000000081600000, 0x0000000081700000, 0x0000000081700000|100%| O|  |TAMS 0x0000000081700000, 0x0000000081600000| Untracked 
|  23|0x0000000081700000, 0x0000000081800000, 0x0000000081800000|100%| O|  |TAMS 0x0000000081800000, 0x0000000081700000| Untracked 
|  24|0x0000000081800000, 0x0000000081900000, 0x0000000081900000|100%| O|  |TAMS 0x0000000081900000, 0x0000000081800000| Untracked 
|  25|0x0000000081900000, 0x0000000081a00000, 0x0000000081a00000|100%| O|  |TAMS 0x0000000081a00000, 0x0000000081900000| Untracked 
|  26|0x0000000081a00000, 0x0000000081b00000, 0x0000000081b00000|100%| O|  |TAMS 0x0000000081b00000, 0x0000000081a00000| Untracked 
|  27|0x0000000081b00000, 0x0000000081c00000, 0x0000000081c00000|100%| O|  |TAMS 0x0000000081c00000, 0x0000000081b00000| Untracked 
|  28|0x0000000081c00000, 0x0000000081d00000, 0x0000000081d00000|100%| O|  |TAMS 0x0000000081d00000, 0x0000000081c00000| Untracked 
|  29|0x0000000081d00000, 0x0000000081e00000, 0x0000000081e00000|100%| O|  |TAMS 0x0000000081e00000, 0x0000000081d00000| Untracked 
|  30|0x0000000081e00000, 0x0000000081f00000, 0x0000000081f00000|100%| O|  |TAMS 0x0000000081f00000, 0x0000000081e00000| Untracked 
|  31|0x0000000081f00000, 0x0000000082000000, 0x0000000082000000|100%| O|  |TAMS 0x0000000082000000, 0x0000000081f00000| Untracked 
|  32|0x0000000082000000, 0x0000000082100000, 0x0000000082100000|100%| O|  |TAMS 0x0000000082100000, 0x0000000082000000| Untracked 
|  33|0x0000000082100000, 0x0000000082200000, 0x0000000082200000|100%| O|  |TAMS 0x0000000082200000, 0x0000000082100000| Untracked 
|  34|0x0000000082200000, 0x0000000082300000, 0x0000000082300000|100%| O|  |TAMS 0x0000000082300000, 0x0000000082200000| Untracked 
|  35|0x0000000082300000, 0x0000000082400000, 0x0000000082400000|100%| O|  |TAMS 0x0000000082400000, 0x0000000082300000| Untracked 
|  36|0x0000000082400000, 0x0000000082500000, 0x0000000082500000|100%| O|  |TAMS 0x0000000082500000, 0x0000000082400000| Untracked 
|  37|0x0000000082500000, 0x0000000082600000, 0x0000000082600000|100%| O|  |TAMS 0x0000000082600000, 0x0000000082500000| Untracked 
|  38|0x0000000082600000, 0x0000000082700000, 0x0000000082700000|100%| O|  |TAMS 0x0000000082700000, 0x0000000082600000| Untracked 
|  39|0x0000000082700000, 0x0000000082800000, 0x0000000082800000|100%| O|  |TAMS 0x0000000082800000, 0x0000000082700000| Untracked 
|  40|0x0000000082800000, 0x0000000082900000, 0x0000000082900000|100%| O|  |TAMS 0x0000000082900000, 0x0000000082800000| Untracked 
|  41|0x0000000082900000, 0x0000000082a00000, 0x0000000082a00000|100%| O|  |TAMS 0x0000000082a00000, 0x0000000082900000| Untracked 
|  42|0x0000000082a00000, 0x0000000082b00000, 0x0000000082b00000|100%| O|  |TAMS 0x0000000082b00000, 0x0000000082a00000| Untracked 
|  43|0x0000000082b00000, 0x0000000082c00000, 0x0000000082c00000|100%| O|  |TAMS 0x0000000082c00000, 0x0000000082b00000| Untracked 
|  44|0x0000000082c00000, 0x0000000082d00000, 0x0000000082d00000|100%|HS|  |TAMS 0x0000000082d00000, 0x0000000082c00000| Complete 
|  45|0x0000000082d00000, 0x0000000082e00000, 0x0000000082e00000|100%|HC|  |TAMS 0x0000000082e00000, 0x0000000082d00000| Complete 
|  46|0x0000000082e00000, 0x0000000082f00000, 0x0000000082f00000|100%|HS|  |TAMS 0x0000000082f00000, 0x0000000082e00000| Complete 
|  47|0x0000000082f00000, 0x0000000083000000, 0x0000000083000000|100%|HC|  |TAMS 0x0000000083000000, 0x0000000082f00000| Complete 
|  48|0x0000000083000000, 0x0000000083100000, 0x0000000083100000|100%|HS|  |TAMS 0x0000000083100000, 0x0000000083000000| Complete 
|  49|0x0000000083100000, 0x0000000083200000, 0x0000000083200000|100%|HC|  |TAMS 0x0000000083200000, 0x0000000083100000| Complete 
|  50|0x0000000083200000, 0x0000000083300000, 0x0000000083300000|100%|HC|  |TAMS 0x0000000083300000, 0x0000000083200000| Complete 
|  51|0x0000000083300000, 0x0000000083400000, 0x0000000083400000|100%|HC|  |TAMS 0x0000000083400000, 0x0000000083300000| Complete 
|  52|0x0000000083400000, 0x0000000083500000, 0x0000000083500000|100%|HS|  |TAMS 0x0000000083500000, 0x0000000083400000| Complete 
|  53|0x0000000083500000, 0x0000000083600000, 0x0000000083600000|100%|HC|  |TAMS 0x0000000083600000, 0x0000000083500000| Complete 
|  54|0x0000000083600000, 0x0000000083700000, 0x0000000083700000|100%|HC|  |TAMS 0x0000000083700000, 0x0000000083600000| Complete 
|  55|0x0000000083700000, 0x0000000083800000, 0x0000000083800000|100%|HC|  |TAMS 0x0000000083800000, 0x0000000083700000| Complete 
|  56|0x0000000083800000, 0x0000000083900000, 0x0000000083900000|100%| O|  |TAMS 0x0000000083900000, 0x0000000083800000| Untracked 
|  57|0x0000000083900000, 0x0000000083a00000, 0x0000000083a00000|100%| O|  |TAMS 0x0000000083a00000, 0x0000000083900000| Untracked 
|  58|0x0000000083a00000, 0x0000000083b00000, 0x0000000083b00000|100%| O|  |TAMS 0x0000000083a00000, 0x0000000083a00000| Untracked 
|  59|0x0000000083b00000, 0x0000000083c00000, 0x0000000083c00000|100%| O|  |TAMS 0x0000000083c00000, 0x0000000083b00000| Untracked 
|  60|0x0000000083c00000, 0x0000000083d00000, 0x0000000083d00000|100%| O|  |TAMS 0x0000000083d00000, 0x0000000083c00000| Untracked 
|  61|0x0000000083d00000, 0x0000000083e00000, 0x0000000083e00000|100%| O|  |TAMS 0x0000000083e00000, 0x0000000083d00000| Untracked 
|  62|0x0000000083e00000, 0x0000000083f00000, 0x0000000083f00000|100%| O|  |TAMS 0x0000000083f00000, 0x0000000083e00000| Untracked 
|  63|0x0000000083f00000, 0x0000000084000000, 0x0000000084000000|100%| O|  |TAMS 0x0000000084000000, 0x0000000083f00000| Untracked 
|  64|0x0000000084000000, 0x0000000084100000, 0x0000000084100000|100%| O|  |TAMS 0x0000000084000000, 0x0000000084000000| Untracked 
|  65|0x0000000084100000, 0x0000000084200000, 0x0000000084200000|100%| O|  |TAMS 0x0000000084200000, 0x0000000084100000| Untracked 
|  66|0x0000000084200000, 0x0000000084300000, 0x0000000084300000|100%| O|  |TAMS 0x0000000084200000, 0x0000000084200000| Untracked 
|  67|0x0000000084300000, 0x0000000084400000, 0x0000000084400000|100%| O|  |TAMS 0x0000000084300000, 0x0000000084300000| Untracked 
|  68|0x0000000084400000, 0x0000000084500000, 0x0000000084500000|100%| O|  |TAMS 0x0000000084500000, 0x0000000084400000| Untracked 
|  69|0x0000000084500000, 0x0000000084600000, 0x0000000084600000|100%| O|  |TAMS 0x0000000084600000, 0x0000000084500000| Untracked 
|  70|0x0000000084600000, 0x0000000084700000, 0x0000000084700000|100%| O|  |TAMS 0x0000000084700000, 0x0000000084600000| Untracked 
|  71|0x0000000084700000, 0x0000000084800000, 0x0000000084800000|100%| O|  |TAMS 0x0000000084800000, 0x0000000084700000| Untracked 
|  72|0x0000000084800000, 0x0000000084900000, 0x0000000084900000|100%| O|  |TAMS 0x0000000084900000, 0x0000000084800000| Untracked 
|  73|0x0000000084900000, 0x0000000084a00000, 0x0000000084a00000|100%| O|  |TAMS 0x0000000084a00000, 0x0000000084900000| Untracked 
|  74|0x0000000084a00000, 0x0000000084b00000, 0x0000000084b00000|100%| O|  |TAMS 0x0000000084b00000, 0x0000000084a00000| Untracked 
|  75|0x0000000084b00000, 0x0000000084c00000, 0x0000000084c00000|100%| O|  |TAMS 0x0000000084c00000, 0x0000000084b00000| Untracked 
|  76|0x0000000084c00000, 0x0000000084d00000, 0x0000000084d00000|100%| O|  |TAMS 0x0000000084d00000, 0x0000000084c00000| Untracked 
|  77|0x0000000084d00000, 0x0000000084e00000, 0x0000000084e00000|100%| O|  |TAMS 0x0000000084e00000, 0x0000000084d00000| Untracked 
|  78|0x0000000084e00000, 0x0000000084f00000, 0x0000000084f00000|100%| O|  |TAMS 0x0000000084f00000, 0x0000000084e00000| Untracked 
|  79|0x0000000084f00000, 0x0000000085000000, 0x0000000085000000|100%| O|  |TAMS 0x0000000085000000, 0x0000000084f00000| Untracked 
|  80|0x0000000085000000, 0x0000000085100000, 0x0000000085100000|100%| O|  |TAMS 0x0000000085000000, 0x0000000085000000| Untracked 
|  81|0x0000000085100000, 0x0000000085200000, 0x0000000085200000|100%| O|  |TAMS 0x0000000085200000, 0x0000000085100000| Untracked 
|  82|0x0000000085200000, 0x0000000085300000, 0x0000000085300000|100%|HS|  |TAMS 0x0000000085300000, 0x0000000085200000| Complete 
|  83|0x0000000085300000, 0x0000000085400000, 0x0000000085400000|100%|HS|  |TAMS 0x0000000085400000, 0x0000000085300000| Complete 
|  84|0x0000000085400000, 0x0000000085500000, 0x0000000085500000|100%|HS|  |TAMS 0x0000000085500000, 0x0000000085400000| Complete 
|  85|0x0000000085500000, 0x0000000085600000, 0x0000000085600000|100%|HS|  |TAMS 0x0000000085600000, 0x0000000085500000| Complete 
|  86|0x0000000085600000, 0x0000000085700000, 0x0000000085700000|100%|HS|  |TAMS 0x0000000085700000, 0x0000000085600000| Complete 
|  87|0x0000000085700000, 0x0000000085800000, 0x0000000085800000|100%|HS|  |TAMS 0x0000000085800000, 0x0000000085700000| Complete 
|  88|0x0000000085800000, 0x0000000085900000, 0x0000000085900000|100%| O|  |TAMS 0x0000000085900000, 0x0000000085800000| Untracked 
|  89|0x0000000085900000, 0x0000000085a00000, 0x0000000085a00000|100%| O|  |TAMS 0x0000000085a00000, 0x0000000085900000| Untracked 
|  90|0x0000000085a00000, 0x0000000085b00000, 0x0000000085b00000|100%| O|  |TAMS 0x0000000085b00000, 0x0000000085a00000| Untracked 
|  91|0x0000000085b00000, 0x0000000085c00000, 0x0000000085c00000|100%| O|  |TAMS 0x0000000085c00000, 0x0000000085b00000| Untracked 
|  92|0x0000000085c00000, 0x0000000085d00000, 0x0000000085d00000|100%| O|  |TAMS 0x0000000085d00000, 0x0000000085c00000| Untracked 
|  93|0x0000000085d00000, 0x0000000085e00000, 0x0000000085e00000|100%| O|  |TAMS 0x0000000085e00000, 0x0000000085d00000| Untracked 
|  94|0x0000000085e00000, 0x0000000085f00000, 0x0000000085f00000|100%| O|  |TAMS 0x0000000085f00000, 0x0000000085e00000| Untracked 
|  95|0x0000000085f00000, 0x0000000086000000, 0x0000000086000000|100%| O|  |TAMS 0x0000000086000000, 0x0000000085f00000| Untracked 
|  96|0x0000000086000000, 0x0000000086100000, 0x0000000086100000|100%|HS|  |TAMS 0x0000000086100000, 0x0000000086000000| Complete 
|  97|0x0000000086100000, 0x0000000086200000, 0x0000000086200000|100%|HC|  |TAMS 0x0000000086200000, 0x0000000086100000| Complete 
|  98|0x0000000086200000, 0x0000000086300000, 0x0000000086300000|100%| O|  |TAMS 0x0000000086300000, 0x0000000086200000| Untracked 
|  99|0x0000000086300000, 0x0000000086400000, 0x0000000086400000|100%| O|  |TAMS 0x0000000086400000, 0x0000000086300000| Untracked 
| 100|0x0000000086400000, 0x0000000086500000, 0x0000000086500000|100%|HS|  |TAMS 0x0000000086500000, 0x0000000086400000| Complete 
| 101|0x0000000086500000, 0x0000000086600000, 0x0000000086600000|100%| O|  |TAMS 0x0000000086600000, 0x0000000086500000| Untracked 
| 102|0x0000000086600000, 0x0000000086700000, 0x0000000086700000|100%| O|  |TAMS 0x0000000086700000, 0x0000000086600000| Untracked 
| 103|0x0000000086700000, 0x0000000086800000, 0x0000000086800000|100%| O|  |TAMS 0x0000000086800000, 0x0000000086700000| Untracked 
| 104|0x0000000086800000, 0x0000000086900000, 0x0000000086900000|100%| O|  |TAMS 0x0000000086900000, 0x0000000086800000| Untracked 
| 105|0x0000000086900000, 0x0000000086a00000, 0x0000000086a00000|100%| O|  |TAMS 0x0000000086a00000, 0x0000000086900000| Untracked 
| 106|0x0000000086a00000, 0x0000000086b00000, 0x0000000086b00000|100%| O|  |TAMS 0x0000000086b00000, 0x0000000086a00000| Untracked 
| 107|0x0000000086b00000, 0x0000000086c00000, 0x0000000086c00000|100%| O|  |TAMS 0x0000000086c00000, 0x0000000086b00000| Untracked 
| 108|0x0000000086c00000, 0x0000000086d00000, 0x0000000086d00000|100%| O|  |TAMS 0x0000000086d00000, 0x0000000086c00000| Untracked 
| 109|0x0000000086d00000, 0x0000000086e00000, 0x0000000086e00000|100%| O|  |TAMS 0x0000000086e00000, 0x0000000086d00000| Untracked 
| 110|0x0000000086e00000, 0x0000000086f00000, 0x0000000086f00000|100%| O|  |TAMS 0x0000000086f00000, 0x0000000086e00000| Untracked 
| 111|0x0000000086f00000, 0x0000000087000000, 0x0000000087000000|100%| O|  |TAMS 0x0000000087000000, 0x0000000086f00000| Untracked 
| 112|0x0000000087000000, 0x0000000087100000, 0x0000000087100000|100%| O|  |TAMS 0x0000000087000000, 0x0000000087000000| Untracked 
| 113|0x0000000087100000, 0x0000000087200000, 0x0000000087200000|100%| O|  |TAMS 0x0000000087100000, 0x0000000087100000| Untracked 
| 114|0x0000000087200000, 0x0000000087300000, 0x0000000087300000|100%| O|  |TAMS 0x0000000087300000, 0x0000000087200000| Untracked 
| 115|0x0000000087300000, 0x0000000087400000, 0x0000000087400000|100%| O|  |TAMS 0x0000000087400000, 0x0000000087300000| Untracked 
| 116|0x0000000087400000, 0x0000000087500000, 0x0000000087500000|100%| O|  |TAMS 0x0000000087500000, 0x0000000087400000| Untracked 
| 117|0x0000000087500000, 0x0000000087600000, 0x0000000087600000|100%| O|  |TAMS 0x0000000087600000, 0x0000000087500000| Untracked 
| 118|0x0000000087600000, 0x0000000087700000, 0x0000000087700000|100%| O|  |TAMS 0x0000000087700000, 0x0000000087600000| Untracked 
| 119|0x0000000087700000, 0x0000000087800000, 0x0000000087800000|100%| O|  |TAMS 0x0000000087800000, 0x0000000087700000| Untracked 
| 120|0x0000000087800000, 0x0000000087900000, 0x0000000087900000|100%| O|  |TAMS 0x0000000087900000, 0x0000000087800000| Untracked 
| 121|0x0000000087900000, 0x0000000087a00000, 0x0000000087a00000|100%| O|  |TAMS 0x0000000087900000, 0x0000000087900000| Untracked 
| 122|0x0000000087a00000, 0x0000000087b00000, 0x0000000087b00000|100%| O|  |TAMS 0x0000000087b00000, 0x0000000087a00000| Untracked 
| 123|0x0000000087b00000, 0x0000000087c00000, 0x0000000087c00000|100%| O|  |TAMS 0x0000000087c00000, 0x0000000087b00000| Untracked 
| 124|0x0000000087c00000, 0x0000000087d00000, 0x0000000087d00000|100%| O|  |TAMS 0x0000000087d00000, 0x0000000087c00000| Untracked 
| 125|0x0000000087d00000, 0x0000000087e00000, 0x0000000087e00000|100%| O|  |TAMS 0x0000000087e00000, 0x0000000087d00000| Untracked 
| 126|0x0000000087e00000, 0x0000000087f00000, 0x0000000087f00000|100%|HS|  |TAMS 0x0000000087f00000, 0x0000000087e00000| Complete 
| 127|0x0000000087f00000, 0x0000000088000000, 0x0000000088000000|100%|HS|  |TAMS 0x0000000088000000, 0x0000000087f00000| Complete 
| 128|0x0000000088000000, 0x0000000088100000, 0x0000000088100000|100%|HS|  |TAMS 0x0000000088100000, 0x0000000088000000| Complete 
| 129|0x0000000088100000, 0x0000000088200000, 0x0000000088200000|100%|HC|  |TAMS 0x0000000088200000, 0x0000000088100000| Complete 
| 130|0x0000000088200000, 0x0000000088300000, 0x0000000088300000|100%| O|  |TAMS 0x0000000088300000, 0x0000000088200000| Untracked 
| 131|0x0000000088300000, 0x0000000088400000, 0x0000000088400000|100%| O|  |TAMS 0x0000000088400000, 0x0000000088300000| Untracked 
| 132|0x0000000088400000, 0x0000000088500000, 0x0000000088500000|100%| O|  |TAMS 0x0000000088500000, 0x0000000088400000| Untracked 
| 133|0x0000000088500000, 0x0000000088600000, 0x0000000088600000|100%| O|  |TAMS 0x0000000088600000, 0x0000000088500000| Untracked 
| 134|0x0000000088600000, 0x0000000088700000, 0x0000000088700000|100%| O|  |TAMS 0x0000000088700000, 0x0000000088600000| Untracked 
| 135|0x0000000088700000, 0x0000000088800000, 0x0000000088800000|100%| O|  |TAMS 0x0000000088800000, 0x0000000088700000| Untracked 
| 136|0x0000000088800000, 0x0000000088900000, 0x0000000088900000|100%| O|  |TAMS 0x0000000088900000, 0x0000000088800000| Untracked 
| 137|0x0000000088900000, 0x0000000088a00000, 0x0000000088a00000|100%| O|  |TAMS 0x0000000088a00000, 0x0000000088900000| Untracked 
| 138|0x0000000088a00000, 0x0000000088b00000, 0x0000000088b00000|100%| O|  |TAMS 0x0000000088b00000, 0x0000000088a00000| Untracked 
| 139|0x0000000088b00000, 0x0000000088c00000, 0x0000000088c00000|100%| O|  |TAMS 0x0000000088c00000, 0x0000000088b00000| Untracked 
| 140|0x0000000088c00000, 0x0000000088d00000, 0x0000000088d00000|100%| O|  |TAMS 0x0000000088d00000, 0x0000000088c00000| Untracked 
| 141|0x0000000088d00000, 0x0000000088e00000, 0x0000000088e00000|100%| O|  |TAMS 0x0000000088d00000, 0x0000000088d00000| Untracked 
| 142|0x0000000088e00000, 0x0000000088f00000, 0x0000000088f00000|100%| O|  |TAMS 0x0000000088f00000, 0x0000000088e00000| Untracked 
| 143|0x0000000088f00000, 0x0000000089000000, 0x0000000089000000|100%| O|  |TAMS 0x0000000089000000, 0x0000000088f00000| Untracked 
| 144|0x0000000089000000, 0x0000000089100000, 0x0000000089100000|100%| O|  |TAMS 0x0000000089100000, 0x0000000089000000| Untracked 
| 145|0x0000000089100000, 0x0000000089200000, 0x0000000089200000|100%| O|  |TAMS 0x0000000089200000, 0x0000000089100000| Untracked 
| 146|0x0000000089200000, 0x0000000089300000, 0x0000000089300000|100%| O|  |TAMS 0x0000000089300000, 0x0000000089200000| Untracked 
| 147|0x0000000089300000, 0x0000000089400000, 0x0000000089400000|100%| O|  |TAMS 0x0000000089400000, 0x0000000089300000| Untracked 
| 148|0x0000000089400000, 0x0000000089500000, 0x0000000089500000|100%| O|  |TAMS 0x0000000089500000, 0x0000000089400000| Untracked 
| 149|0x0000000089500000, 0x0000000089600000, 0x0000000089600000|100%| O|  |TAMS 0x0000000089600000, 0x0000000089500000| Untracked 
| 150|0x0000000089600000, 0x0000000089700000, 0x0000000089700000|100%|HS|  |TAMS 0x0000000089700000, 0x0000000089600000| Complete 
| 151|0x0000000089700000, 0x0000000089800000, 0x0000000089800000|100%| O|  |TAMS 0x0000000089800000, 0x0000000089700000| Untracked 
| 152|0x0000000089800000, 0x0000000089900000, 0x0000000089900000|100%| O|  |TAMS 0x0000000089800000, 0x0000000089800000| Untracked 
| 153|0x0000000089900000, 0x0000000089a00000, 0x0000000089a00000|100%| O|  |TAMS 0x0000000089900000, 0x0000000089900000| Untracked 
| 154|0x0000000089a00000, 0x0000000089b00000, 0x0000000089b00000|100%| O|  |TAMS 0x0000000089b00000, 0x0000000089a00000| Untracked 
| 155|0x0000000089b00000, 0x0000000089c00000, 0x0000000089c00000|100%| O|  |TAMS 0x0000000089c00000, 0x0000000089b00000| Untracked 
| 156|0x0000000089c00000, 0x0000000089d00000, 0x0000000089d00000|100%| O|  |TAMS 0x0000000089d00000, 0x0000000089c00000| Untracked 
| 157|0x0000000089d00000, 0x0000000089e00000, 0x0000000089e00000|100%| O|  |TAMS 0x0000000089d00000, 0x0000000089d00000| Untracked 
| 158|0x0000000089e00000, 0x0000000089f00000, 0x0000000089f00000|100%| O|  |TAMS 0x0000000089f00000, 0x0000000089e00000| Untracked 
| 159|0x0000000089f00000, 0x000000008a000000, 0x000000008a000000|100%| O|  |TAMS 0x000000008a000000, 0x0000000089f00000| Untracked 
| 160|0x000000008a000000, 0x000000008a100000, 0x000000008a100000|100%| O|  |TAMS 0x000000008a100000, 0x000000008a000000| Untracked 
| 161|0x000000008a100000, 0x000000008a200000, 0x000000008a200000|100%| O|  |TAMS 0x000000008a200000, 0x000000008a100000| Untracked 
| 162|0x000000008a200000, 0x000000008a300000, 0x000000008a300000|100%|HS|  |TAMS 0x000000008a300000, 0x000000008a200000| Complete 
| 163|0x000000008a300000, 0x000000008a400000, 0x000000008a400000|100%|HS|  |TAMS 0x000000008a400000, 0x000000008a300000| Complete 
| 164|0x000000008a400000, 0x000000008a500000, 0x000000008a500000|100%| O|  |TAMS 0x000000008a400000, 0x000000008a400000| Untracked 
| 165|0x000000008a500000, 0x000000008a600000, 0x000000008a600000|100%| O|  |TAMS 0x000000008a500000, 0x000000008a500000| Untracked 
| 166|0x000000008a600000, 0x000000008a700000, 0x000000008a700000|100%| O|  |TAMS 0x000000008a600000, 0x000000008a600000| Untracked 
| 167|0x000000008a700000, 0x000000008a800000, 0x000000008a800000|100%| O|  |TAMS 0x000000008a800000, 0x000000008a700000| Untracked 
| 168|0x000000008a800000, 0x000000008a900000, 0x000000008a900000|100%| O|  |TAMS 0x000000008a900000, 0x000000008a800000| Untracked 
| 169|0x000000008a900000, 0x000000008aa00000, 0x000000008aa00000|100%| O|  |TAMS 0x000000008aa00000, 0x000000008a900000| Untracked 
| 170|0x000000008aa00000, 0x000000008ab00000, 0x000000008ab00000|100%| O|  |TAMS 0x000000008aa00000, 0x000000008aa00000| Untracked 
| 171|0x000000008ab00000, 0x000000008ac00000, 0x000000008ac00000|100%| O|  |TAMS 0x000000008ac00000, 0x000000008ab00000| Untracked 
| 172|0x000000008ac00000, 0x000000008ad00000, 0x000000008ad00000|100%| O|  |TAMS 0x000000008ac00000, 0x000000008ac00000| Untracked 
| 173|0x000000008ad00000, 0x000000008ae00000, 0x000000008ae00000|100%| O|  |TAMS 0x000000008ae00000, 0x000000008ad00000| Untracked 
| 174|0x000000008ae00000, 0x000000008af00000, 0x000000008af00000|100%| O|  |TAMS 0x000000008af00000, 0x000000008ae00000| Untracked 
| 175|0x000000008af00000, 0x000000008b000000, 0x000000008b000000|100%| O|  |TAMS 0x000000008b000000, 0x000000008af00000| Untracked 
| 176|0x000000008b000000, 0x000000008b100000, 0x000000008b100000|100%| O|  |TAMS 0x000000008b100000, 0x000000008b000000| Untracked 
| 177|0x000000008b100000, 0x000000008b200000, 0x000000008b200000|100%| O|  |TAMS 0x000000008b200000, 0x000000008b100000| Untracked 
| 178|0x000000008b200000, 0x000000008b300000, 0x000000008b300000|100%| O|  |TAMS 0x000000008b300000, 0x000000008b200000| Untracked 
| 179|0x000000008b300000, 0x000000008b400000, 0x000000008b400000|100%| O|  |TAMS 0x000000008b400000, 0x000000008b300000| Untracked 
| 180|0x000000008b400000, 0x000000008b500000, 0x000000008b500000|100%| O|  |TAMS 0x000000008b500000, 0x000000008b400000| Untracked 
| 181|0x000000008b500000, 0x000000008b600000, 0x000000008b600000|100%| O|  |TAMS 0x000000008b600000, 0x000000008b500000| Untracked 
| 182|0x000000008b600000, 0x000000008b700000, 0x000000008b700000|100%| O|  |TAMS 0x000000008b700000, 0x000000008b600000| Untracked 
| 183|0x000000008b700000, 0x000000008b800000, 0x000000008b800000|100%| O|  |TAMS 0x000000008b787c00, 0x000000008b700000| Untracked 
| 184|0x000000008b800000, 0x000000008b900000, 0x000000008b900000|100%| O|  |TAMS 0x000000008b800000, 0x000000008b800000| Untracked 
| 185|0x000000008b900000, 0x000000008ba00000, 0x000000008ba00000|100%| O|  |TAMS 0x000000008b900000, 0x000000008b900000| Untracked 
| 186|0x000000008ba00000, 0x000000008bb00000, 0x000000008bb00000|100%| O|  |TAMS 0x000000008ba00000, 0x000000008ba00000| Untracked 
| 187|0x000000008bb00000, 0x000000008bc00000, 0x000000008bc00000|100%| O|  |TAMS 0x000000008bb00000, 0x000000008bb00000| Untracked 
| 188|0x000000008bc00000, 0x000000008bd00000, 0x000000008bd00000|100%| O|  |TAMS 0x000000008bc00000, 0x000000008bc00000| Untracked 
| 189|0x000000008bd00000, 0x000000008be00000, 0x000000008be00000|100%| O|  |TAMS 0x000000008bd00000, 0x000000008bd00000| Untracked 
| 190|0x000000008be00000, 0x000000008bf00000, 0x000000008bf00000|100%| O|  |TAMS 0x000000008be00000, 0x000000008be00000| Untracked 
| 191|0x000000008bf00000, 0x000000008c000000, 0x000000008c000000|100%| O|  |TAMS 0x000000008bf00000, 0x000000008bf00000| Untracked 
| 192|0x000000008c000000, 0x000000008c100000, 0x000000008c100000|100%| O|  |TAMS 0x000000008c000000, 0x000000008c000000| Untracked 
| 193|0x000000008c100000, 0x000000008c200000, 0x000000008c200000|100%| O|  |TAMS 0x000000008c100000, 0x000000008c100000| Untracked 
| 194|0x000000008c200000, 0x000000008c300000, 0x000000008c300000|100%| O|  |TAMS 0x000000008c200000, 0x000000008c200000| Untracked 
| 195|0x000000008c300000, 0x000000008c400000, 0x000000008c400000|100%| O|  |TAMS 0x000000008c300000, 0x000000008c300000| Untracked 
| 196|0x000000008c400000, 0x000000008c500000, 0x000000008c500000|100%| O|  |TAMS 0x000000008c400000, 0x000000008c400000| Untracked 
| 197|0x000000008c500000, 0x000000008c600000, 0x000000008c600000|100%| O|  |TAMS 0x000000008c500000, 0x000000008c500000| Untracked 
| 198|0x000000008c600000, 0x000000008c700000, 0x000000008c700000|100%| O|  |TAMS 0x000000008c600000, 0x000000008c600000| Untracked 
| 199|0x000000008c700000, 0x000000008c800000, 0x000000008c800000|100%| O|  |TAMS 0x000000008c700000, 0x000000008c700000| Untracked 
| 200|0x000000008c800000, 0x000000008c900000, 0x000000008c900000|100%| O|  |TAMS 0x000000008c800000, 0x000000008c800000| Untracked 
| 201|0x000000008c900000, 0x000000008ca00000, 0x000000008ca00000|100%| O|  |TAMS 0x000000008c900000, 0x000000008c900000| Untracked 
| 202|0x000000008ca00000, 0x000000008cb00000, 0x000000008cb00000|100%| O|  |TAMS 0x000000008ca00000, 0x000000008ca00000| Untracked 
| 203|0x000000008cb00000, 0x000000008cc00000, 0x000000008cc00000|100%| O|  |TAMS 0x000000008cb00000, 0x000000008cb00000| Untracked 
| 204|0x000000008cc00000, 0x000000008cd00000, 0x000000008cd00000|100%| O|  |TAMS 0x000000008cc00000, 0x000000008cc00000| Untracked 
| 205|0x000000008cd00000, 0x000000008ce00000, 0x000000008ce00000|100%| O|  |TAMS 0x000000008cd00000, 0x000000008cd00000| Untracked 
| 206|0x000000008ce00000, 0x000000008cf00000, 0x000000008cf00000|100%| O|  |TAMS 0x000000008ce00000, 0x000000008ce00000| Untracked 
| 207|0x000000008cf00000, 0x000000008d000000, 0x000000008d000000|100%| O|  |TAMS 0x000000008cf00000, 0x000000008cf00000| Untracked 
| 208|0x000000008d000000, 0x000000008d100000, 0x000000008d100000|100%| O|  |TAMS 0x000000008d000000, 0x000000008d000000| Untracked 
| 209|0x000000008d100000, 0x000000008d200000, 0x000000008d200000|100%| O|  |TAMS 0x000000008d100000, 0x000000008d100000| Untracked 
| 210|0x000000008d200000, 0x000000008d300000, 0x000000008d300000|100%| O|  |TAMS 0x000000008d200000, 0x000000008d200000| Untracked 
| 211|0x000000008d300000, 0x000000008d400000, 0x000000008d400000|100%| O|  |TAMS 0x000000008d300000, 0x000000008d300000| Untracked 
| 212|0x000000008d400000, 0x000000008d500000, 0x000000008d500000|100%| O|  |TAMS 0x000000008d400000, 0x000000008d400000| Untracked 
| 213|0x000000008d500000, 0x000000008d600000, 0x000000008d600000|100%| O|  |TAMS 0x000000008d500000, 0x000000008d500000| Untracked 
| 214|0x000000008d600000, 0x000000008d700000, 0x000000008d700000|100%|HS|  |TAMS 0x000000008d600000, 0x000000008d600000| Complete 
| 215|0x000000008d700000, 0x000000008d800000, 0x000000008d800000|100%|HS|  |TAMS 0x000000008d700000, 0x000000008d700000| Complete 
| 216|0x000000008d800000, 0x000000008d900000, 0x000000008d900000|100%| O|  |TAMS 0x000000008d800000, 0x000000008d800000| Untracked 
| 217|0x000000008d900000, 0x000000008da00000, 0x000000008da00000|100%| O|  |TAMS 0x000000008d900000, 0x000000008d900000| Untracked 
| 218|0x000000008da00000, 0x000000008db00000, 0x000000008db00000|100%| O|  |TAMS 0x000000008da00000, 0x000000008da00000| Untracked 
| 219|0x000000008db00000, 0x000000008dc00000, 0x000000008dc00000|100%| O|  |TAMS 0x000000008db00000, 0x000000008db00000| Untracked 
| 220|0x000000008dc00000, 0x000000008dd00000, 0x000000008dd00000|100%| O|  |TAMS 0x000000008dc00000, 0x000000008dc00000| Untracked 
| 221|0x000000008dd00000, 0x000000008de00000, 0x000000008de00000|100%| O|  |TAMS 0x000000008dd00000, 0x000000008dd00000| Untracked 
| 222|0x000000008de00000, 0x000000008df00000, 0x000000008df00000|100%| O|  |TAMS 0x000000008de00000, 0x000000008de00000| Untracked 
| 223|0x000000008df00000, 0x000000008e000000, 0x000000008e000000|100%| O|  |TAMS 0x000000008df00000, 0x000000008df00000| Untracked 
| 224|0x000000008e000000, 0x000000008e100000, 0x000000008e100000|100%| O|  |TAMS 0x000000008e000000, 0x000000008e000000| Untracked 
| 225|0x000000008e100000, 0x000000008e200000, 0x000000008e200000|100%| O|  |TAMS 0x000000008e100000, 0x000000008e100000| Untracked 
| 226|0x000000008e200000, 0x000000008e300000, 0x000000008e300000|100%| O|  |TAMS 0x000000008e200000, 0x000000008e200000| Untracked 
| 227|0x000000008e300000, 0x000000008e400000, 0x000000008e400000|100%| O|  |TAMS 0x000000008e300000, 0x000000008e300000| Untracked 
| 228|0x000000008e400000, 0x000000008e500000, 0x000000008e500000|100%| O|  |TAMS 0x000000008e400000, 0x000000008e400000| Untracked 
| 229|0x000000008e500000, 0x000000008e600000, 0x000000008e600000|100%| O|  |TAMS 0x000000008e500000, 0x000000008e500000| Untracked 
| 230|0x000000008e600000, 0x000000008e700000, 0x000000008e700000|100%| O|  |TAMS 0x000000008e600000, 0x000000008e600000| Untracked 
| 231|0x000000008e700000, 0x000000008e800000, 0x000000008e800000|100%| O|  |TAMS 0x000000008e700000, 0x000000008e700000| Untracked 
| 232|0x000000008e800000, 0x000000008e900000, 0x000000008e900000|100%| O|  |TAMS 0x000000008e800000, 0x000000008e800000| Untracked 
| 233|0x000000008e900000, 0x000000008ea00000, 0x000000008ea00000|100%| O|  |TAMS 0x000000008e900000, 0x000000008e900000| Untracked 
| 234|0x000000008ea00000, 0x000000008eb00000, 0x000000008eb00000|100%| O|  |TAMS 0x000000008ea00000, 0x000000008ea00000| Untracked 
| 235|0x000000008eb00000, 0x000000008ec00000, 0x000000008ec00000|100%| O|  |TAMS 0x000000008eb00000, 0x000000008eb00000| Untracked 
| 236|0x000000008ec00000, 0x000000008ed00000, 0x000000008ed00000|100%|HS|  |TAMS 0x000000008ec00000, 0x000000008ec00000| Complete 
| 237|0x000000008ed00000, 0x000000008ee00000, 0x000000008ee00000|100%|HC|  |TAMS 0x000000008ed00000, 0x000000008ed00000| Complete 
| 238|0x000000008ee00000, 0x000000008ef00000, 0x000000008ef00000|100%|HC|  |TAMS 0x000000008ee00000, 0x000000008ee00000| Complete 
| 239|0x000000008ef00000, 0x000000008f000000, 0x000000008f000000|100%|HS|  |TAMS 0x000000008ef00000, 0x000000008ef00000| Complete 
| 240|0x000000008f000000, 0x000000008f100000, 0x000000008f100000|100%|HC|  |TAMS 0x000000008f000000, 0x000000008f000000| Complete 
| 241|0x000000008f100000, 0x000000008f200000, 0x000000008f200000|100%| O|  |TAMS 0x000000008f100000, 0x000000008f100000| Untracked 
| 242|0x000000008f200000, 0x000000008f300000, 0x000000008f300000|100%| O|  |TAMS 0x000000008f200000, 0x000000008f200000| Untracked 
| 243|0x000000008f300000, 0x000000008f400000, 0x000000008f400000|100%| O|  |TAMS 0x000000008f300000, 0x000000008f300000| Untracked 
| 244|0x000000008f400000, 0x000000008f500000, 0x000000008f500000|100%| O|  |TAMS 0x000000008f400000, 0x000000008f400000| Untracked 
| 245|0x000000008f500000, 0x000000008f600000, 0x000000008f600000|100%| O|  |TAMS 0x000000008f500000, 0x000000008f500000| Untracked 
| 246|0x000000008f600000, 0x000000008f700000, 0x000000008f700000|100%| O|  |TAMS 0x000000008f600000, 0x000000008f600000| Untracked 
| 247|0x000000008f700000, 0x000000008f800000, 0x000000008f800000|100%| O|  |TAMS 0x000000008f700000, 0x000000008f700000| Untracked 
| 248|0x000000008f800000, 0x000000008f900000, 0x000000008f900000|100%| O|  |TAMS 0x000000008f800000, 0x000000008f800000| Untracked 
| 249|0x000000008f900000, 0x000000008fa00000, 0x000000008fa00000|100%| O|  |TAMS 0x000000008f900000, 0x000000008f900000| Untracked 
| 250|0x000000008fa00000, 0x000000008fa00000, 0x000000008fb00000|  0%| F|  |TAMS 0x000000008fa00000, 0x000000008fa00000| Untracked 
| 251|0x000000008fb00000, 0x000000008fb00000, 0x000000008fc00000|  0%| F|  |TAMS 0x000000008fb00000, 0x000000008fb00000| Untracked 
| 252|0x000000008fc00000, 0x000000008fc00000, 0x000000008fd00000|  0%| F|  |TAMS 0x000000008fc00000, 0x000000008fc00000| Untracked 
| 253|0x000000008fd00000, 0x000000008fd00000, 0x000000008fe00000|  0%| F|  |TAMS 0x000000008fd00000, 0x000000008fd00000| Untracked 
| 254|0x000000008fe00000, 0x000000008fe00000, 0x000000008ff00000|  0%| F|  |TAMS 0x000000008fe00000, 0x000000008fe00000| Untracked 
| 255|0x000000008ff00000, 0x0000000090000000, 0x0000000090000000|100%| O|  |TAMS 0x000000008ff00000, 0x000000008ff00000| Untracked 
| 256|0x0000000090000000, 0x0000000090100000, 0x0000000090100000|100%| O|  |TAMS 0x0000000090000000, 0x0000000090000000| Untracked 
| 257|0x0000000090100000, 0x0000000090200000, 0x0000000090200000|100%| O|  |TAMS 0x0000000090100000, 0x0000000090100000| Untracked 
| 258|0x0000000090200000, 0x0000000090200000, 0x0000000090300000|  0%| F|  |TAMS 0x0000000090200000, 0x0000000090200000| Untracked 
| 259|0x0000000090300000, 0x0000000090300000, 0x0000000090400000|  0%| F|  |TAMS 0x0000000090300000, 0x0000000090300000| Untracked 
| 260|0x0000000090400000, 0x0000000090400000, 0x0000000090500000|  0%| F|  |TAMS 0x0000000090400000, 0x0000000090400000| Untracked 
| 261|0x0000000090500000, 0x0000000090500000, 0x0000000090600000|  0%| F|  |TAMS 0x0000000090500000, 0x0000000090500000| Untracked 
| 262|0x0000000090600000, 0x0000000090600000, 0x0000000090700000|  0%| F|  |TAMS 0x0000000090600000, 0x0000000090600000| Untracked 
| 263|0x0000000090700000, 0x0000000090700000, 0x0000000090800000|  0%| F|  |TAMS 0x0000000090700000, 0x0000000090700000| Untracked 
| 264|0x0000000090800000, 0x0000000090800000, 0x0000000090900000|  0%| F|  |TAMS 0x0000000090800000, 0x0000000090800000| Untracked 
| 265|0x0000000090900000, 0x0000000090900000, 0x0000000090a00000|  0%| F|  |TAMS 0x0000000090900000, 0x0000000090900000| Untracked 
| 266|0x0000000090a00000, 0x0000000090a00000, 0x0000000090b00000|  0%| F|  |TAMS 0x0000000090a00000, 0x0000000090a00000| Untracked 
| 267|0x0000000090b00000, 0x0000000090b00000, 0x0000000090c00000|  0%| F|  |TAMS 0x0000000090b00000, 0x0000000090b00000| Untracked 
| 268|0x0000000090c00000, 0x0000000090c00000, 0x0000000090d00000|  0%| F|  |TAMS 0x0000000090c00000, 0x0000000090c00000| Untracked 
| 269|0x0000000090d00000, 0x0000000090d00000, 0x0000000090e00000|  0%| F|  |TAMS 0x0000000090d00000, 0x0000000090d00000| Untracked 
| 270|0x0000000090e00000, 0x0000000090e00000, 0x0000000090f00000|  0%| F|  |TAMS 0x0000000090e00000, 0x0000000090e00000| Untracked 
| 271|0x0000000090f00000, 0x0000000090f00000, 0x0000000091000000|  0%| F|  |TAMS 0x0000000090f00000, 0x0000000090f00000| Untracked 
| 272|0x0000000091000000, 0x0000000091000000, 0x0000000091100000|  0%| F|  |TAMS 0x0000000091000000, 0x0000000091000000| Untracked 
| 273|0x0000000091100000, 0x0000000091100000, 0x0000000091200000|  0%| F|  |TAMS 0x0000000091100000, 0x0000000091100000| Untracked 
| 274|0x0000000091200000, 0x0000000091200000, 0x0000000091300000|  0%| F|  |TAMS 0x0000000091200000, 0x0000000091200000| Untracked 
| 275|0x0000000091300000, 0x0000000091300000, 0x0000000091400000|  0%| F|  |TAMS 0x0000000091300000, 0x0000000091300000| Untracked 
| 276|0x0000000091400000, 0x0000000091400000, 0x0000000091500000|  0%| F|  |TAMS 0x0000000091400000, 0x0000000091400000| Untracked 
| 277|0x0000000091500000, 0x0000000091500000, 0x0000000091600000|  0%| F|  |TAMS 0x0000000091500000, 0x0000000091500000| Untracked 
| 278|0x0000000091600000, 0x0000000091600000, 0x0000000091700000|  0%| F|  |TAMS 0x0000000091600000, 0x0000000091600000| Untracked 
| 279|0x0000000091700000, 0x0000000091700000, 0x0000000091800000|  0%| F|  |TAMS 0x0000000091700000, 0x0000000091700000| Untracked 
| 280|0x0000000091800000, 0x0000000091800000, 0x0000000091900000|  0%| F|  |TAMS 0x0000000091800000, 0x0000000091800000| Untracked 
| 281|0x0000000091900000, 0x0000000091900000, 0x0000000091a00000|  0%| F|  |TAMS 0x0000000091900000, 0x0000000091900000| Untracked 
| 282|0x0000000091a00000, 0x0000000091a00000, 0x0000000091b00000|  0%| F|  |TAMS 0x0000000091a00000, 0x0000000091a00000| Untracked 
| 283|0x0000000091b00000, 0x0000000091b00000, 0x0000000091c00000|  0%| F|  |TAMS 0x0000000091b00000, 0x0000000091b00000| Untracked 
| 284|0x0000000091c00000, 0x0000000091c00000, 0x0000000091d00000|  0%| F|  |TAMS 0x0000000091c00000, 0x0000000091c00000| Untracked 
| 285|0x0000000091d00000, 0x0000000091d00000, 0x0000000091e00000|  0%| F|  |TAMS 0x0000000091d00000, 0x0000000091d00000| Untracked 
| 286|0x0000000091e00000, 0x0000000091e00000, 0x0000000091f00000|  0%| F|  |TAMS 0x0000000091e00000, 0x0000000091e00000| Untracked 
| 287|0x0000000091f00000, 0x0000000091f00000, 0x0000000092000000|  0%| F|  |TAMS 0x0000000091f00000, 0x0000000091f00000| Untracked 
| 288|0x0000000092000000, 0x0000000092000000, 0x0000000092100000|  0%| F|  |TAMS 0x0000000092000000, 0x0000000092000000| Untracked 
| 289|0x0000000092100000, 0x0000000092100000, 0x0000000092200000|  0%| F|  |TAMS 0x0000000092100000, 0x0000000092100000| Untracked 
| 290|0x0000000092200000, 0x0000000092200000, 0x0000000092300000|  0%| F|  |TAMS 0x0000000092200000, 0x0000000092200000| Untracked 
| 291|0x0000000092300000, 0x0000000092300000, 0x0000000092400000|  0%| F|  |TAMS 0x0000000092300000, 0x0000000092300000| Untracked 
| 292|0x0000000092400000, 0x0000000092400000, 0x0000000092500000|  0%| F|  |TAMS 0x0000000092400000, 0x0000000092400000| Untracked 
| 293|0x0000000092500000, 0x0000000092500000, 0x0000000092600000|  0%| F|  |TAMS 0x0000000092500000, 0x0000000092500000| Untracked 
| 294|0x0000000092600000, 0x0000000092600000, 0x0000000092700000|  0%| F|  |TAMS 0x0000000092600000, 0x0000000092600000| Untracked 
| 295|0x0000000092700000, 0x0000000092700000, 0x0000000092800000|  0%| F|  |TAMS 0x0000000092700000, 0x0000000092700000| Untracked 
| 296|0x0000000092800000, 0x0000000092900000, 0x0000000092900000|100%| S|CS|TAMS 0x0000000092800000, 0x0000000092800000| Complete 
| 297|0x0000000092900000, 0x0000000092a00000, 0x0000000092a00000|100%| S|CS|TAMS 0x0000000092900000, 0x0000000092900000| Complete 
| 298|0x0000000092a00000, 0x0000000092b00000, 0x0000000092b00000|100%| S|CS|TAMS 0x0000000092a00000, 0x0000000092a00000| Complete 
| 299|0x0000000092b00000, 0x0000000092b00000, 0x0000000092c00000|  0%| F|  |TAMS 0x0000000092b00000, 0x0000000092b00000| Untracked 
| 300|0x0000000092c00000, 0x0000000092c00000, 0x0000000092d00000|  0%| F|  |TAMS 0x0000000092c00000, 0x0000000092c00000| Untracked 
| 301|0x0000000092d00000, 0x0000000092d00000, 0x0000000092e00000|  0%| F|  |TAMS 0x0000000092d00000, 0x0000000092d00000| Untracked 
| 302|0x0000000092e00000, 0x0000000092e00000, 0x0000000092f00000|  0%| F|  |TAMS 0x0000000092e00000, 0x0000000092e00000| Untracked 
| 303|0x0000000092f00000, 0x0000000092f00000, 0x0000000093000000|  0%| F|  |TAMS 0x0000000092f00000, 0x0000000092f00000| Untracked 
| 304|0x0000000093000000, 0x0000000093000000, 0x0000000093100000|  0%| F|  |TAMS 0x0000000093000000, 0x0000000093000000| Untracked 
| 305|0x0000000093100000, 0x0000000093100000, 0x0000000093200000|  0%| F|  |TAMS 0x0000000093100000, 0x0000000093100000| Untracked 
| 306|0x0000000093200000, 0x0000000093200000, 0x0000000093300000|  0%| F|  |TAMS 0x0000000093200000, 0x0000000093200000| Untracked 
| 307|0x0000000093300000, 0x0000000093300000, 0x0000000093400000|  0%| F|  |TAMS 0x0000000093300000, 0x0000000093300000| Untracked 
| 308|0x0000000093400000, 0x0000000093400000, 0x0000000093500000|  0%| F|  |TAMS 0x0000000093400000, 0x0000000093400000| Untracked 
| 309|0x0000000093500000, 0x0000000093500000, 0x0000000093600000|  0%| F|  |TAMS 0x0000000093500000, 0x0000000093500000| Untracked 
| 310|0x0000000093600000, 0x0000000093600000, 0x0000000093700000|  0%| F|  |TAMS 0x0000000093600000, 0x0000000093600000| Untracked 
| 311|0x0000000093700000, 0x0000000093700000, 0x0000000093800000|  0%| F|  |TAMS 0x0000000093700000, 0x0000000093700000| Untracked 
| 312|0x0000000093800000, 0x0000000093800000, 0x0000000093900000|  0%| F|  |TAMS 0x0000000093800000, 0x0000000093800000| Untracked 
| 313|0x0000000093900000, 0x0000000093900000, 0x0000000093a00000|  0%| F|  |TAMS 0x0000000093900000, 0x0000000093900000| Untracked 
| 314|0x0000000093a00000, 0x0000000093a00000, 0x0000000093b00000|  0%| F|  |TAMS 0x0000000093a00000, 0x0000000093a00000| Untracked 
| 315|0x0000000093b00000, 0x0000000093b00000, 0x0000000093c00000|  0%| F|  |TAMS 0x0000000093b00000, 0x0000000093b00000| Untracked 
| 316|0x0000000093c00000, 0x0000000093c00000, 0x0000000093d00000|  0%| F|  |TAMS 0x0000000093c00000, 0x0000000093c00000| Untracked 
| 317|0x0000000093d00000, 0x0000000093d00000, 0x0000000093e00000|  0%| F|  |TAMS 0x0000000093d00000, 0x0000000093d00000| Untracked 
| 318|0x0000000093e00000, 0x0000000093e00000, 0x0000000093f00000|  0%| F|  |TAMS 0x0000000093e00000, 0x0000000093e00000| Untracked 
| 319|0x0000000093f00000, 0x0000000093fece90, 0x0000000094000000| 92%| E|  |TAMS 0x0000000093f00000, 0x0000000093f00000| Complete 
| 320|0x0000000094000000, 0x0000000094100000, 0x0000000094100000|100%| E|CS|TAMS 0x0000000094000000, 0x0000000094000000| Complete 
| 321|0x0000000094100000, 0x0000000094200000, 0x0000000094200000|100%| E|CS|TAMS 0x0000000094100000, 0x0000000094100000| Complete 

Card table byte_map: [0x00000134364f0000,0x00000134368f0000] _byte_map_base: 0x00000134360f0000

Marking Bits (Prev, Next): (CMBitMap*) 0x000001341f2f7520, (CMBitMap*) 0x000001341f2f7560
 Prev Bits: [0x0000013436cf0000, 0x0000013438cf0000)
 Next Bits: [0x0000013438cf0000, 0x000001343acf0000)

Polling page: 0x000001341e900000

Metaspace:

Usage:
  Non-class:     97.81 MB used.
      Class:     15.58 MB used.
       Both:    113.39 MB used.

Virtual space:
  Non-class space:      128.00 MB reserved,      98.62 MB ( 77%) committed,  2 nodes.
      Class space:      416.00 MB reserved,      16.25 MB (  4%) committed,  1 nodes.
             Both:      544.00 MB reserved,     114.88 MB ( 21%) committed. 

Chunk freelists:
   Non-Class:  12.97 MB
       Class:  15.56 MB
        Both:  28.53 MB

MaxMetaspaceSize: 512.00 MB
CompressedClassSpaceSize: 416.00 MB
Initial GC threshold: 21.00 MB
Current GC threshold: 181.56 MB
CDS: on
MetaspaceReclaimPolicy: balanced
 - commit_granule_bytes: 65536.
 - commit_granule_words: 8192.
 - virtual_space_node_default_size: 8388608.
 - enlarge_chunks_in_place: 1.
 - new_chunks_are_fully_committed: 0.
 - uncommit_free_chunks: 1.
 - use_allocation_guard: 0.
 - handle_deallocations: 1.


Internal statistics:

num_allocs_failed_limit: 12.
num_arena_births: 1982.
num_arena_deaths: 0.
num_vsnodes_births: 3.
num_vsnodes_deaths: 0.
num_space_committed: 1837.
num_space_uncommitted: 0.
num_chunks_returned_to_freelist: 12.
num_chunks_taken_from_freelist: 7385.
num_chunk_merges: 12.
num_chunk_splits: 4643.
num_chunks_enlarged: 2781.
num_inconsistent_stats: 0.

CodeHeap 'non-profiled nmethods': size=120000Kb used=11829Kb max_used=11829Kb free=108170Kb
 bounds [0x000001342e890000, 0x000001342f420000, 0x0000013435dc0000]
CodeHeap 'profiled nmethods': size=120000Kb used=29141Kb max_used=29141Kb free=90858Kb
 bounds [0x0000013426dc0000, 0x0000013428a40000, 0x000001342e2f0000]
CodeHeap 'non-nmethods': size=5760Kb used=2449Kb max_used=2512Kb free=3310Kb
 bounds [0x000001342e2f0000, 0x000001342e580000, 0x000001342e890000]
 total_blobs=15835 nmethods=14841 adapters=906
 compilation: enabled
              stopped_count=0, restarted_count=0
 full_count=0

Compilation events (20 events):
Event: 137.989 Thread 0x000001343d717290 nmethod 17789 0x0000013428a27710 code [0x0000013428a278c0, 0x0000013428a27b68]
Event: 137.989 Thread 0x000001343d717290 17790       3       org.gradle.internal.properties.bean.DefaultPropertyWalker$1::lambda$visitLeaf$0 (8 bytes)
Event: 137.989 Thread 0x000001343d717290 nmethod 17790 0x0000013428a27d10 code [0x0000013428a27ec0, 0x0000013428a280c8]
Event: 138.598 Thread 0x000001343d717290 17791       3       org.gradle.internal.operations.CurrentBuildOperationRef::instance (4 bytes)
Event: 138.598 Thread 0x000001343d717290 nmethod 17791 0x0000013428a28210 code [0x0000013428a283a0, 0x0000013428a28498]
Event: 138.600 Thread 0x000001343d717290 17793       3       org.gradle.tooling.internal.provider.runner.ProgressEventConsumer$$Lambda$1692/0x000001343fa00000::test (14 bytes)
Event: 138.600 Thread 0x000001343d717290 nmethod 17793 0x0000013428a28510 code [0x0000013428a286c0, 0x0000013428a28988]
Event: 138.600 Thread 0x000001343d717290 17794       3       java.util.concurrent.ConcurrentHashMap$KeySetView::contains (9 bytes)
Event: 138.600 Thread 0x000001343d717290 nmethod 17794 0x0000013428a28a90 code [0x0000013428a28c40, 0x0000013428a28e48]
Event: 138.600 Thread 0x000001343d717290 17795       3       org.gradle.internal.execution.steps.WorkspaceContext::<init> (22 bytes)
Event: 138.601 Thread 0x000001343d717290 nmethod 17795 0x0000013428a28f90 code [0x0000013428a29140, 0x0000013428a29368]
Event: 138.601 Thread 0x000001343d717290 17796       3       org.gradle.internal.execution.steps.IdentityContext::<init> (18 bytes)
Event: 138.601 Thread 0x000001343d717290 nmethod 17796 0x0000013428a29410 code [0x0000013428a29640, 0x0000013428a2a278]
Event: 138.814 Thread 0x000001343d717290 17797   !   3       org.gradle.internal.event.DefaultListenerManager$ListenerDetails::dispatch (67 bytes)
Event: 138.815 Thread 0x000001343d717290 nmethod 17797 0x0000013428a2a590 code [0x0000013428a2a800, 0x0000013428a2b458]
Event: 138.815 Thread 0x000001343d717290 17798       1       org.gradle.execution.plan.WorkSource$Selection$1::isNoWorkReadyToStart (2 bytes)
Event: 138.815 Thread 0x000001343d717290 nmethod 17798 0x000001342f41cd90 code [0x000001342f41cf20, 0x000001342f41cff8]
Event: 138.879 Thread 0x000001343d717290 17799   !   3       sun.nio.fs.WindowsNativeDispatcher::GetFullPathName (26 bytes)
Event: 138.880 Thread 0x000001343d717290 nmethod 17799 0x0000013428a2b890 code [0x0000013428a2ba60, 0x0000013428a2bd38]
Event: 138.883 Thread 0x000001343d717290 17801   !   3       sun.nio.fs.WindowsPath::getAbsolutePath (477 bytes)

GC Heap History (20 events):
Event: 122.652 GC heap before
{Heap before GC invocations=73 (full 0):
 garbage-first heap   total 329728K, used 278447K [0x0000000080000000, 0x0000000100000000)
  region size 1024K, 58 young (59392K), 4 survivors (4096K)
 Metaspace       used 111638K, committed 112896K, reserved 557056K
  class space    used 15517K, committed 16064K, reserved 425984K
}
Event: 122.661 GC heap after
{Heap after GC invocations=74 (full 0):
 garbage-first heap   total 329728K, used 228913K [0x0000000080000000, 0x0000000100000000)
  region size 1024K, 8 young (8192K), 8 survivors (8192K)
 Metaspace       used 111638K, committed 112896K, reserved 557056K
  class space    used 15517K, committed 16064K, reserved 425984K
}
Event: 123.757 GC heap before
{Heap before GC invocations=74 (full 0):
 garbage-first heap   total 329728K, used 276017K [0x0000000080000000, 0x0000000100000000)
  region size 1024K, 55 young (56320K), 8 survivors (8192K)
 Metaspace       used 112168K, committed 113600K, reserved 557056K
  class space    used 15620K, committed 16256K, reserved 425984K
}
Event: 123.771 GC heap after
{Heap after GC invocations=75 (full 0):
 garbage-first heap   total 329728K, used 235221K [0x0000000080000000, 0x0000000100000000)
  region size 1024K, 7 young (7168K), 7 survivors (7168K)
 Metaspace       used 112168K, committed 113600K, reserved 557056K
  class space    used 15620K, committed 16256K, reserved 425984K
}
Event: 124.014 GC heap before
{Heap before GC invocations=75 (full 0):
 garbage-first heap   total 329728K, used 276181K [0x0000000080000000, 0x0000000100000000)
  region size 1024K, 48 young (49152K), 7 survivors (7168K)
 Metaspace       used 112168K, committed 113600K, reserved 557056K
  class space    used 15620K, committed 16256K, reserved 425984K
}
Event: 124.021 GC heap after
{Heap after GC invocations=76 (full 0):
 garbage-first heap   total 329728K, used 236903K [0x0000000080000000, 0x0000000100000000)
  region size 1024K, 4 young (4096K), 4 survivors (4096K)
 Metaspace       used 112168K, committed 113600K, reserved 557056K
  class space    used 15620K, committed 16256K, reserved 425984K
}
Event: 124.682 GC heap before
{Heap before GC invocations=76 (full 0):
 garbage-first heap   total 329728K, used 277863K [0x0000000080000000, 0x0000000100000000)
  region size 1024K, 45 young (46080K), 4 survivors (4096K)
 Metaspace       used 112363K, committed 113856K, reserved 557056K
  class space    used 15646K, committed 16320K, reserved 425984K
}
Event: 124.689 GC heap after
{Heap after GC invocations=77 (full 0):
 garbage-first heap   total 329728K, used 238342K [0x0000000080000000, 0x0000000100000000)
  region size 1024K, 5 young (5120K), 5 survivors (5120K)
 Metaspace       used 112363K, committed 113856K, reserved 557056K
  class space    used 15646K, committed 16320K, reserved 425984K
}
Event: 127.217 GC heap before
{Heap before GC invocations=77 (full 0):
 garbage-first heap   total 329728K, used 279302K [0x0000000080000000, 0x0000000100000000)
  region size 1024K, 46 young (47104K), 5 survivors (5120K)
 Metaspace       used 112565K, committed 114048K, reserved 557056K
  class space    used 15680K, committed 16320K, reserved 425984K
}
Event: 127.224 GC heap after
{Heap after GC invocations=78 (full 0):
 garbage-first heap   total 329728K, used 243347K [0x0000000080000000, 0x0000000100000000)
  region size 1024K, 6 young (6144K), 6 survivors (6144K)
 Metaspace       used 112565K, committed 114048K, reserved 557056K
  class space    used 15680K, committed 16320K, reserved 425984K
}
Event: 127.599 GC heap before
{Heap before GC invocations=78 (full 0):
 garbage-first heap   total 329728K, used 279187K [0x0000000080000000, 0x0000000100000000)
  region size 1024K, 42 young (43008K), 6 survivors (6144K)
 Metaspace       used 112565K, committed 114048K, reserved 557056K
  class space    used 15680K, committed 16320K, reserved 425984K
}
Event: 127.605 GC heap after
{Heap after GC invocations=79 (full 0):
 garbage-first heap   total 329728K, used 243879K [0x0000000080000000, 0x0000000100000000)
  region size 1024K, 3 young (3072K), 3 survivors (3072K)
 Metaspace       used 112565K, committed 114048K, reserved 557056K
  class space    used 15680K, committed 16320K, reserved 425984K
}
Event: 128.181 GC heap before
{Heap before GC invocations=79 (full 0):
 garbage-first heap   total 329728K, used 281767K [0x0000000080000000, 0x0000000100000000)
  region size 1024K, 41 young (41984K), 3 survivors (3072K)
 Metaspace       used 112566K, committed 114048K, reserved 557056K
  class space    used 15680K, committed 16320K, reserved 425984K
}
Event: 128.185 GC heap after
{Heap after GC invocations=80 (full 0):
 garbage-first heap   total 329728K, used 244492K [0x0000000080000000, 0x0000000100000000)
  region size 1024K, 4 young (4096K), 4 survivors (4096K)
 Metaspace       used 112566K, committed 114048K, reserved 557056K
  class space    used 15680K, committed 16320K, reserved 425984K
}
Event: 129.243 GC heap before
{Heap before GC invocations=80 (full 0):
 garbage-first heap   total 329728K, used 287500K [0x0000000080000000, 0x0000000100000000)
  region size 1024K, 42 young (43008K), 4 survivors (4096K)
 Metaspace       used 113898K, committed 115456K, reserved 557056K
  class space    used 15820K, committed 16512K, reserved 425984K
}
Event: 129.249 GC heap after
{Heap after GC invocations=81 (full 0):
 garbage-first heap   total 329728K, used 254877K [0x0000000080000000, 0x0000000100000000)
  region size 1024K, 6 young (6144K), 6 survivors (6144K)
 Metaspace       used 113898K, committed 115456K, reserved 557056K
  class space    used 15820K, committed 16512K, reserved 425984K
}
Event: 129.832 GC heap before
{Heap before GC invocations=81 (full 0):
 garbage-first heap   total 329728K, used 280477K [0x0000000080000000, 0x0000000100000000)
  region size 1024K, 32 young (32768K), 6 survivors (6144K)
 Metaspace       used 114722K, committed 116288K, reserved 557056K
  class space    used 15880K, committed 16576K, reserved 425984K
}
Event: 129.840 GC heap after
{Heap after GC invocations=82 (full 0):
 garbage-first heap   total 329728K, used 259378K [0x0000000080000000, 0x0000000100000000)
  region size 1024K, 4 young (4096K), 4 survivors (4096K)
 Metaspace       used 114722K, committed 116288K, reserved 557056K
  class space    used 15880K, committed 16576K, reserved 425984K
}
Event: 136.727 GC heap before
{Heap before GC invocations=82 (full 0):
 garbage-first heap   total 329728K, used 287026K [0x0000000080000000, 0x0000000100000000)
  region size 1024K, 27 young (27648K), 4 survivors (4096K)
 Metaspace       used 116101K, committed 117632K, reserved 557056K
  class space    used 15954K, committed 16640K, reserved 425984K
}
Event: 136.734 GC heap after
{Heap after GC invocations=83 (full 0):
 garbage-first heap   total 329728K, used 261845K [0x0000000080000000, 0x0000000100000000)
  region size 1024K, 3 young (3072K), 3 survivors (3072K)
 Metaspace       used 116101K, committed 117632K, reserved 557056K
  class space    used 15954K, committed 16640K, reserved 425984K
}

Dll operation events (15 events):
Event: 0.035 Loaded shared library C:\Program Files\Microsoft\jdk-17.0.12.7-hotspot\bin\java.dll
Event: 0.075 Loaded shared library C:\Program Files\Microsoft\jdk-17.0.12.7-hotspot\bin\jsvml.dll
Event: 0.231 Loaded shared library C:\Program Files\Microsoft\jdk-17.0.12.7-hotspot\bin\zip.dll
Event: 0.238 Loaded shared library C:\Program Files\Microsoft\jdk-17.0.12.7-hotspot\bin\instrument.dll
Event: 0.249 Loaded shared library C:\Program Files\Microsoft\jdk-17.0.12.7-hotspot\bin\net.dll
Event: 0.253 Loaded shared library C:\Program Files\Microsoft\jdk-17.0.12.7-hotspot\bin\nio.dll
Event: 0.260 Loaded shared library C:\Program Files\Microsoft\jdk-17.0.12.7-hotspot\bin\zip.dll
Event: 1.014 Loaded shared library C:\Program Files\Microsoft\jdk-17.0.12.7-hotspot\bin\jimage.dll
Event: 1.590 Loaded shared library C:\Program Files\Microsoft\jdk-17.0.12.7-hotspot\bin\verify.dll
Event: 1.931 Loaded shared library C:\Users\Abutalib\.gradle\native\c067742578af261105cb4f569cf0c3c89f3d7b1fecec35dd04571415982c5e48\windows-amd64\native-platform.dll
Event: 2.027 Loaded shared library C:\Users\Abutalib\.gradle\native\100fb08df4bc3b14c8652ba06237920a3bd2aa13389f12d3474272988ae205f9\windows-amd64\native-platform-file-events.dll
Event: 5.619 Loaded shared library C:\Program Files\Microsoft\jdk-17.0.12.7-hotspot\bin\management.dll
Event: 5.626 Loaded shared library C:\Program Files\Microsoft\jdk-17.0.12.7-hotspot\bin\management_ext.dll
Event: 6.197 Loaded shared library C:\Program Files\Microsoft\jdk-17.0.12.7-hotspot\bin\extnet.dll
Event: 6.939 Loaded shared library C:\Program Files\Microsoft\jdk-17.0.12.7-hotspot\bin\sunmscapi.dll

Deoptimization events (20 events):
Event: 130.357 Thread 0x000001345f1e8c40 DEOPT PACKING pc=0x000001342f0649a4 sp=0x00000010ef8fb180
Event: 130.357 Thread 0x000001345f1e8c40 DEOPT UNPACKING pc=0x000001342e3469a3 sp=0x00000010ef8fb180 mode 2
Event: 131.965 Thread 0x000001345f1e8c40 Uncommon trap: trap_request=0xffffff45 fr.pc=0x000001342e9b67c8 relative=0x00000000000007a8
Event: 131.965 Thread 0x000001345f1e8c40 Uncommon trap: reason=unstable_if action=reinterpret pc=0x000001342e9b67c8 method=org.gradle.internal.snapshot.VfsRelativePath.compareToFirstSegment(Ljava/lang/String;Lorg/gradle/internal/snapshot/CaseSensitivity;)I @ 156 c2
Event: 131.965 Thread 0x000001345f1e8c40 DEOPT PACKING pc=0x000001342e9b67c8 sp=0x00000010ef8fdfd0
Event: 131.966 Thread 0x000001345f1e8c40 DEOPT UNPACKING pc=0x000001342e3469a3 sp=0x00000010ef8fdf50 mode 2
Event: 131.972 Thread 0x000001345f1e8c40 Uncommon trap: trap_request=0xffffff45 fr.pc=0x000001342ee69378 relative=0x00000000000005d8
Event: 131.972 Thread 0x000001345f1e8c40 Uncommon trap: reason=unstable_if action=reinterpret pc=0x000001342ee69378 method=org.gradle.internal.snapshot.VfsRelativePath.lengthOfCommonPrefix(Ljava/lang/String;Lorg/gradle/internal/snapshot/CaseSensitivity;)I @ 165 c2
Event: 131.972 Thread 0x000001345f1e8c40 DEOPT PACKING pc=0x000001342ee69378 sp=0x00000010ef8fe020
Event: 131.972 Thread 0x000001345f1e8c40 DEOPT UNPACKING pc=0x000001342e3469a3 sp=0x00000010ef8fdfb0 mode 2
Event: 132.006 Thread 0x000001345f1e8c40 Uncommon trap: trap_request=0xffffff45 fr.pc=0x000001342f3f8c4c relative=0x0000000000000ccc
Event: 132.007 Thread 0x000001345f1e8c40 Uncommon trap: reason=unstable_if action=reinterpret pc=0x000001342f3f8c4c method=sun.nio.fs.WindowsPath.getPathForWin32Calls()Ljava/lang/String; @ 17 c2
Event: 132.007 Thread 0x000001345f1e8c40 DEOPT PACKING pc=0x000001342f3f8c4c sp=0x00000010ef8fa560
Event: 132.007 Thread 0x000001345f1e8c40 DEOPT UNPACKING pc=0x000001342e3469a3 sp=0x00000010ef8fa478 mode 2
Event: 132.007 Thread 0x000001345f1e8c40 Uncommon trap: trap_request=0xffffff45 fr.pc=0x000001342f052030 relative=0x0000000000000090
Event: 132.007 Thread 0x000001345f1e8c40 Uncommon trap: reason=unstable_if action=reinterpret pc=0x000001342f052030 method=sun.nio.fs.WindowsPath.getPathForWin32Calls()Ljava/lang/String; @ 17 c2
Event: 132.007 Thread 0x000001345f1e8c40 DEOPT PACKING pc=0x000001342f052030 sp=0x00000010ef8fa5c0
Event: 132.007 Thread 0x000001345f1e8c40 DEOPT UNPACKING pc=0x000001342e3469a3 sp=0x00000010ef8fa530 mode 2
Event: 133.991 Thread 0x000001345f1e8730 DEOPT PACKING pc=0x00000134287cdfbc sp=0x00000010ef7fac20
Event: 133.991 Thread 0x000001345f1e8730 DEOPT UNPACKING pc=0x000001342e347143 sp=0x00000010ef7fa120 mode 0

Classes loaded (20 events):
Event: 129.083 Loading class com/sun/org/apache/xerces/internal/impl/io/MalformedByteSequenceException
Event: 129.083 Loading class java/io/CharConversionException
Event: 129.084 Loading class java/io/CharConversionException done
Event: 129.084 Loading class com/sun/org/apache/xerces/internal/impl/io/MalformedByteSequenceException done
Event: 129.084 Loading class com/sun/org/apache/xerces/internal/dom/DeepNodeListImpl
Event: 129.085 Loading class com/sun/org/apache/xerces/internal/dom/DeepNodeListImpl done
Event: 129.085 Loading class com/sun/org/apache/xerces/internal/dom/DeferredElementImpl
Event: 129.086 Loading class com/sun/org/apache/xerces/internal/dom/DeferredElementImpl done
Event: 129.086 Loading class com/sun/org/apache/xerces/internal/dom/AttributeMap
Event: 129.087 Loading class com/sun/org/apache/xerces/internal/dom/NamedNodeMapImpl
Event: 129.087 Loading class com/sun/org/apache/xerces/internal/dom/NamedNodeMapImpl done
Event: 129.087 Loading class com/sun/org/apache/xerces/internal/dom/AttributeMap done
Event: 129.088 Loading class com/sun/org/apache/xerces/internal/dom/DeferredAttrImpl
Event: 129.088 Loading class com/sun/org/apache/xerces/internal/dom/AttrImpl
Event: 129.089 Loading class com/sun/org/apache/xerces/internal/dom/AttrImpl done
Event: 129.090 Loading class com/sun/org/apache/xerces/internal/dom/DeferredAttrImpl done
Event: 130.061 Loading class java/util/HashMap$UnsafeHolder
Event: 130.062 Loading class java/util/HashMap$UnsafeHolder done
Event: 130.347 Loading class java/time/Instant$1
Event: 130.348 Loading class java/time/Instant$1 done

Classes unloaded (0 events):
No events

Classes redefined (0 events):
No events

Internal exceptions (20 events):
Event: 124.439 Thread 0x000001345db083e0 Exception <a 'java/lang/ClassNotFoundException'{0x0000000092193818}: build_5wkckg0nshompsnyo32vvdqhx$_run_closure1Customizer> (0x0000000092193818) 
thrown [s\src\hotspot\share\classfile\systemDictionary.cpp, line 256]
Event: 124.459 Thread 0x000001345db083e0 Exception <a 'java/lang/ClassNotFoundException'{0x0000000092064e58}: sun/nio/fs/WindowsPathBeanInfo> (0x0000000092064e58) 
thrown [s\src\hotspot\share\classfile\systemDictionary.cpp, line 256]
Event: 124.461 Thread 0x000001345db083e0 Exception <a 'java/lang/ClassNotFoundException'{0x000000009206e870}: sun/nio/fs/WindowsPathCustomizer> (0x000000009206e870) 
thrown [s\src\hotspot\share\classfile\systemDictionary.cpp, line 256]
Event: 124.778 Thread 0x000001345db083e0 Exception <a 'java/lang/ClassNotFoundException'{0x00000000940ef080}: build_drkb51yzyix4ug9yycmb6hapeBeanInfo> (0x00000000940ef080) 
thrown [s\src\hotspot\share\classfile\systemDictionary.cpp, line 256]
Event: 124.780 Thread 0x000001345db083e0 Exception <a 'java/lang/ClassNotFoundException'{0x00000000940f6258}: build_drkb51yzyix4ug9yycmb6hapeCustomizer> (0x00000000940f6258) 
thrown [s\src\hotspot\share\classfile\systemDictionary.cpp, line 256]
Event: 128.588 Thread 0x000001345db083e0 Exception <a 'java/lang/ClassNotFoundException'{0x0000000092bc2bd0}: build_drkb51yzyix4ug9yycmb6hapeBeanInfo> (0x0000000092bc2bd0) 
thrown [s\src\hotspot\share\classfile\systemDictionary.cpp, line 256]
Event: 128.590 Thread 0x000001345db083e0 Exception <a 'java/lang/ClassNotFoundException'{0x0000000092bc9d10}: build_drkb51yzyix4ug9yycmb6hapeCustomizer> (0x0000000092bc9d10) 
thrown [s\src\hotspot\share\classfile\systemDictionary.cpp, line 256]
Event: 128.888 Thread 0x000001345db083e0 Exception <a 'java/lang/ClassNotFoundException'{0x0000000092481038}: build_drkb51yzyix4ug9yycmb6hape$_run_closure1BeanInfo> (0x0000000092481038) 
thrown [s\src\hotspot\share\classfile\systemDictionary.cpp, line 256]
Event: 128.891 Thread 0x000001345db083e0 Exception <a 'java/lang/ClassNotFoundException'{0x000000009248e178}: build_drkb51yzyix4ug9yycmb6hape$_run_closure1Customizer> (0x000000009248e178) 
thrown [s\src\hotspot\share\classfile\systemDictionary.cpp, line 256]
Event: 128.915 Thread 0x000001345db083e0 Exception <a 'java/lang/ClassNotFoundException'{0x00000000923dac78}: org/gradle/api/internal/file/collections/DefaultConfigurableFileTreeBeanInfo> (0x00000000923dac78) 
thrown [s\src\hotspot\share\classfile\systemDictionary.cpp, line 256]
Event: 128.917 Thread 0x000001345db083e0 Exception <a 'java/lang/ClassNotFoundException'{0x00000000923f24d0}: org/gradle/api/internal/file/CompositeFileTreeBeanInfo> (0x00000000923f24d0) 
thrown [s\src\hotspot\share\classfile\systemDictionary.cpp, line 256]
Event: 128.920 Thread 0x000001345db083e0 Exception <a 'java/lang/ClassNotFoundException'{0x000000009220a668}: org/gradle/api/internal/file/CompositeFileCollectionBeanInfo> (0x000000009220a668) 
thrown [s\src\hotspot\share\classfile\systemDictionary.cpp, line 256]
Event: 128.923 Thread 0x000001345db083e0 Exception <a 'java/lang/ClassNotFoundException'{0x0000000092223040}: org/gradle/api/internal/file/AbstractFileCollectionBeanInfo> (0x0000000092223040) 
thrown [s\src\hotspot\share\classfile\systemDictionary.cpp, line 256]
Event: 128.925 Thread 0x000001345db083e0 Exception <a 'java/lang/ClassNotFoundException'{0x000000009223b240}: org/gradle/api/internal/file/AbstractFileCollectionCustomizer> (0x000000009223b240) 
thrown [s\src\hotspot\share\classfile\systemDictionary.cpp, line 256]
Event: 128.928 Thread 0x000001345db083e0 Exception <a 'java/lang/ClassNotFoundException'{0x0000000092264390}: org/gradle/api/internal/file/CompositeFileCollectionCustomizer> (0x0000000092264390) 
thrown [s\src\hotspot\share\classfile\systemDictionary.cpp, line 256]
Event: 128.931 Thread 0x000001345db083e0 Exception <a 'java/lang/ClassNotFoundException'{0x0000000092284468}: org/gradle/api/internal/file/CompositeFileTreeCustomizer> (0x0000000092284468) 
thrown [s\src\hotspot\share\classfile\systemDictionary.cpp, line 256]
Event: 128.933 Thread 0x000001345db083e0 Exception <a 'java/lang/ClassNotFoundException'{0x00000000922a8340}: org/gradle/api/internal/file/collections/DefaultConfigurableFileTreeCustomizer> (0x00000000922a8340) 
thrown [s\src\hotspot\share\classfile\systemDictionary.cpp, line 256]
Event: 130.029 Thread 0x000001345db083e0 Exception <a 'java/lang/NoSuchMethodError'{0x0000000093bf36b0}: static Lcom/android/build/gradle/internal/profile/ProjectData;.<clinit>()V> (0x0000000093bf36b0) 
thrown [s\src\hotspot\share\prims\jni.cpp, line 1112]
Event: 130.056 Thread 0x000001345db083e0 Exception <a 'java/lang/NoSuchMethodError'{0x0000000093a65288}: static Lcom/android/build/gradle/internal/profile/TaskMetadata;.<clinit>()V> (0x0000000093a65288) 
thrown [s\src\hotspot\share\prims\jni.cpp, line 1112]
Event: 130.185 Thread 0x000001345db083e0 Exception <a 'sun/nio/fs/WindowsException'{0x00000000937524e0}> (0x00000000937524e0) 
thrown [s\src\hotspot\share\prims\jni.cpp, line 516]

VM Operations (20 events):
Event: 129.832 Executing VM operation: G1CollectForAllocation
Event: 129.840 Executing VM operation: G1CollectForAllocation done
Event: 130.850 Executing VM operation: Cleanup
Event: 130.851 Executing VM operation: Cleanup done
Event: 131.861 Executing VM operation: Cleanup
Event: 131.862 Executing VM operation: Cleanup done
Event: 132.872 Executing VM operation: Cleanup
Event: 132.872 Executing VM operation: Cleanup done
Event: 133.885 Executing VM operation: Cleanup
Event: 133.886 Executing VM operation: Cleanup done
Event: 133.896 Executing VM operation: HandshakeAllThreads
Event: 133.896 Executing VM operation: HandshakeAllThreads done
Event: 134.909 Executing VM operation: Cleanup
Event: 134.909 Executing VM operation: Cleanup done
Event: 135.921 Executing VM operation: Cleanup
Event: 135.921 Executing VM operation: Cleanup done
Event: 136.727 Executing VM operation: G1CollectForAllocation
Event: 136.734 Executing VM operation: G1CollectForAllocation done
Event: 138.751 Executing VM operation: Cleanup
Event: 138.751 Executing VM operation: Cleanup done

Events (20 events):
Event: 116.038 Thread 0x000001343d717ba0 flushing nmethod 0x00000134287da890
Event: 116.038 Thread 0x000001343d717ba0 flushing nmethod 0x00000134287efd90
Event: 116.038 Thread 0x000001343d717ba0 flushing nmethod 0x0000013428805410
Event: 116.038 Thread 0x000001343d717ba0 flushing nmethod 0x0000013428835b10
Event: 116.038 Thread 0x000001343d717ba0 flushing nmethod 0x0000013428835e90
Event: 116.039 Thread 0x000001343d717ba0 flushing nmethod 0x0000013428870990
Event: 117.195 Thread 0x000001346368b040 Thread exited: 0x000001346368b040
Event: 119.087 Thread 0x000001346368e010 Thread added: 0x000001346368e010
Event: 121.715 Thread 0x000001346368e010 Thread exited: 0x000001346368e010
Event: 123.196 Thread 0x000001346368e010 Thread added: 0x000001346368e010
Event: 124.857 Thread 0x000001346368e010 Thread exited: 0x000001346368e010
Event: 127.715 Thread 0x000001346368e010 Thread added: 0x000001346368e010
Event: 127.715 Thread 0x000001346368fff0 Thread added: 0x000001346368fff0
Event: 128.986 Thread 0x000001346368fff0 Thread exited: 0x000001346368fff0
Event: 129.057 Thread 0x000001346368e010 Thread exited: 0x000001346368e010
Event: 129.130 Thread 0x000001346368e010 Thread added: 0x000001346368e010
Event: 130.194 Thread 0x0000013460660610 Thread added: 0x0000013460660610
Event: 130.196 Thread 0x0000013460664cf0 Thread added: 0x0000013460664cf0
Event: 130.221 Thread 0x000001345f92b320 Thread added: 0x000001345f92b320
Event: 130.330 Thread 0x000001346368e010 Thread exited: 0x000001346368e010


Dynamic libraries:
0x00007ff6eccd0000 - 0x00007ff6eccde000 	C:\Program Files\Microsoft\jdk-17.0.12.7-hotspot\bin\java.exe
0x00007fff74ec0000 - 0x00007fff75120000 	C:\WINDOWS\SYSTEM32\ntdll.dll
0x00007fff73cf0000 - 0x00007fff73db7000 	C:\WINDOWS\System32\KERNEL32.DLL
0x00007fff720a0000 - 0x00007fff7246a000 	C:\WINDOWS\System32\KERNELBASE.dll
0x00007fff72680000 - 0x00007fff727cb000 	C:\WINDOWS\System32\ucrtbase.dll
0x00007fff4c210000 - 0x00007fff4c22d000 	C:\Program Files\Microsoft\jdk-17.0.12.7-hotspot\bin\VCRUNTIME140.dll
0x00007fff4c1d0000 - 0x00007fff4c1e7000 	C:\Program Files\Microsoft\jdk-17.0.12.7-hotspot\bin\jli.dll
0x00007fff74ac0000 - 0x00007fff74c8c000 	C:\WINDOWS\System32\USER32.dll
0x00007fff725b0000 - 0x00007fff725d7000 	C:\WINDOWS\System32\win32u.dll
0x00007fff732f0000 - 0x00007fff7331a000 	C:\WINDOWS\System32\GDI32.dll
0x00007fff72470000 - 0x00007fff725a1000 	C:\WINDOWS\System32\gdi32full.dll
0x00007fff72b50000 - 0x00007fff72bf3000 	C:\WINDOWS\System32\msvcp_win.dll
0x00007fff5b990000 - 0x00007fff5bc27000 	C:\WINDOWS\WinSxS\amd64_microsoft.windows.common-controls_6595b64144ccf1df_6.0.26100.3624_none_3e086962e3345f24\COMCTL32.dll
0x00007fff73240000 - 0x00007fff732e9000 	C:\WINDOWS\System32\msvcrt.dll
0x00007fff72dc0000 - 0x00007fff72def000 	C:\WINDOWS\System32\IMM32.DLL
0x00007fff58940000 - 0x00007fff5894c000 	C:\Program Files\Microsoft\jdk-17.0.12.7-hotspot\bin\vcruntime140_1.dll
0x00007fff17c80000 - 0x00007fff17d0d000 	C:\Program Files\Microsoft\jdk-17.0.12.7-hotspot\bin\msvcp140.dll
0x00007ffefe290000 - 0x00007ffefef00000 	C:\Program Files\Microsoft\jdk-17.0.12.7-hotspot\bin\server\jvm.dll
0x00007fff730d0000 - 0x00007fff73182000 	C:\WINDOWS\System32\ADVAPI32.dll
0x00007fff73320000 - 0x00007fff733c6000 	C:\WINDOWS\System32\sechost.dll
0x00007fff73400000 - 0x00007fff73516000 	C:\WINDOWS\System32\RPCRT4.dll
0x00007fff72e00000 - 0x00007fff72e74000 	C:\WINDOWS\System32\WS2_32.dll
0x00007fff71ef0000 - 0x00007fff71f4e000 	C:\WINDOWS\SYSTEM32\POWRPROF.dll
0x00007fff6ad00000 - 0x00007fff6ad0b000 	C:\WINDOWS\SYSTEM32\VERSION.dll
0x00007fff6acc0000 - 0x00007fff6acf6000 	C:\WINDOWS\SYSTEM32\WINMM.dll
0x00007fff71ed0000 - 0x00007fff71ee4000 	C:\WINDOWS\SYSTEM32\UMPDC.dll
0x00007fff70eb0000 - 0x00007fff70eca000 	C:\WINDOWS\SYSTEM32\kernel.appcore.dll
0x00007fff582a0000 - 0x00007fff582aa000 	C:\Program Files\Microsoft\jdk-17.0.12.7-hotspot\bin\jimage.dll
0x00007fff65020000 - 0x00007fff65261000 	C:\WINDOWS\SYSTEM32\DBGHELP.DLL
0x00007fff737d0000 - 0x00007fff73b52000 	C:\WINDOWS\System32\combase.dll
0x00007fff744f0000 - 0x00007fff745c6000 	C:\WINDOWS\System32\OLEAUT32.dll
0x00007fff54af0000 - 0x00007fff54b29000 	C:\WINDOWS\SYSTEM32\dbgcore.DLL
0x00007fff725e0000 - 0x00007fff72679000 	C:\WINDOWS\System32\bcryptPrimitives.dll
0x00007fff44da0000 - 0x00007fff44dae000 	C:\Program Files\Microsoft\jdk-17.0.12.7-hotspot\bin\instrument.dll
0x00007fff41a50000 - 0x00007fff41a75000 	C:\Program Files\Microsoft\jdk-17.0.12.7-hotspot\bin\java.dll
0x00007fff08c40000 - 0x00007fff08d17000 	C:\Program Files\Microsoft\jdk-17.0.12.7-hotspot\bin\jsvml.dll
0x00007fff73dc0000 - 0x00007fff744e9000 	C:\WINDOWS\System32\SHELL32.dll
0x00007fff72860000 - 0x00007fff729c8000 	C:\WINDOWS\System32\wintypes.dll
0x00007fff6fd20000 - 0x00007fff70572000 	C:\WINDOWS\SYSTEM32\windows.storage.dll
0x00007fff72e80000 - 0x00007fff72f6d000 	C:\WINDOWS\System32\SHCORE.dll
0x00007fff72cc0000 - 0x00007fff72d24000 	C:\WINDOWS\System32\shlwapi.dll
0x00007fff71fb0000 - 0x00007fff71fdf000 	C:\WINDOWS\SYSTEM32\profapi.dll
0x00007fff3aa10000 - 0x00007fff3aa28000 	C:\Program Files\Microsoft\jdk-17.0.12.7-hotspot\bin\zip.dll
0x00007fff4a6f0000 - 0x00007fff4a70a000 	C:\Program Files\Microsoft\jdk-17.0.12.7-hotspot\bin\net.dll
0x00007fff68420000 - 0x00007fff6853d000 	C:\WINDOWS\SYSTEM32\WINHTTP.dll
0x00007fff713d0000 - 0x00007fff7143a000 	C:\WINDOWS\system32\mswsock.dll
0x00007fff3dc30000 - 0x00007fff3dc46000 	C:\Program Files\Microsoft\jdk-17.0.12.7-hotspot\bin\nio.dll
0x00007fff57b90000 - 0x00007fff57ba0000 	C:\Program Files\Microsoft\jdk-17.0.12.7-hotspot\bin\verify.dll
0x00007fff67130000 - 0x00007fff67157000 	C:\Users\Abutalib\.gradle\native\c067742578af261105cb4f569cf0c3c89f3d7b1fecec35dd04571415982c5e48\windows-amd64\native-platform.dll
0x00007fff08840000 - 0x00007fff08984000 	C:\Users\Abutalib\.gradle\native\100fb08df4bc3b14c8652ba06237920a3bd2aa13389f12d3474272988ae205f9\windows-amd64\native-platform-file-events.dll
0x00007fff53d00000 - 0x00007fff53d0a000 	C:\Program Files\Microsoft\jdk-17.0.12.7-hotspot\bin\management.dll
0x00007fff53570000 - 0x00007fff5357b000 	C:\Program Files\Microsoft\jdk-17.0.12.7-hotspot\bin\management_ext.dll
0x00007fff737c0000 - 0x00007fff737c8000 	C:\WINDOWS\System32\PSAPI.DLL
0x00007fff71670000 - 0x00007fff7168c000 	C:\WINDOWS\SYSTEM32\CRYPTSP.dll
0x00007fff70e10000 - 0x00007fff70e4a000 	C:\WINDOWS\system32\rsaenh.dll
0x00007fff71470000 - 0x00007fff7149b000 	C:\WINDOWS\SYSTEM32\USERENV.dll
0x00007fff71f80000 - 0x00007fff71fa6000 	C:\WINDOWS\SYSTEM32\bcrypt.dll
0x00007fff71690000 - 0x00007fff7169c000 	C:\WINDOWS\SYSTEM32\CRYPTBASE.dll
0x00007fff708c0000 - 0x00007fff708f3000 	C:\WINDOWS\SYSTEM32\IPHLPAPI.DLL
0x00007fff733d0000 - 0x00007fff733da000 	C:\WINDOWS\System32\NSI.dll
0x00007fff6a610000 - 0x00007fff6a62f000 	C:\WINDOWS\SYSTEM32\dhcpcsvc6.DLL
0x00007fff68620000 - 0x00007fff68645000 	C:\WINDOWS\SYSTEM32\dhcpcsvc.DLL
0x00007fff70950000 - 0x00007fff70a75000 	C:\WINDOWS\SYSTEM32\DNSAPI.dll
0x00007fff45790000 - 0x00007fff45799000 	C:\Program Files\Microsoft\jdk-17.0.12.7-hotspot\bin\extnet.dll
0x00007fff426e0000 - 0x00007fff426ee000 	C:\Program Files\Microsoft\jdk-17.0.12.7-hotspot\bin\sunmscapi.dll
0x00007fff729d0000 - 0x00007fff72b47000 	C:\WINDOWS\System32\CRYPT32.dll
0x00007fff71870000 - 0x00007fff718a0000 	C:\WINDOWS\SYSTEM32\ncrypt.dll
0x00007fff71820000 - 0x00007fff7185f000 	C:\WINDOWS\SYSTEM32\NTASN1.dll
0x00007fff217f0000 - 0x00007fff217f8000 	C:\WINDOWS\system32\wshunix.dll
0x00007fff50910000 - 0x00007fff50928000 	C:\WINDOWS\system32\napinsp.dll
0x00007fff501d0000 - 0x00007fff501e2000 	C:\WINDOWS\System32\winrnr.dll
0x00007fff4c8c0000 - 0x00007fff4c8f0000 	C:\WINDOWS\system32\nlansp_c.dll
0x00007fff66ce0000 - 0x00007fff66cf6000 	C:\WINDOWS\system32\wshbth.dll
0x00007fff67f20000 - 0x00007fff67f2b000 	C:\Windows\System32\rasadhlp.dll
0x00007fff6b600000 - 0x00007fff6b685000 	C:\WINDOWS\System32\fwpuclnt.dll

dbghelp: loaded successfully - version: 4.0.5 - missing functions: none
symbol engine: initialized successfully - sym options: 0x614 - pdb path: .;C:\Program Files\Microsoft\jdk-17.0.12.7-hotspot\bin;C:\WINDOWS\SYSTEM32;C:\WINDOWS\WinSxS\amd64_microsoft.windows.common-controls_6595b64144ccf1df_6.0.26100.3624_none_3e086962e3345f24;C:\Program Files\Microsoft\jdk-17.0.12.7-hotspot\bin\server;C:\Users\Abutalib\.gradle\native\c067742578af261105cb4f569cf0c3c89f3d7b1fecec35dd04571415982c5e48\windows-amd64;C:\Users\Abutalib\.gradle\native\100fb08df4bc3b14c8652ba06237920a3bd2aa13389f12d3474272988ae205f9\windows-amd64

VM Arguments:
jvm_args: -XX:MaxMetaspaceSize=512m --add-opens=java.base/java.util=ALL-UNNAMED --add-opens=java.base/java.lang=ALL-UNNAMED --add-opens=java.base/java.lang.invoke=ALL-UNNAMED --add-opens=java.prefs/java.util.prefs=ALL-UNNAMED --add-exports=jdk.compiler/com.sun.tools.javac.api=ALL-UNNAMED --add-exports=jdk.compiler/com.sun.tools.javac.util=ALL-UNNAMED --add-opens=java.base/java.nio.charset=ALL-UNNAMED --add-opens=java.base/java.net=ALL-UNNAMED --add-opens=java.base/java.util.concurrent.atomic=ALL-UNNAMED -Xmx2048m -Dfile.encoding=windows-1252 -Duser.country=IN -Duser.language=en -Duser.variant -javaagent:C:\Users\Abutalib\.gradle\wrapper\dists\gradle-8.10.2-all\7iv73wktx1xtkvlq19urqw1wm\gradle-8.10.2\lib\agents\gradle-instrumentation-agent-8.10.2.jar 
java_command: org.gradle.launcher.daemon.bootstrap.GradleDaemon 8.10.2
java_class_path (initial): C:\Users\Abutalib\.gradle\wrapper\dists\gradle-8.10.2-all\7iv73wktx1xtkvlq19urqw1wm\gradle-8.10.2\lib\gradle-daemon-main-8.10.2.jar
Launcher Type: SUN_STANDARD

[Global flags]
     intx CICompilerCount                          = 4                                         {product} {ergonomic}
   size_t CompressedClassSpaceSize                 = 436207616                                 {product} {ergonomic}
     uint ConcGCThreads                            = 2                                         {product} {ergonomic}
     uint G1ConcRefinementThreads                  = 8                                         {product} {ergonomic}
   size_t G1HeapRegionSize                         = 1048576                                   {product} {ergonomic}
    uintx GCDrainStackTargetSize                   = 64                                        {product} {ergonomic}
   size_t InitialHeapSize                          = 123731968                                 {product} {ergonomic}
   size_t MarkStackSize                            = 4194304                                   {product} {ergonomic}
   size_t MaxHeapSize                              = 2147483648                                {product} {command line}
   size_t MaxMetaspaceSize                         = 536870912                                 {product} {command line}
   size_t MaxNewSize                               = 1287651328                                {product} {ergonomic}
   size_t MinHeapDeltaBytes                        = 1048576                                   {product} {ergonomic}
   size_t MinHeapSize                              = 8388608                                   {product} {ergonomic}
    uintx NonNMethodCodeHeapSize                   = 5839372                                {pd product} {ergonomic}
    uintx NonProfiledCodeHeapSize                  = 122909434                              {pd product} {ergonomic}
    uintx ProfiledCodeHeapSize                     = 122909434                              {pd product} {ergonomic}
    uintx ReservedCodeCacheSize                    = 251658240                              {pd product} {ergonomic}
     bool SegmentedCodeCache                       = true                                      {product} {ergonomic}
   size_t SoftMaxHeapSize                          = 2147483648                             {manageable} {ergonomic}
     bool UseCompressedClassPointers               = true                           {product lp64_product} {ergonomic}
     bool UseCompressedOops                        = true                           {product lp64_product} {ergonomic}
     bool UseG1GC                                  = true                                      {product} {ergonomic}
     bool UseLargePagesIndividualAllocation        = false                                  {pd product} {ergonomic}

Logging:
Log output configuration:
 #0: stdout all=warning uptime,level,tags
 #1: stderr all=off uptime,level,tags

Environment Variables:
JAVA_HOME=C:\Program Files\Microsoft\jdk-17.0.12.7-hotspot
CLASSPATH=C:\NexgenLMS\NexGenMobile\android\\gradle\wrapper\gradle-wrapper.jar
PATH=C:\Program Files\Microsoft\jdk-17.0.12.7-hotspot\bin;C:\Users\Abutalib\AppData\Local\Programs\Python\Python311\Scripts\;C:\Users\Abutalib\AppData\Local\Programs\Python\Python311\;C:\Ruby32-x64\bin;C:\Program Files\Common Files\Oracle\Java\javapath;C:\Users\Abutalib\AppData\Local\Programs\Python\Python311;c:\users\abutalib\appdata\local\programs\python\python311\lib\site-packages\pip\__init__.py;C:\WINDOWS\system32;C:\WINDOWS;C:\WINDOWS\System32\OpenSSH\;C:\WINDOWS\System32\Wbem;C:\WINDOWS\System32\WindowsPowerShell\v1.0\;C:\Program Files (x86)\Yarn\bin\;C:\Program Files\Git\cmd;C:\ProgramData\chocolatey\bin;C:\php;C:\ProgramData\ComposerSetup\bin;C:\Program Files\nodejs\;C:\Program Files\Amazon\AWSCLIV2\;C:\Program Files\nodejs;C:\Users\Abutalib\AppData\Local\Microsoft\WindowsApps;C:\Users\Abutalib\AppData\Local\Android\Sdk\emulator;C:\Users\Abutalib\AppData\Local\Android\Sdk\platform-tools;C:\Users\Abutalib\AppData\Local\Android\Sdk\cmdline-tools\13.0\bin;C:\java programs\Microsoft VS Code\bin;C:\Users\Abutalib\PyCharm Community Edition 2022.3\bin;;C:\MinGW\bin;C:\MinGW\bin\gcc.exe;C:\Users\Abutalib\AppData\Local\Yarn\bin;C:\Program Files\Microsoft\jdk-17.0.12.7-hotspot\bin;C:\Users\Abutalib\AppData\Local\Microsoft\WinGet\Packages\Schniz.fnm_Microsoft.Winget.Source_8wekyb3d8bbwe;C:\Users\Abutalib\AppData\Local\Android\Sdk\system-images\android-34-ext12\google_apis_playstore\x86_64;
USERNAME=Abutalib
OS=Windows_NT
PROCESSOR_IDENTIFIER=AMD64 Family 23 Model 104 Stepping 1, AuthenticAMD
TMP=C:\Users\Abutalib\AppData\Local\Temp
TEMP=C:\Users\Abutalib\AppData\Local\Temp



Periodic native trim disabled


---------------  S Y S T E M  ---------------

OS:
 Windows 11 , 64 bit Build 26100 (10.0.26100.3775)
OS uptime: 0 days 1:26 hours
Hyper-V role detected

CPU: total 8 (initial active 8) (8 cores per cpu, 2 threads per core) family 23 model 104 stepping 1 microcode 0x8608107, cx8, cmov, fxsr, ht, mmx, 3dnowpref, sse, sse2, sse3, ssse3, sse4a, sse4.1, sse4.2, popcnt, lzcnt, tsc, tscinvbit, avx, avx2, aes, clmul, bmi1, bmi2, adx, sha, fma, vzeroupper, clflush, clflushopt, hv
Processor Information for processor 0
  Max Mhz: 2600, Current Mhz: 2600, Mhz Limit: 2600
Processor Information for processor 1
  Max Mhz: 2600, Current Mhz: 2600, Mhz Limit: 2600
Processor Information for processor 2
  Max Mhz: 2600, Current Mhz: 1789, Mhz Limit: 2600
Processor Information for processor 3
  Max Mhz: 2600, Current Mhz: 2600, Mhz Limit: 2600
Processor Information for processor 4
  Max Mhz: 2600, Current Mhz: 2600, Mhz Limit: 2600
Processor Information for processor 5
  Max Mhz: 2600, Current Mhz: 2600, Mhz Limit: 2600
Processor Information for processor 6
  Max Mhz: 2600, Current Mhz: 2600, Mhz Limit: 2600
Processor Information for processor 7
  Max Mhz: 2600, Current Mhz: 2600, Mhz Limit: 2600

Memory: 4k page, system-wide physical 7502M (480M free)
TotalPageFile size 30030M (AvailPageFile size 19M)
current process WorkingSet (physical memory assigned to process): 396M, peak: 540M
current process commit charge ("private bytes"): 731M, peak: 739M

vm_info: OpenJDK 64-Bit Server VM (17.0.12+7-LTS) for windows-amd64 JRE (17.0.12+7-LTS), built on Jul 16 2024 18:11:44 by "MicrosoftCorporation" with unknown MS VC++:1939

END.
