#
# There is insufficient memory for the Java Runtime Environment to continue.
# Native memory allocation (malloc) failed to allocate 5992 bytes. Error detail: AllocateHeap
# Possible reasons:
#   The system is out of physical RAM or swap space
#   This process is running with CompressedOops enabled, and the Java Heap may be blocking the growth of the native heap
# Possible solutions:
#   Reduce memory load on the system
#   Increase physical memory or swap space
#   Check if swap backing store is full
#   Decrease Java heap size (-Xmx/-Xms)
#   Decrease number of Java threads
#   Decrease Java thread stack sizes (-Xss)
#   Set larger code cache with -XX:ReservedCodeCacheSize=
#   JVM is running with Unscaled Compressed Oops mode in which the Java heap is
#     placed in the first 4GB address space. The Java Heap base address is the
#     maximum limit for the native heap growth. Please use -XX:HeapBaseMinAddress
#     to set the Java Heap base and to place the Java Heap above 4GB virtual address.
# This output file may be truncated or incomplete.
#
#  Out of Memory Error (allocation.cpp:44), pid=20448, tid=6152
#
# JRE version: OpenJDK Runtime Environment Microsoft-9889599 (17.0.12+7) (build 17.0.12+7-LTS)
# Java VM: OpenJDK 64-Bit Server VM Microsoft-9889599 (17.0.12+7-LTS, mixed mode, sharing, tiered, compressed oops, compressed class ptrs, g1 gc, windows-amd64)
# No core dump will be written. Minidumps are not enabled by default on client versions of Windows
#

---------------  S U M M A R Y ------------

Command Line: -Xmx64m -Xms64m -Dorg.gradle.appname=gradlew org.gradle.wrapper.GradleWrapperMain app:installDebug -PreactNativeDevServerPort=8081

Host: AMD Ryzen 3 5300U with Radeon Graphics         , 8 cores, 7G,  Windows 11 , 64 bit Build 26100 (10.0.26100.3775)
Time: Sat Apr 19 17:27:38 2025 India Standard Time elapsed time: 492.613548 seconds (0d 0h 8m 12s)

---------------  T H R E A D  ---------------

Current thread (0x00000212802a2cc0):  JavaThread "pool-1-thread-1" [_thread_in_Java, id=6152, stack(0x00000051d9700000,0x00000051d9800000)]

Stack: [0x00000051d9700000,0x00000051d9800000]
Native frames: (J=compiled Java code, j=interpreted, Vv=VM code, C=native code)
V  [jvm.dll+0x686d99]
V  [jvm.dll+0x83daf8]
V  [jvm.dll+0x83f5a3]
V  [jvm.dll+0x83fc13]
V  [jvm.dll+0x2492ef]
V  [jvm.dll+0xa7793]
V  [jvm.dll+0x8353f0]
V  [jvm.dll+0x2564bb]
V  [jvm.dll+0x2597fc]
C  0x00000212b014692b

The last pc belongs to UncommonTrapBlob (printed below).
Java frames: (J=compiled Java code, j=interpreted, Vv=VM code)
v  ~UncommonTrapBlob
J 2169 c2 org.gradle.internal.logging.console.WorkInProgressRenderer.renderNow()V (351 bytes) @ 0x00000212b07a48dc [0x00000212b079f780+0x000000000000515c]
J 2230 c2 org.gradle.internal.logging.console.WorkInProgressRenderer.onOutput(Lorg/gradle/internal/logging/events/OutputEvent;)V (53 bytes) @ 0x00000212b07b4b64 [0x00000212b07b4a60+0x0000000000000104]
J 2194 c1 org.gradle.internal.logging.console.BuildStatusRenderer.onOutput(Lorg/gradle/internal/logging/events/OutputEvent;)V (350 bytes) @ 0x00000212a8fdae0c [0x00000212a8fd9c60+0x00000000000011ac]
J 2134 c2 org.gradle.internal.logging.console.ThrottlingOutputEventListener.onOutput(Lorg/gradle/internal/logging/events/OutputEvent;)V (85 bytes) @ 0x00000212b076e5f8 [0x00000212b076e320+0x00000000000002d8]
J 1801 c1 org.gradle.internal.logging.console.ThrottlingOutputEventListener$1.run()V (42 bytes) @ 0x00000212a8f1fe2c [0x00000212a8f1fbe0+0x000000000000024c]
J 1800 c1 java.util.concurrent.Executors$RunnableAdapter.call()Ljava/lang/Object; java.base@17.0.12 (14 bytes) @ 0x00000212a8f1f7cc [0x00000212a8f1f6c0+0x000000000000010c]
J 1733 c1 java.util.concurrent.FutureTask.runAndReset()Z java.base@17.0.12 (125 bytes) @ 0x00000212a8ef7cd4 [0x00000212a8ef7440+0x0000000000000894]
J 1732 c1 java.util.concurrent.ScheduledThreadPoolExecutor$ScheduledFutureTask.run()V java.base@17.0.12 (57 bytes) @ 0x00000212a8ef6cfc [0x00000212a8ef6b20+0x00000000000001dc]
j  java.util.concurrent.ThreadPoolExecutor.runWorker(Ljava/util/concurrent/ThreadPoolExecutor$Worker;)V+92 java.base@17.0.12
j  java.util.concurrent.ThreadPoolExecutor$Worker.run()V+5 java.base@17.0.12
j  java.lang.Thread.run()V+11 java.base@17.0.12
v  ~StubRoutines::call_stub
--------------------------------------------------------------------------------
Decoding CodeBlob, name: UncommonTrapBlob, at  [0x00000212b0146900, 0x00000212b0146a08]  264 bytes
[MachCode]
  0x00000212b0146900: 4883 ec28 | 4889 6c24 | 208b d2c5 | f877 4989 | a798 0200 | 0049 8bcf | 41b8 0200 | 0000 49ba 
  0x00000212b0146920: d097 4efe | fe7f 0000 | 41ff d249 | c787 9802 | 0000 0000 | 0000 49c7 | 87a0 0200 | 0000 0000 
  0x00000212b0146940: 00c5 f877 | 488b f848 | 83c4 288b | 0f48 03e1 | 488b 6f30 | 488b 4f18 | 4883 c408 | 488b 7710 
  0x00000212b0146960: 8b57 084c | 8bc4 8b5f | 0448 2be3 | 488b 1e48 | 83eb 1048 | ff31 5548 | 8bec 482b | e34c 8945 
  0x00000212b0146980: f848 c745 | f000 0000 | 004c 8bc4 | 4883 c608 | 4883 c108 | ffca 75d4 | 48ff 3155 | 488b ec48 
  0x00000212b01469a0: 83ec 20c5 | f877 4989 | afa8 0200 | 0049 baa3 | 6914 b012 | 0200 004d | 8997 a002 | 0000 4989 
  0x00000212b01469c0: a798 0200 | 0048 83e4 | f049 8bcf | ba02 0000 | 0049 ba80 | a64e fefe | 7f00 0041 | ffd2 49c7 
  0x00000212b01469e0: 8798 0200 | 0000 0000 | 0049 c787 | a802 0000 | 0000 0000 | 49c7 87a0 | 0200 0000 | 0000 00c5 
  0x00000212b0146a00: f877 c9c3 | f4f4 f4f4 
[/MachCode]
--------------------------------------------------------------------------------


Compiled method (c2)  494720 2169       4       org.gradle.internal.logging.console.WorkInProgressRenderer::renderNow (351 bytes)
 total in heap  [0x00000212b079f190,0x00000212b07abe28] = 52376
 relocation     [0x00000212b079f2e8,0x00000212b079f768] = 1152
 main code      [0x00000212b079f780,0x00000212b07a6340] = 27584
 stub code      [0x00000212b07a6340,0x00000212b07a6458] = 280
 oops           [0x00000212b07a6458,0x00000212b07a6500] = 168
 metadata       [0x00000212b07a6500,0x00000212b07a69b8] = 1208
 scopes data    [0x00000212b07a69b8,0x00000212b07aa7b8] = 15872
 scopes pcs     [0x00000212b07aa7b8,0x00000212b07ab668] = 3760
 dependencies   [0x00000212b07ab668,0x00000212b07ab748] = 224
 handler table  [0x00000212b07ab748,0x00000212b07abb50] = 1032
 nul chk table  [0x00000212b07abb50,0x00000212b07abe28] = 728

[Constant Pool (empty)]

[MachCode]
[Entry Point]
  # {method} {0x00000212fc5e2ec8} 'renderNow' '()V' in 'org/gradle/internal/logging/console/WorkInProgressRenderer'
  #           [sp+0x100]  (sp of caller)
  0x00000212b079f780: 448b 5208 | 49bb 0000 | 00bb 1202 | 0000 4d03 | d349 3bc2 

  0x00000212b079f794: ;   {runtime_call ic_miss_stub}
  0x00000212b079f794: 0f85 e618 | 9aff 6690 | 0f1f 4000 
[Verified Entry Point]
  0x00000212b079f7a0: e9db 129a | ffff ff55 | 4881 ecf0 | 0000 0048 | 8bca 448b | 4220 458b 

  0x00000212b079f7b8: ;   {metadata('java/util/ArrayList')}
  0x00000212b079f7b8: 5008 4181 | fa20 df00 | 000f 858d | 5100 0049 | 8bd8 4c8b | cb45 8b59 | 1045 85db | 0f84 1256 
  0x00000212b079f7d8: 0000 498b | 8708 0100 | 004c 8bd0 | 4983 c210 | 4d3b 9718 | 0100 000f | 8305 4400 | 004d 8997 
  0x00000212b079f7f8: 0801 0000 | 410f 1882 | 0001 0000 | 48c7 0001 

  0x00000212b079f808: ;   {metadata('com/google/common/base/Predicates$InstanceOfPredicate')}
  0x00000212b079f808: 0000 00c7 | 4008 a0a4 | 0b01 4489 | 600c 4889 | 5424 2044 | 8944 2430 | 4889 5c24 | 284c 894c 
  0x00000212b079f828: 2438 488b 

  0x00000212b079f82c: ;   {oop(a 'java/lang/Class'{0x00000000fc85c978} = 'org/gradle/internal/logging/events/ProgressCompleteEvent')}
  0x00000212b079f82c: e849 b878 | c985 fc00 | 0000 0048 | 8bd5 4533 | c966 6690 

  0x00000212b079f840: ;   {optimized virtual_call}
  0x00000212b079f840: c5f8 77e8 

  0x00000212b079f844: ; ImmutableOopMap {rbp=Oop [32]=Oop [40]=Oop [48]=NarrowOop [56]=Oop }
                      ;*invokespecial <init> {reexecute=0 rethrow=0 return_oop=0}
                      ; - com.google.common.base.Predicates::instanceOf@6 (line 181)
                      ; - com.google.common.collect.Iterables::filter@12 (line 620)
                      ; - org.gradle.internal.logging.console.WorkInProgressRenderer::renderNow@20 (line 180)
  0x00000212b079f844: b833 78f8 | 498b 8708 | 0100 004c | 8bd0 4983 | c210 4d3b | 9718 0100 | 000f 83c6 | 4300 004d 
  0x00000212b079f864: 8997 0801 | 0000 410f | 1882 0001 | 0000 48c7 | 0001 0000 

  0x00000212b079f878: ;   {metadata('org/gradle/internal/logging/console/WorkInProgressRenderer$1')}
  0x00000212b079f878: 00c7 4008 | 68ca 0b01 | 4c8b 7424 | 2049 8bde | 8958 0c4c 

  0x00000212b079f88c: ;   {metadata('com/google/common/collect/Iterables$5')}
  0x00000212b079f88c: 8be8 48be | d8cc 0bbc | 1202 0000 | 4c8b 5620 

  0x00000212b079f89c: ;   {metadata('java/util/Collection')}
  0x00000212b079f89c: 49bb e008 | 07bb 1202 | 0000 4d3b | d30f 846d 

  0x00000212b079f8ac: ;   {metadata('java/util/Collection')}
  0x00000212b079f8ac: 5000 0048 | b8e0 0807 | bb12 0200 | 0048 8b7e | 288b 0f48 | 83c7 0848 | 85c0 f248 | af0f 8504 
  0x00000212b079f8cc: 0000 0048 | 8946 200f | 8443 5000 | 004d 8b87 | 0801 0000 | 4d8b d049 | 83c2 204d | 3b97 1801 
  0x00000212b079f8ec: 0000 0f83 | ce43 0000 | 4d89 9708 | 0100 0041 | 0f18 8200 | 0100 0049 | c700 0100 

  0x00000212b079f908: ;   {metadata('java/util/ArrayList$Itr')}
  0x00000212b079f908: 0000 41c7 | 4008 68cc | 1a00 4589 | 600c 4589 | 601c 41c7 | 4010 ffff | ffff 4c8b | 5424 3845 
  0x00000212b079f928: 8b5a 0c45 | 8958 1445 | 8950 1849 | 8b87 0801 | 0000 4c8b | d049 83c2 | 204d 3b97 | 1801 0000 
  0x00000212b079f948: 0f83 a843 | 0000 4d89 | 9708 0100 | 0041 0f18 | 8200 0100 | 0048 c700 | 0100 0000 

  0x00000212b079f964: ;   {metadata('com/google/common/collect/Iterators$5')}
  0x00000212b079f964: c740 0898 | 2d08 0144 | 8960 1044 

  0x00000212b079f970: ;   {oop(a 'com/google/common/collect/AbstractIterator$State'{0x00000000fc85ca80})}
  0x00000212b079f970: 8960 1cc7 | 400c 80ca | 85fc 4c8b | d54d 8bd8 | 4489 5814 | 4489 5018 | 448b 5008 

  0x00000212b079f98c: ;   {metadata('com/google/common/collect/Iterators$5')}
  0x00000212b079f98c: 4181 fa98 | 2d08 010f | 858b 5f00 | 0048 8bf8 | 498b 8708 | 0100 004c | 8bd0 4983 | c210 4d3b 
  0x00000212b079f9ac: 9718 0100 | 000f 83d0 | 4200 004d | 8997 0801 | 0000 410f | 1882 0001 | 0000 48c7 | 0001 0000 
  0x00000212b079f9cc: ;   {metadata('java/util/HashSet')}
  0x00000212b079f9cc: 00c7 4008 | f0b9 1100 | 4489 600c | 488b f049 | 8b87 0801 | 0000 4c8b | d049 83c2 | 304d 3b97 
  0x00000212b079f9ec: 1801 0000 | 0f83 4b42 | 0000 4d89 | 9708 0100 | 0041 0f18 | 8200 0100 | 0048 c700 | 0100 0000 
  0x00000212b079fa0c: ;   {metadata('java/util/HashMap')}
  0x00000212b079fa0c: c740 08a0 | 440b 0044 | 8960 0c4c | 8960 104c | 8960 184c | 8960 2848 | c740 2000 | 0040 3f4c 
  0x00000212b079fa2c: 8bd0 4489 | 560c 4c8b | d04c 8bde | 4d33 d349 | c1ea 144d | 85d2 741a | 49c1 eb09 | 48b9 0000 
  0x00000212b079fa4c: e89f 1202 | 0000 4903 | cb80 3904 | 0f85 e435 | 0000 448b 

  0x00000212b079fa60: ;   {oop(a 'com/google/common/collect/AbstractIterator$State'{0x00000000fc85ca08})}
  0x00000212b079fa60: 570c 4181 | fa08 ca85 | fc0f 849d | 5300 0045 | 8b5a 0c41 | 83fb 040f | 83b3 4e00 | 0048 8974 
  0x00000212b079fa80: 2430 4889 | 7c24 404c | 896c 2460 | 895c 2428 | 4c89 7424 

  0x00000212b079fa94: ;   {oop([I{0x00000000fc85c9e8})}
  0x00000212b079fa94: 2049 bae8 | c985 fc00 | 0000 0047 | 8b54 9a10 | 458b da41 | 81c3 0000 | 0080 4181 | fb00 0000 
  0x00000212b079fab4: 8076 1841 | 83fa 037d | 1241 83fa | 020f 85b5 | 5500 0045 | 33d2 e976 | 0200 0041 | 807f 3800 
  0x00000212b079fad4: 0f85 f336 | 0000 4c8b 

  0x00000212b079fadc: ;   {oop(a 'com/google/common/collect/AbstractIterator$State'{0x00000000fc85ca08})}
  0x00000212b079fadc: df41 c743 | 0c08 ca85 | fc4c 895c 

  0x00000212b079fae8: ;   {oop(a 'com/google/common/collect/AbstractIterator$State'{0x00000000fc85ca08})}
  0x00000212b079fae8: 2438 49ba | 08ca 85fc | 0000 0000 | 4d33 d349 | c1ea 144d | 85d2 741a | 49c1 eb09 | 48b9 0000 
  0x00000212b079fb08: e89f 1202 | 0000 4903 | cb80 3904 | 0f85 2437 | 0000 4c8b | 5424 3845 | 8b52 1445 

  0x00000212b079fb24: ;   {metadata('java/util/ArrayList$Itr')}
  0x00000212b079fb24: 8b5a 0841 | 81fb 68cc | 1a00 0f85 | a24f 0000 | 458b 4a18 

  0x00000212b079fb38: ; implicit exception: dispatches to 0x00000212b07a5d64
  0x00000212b079fb38: 458b 4110 | 418b 6a0c | 413b e80f | 84ea 0000 | 0045 8b59 | 0c41 8b5a | 14b9 0100 | 0000 33d2 
  0x00000212b079fb58: 413b e80f | 44ca 8bf9 | 443b db0f | 85e5 5100 | 0045 8b59 | 14c4 c179 | 6ecb 458b | 5b0c 4489 
  0x00000212b079fb78: 5c24 684c | 8b5c 2438 | 458b 5b18 

  0x00000212b079fb84: ; implicit exception: dispatches to 0x00000212b07a4d4e
  0x00000212b079fb84: 418b 4b08 

  0x00000212b079fb88: ;   {metadata('com/google/common/base/Predicates$InstanceOfPredicate')}
  0x00000212b079fb88: 81f9 a0a4 | 0b01 0f85 | ba51 0000 | 458b 5b0c | c4c1 796e | c349 8b43 | 1044 8b58 | 143b 6c24 
  0x00000212b079fba8: 680f 839f | 5100 0048 | 6354 2468 | 4d63 f04d | 8bce 49ff | c94c 3bca | 0f83 8851 | 0000 413b 
  0x00000212b079fbc8: e80f 8d9d | 5100 004d | 63eb 8bdd | 4533 c94c | 898c 2480 | 0000 0041 | 3bd8 0f8d | d453 0000 
  0x00000212b079fbe8: 3b5c 2468 | 0f8d fa53 | 0000 4189 | 5a10 c4c1 | 797e c945 | 8b4c 9910 | c4c1 796e | d9ff c341 
  0x00000212b079fc08: 895a 0c45 | 8b49 0848 | be00 0000 | bb12 0200 | 0049 03f1 | 4e8b 0c2e | 493b c10f | 8580 2700 
  0x00000212b079fc28: 00c4 c179 | 7edb 498b | dbeb 5a45 | 33c0 4180 | 7f38 000f | 85bb 3d00 | 004c 8984 | 2480 0000 
  0x00000212b079fc48: 004c 8b5c 

  0x00000212b079fc4c: ;   {oop(a 'com/google/common/collect/AbstractIterator$State'{0x00000000fc85ca20})}
  0x00000212b079fc4c: 2438 41c7 | 430c 20ca | 85fc 4c89 

  0x00000212b079fc58: ;   {oop(a 'com/google/common/collect/AbstractIterator$State'{0x00000000fc85ca20})}
  0x00000212b079fc58: 5c24 3849 | ba20 ca85 | fc00 0000 | 004d 33d3 | 49c1 ea14 | 4d85 d274 | 1a49 c1eb | 0948 b900 
  0x00000212b079fc78: 00e8 9f12 | 0200 0049 | 03cb 8039 | 040f 85b9 | 3d00 0033 | db41 807f | 3800 0f85 | 6e35 0000 
  0x00000212b079fc98: 4c8b 5424 | 384d 8bda | 4c8b d34c | 8b44 2438 | 4589 5010 | 4c8b d34d | 33d3 49c1 | ea14 4d85 
  0x00000212b079fcb8: d274 1f48 | 85db 741a | 49c1 eb09 | 48b9 0000 | e89f 1202 | 0000 4903 | cb80 3904 | 0f85 ad35 
  0x00000212b079fcd8: 0000 4c8b | 5424 3845 

  0x00000212b079fce0: ;   {oop(a 'com/google/common/collect/AbstractIterator$State'{0x00000000fc85ca20})}
  0x00000212b079fce0: 8b5a 0c41 | 81fb 20ca | 85fc 0f84 | 3904 0000 | 4180 7f38 | 000f 8592 

  0x00000212b079fcf8: ;   {oop(a 'com/google/common/collect/AbstractIterator$State'{0x00000000fc85ca38})}
  0x00000212b079fcf8: 3d00 0041 | c742 0c38 | ca85 fc4c | 8954 2440 

  0x00000212b079fd08: ;   {oop(a 'com/google/common/collect/AbstractIterator$State'{0x00000000fc85ca38})}
  0x00000212b079fd08: 49ba 38ca | 85fc 0000 | 0000 4c8b | 5c24 404d | 33d3 49c1 | ea14 4d85 | d274 1a49 | c1eb 0948 
  0x00000212b079fd28: b900 00e8 | 9f12 0200 | 0049 03cb | 8039 040f | 8588 3d00 | 004c 8b94 | 2480 0000 | 0033 db4c 
  0x00000212b079fd48: 8994 2480 | 0000 00eb | 0c83 fd02 | 0f85 5e54 | 0000 418b | dd89 5c24 | 2c48 8b54 | 2440 4c8b 
  0x00000212b079fd68: 5424 3049 | 8bea 6690 

  0x00000212b079fd70: ;   {optimized virtual_call}
  0x00000212b079fd70: c5f8 77e8 

  0x00000212b079fd74: ; ImmutableOopMap {rbp=Oop [32]=Oop [40]=NarrowOop [48]=Oop [64]=Oop [96]=Oop }
                      ;*invokeinterface next {reexecute=0 rethrow=0 return_oop=1}
                      ; - com.google.common.collect.TransformedIterator::next@5 (line 52)
                      ; - com.google.common.collect.Iterators::addAll@24 (line 367)
                      ; - com.google.common.collect.Sets::newHashSet@6 (line 243)
                      ; - com.google.common.collect.Sets::newHashSet@27 (line 226)
                      ; - org.gradle.internal.logging.console.WorkInProgressRenderer::toOperationIdSet@12 (line 81)
                      ; - org.gradle.internal.logging.console.WorkInProgressRenderer::renderNow@23 (line 180)
  0x00000212b079fd74: 0895 80f8 | 488b 5424 | 604c 8bc0 

  0x00000212b079fd80: ;   {optimized virtual_call}
  0x00000212b079fd80: c5f8 77e8 

  0x00000212b079fd84: ; ImmutableOopMap {rbp=Oop [32]=Oop [40]=NarrowOop [48]=Oop [64]=Oop [96]=Oop }
                      ;*invokeinterface apply {reexecute=0 rethrow=0 return_oop=1}
                      ; - com.google.common.collect.Iterators$6::transform@5 (line 829)
                      ; - com.google.common.collect.TransformedIterator::next@10 (line 52)
                      ; - com.google.common.collect.Iterators::addAll@24 (line 367)
                      ; - com.google.common.collect.Sets::newHashSet@6 (line 243)
                      ; - com.google.common.collect.Sets::newHashSet@27 (line 226)
                      ; - org.gradle.internal.logging.console.WorkInProgressRenderer::toOperationIdSet@12 (line 81)
                      ; - org.gradle.internal.logging.console.WorkInProgressRenderer::renderNow@23 (line 180)
  0x00000212b079fd84: 583f 81f8 | 488b d54c | 8bc0 6690 

  0x00000212b079fd90: ;   {optimized virtual_call}
  0x00000212b079fd90: c5f8 77e8 

  0x00000212b079fd94: ; ImmutableOopMap {rbp=Oop [32]=Oop [40]=NarrowOop [48]=Oop [64]=Oop [96]=Oop }
                      ;*invokeinterface add {reexecute=0 rethrow=0 return_oop=0}
                      ; - com.google.common.collect.Iterators::addAll@29 (line 367)
                      ; - com.google.common.collect.Sets::newHashSet@6 (line 243)
                      ; - com.google.common.collect.Sets::newHashSet@27 (line 226)
                      ; - org.gradle.internal.logging.console.WorkInProgressRenderer::toOperationIdSet@12 (line 81)
                      ; - org.gradle.internal.logging.console.WorkInProgressRenderer::renderNow@23 (line 180)
  0x00000212b079fd94: c898 f2ff | 4d8b 9758 | 0300 0044 | 8b6c 242c 

  0x00000212b079fda4: ; ImmutableOopMap {rbp=Oop [32]=Oop [40]=NarrowOop [48]=Oop [64]=Oop [96]=Oop }
                      ;*goto {reexecute=1 rethrow=0 return_oop=0}
                      ; - (reexecute) com.google.common.collect.Iterators::addAll@36 (line 367)
                      ; - com.google.common.collect.Sets::newHashSet@6 (line 243)
                      ; - com.google.common.collect.Sets::newHashSet@27 (line 226)
                      ; - org.gradle.internal.logging.console.WorkInProgressRenderer::toOperationIdSet@12 (line 81)
                      ; - org.gradle.internal.logging.console.WorkInProgressRenderer::renderNow@23 (line 180)
                      ;   {poll}
  0x00000212b079fda4: 440b e841 | 8502 4c8b | 5424 4041 

  0x00000212b079fdb0: ;   {oop(a 'com/google/common/collect/AbstractIterator$State'{0x00000000fc85ca08})}
  0x00000212b079fdb0: 8b6a 0c81 | fd08 ca85 | fc0f 8469 | 5200 008b | 6d0c 83fd | 040f 834d 

  0x00000212b079fdc8: ;   {oop([I{0x00000000fc85c9e8})}
  0x00000212b079fdc8: 4f00 0049 | bae8 c985 | fc00 0000 | 0041 8b6c | aa10 448b | dd41 81c3 | 0000 0080 | 4181 fb00 
  0x00000212b079fde8: 0000 8076 | 0983 fd03 | 0f8c 5bff | ffff 4180 | 7f38 000f | 854d 3900 | 004c 8b54 

  0x00000212b079fe04: ;   {oop(a 'com/google/common/collect/AbstractIterator$State'{0x00000000fc85ca08})}
  0x00000212b079fe04: 2440 41c7 | 420c 08ca 

  0x00000212b079fe0c: ;   {oop(a 'com/google/common/collect/AbstractIterator$State'{0x00000000fc85ca08})}
  0x00000212b079fe0c: 85fc 49ba | 08ca 85fc | 0000 0000 | 4c8b 5c24 | 404d 33d3 | 49c1 ea14 | 4d85 d274 | 1a49 c1eb 
  0x00000212b079fe2c: 0948 b900 | 00e8 9f12 | 0200 0049 | 03cb 8039 | 040f 857b | 3900 004c | 8b54 2440 | 418b 6a14 
  0x00000212b079fe4c: ; implicit exception: dispatches to 0x00000212b07a5dec
  0x00000212b079fe4c: 448b 5508 

  0x00000212b079fe50: ;   {metadata('java/util/ArrayList$Itr')}
  0x00000212b079fe50: 4181 fa68 | cc1a 000f | 854f 4f00 | 004c 8bf5 | 458b 4e18 

  0x00000212b079fe64: ; implicit exception: dispatches to 0x00000212b07a5dfc
  0x00000212b079fe64: 458b 5110 | 4489 5424 | 5845 8b56 | 0c44 3b54 | 2458 0f84 | 6901 0000 | 458b 4614 | 41bb 0100 
  0x00000212b079fe84: 0000 33db | 443b 5424 | 5844 0f44 | db41 8b49 | 0c41 3bc8 | 0f85 3d50 | 0000 458b | 4914 c4c1 
  0x00000212b079fea4: 796e c145 | 8b41 0c44 | 8944 245c | 4c8b 4424 | 4045 8b48 | 1845 8b41 

  0x00000212b079febc: ;   {metadata('com/google/common/base/Predicates$InstanceOfPredicate')}
  0x00000212b079febc: 0841 81f8 | a0a4 0b01 | 0f85 1150 | 0000 4d8b | c145 8b48 | 0cc4 c179 | 6ed1 498b | 4110 8b58 
  0x00000212b079fedc: 1444 3b54 | 245c 0f83 | f34f 0000 | 4c63 4424 | 5c4c 634c | 2458 498b | c948 ffc9 | 493b c80f 
  0x00000212b079fefc: 83da 4f00 | 0044 3b54 | 2458 0f8d | f84f 0000 | 4863 d341 | 8bea 3b6c | 2458 0f8d | 7c51 0000 
  0x00000212b079ff1c: 3b6c 245c | 0f8d aa51 | 0000 4189 | 6e10 c4c1 | 797e c345 | 8b5c ab10 | c4c1 796e | cbff c541 
  0x00000212b079ff3c: 896e 0c45 | 8b5b 0848 | be00 0000 | bb12 0200 | 0049 03f3 | 4c8b 1c16 | 493b c30f | 8520 2500 
  0x00000212b079ff5c: 00c4 c179 | 7ecb 498b | dbe9 ca00 | 0000 c5f9 | 6ee5 c4c1 | 797e e244 | 3b54 2458 | 7d6b c4c1 
  0x00000212b079ff7c: 797e e345 | 8bcb 443b | 4c24 580f | 8d0e 5100 | 0044 3b4c | 245c 0f8d | 3b51 0000 | 4589 4e10 
  0x00000212b079ff9c: c4c1 797e | c047 8b5c | 8810 c4c1 | 796e cb45 | 8bd1 41ff | c245 8bca | 4589 4e0c | c4c1 797e 
  0x00000212b079ffbc: ca45 8b5a | 0848 be00 | 0000 bb12 | 0200 0049 | 03f3 4c8b | 1416 493b | c20f 8505 | 4400 00c4 
  0x00000212b079ffdc: c179 7eca | 498b daeb | 4f41 807f | 3800 0f85 | 273b 0000 | 4c8b 5424 

  0x00000212b079fff4: ;   {oop(a 'com/google/common/collect/AbstractIterator$State'{0x00000000fc85ca20})}
  0x00000212b079fff4: 4041 c742 | 0c20 ca85 

  0x00000212b079fffc: ;   {oop(a 'com/google/common/collect/AbstractIterator$State'{0x00000000fc85ca20})}
  0x00000212b079fffc: fc49 ba20 | ca85 fc00 | 0000 004c | 8b5c 2440 | 4d33 d349 | c1ea 144d | 85d2 741a | 49c1 eb09 
  0x00000212b07a001c: 48b9 0000 | e89f 1202 | 0000 4903 | cb80 3904 | 0f85 1d3b | 0000 33db | 4180 7f38 | 000f 8547 
  0x00000212b07a003c: 3700 004c | 8bd3 4c8b | c34c 8b5c | 2440 4589 | 4310 4d33 | d349 c1ea | 144d 85d2 | 741f 4885 
  0x00000212b07a005c: db74 1a49 | c1eb 0948 | b900 00e8 | 9f12 0200 | 0049 03cb | 8039 040f | 858e 3700 | 004c 8b54 
  0x00000212b07a007c: 2440 458b 

  0x00000212b07a0080: ;   {oop(a 'com/google/common/collect/AbstractIterator$State'{0x00000000fc85ca20})}
  0x00000212b07a0080: 520c 4181 | fa20 ca85 | fc0f 849a | 0000 0041 | 807f 3800 | 0f85 fe3a | 0000 4c8b 

  0x00000212b07a009c: ;   {oop(a 'com/google/common/collect/AbstractIterator$State'{0x00000000fc85ca38})}
  0x00000212b07a009c: 5424 4041 | c742 0c38 

  0x00000212b07a00a4: ;   {oop(a 'com/google/common/collect/AbstractIterator$State'{0x00000000fc85ca38})}
  0x00000212b07a00a4: ca85 fc49 | ba38 ca85 | fc00 0000 | 004c 8b5c | 2440 4d33 | d349 c1ea | 144d 85d2 | 0f84 94fc 
  0x00000212b07a00c4: ffff 49c1 | eb09 48b9 | 0000 e89f | 1202 0000 | 4903 cb80 | 3904 0f84 | 7afc ffff | 4d8b 5740 
  0x00000212b07a00e4: 4d8b 5f50 | f083 4424 | c000 8039 | 000f 8463 | fcff ff44 | 8821 4d85 | d275 1849 | 8bd7 c5f8 
  0x00000212b07a0104: 7749 bab0 | 8256 fefe | 7f00 0041 | ffd2 e943 | fcff ff4b | 894c 13f8 | 4983 c2f8 | 4d89 5740 
  0x00000212b07a0124: e931 fcff | ff4c 8b44 | 2430 498b | 8708 0100 | 004c 8bd0 | 4983 c210 | 4d3b 9718 | 0100 000f 
  0x00000212b07a0144: 83f7 3b00 | 004d 8997 | 0801 0000 | 410f 1882 | 0001 0000 | 48c7 0001 

  0x00000212b07a015c: ;   {metadata('java/util/HashSet')}
  0x00000212b07a015c: 0000 00c7 | 4008 f0b9 | 1100 4489 | 600c 488b | d849 8b87 | 0801 0000 | 4c8b d049 | 83c2 304d 
  0x00000212b07a017c: 3b97 1801 | 0000 0f83 | d83b 0000 | 4d89 9708 | 0100 0041 | 0f18 8200 | 0100 0048 | c700 0100 
  0x00000212b07a019c: ;   {metadata('java/util/HashMap')}
  0x00000212b07a019c: 0000 c740 | 08a0 440b | 0044 8960 | 0c4c 8960 | 104c 8960 | 184c 8960 | 2848 c740 | 2000 0040 
  0x00000212b07a01bc: 3f4c 8bd0 | 4489 530c | 4c8b d04c | 8bdb 4d33 | d349 c1ea | 144d 85d2 | 741a 49c1 | eb09 48b9 
  0x00000212b07a01dc: 0000 e89f | 1202 0000 | 4903 cb80 | 3904 0f85 | 9b2e 0000 | 4c8b 7424 | 2045 8b56 | 2045 8b5a 
  0x00000212b07a01fc: ;   {metadata('java/util/ArrayList')}
  0x00000212b07a01fc: 0841 81fb | 20df 0000 | 0f85 6247 | 0000 498b | ca44 8b59 

  0x00000212b07a0210: ;   {metadata('java/lang/String')}
  0x00000212b07a0210: 1049 baf0 | e900 bb12 | 0200 004d | 8b4a 2045 | 85db 0f84 | 4a22 0000 | 4c89 4c24 | 2048 894c 
  0x00000212b07a0230: 2468 4889 | 5c24 484c | 8944 2440 | 4c89 7424 | 3844 8b51 | 0c44 8954 | 2464 458b 

  0x00000212b07a024c: ;   {metadata('java/util/HashSet')}
  0x00000212b07a024c: 5008 4181 | faf0 b911 | 000f 85b5 | 4700 004d | 8bd0 4c89 | 5424 5041 | b8ff ffff | ff41 bbff 
  0x00000212b07a026c: ffff ff45 | 33d2 4489 | 5c24 7444 | 8954 2470 | e93e 0600 | 000f 1f84 | 0000 0000 | 000f 1f80 
  0x00000212b07a028c: 0000 0000 | 418b d141 | 8b74 9310 

  0x00000212b07a0298: ; implicit exception: dispatches to 0x00000212b07a5a4c
  0x00000212b07a0298: 448b 4e08 

  0x00000212b07a029c: ;   {metadata('org/gradle/internal/logging/console/DefaultRedrawableLabel')}
  0x00000212b07a029c: 488b c641 | 81f9 6055 | 0a01 0f85 | 0857 0000 | 458b 4c93 | 14c6 4014 | 018b f2ff | c645 8b69 
  0x00000212b07a02bc: 0849 8bc1 

  0x00000212b07a02c0: ;   {metadata('org/gradle/internal/logging/console/DefaultRedrawableLabel')}
  0x00000212b07a02c0: 4181 fd60 | 550a 010f | 85e9 5600 | 00c6 4014 | 0144 8bca | 4183 c102 | 443b cf7c | b349 8bbf 
  0x00000212b07a02e0: 5803 0000 

  0x00000212b07a02e4: ; ImmutableOopMap {r11=NarrowOop rcx=Oop xmm0=Oop [40]=NarrowOop [48]=Oop [56]=Oop [64]=Oop [72]=Oop [80]=Oop [104]=Oop }
                      ;*goto {reexecute=1 rethrow=0 return_oop=0}
                      ; - (reexecute) org.gradle.internal.logging.console.MultiLineBuildProgressArea::setVisible@39 (line 96)
                      ; - org.gradle.internal.logging.console.WorkInProgressRenderer::renderNow@78 (line 185)
                      ;   {poll}
  0x00000212b07a02e4: 83c2 0285 | 0745 3bc8 | 7d0b 418b | d1e9 6407 | 0000 448b | ca45 3bca | 7d42 6690 | 453b ca0f 
  0x00000212b07a0304: 8d21 4000 | 0044 3bcb | 0f8d 7440 | 0000 438b | 548b 108b | 7a08 488b 

  0x00000212b07a031c: ;   {metadata('org/gradle/internal/logging/console/DefaultRedrawableLabel')}
  0x00000212b07a031c: c281 ff60 | 550a 010f | 8590 5600 | 00c6 4014 | 0145 8bc1 | 41ff c045 | 3bc2 7d08 | 418b f145 
  0x00000212b07a033c: 8bc8 ebc0 | c4c1 797e 

  0x00000212b07a0344: ;   {metadata('org/gradle/internal/logging/events/ProgressStartEvent')}
  0x00000212b07a0344: d241 81fa | e88a 0101 | 0f85 0256 | 0000 c4c1 | f97e c249 | 8bf2 4c8b | 5424 5045 | 8b42 0c44 
  0x00000212b07a0364: 8b56 2445 

  0x00000212b07a0368: ;   {metadata('java/util/HashMap')}
  0x00000212b07a0368: 8b58 0841 | 81fb a044 | 0b00 0f85 | e43e 0000 | 4d8b d845 | 8b5b 2449 | 8bca 4585 | db0f 840c 
  0x00000212b07a0388: 0100 0045 | 8b4b 0c45 | 85c9 0f86 | fc43 0000 | 4585 d20f | 8460 2b00 | 004d 8b42 | 1049 8bd8 
  0x00000212b07a03a8: 48c1 eb20 | 4933 d844 | 8bc3 418b | d8c1 eb10 | 4133 d841 | ffc9 4423 | cb47 8b5c | 8b10 4585 
  0x00000212b07a03c8: db0f 84c8 | 0000 0045 | 8b43 0c44 | 3bc3 0f84 | 6a02 0000 | 458b 4b18 | 4585 c90f | 84ae 0000 
  0x00000212b07a03e8: 0045 8b43 

  0x00000212b07a03ec: ;   {metadata('java/util/HashMap$TreeNode')}
  0x00000212b07a03ec: 0841 81f8 | 006c 1300 | 0f84 324b | 0000 660f | 1f44 0000 | 458b 410c | 443b c375 | 7345 8b59 
  0x00000212b07a040c: 1045 8bc3 | 453b da0f | 848f 0200 | 0049 8b52 | 1045 3bd3 | 0f84 8202 | 0000 418b 

  0x00000212b07a0428: ;   {metadata('org/gradle/internal/operations/OperationIdentifier')}
  0x00000212b07a0428: 7b08 81ff | a839 1301 | 0f85 be4e | 0000 493b | 5310 0f84 | 6802 0000 | ba45 ffff | ff48 8b6c 
  0x00000212b07a0448: 2438 4c8b | 5c24 504c | 895c 2420 | 4c8b 5c24 | 484c 895c | 2428 4889 | 7424 3044 | 8954 2438 
  0x00000212b07a0468: 895c 243c | 4c89 4c24 | 5866 6690 

  0x00000212b07a0474: ;   {runtime_call UncommonTrapBlob}
  0x00000212b07a0474: c5f8 77e8 

  0x00000212b07a0478: ; ImmutableOopMap {rbp=Oop [32]=Oop [40]=Oop [48]=Oop [56]=NarrowOop [88]=Oop [104]=Oop }
                      ;*ifeq {reexecute=1 rethrow=0 return_oop=0}
                      ; - (reexecute) java.util.HashMap::getNode@131 (line 577)
                      ; - java.util.HashMap::containsKey@2 (line 594)
                      ; - java.util.HashSet::contains@5 (line 205)
                      ; - org.gradle.internal.logging.console.WorkInProgressRenderer::renderNow@96 (line 187)
  0x00000212b07a0478: 8464 9aff | 4d8b 8758 | 0300 0045 

  0x00000212b07a0484: ; ImmutableOopMap {r10=NarrowOop r11=NarrowOop rcx=Oop rsi=Oop [40]=NarrowOop [48]=Oop [56]=Oop [64]=Oop [72]=Oop [80]=Oop [104]=Oop }
                      ;*ifnonnull {reexecute=1 rethrow=0 return_oop=0}
                      ; - (reexecute) java.util.HashMap::getNode@145 (line 579)
                      ; - java.util.HashMap::containsKey@2 (line 594)
                      ; - java.util.HashSet::contains@5 (line 205)
                      ; - org.gradle.internal.logging.console.WorkInProgressRenderer::renderNow@96 (line 187)
                      ;   {poll}
  0x00000212b07a0484: 8b59 1841 | 8500 4585 | db74 084d | 8bcb e969 | ffff ff44 | 8b5e 284c | 8b44 2438 | 458b 4010 
  0x00000212b07a04a4: 8b7e 3444 | 8b4e 0c45 | 85c0 0f84 | 5441 0000 | 498b d04c | 8bc7 498b | f348 8bf9 

  0x00000212b07a04c0: ;   {optimized virtual_call}
  0x00000212b07a04c0: c5f8 77e8 

  0x00000212b07a04c4: ; ImmutableOopMap {[40]=NarrowOop [48]=Oop [56]=Oop [64]=Oop [72]=Oop [80]=Oop [104]=Oop }
                      ;*invokevirtual start {reexecute=0 rethrow=0 return_oop=1}
                      ; - org.gradle.internal.logging.console.WorkInProgressRenderer::renderNow@144 (line 191)
  0x00000212b07a04c4: f8d7 82f8 | 4889 4424 | 5844 8b50 | 1c45 85d2 | 741e 498b | d290 c5f8 | 7748 b8ff | ffff ffff 
  0x00000212b07a04e4: ;   {virtual_call}
  0x00000212b07a04e4: ffff ffe8 

  0x00000212b07a04e8: ; ImmutableOopMap {[40]=NarrowOop [48]=Oop [56]=Oop [64]=Oop [72]=Oop [80]=Oop [88]=Oop [104]=Oop }
                      ;*invokeinterface isEmpty {reexecute=0 rethrow=0 return_oop=0}
                      ; - org.gradle.internal.logging.console.ProgressOperation::hasChildren@11 (line 83)
                      ; - org.gradle.internal.logging.console.WorkInProgressRenderer::attach@1 (line 106)
                      ; - org.gradle.internal.logging.console.WorkInProgressRenderer::renderNow@147 (line 191)
  0x00000212b07a04e8: 9411 9aff | 85c0 0f84 | c401 0000 | 4c8b 5c24 | 5845 8b53 | 0c45 85d2 | 7461 4c8b 

  0x00000212b07a0504: ;   {metadata('java/util/Collection')}
  0x00000212b07a0504: 4424 2049 | b9e0 0807 | bb12 0200 | 004d 3bc1 | 0f84 2f3c 

  0x00000212b07a0518: ;   {metadata('java/lang/String')}
  0x00000212b07a0518: 0000 48be | f0e9 00bb | 1202 0000 

  0x00000212b07a0524: ;   {metadata('java/util/Collection')}
  0x00000212b07a0524: 48b8 e008 | 07bb 1202 | 0000 488b | 7e28 8b0f | 4883 c708 | 4885 c0f2 | 48af 0f85 | 0400 0000 
  0x00000212b07a0544: 4889 4620 | 0f84 fb3b | 0000 458b | 4a14 458b | 410c 410f | be4a 1041 | d3f8 4585 | c07f 1c4d 
  0x00000212b07a0564: 8b97 5803 | 0000 458b 

  0x00000212b07a056c: ; ImmutableOopMap {r11=NarrowOop [40]=NarrowOop [48]=Oop [56]=Oop [64]=Oop [72]=Oop [80]=Oop [88]=Oop [104]=Oop }
                      ;*goto {reexecute=1 rethrow=0 return_oop=0}
                      ; - (reexecute) org.gradle.internal.logging.console.WorkInProgressRenderer::isRenderable@20 (line 165)
                      ; - org.gradle.internal.logging.console.WorkInProgressRenderer::attach@9 (line 106)
                      ; - org.gradle.internal.logging.console.WorkInProgressRenderer::renderNow@147 (line 191)
                      ;   {poll}
  0x00000212b07a056c: 5b18 4185 | 0245 85db | 0f84 3e01 | 0000 e97a | ffff ff4c | 8b54 2458 | 458b 5218 | 4585 d274 
  0x00000212b07a058c: 134d 8bc2 | 488b 5424 | 3866 6690 

  0x00000212b07a0598: ;   {optimized virtual_call}
  0x00000212b07a0598: c5f8 77e8 

  0x00000212b07a059c: ; ImmutableOopMap {[40]=NarrowOop [48]=Oop [56]=Oop [64]=Oop [72]=Oop [80]=Oop [88]=Oop [104]=Oop }
                      ;*invokespecial unshow {reexecute=0 rethrow=0 return_oop=0}
                      ; - org.gradle.internal.logging.console.WorkInProgressRenderer::attach@28 (line 113)
                      ; - org.gradle.internal.logging.console.WorkInProgressRenderer::renderNow@147 (line 191)
  0x00000212b07a059c: 6052 7ff8 | 4c8b 5424 | 3845 8b5a | 2449 8bd3 | 6690 c5f8 | 7748 b810 | c413 bb12 

  0x00000212b07a05b8: ;   {virtual_call}
  0x00000212b07a05b8: 0200 00e8 

  0x00000212b07a05bc: ; ImmutableOopMap {[40]=NarrowOop [48]=Oop [56]=Oop [64]=Oop [72]=Oop [80]=Oop [88]=Oop [104]=Oop }
                      ;*invokeinterface isEmpty {reexecute=0 rethrow=0 return_oop=0}
                      ; - org.gradle.internal.logging.console.WorkInProgressRenderer::attach@35 (line 117)
                      ; - org.gradle.internal.logging.console.WorkInProgressRenderer::renderNow@147 (line 191)
  0x00000212b07a05bc: e0e7 7ff8 | 85c0 7434 | 4c8b 5424 | 3845 8b5a | 2849 8bd3 | 6690 c5f8 | 7748 b8ff | ffff ffff 
  0x00000212b07a05dc: ;   {virtual_call}
  0x00000212b07a05dc: ffff ffe8 

  0x00000212b07a05e0: ; ImmutableOopMap {[40]=NarrowOop [48]=Oop [56]=Oop [64]=Oop [72]=Oop [80]=Oop [88]=Oop [104]=Oop }
                      ;*invokeinterface size {reexecute=0 rethrow=0 return_oop=0}
                      ; - org.gradle.internal.logging.console.WorkInProgressRenderer::attach@47 (line 118)
                      ; - org.gradle.internal.logging.console.WorkInProgressRenderer::renderNow@147 (line 191)
  0x00000212b07a05e0: 9c10 9aff | 448b c041 | ffc0 488b | 5424 3890 

  0x00000212b07a05f0: ;   {optimized virtual_call}
  0x00000212b07a05f0: c5f8 77e8 

  0x00000212b07a05f4: ; ImmutableOopMap {[40]=NarrowOop [48]=Oop [56]=Oop [64]=Oop [72]=Oop [80]=Oop [88]=Oop [104]=Oop }
                      ;*invokespecial resizeTo {reexecute=0 rethrow=0 return_oop=0}
                      ; - org.gradle.internal.logging.console.WorkInProgressRenderer::attach@57 (line 119)
                      ; - org.gradle.internal.logging.console.WorkInProgressRenderer::renderNow@147 (line 191)
  0x00000212b07a05f4: 880d 9aff | 4c8b 5424 | 3845 8b52 | 2449 8bd2 | 6690 c5f8 | 7748 b810 | c413 bb12 

  0x00000212b07a0610: ;   {virtual_call}
  0x00000212b07a0610: 0200 00e8 

  0x00000212b07a0614: ; ImmutableOopMap {[40]=NarrowOop [48]=Oop [56]=Oop [64]=Oop [72]=Oop [80]=Oop [88]=Oop [104]=Oop }
                      ;*invokeinterface isEmpty {reexecute=0 rethrow=0 return_oop=0}
                      ; - org.gradle.internal.logging.console.WorkInProgressRenderer::attach@64 (line 124)
                      ; - org.gradle.internal.logging.console.WorkInProgressRenderer::renderNow@147 (line 191)
  0x00000212b07a0614: 88e7 7ff8 | 85c0 0f84 | 9a1c 0000 | 4c8b 5424 | 3845 8b52 | 2c49 8bd2 | 4c8b 4424 | 5890 c5f8 
  0x00000212b07a0634: 7748 b8ff | ffff ffff 

  0x00000212b07a063c: ;   {virtual_call}
  0x00000212b07a063c: ffff ffe8 

  0x00000212b07a0640: ; ImmutableOopMap {[40]=NarrowOop [48]=Oop [56]=Oop [64]=Oop [72]=Oop [80]=Oop [104]=Oop }
                      ;*invokeinterface add {reexecute=0 rethrow=0 return_oop=0}
                      ; - org.gradle.internal.logging.console.WorkInProgressRenderer::attach@77 (line 125)
                      ; - org.gradle.internal.logging.console.WorkInProgressRenderer::renderNow@147 (line 191)
  0x00000212b07a0640: 3c10 9aff | eb72 458b | 4310 453b | c274 5949 | 8b7a 1045 | 3bd0 7450 

  0x00000212b07a0658: ; implicit exception: dispatches to 0x00000212b07a066f
  0x00000212b07a0658: 458b 4808 

  0x00000212b07a065c: ;   {metadata('org/gradle/internal/operations/OperationIdentifier')}
  0x00000212b07a065c: 4181 f9a8 | 3913 010f | 85a7 4a00 | 0049 3b78 | 1074 39ba | 45ff ffff | 488b 6c24 | 384c 8b44 
  0x00000212b07a067c: 2450 4c89 | 4424 204c | 8b44 2448 | 4c89 4424 | 2848 8974 | 2430 4489 | 5424 3844 | 895c 243c 
  0x00000212b07a069c: 895c 2440 

  0x00000212b07a06a0: ;   {runtime_call UncommonTrapBlob}
  0x00000212b07a06a0: c5f8 77e8 

  0x00000212b07a06a4: ; ImmutableOopMap {rbp=Oop [32]=Oop [40]=Oop [48]=Oop [56]=NarrowOop [60]=NarrowOop [104]=Oop }
                      ;*ifeq {reexecute=1 rethrow=0 return_oop=0}
                      ; - (reexecute) java.util.HashMap::getNode@66 (line 570)
                      ; - java.util.HashMap::containsKey@2 (line 594)
                      ; - java.util.HashSet::contains@5 (line 205)
                      ; - org.gradle.internal.logging.console.WorkInProgressRenderer::renderNow@96 (line 187)
  0x00000212b07a06a4: 5862 9aff | 488b 5424 | 484c 8bc1 

  0x00000212b07a06b0: ;   {optimized virtual_call}
  0x00000212b07a06b0: c5f8 77e8 

  0x00000212b07a06b4: ; ImmutableOopMap {[40]=NarrowOop [48]=Oop [56]=Oop [64]=Oop [72]=Oop [80]=Oop [104]=Oop }
                      ;*invokeinterface add {reexecute=0 rethrow=0 return_oop=0}
                      ; - org.gradle.internal.logging.console.WorkInProgressRenderer::renderNow@110 (line 188)
  0x00000212b07a06b4: a88f f2ff | 4c8b 5424 | 304c 8b5c | 2468 458b | 4310 4d8b | 9f58 0300 

  0x00000212b07a06cc: ; ImmutableOopMap {r10=Oop [40]=NarrowOop [48]=Oop [56]=Oop [64]=Oop [72]=Oop [80]=Oop [104]=Oop }
                      ;*goto {reexecute=1 rethrow=0 return_oop=0}
                      ; - (reexecute) org.gradle.internal.logging.console.WorkInProgressRenderer::renderNow@248 (line 204)
                      ;   {poll}
  0x00000212b07a06cc: 0041 8503 | 448b 5c24 | 6045 3bd8 | 0f85 d701 | 0000 4c8b | 7424 3844 | 8b54 2474 | 4c8b 4c24 
  0x00000212b07a06ec: 2045 8b46 | 2045 8b58 

  0x00000212b07a06f4: ;   {metadata('java/util/ArrayList')}
  0x00000212b07a06f4: 0841 81fb | 20df 0000 | 0f85 8a42 | 0000 4d8b | d841 8b6b | 1041 ff43 | 0c45 8963 | 1085 ed0f 
  0x00000212b07a0714: 8ed9 0000 | 0041 8b7b | 1444 8b47 | 0c45 85c0 | 0f86 8a43 | 0000 4863 | dd4d 63d8 | 48ff cb49 
  0x00000212b07a0734: 3bdb 0f83 | 7843 0000 | 4180 7f38 | 000f 8509 | 2a00 0044 | 8967 1048 | 81fb 0000 | 0080 49c7 
  0x00000212b07a0754: c300 0000 | 8049 0f4c | db44 8beb | 4183 fd01 | 0f8e 6243 | 0000 4c8b | df4c 895c | 2430 bb01 
  0x00000212b07a0774: 0000 0041 | 8bf5 2bf3 | 4533 c044 | 3beb 410f | 4cf0 81fe | d007 0000 | 41b8 d007 | 0000 410f 
  0x00000212b07a0794: 47f0 03f3 | 0f1f 8400 | 0000 0000 | 4180 7f38 | 000f 8565 | 2200 0044 | 8964 9f10 | 4180 7f38 
  0x00000212b07a07b4: 000f 8599 | 2200 0044 | 8964 9f14 | 83c3 023b | de7c d94d | 8b9f 5803 

  0x00000212b07a07cc: ; ImmutableOopMap {rdi=NarrowOop r14=Oop [48]=Oop }
                      ;*goto {reexecute=1 rethrow=0 return_oop=0}
                      ; - (reexecute) java.util.ArrayList::clear@39 (line 652)
                      ; - org.gradle.internal.logging.console.WorkInProgressRenderer::renderNow@255 (line 205)
                      ;   {poll}
  0x00000212b07a07cc: 0000 4185 | 0341 3bdd | 7ca1 3bdd | 7d18 6690 | 4180 7f38 | 000f 85b2 | 2900 0044 | 8964 9f10 
  0x00000212b07a07ec: ffc3 3bdd | 7cea 458b | 4628 458b 

  0x00000212b07a07f8: ;   {metadata('java/util/HashMap')}
  0x00000212b07a07f8: 5808 4181 | fba0 440b | 000f 859d | 4100 0045 | 8b58 1041 

  0x00000212b07a080c: ;   {metadata('java/util/HashMap$Values')}
  0x00000212b07a080c: 8b5b 0881 | fb90 c013 | 000f 85a1 | 4100 0045 | 8b5b 0c41 | 8b4b 2485 | c90f 84be | 1100 0041 
  0x00000212b07a082c: 8b5b 1485 | db0f 8eb2 | 1100 0044 | 8b41 0c41 | 8b7b 1845 | 85c0 0f86 | 8045 0000 | 418b d8ff 
  0x00000212b07a084c: cb41 3bd8 | 0f83 9641 | 0000 8b59 | 1085 db0f | 8540 1b00 | 0041 8bf0 | 83c6 fd83 | fe01 0f8e 
  0x00000212b07a086c: c441 0000 | ba01 0000 | 004c 8974 | 2440 4489 | 5424 344c | 894c 2448 | 4489 5c24 | 7089 7c24 
  0x00000212b07a088c: 6041 8bf8 | 2bfa 83c7 | fd45 33db | 3bf2 410f | 4cfb 81ff | a00f 0000 | 41bb a00f | 0000 410f 
  0x00000212b07a08ac: 47fb 03fa | e9ce 0100 | 0044 8b44 | 2470 4489 | 5c24 704c | 8b54 2468 | 458b 520c | 443b 5424 
  0x00000212b07a08cc: 640f 851d | 3e00 004c | 8b54 2468 | 458b 5a10 | 448b 5424 | 7045 3bd3 | 0f8d 423e | 0000 4c8b 
  0x00000212b07a08ec: 5424 6845 | 8b52 1445 | 8b4a 0c44 | 8b5c 2470 | 453b d90f | 8d57 3e00 | 0044 8b44 | 2470 41ff 
  0x00000212b07a090c: c044 8944 | 2460 453b | d90f 837d | 3800 0047 | 8b5c 9a10 

  0x00000212b07a0920: ; implicit exception: dispatches to 0x00000212b07a5b4c
  0x00000212b07a0920: 458b 5308 | 49b8 0000 | 00bb 1202 | 0000 4d03 | c24d 8b50 

  0x00000212b07a0934: ;   {metadata('org/gradle/internal/logging/events/OutputEvent')}
  0x00000212b07a0934: 3849 b840 | 3301 bc12 | 0200 004d | 3bd0 0f85 | 7c38 0000 | 4d8b d3c4 | c1f9 6ec2 | 458b 5208 
  0x00000212b07a0954: c4c1 796e 

  0x00000212b07a0958: ;   {metadata('org/gradle/internal/logging/events/ProgressStartEvent')}
  0x00000212b07a0958: d241 81fa | e88a 0101 | 0f85 8001 | 0000 4c8b | 5424 3845 | 8b5a 1445 

  0x00000212b07a0970: ;   {metadata('org/gradle/internal/logging/console/MultiLineBuildProgressArea')}
  0x00000212b07a0970: 8b43 0841 | 81f8 d04a | 0a01 0f85 | 7638 0000 | 4d8b d345 | 8b5a 1041 | c642 0c01 

  0x00000212b07a098c: ; implicit exception: dispatches to 0x00000212b07a5b78
  0x00000212b07a098c: 458b 5308 

  0x00000212b07a0990: ;   {metadata('java/util/ArrayList')}
  0x00000212b07a0990: 4181 fa20 | df00 000f | 858b 3800 | 0049 8bcb | 448b 5110 | 4585 d20f | 8493 f9ff | ff44 8b71 
  0x00000212b07a09b0: 0c44 8b59 | 1441 8b5b | 0c85 db0f | 86d3 3800 | 0049 63fa | 4863 eb4c | 8bc7 49ff | c84c 3bc5 
  0x00000212b07a09d0: 0f83 be38 | 0000 4585 | d20f 8efd | 3800 0041 | b901 0000 | 0045 3bca | 450f 4fca | 33f6 41b8 
  0x00000212b07a09f0: ffff ffff | 413b f20f | 8d27 3900 | 003b f30f | 8d7b 3900 | 0041 8b54 | b310 448b | 4208 488b 
  0x00000212b07a0a10: ;   {metadata('org/gradle/internal/logging/console/DefaultRedrawableLabel')}
  0x00000212b07a0a10: c241 81f8 | 6055 0a01 | 0f85 984f | 0000 c640 | 1401 8bd6 | ffc2 413b | d17d 0744 | 8bc6 8bf2 
  0x00000212b07a0a30: ebc2 483b | fd48 0f4c | ef48 ffcd | 4881 fd00 | 0000 8049 | c7c0 0000 | 0080 490f | 4ce8 448b 
  0x00000212b07a0a50: c541 3bd0 | 0f8d 9cf8 | ffff 418b | f82b fa33 | f644 3bc2 | 0f4c fe81 | ffd0 0700 | 0041 b9d0 
  0x00000212b07a0a70: 0700 0041 | 0f47 f903 | fae9 15f8 | ffff 6690 | 418b d18b | 5c91 1085 | db0f 8577 | 1000 008b 
  0x00000212b07a0a90: 5c91 1485 | db0f 8570 | 1000 008b | 5c91 1885 | db0f 855c | 1000 008b | 5c91 1c44 | 8bd2 4183 
  0x00000212b07a0ab0: c203 85db | 0f85 df18 | 0000 448b | ca41 83c1 | 0444 3bcf | 7cba 498b | bf58 0300 | 0048 8bc1 
  0x00000212b07a0ad0: ; ImmutableOopMap {rcx=NarrowOop rbx=NarrowOop rax=Oop [64]=Oop [112]=NarrowOop }
                      ;*ifnull {reexecute=1 rethrow=0 return_oop=0}
                      ; - (reexecute) java.util.HashMap$HashIterator::<init>@75 (line 1585)
                      ; - java.util.HashMap$ValueIterator::<init>@7 (line 1623)
                      ; - java.util.HashMap$Values::iterator@8 (line 1043)
                      ; - org.gradle.internal.logging.console.WorkInProgressRenderer::renderNow@269 (line 207)
                      ;   {poll}
  0x00000212b07a0ad0: 83c2 0485 | 0744 3bce | 0f8d 7a3f | 0000 418b | d1e9 a7fd | ffff 4c8b | 5424 4845 | 8b52 0c4c 
  0x00000212b07a0af0: 8b5c 2438 | 458b 5b10 | c4c1 797e 

  0x00000212b07a0afc: ;   {metadata('org/gradle/internal/logging/events/ProgressCompleteEvent')}
  0x00000212b07a0afc: d141 81f9 | 1092 0b01 | 0f85 611a | 0000 c4c1 | f97e c049 | 8bf8 458b | 481c 458b 

  0x00000212b07a0b18: ;   {metadata('java/util/HashMap')}
  0x00000212b07a0b18: 4208 4181 | f8a0 440b | 000f 855d | 4400 0045 | 8b42 2445 | 85c0 0f84 | 8901 0000 | 458b 500c 
  0x00000212b07a0b38: 4585 d20f | 863b 4600 | 0045 85c9 | 0f84 c42f | 0000 498b | 4910 488b | d948 c1eb | 2048 33d9 
  0x00000212b07a0b58: 8bcb 8bd9 | c1eb 1033 | d98b cb41 | ffca 4423 | d147 8b44 | 9010 4585 | c00f 8446 | 0100 0045 
  0x00000212b07a0b78: 8b50 0c44 | 3bd1 7570 | 418b 5810 | 413b d90f | 842b fbff | ff4d 8b51 | 1044 3bcb | 0f84 1efb 
  0x00000212b07a0b98: ffff 8b73 

  0x00000212b07a0b9c: ;   {metadata('org/gradle/internal/operations/OperationIdentifier')}
  0x00000212b07a0b9c: 0881 fea8 | 3913 010f | 8577 4800 | 004c 8bdb | 4d3b 5310 | 0f84 02fb | ffff ba45 | ffff ff48 
  0x00000212b07a0bbc: 8b6c 2438 | 4c8b 5424 | 404c 8954 | 2420 4c8b | 5424 484c | 8954 2428 | 4889 7c24 | 3044 894c 
  0x00000212b07a0bdc: 2444 4489 | 4424 5089 | 4c24 5490 

  0x00000212b07a0be8: ;   {runtime_call UncommonTrapBlob}
  0x00000212b07a0be8: c5f8 77e8 

  0x00000212b07a0bec: ; ImmutableOopMap {rbp=Oop [32]=Oop [40]=Oop [48]=Oop [68]=NarrowOop [80]=NarrowOop [104]=Oop }
                      ;*ifeq {reexecute=1 rethrow=0 return_oop=0}
                      ; - (reexecute) java.util.HashMap::getNode@66 (line 570)
                      ; - java.util.HashMap::containsKey@2 (line 594)
                      ; - java.util.HashSet::contains@5 (line 205)
                      ; - org.gradle.internal.logging.console.WorkInProgressRenderer::renderNow@174 (line 195)
  0x00000212b07a0bec: 105d 9aff | 418b 6818 | 85ed 0f84 | c100 0000 | 418b 5808 

  0x00000212b07a0c00: ;   {metadata('java/util/HashMap$TreeNode')}
  0x00000212b07a0c00: 81fb 006c | 1300 0f84 | 6047 0000 | 4c8b d54d | 8bc2 0f1f | 8000 0000 | 000f 1f80 | 0000 0000 
  0x00000212b07a0c20: 458b 500c | 443b d175 | 7745 8b58 | 1041 8bdb | 453b d90f | 847f faff | ff4d 8b51 | 1045 3bcb 
  0x00000212b07a0c40: 0f84 72fa | ffff 458b 

  0x00000212b07a0c48: ;   {metadata('org/gradle/internal/operations/OperationIdentifier')}
  0x00000212b07a0c48: 5b08 4181 | fba8 3913 | 010f 8515 | 4900 0044 | 8bdb 4d3b | 5310 0f84 | 54fa ffff | ba45 ffff 
  0x00000212b07a0c68: ff48 8b6c | 2438 4c8b | 5424 404c | 8954 2420 | 4c8b 5424 | 484c 8954 | 2428 4889 | 7c24 3044 
  0x00000212b07a0c88: 894c 2444 | 4c89 4424 | 5089 4c24 | 5866 6690 

  0x00000212b07a0c98: ;   {runtime_call UncommonTrapBlob}
  0x00000212b07a0c98: c5f8 77e8 

  0x00000212b07a0c9c: ; ImmutableOopMap {rbp=Oop [32]=Oop [40]=Oop [48]=Oop [68]=NarrowOop [80]=Oop [104]=Oop }
                      ;*ifeq {reexecute=1 rethrow=0 return_oop=0}
                      ; - (reexecute) java.util.HashMap::getNode@131 (line 577)
                      ; - java.util.HashMap::containsKey@2 (line 594)
                      ; - java.util.HashSet::contains@5 (line 205)
                      ; - org.gradle.internal.logging.console.WorkInProgressRenderer::renderNow@174 (line 195)
  0x00000212b07a0c9c: 605c 9aff | 498b 9f58 | 0300 0045 

  0x00000212b07a0ca8: ; ImmutableOopMap {r11=NarrowOop r8=NarrowOop r9=NarrowOop rdi=Oop [40]=NarrowOop [48]=Oop [56]=Oop [64]=Oop [72]=Oop [80]=Oop [104]=Oop }
                      ;*ifnonnull {reexecute=1 rethrow=0 return_oop=0}
                      ; - (reexecute) java.util.HashMap::getNode@145 (line 579)
                      ; - java.util.HashMap::containsKey@2 (line 594)
                      ; - java.util.HashSet::contains@5 (line 205)
                      ; - org.gradle.internal.logging.console.WorkInProgressRenderer::renderNow@174 (line 195)
                      ;   {poll}
  0x00000212b07a0ca8: 8b40 1885 | 0345 85c0 | 740b 4d8b | d04d 8bc2 | e963 ffff | ff45 85db | 0f84 a643 | 0000 4d8b 
  0x00000212b07a0cc8: c149 8bd3 

  0x00000212b07a0ccc: ;   {optimized virtual_call}
  0x00000212b07a0ccc: c5f8 77e8 

  0x00000212b07a0cd0: ; ImmutableOopMap {[40]=NarrowOop [48]=Oop [56]=Oop [64]=Oop [72]=Oop [80]=Oop [104]=Oop }
                      ;*invokevirtual complete {reexecute=0 rethrow=0 return_oop=1}
                      ; - org.gradle.internal.logging.console.WorkInProgressRenderer::renderNow@192 (line 196)
  0x00000212b07a0cd0: ccf3 82f8 | 488b 5424 | 384c 8bc0 

  0x00000212b07a0cdc: ;   {optimized virtual_call}
  0x00000212b07a0cdc: c5f8 77e8 

  0x00000212b07a0ce0: ; ImmutableOopMap {[40]=NarrowOop [48]=Oop [56]=Oop [64]=Oop [72]=Oop [80]=Oop [104]=Oop }
                      ;*invokespecial detach {reexecute=0 rethrow=0 return_oop=0}
                      ; - org.gradle.internal.logging.console.WorkInProgressRenderer::renderNow@195 (line 196)
  0x00000212b07a0ce0: bc09 83f8 | e9cf f9ff | ffff c189 | 4c24 64eb | 204d 8b9f | 5803 0000 

  0x00000212b07a0cf8: ;   {oop([B{0x00000000fe6189a0})}
  0x00000212b07a0cf8: 49b8 a089 | 61fe 0000 

  0x00000212b07a0d00: ; ImmutableOopMap {r10=NarrowOop r8=Oop [40]=NarrowOop [44]=NarrowOop [48]=NarrowOop [64]=Oop [80]=Derived_oop_r8 [88]=NarrowOop [92]=NarrowOop [104]=NarrowOop [108]=NarrowOop [112]=NarrowOop [120]=Oop [128]=Oop [136]=Oop [144]=Oop [208]=NarrowOop }
                      ;*goto {reexecute=1 rethrow=0 return_oop=0}
                      ; - (reexecute) org.gradle.internal.logging.console.DefaultWorkInProgressFormatter::format@42 (line 42)
                      ; - org.gradle.internal.logging.console.WorkInProgressRenderer$AssociationLabel::renderNow@15 (line 225)
                      ; - org.gradle.internal.logging.console.WorkInProgressRenderer::renderNow@297 (line 208)
                      ;   {poll}
  0x00000212b07a0d00: 0000 4185 | 03e9 7101 | 0000 83c1 | 0289 4c24 | 6444 8b5c | 2464 41ff | c344 895c | 2464 448b 
  0x00000212b07a0d20: 9424 d000 | 0000 458b | 5214 458b 

  0x00000212b07a0d2c: ;   {metadata('org/gradle/internal/logging/console/WorkInProgressRenderer$AssociationLabel')}
  0x00000212b07a0d2c: 4208 4181 | f800 4813 | 010f 8505 | 4c00 0045 | 8b5a 1441 | 8b6b 1889 | 6c24 5841 | 8b6a 0c89 
  0x00000212b07a0d4c: 6c24 5c8b | 6c24 5885 | ed0f 8459 | 3700 0041 | 8b6a 1089 | 6c24 6c49 | 8b87 0801 | 0000 4c8b 
  0x00000212b07a0d6c: d049 83c2 | 188b 6c24 | 5848 896c | 2478 4d3b | 9718 0100 | 000f 83c9 | 2a00 004d | 8997 0801 
  0x00000212b07a0d8c: 0000 410f | 1882 0001 | 0000 48c7 | 0001 0000 

  0x00000212b07a0d9c: ;   {metadata('java/lang/StringBuilder')}
  0x00000212b07a0d9c: 00c7 4008 | f0f4 0000 | 4489 600c | 4c89 6010 | 4889 8424 | 8800 0000 | 498b 8708 | 0100 004c 
  0x00000212b07a0dbc: 8bd0 4983 | c220 4d3b | 9718 0100 | 000f 83a2 | 2a00 004d | 8997 0801 | 0000 410f | 1882 0001 
  0x00000212b07a0ddc: 0000 48c7 | 0001 0000 | 0041 0f18 | 8240 0100 

  0x00000212b07a0dec: ;   {metadata({type array byte})}
  0x00000212b07a0dec: 00c7 4008 | 3867 0000 | 410f 1882 | 8001 0000 | c740 0c10 | 0000 004c | 8960 104c | 8960 1848 
  0x00000212b07a0e0c: 8bac 2488 | 0000 004c | 8bd5 4c8b | d844 895d | 144c 8bd8 | 4d33 da49 | c1eb 144d | 85db 741a 
  0x00000212b07a0e2c: 49c1 ea09 | 48b9 0000 | e89f 1202 | 0000 4903 | ca80 3904 | 0f85 b51e | 0000 4488 | 6510 448b 
  0x00000212b07a0e4c: 5424 7044 | 8954 2430 | 4489 5424 | 2c44 8b94 | 24d0 0000 | 008b 6c24 | 6889 6c24 | 288b 6c24 
  0x00000212b07a0e6c: 6489 6c24 | 2444 8b44 | 2460 4489 | 4424 208b | 6c24 5c85 | ed0f 84d7 | 0400 004c | 8bdd 498b 
  0x00000212b07a0e8c: ea48 89ac | 2490 0000 | 0066 6666 | 0f1f 8400 | 0000 0000 | 458b 4b10 

  0x00000212b07a0ea4: ;   {oop("org.gradle.internal.progress.BuildProgressLogger"{0x00000000fe618a60})}
  0x00000212b07a0ea4: 4181 f960 | 8a61 fe0f | 843a 3000 | 0045 85c9 | 0f84 f700 | 0000 450f | be41 1045 | 85c0 0f85 
  0x00000212b07a0ec4: ac30 0000 | 458b 4914 | 458b 410c | 4183 f830 | 0f85 d700 | 0000 4d8b | c149 8d71 | 1048 8b7c 
  0x00000212b07a0ee4: 2450 b930 | 0000 0085 | c90f 84a5 | 0000 008b | c183 e01f | 83e1 e00f | 844b 0000 | 0048 8d3c 
  0x00000212b07a0f04: 0f48 8d34 | 0e48 f7d9 | c5fe 6f04 | 0fc5 fe6f | 0c0e c5fd | efc1 c4e2 | 7d17 c00f | 857a 0000 
  0x00000212b07a0f24: 0048 83c1 | 2075 e185 | c00f 8465 | 0000 00c5 | fe6f 4407 | e0c5 fe6f | 4c06 e0c5 | fdef c1c4 
  0x00000212b07a0f44: e27d 17c0 | 7555 eb4c | 8bc8 83e1 | fc74 1948 | 8d3c 0f48 | 8d34 0e48 | f7d9 8b1c | 0f3b 1c0e 
  0x00000212b07a0f64: 7539 4883 | c104 75f2 | f7c0 0200 | 0000 7412 | 0fb7 1f0f | b70e 3bd9 | 7521 488d | 7f02 488d 
  0x00000212b07a0f84: 7602 f7c0 | 0100 0000 | 740a 0fb6 | 1f0f b60e | 3bd9 7507 | b801 0000 | 00eb 0233 | c0c5 fdef 
  0x00000212b07a0fa4: c0c5 f5ef | c985 c00f | 853a 2f00 | 0041 8b6b | 0c89 6c24 | 7441 8b6b | 1889 6c24 | 5c8b 6c24 
  0x00000212b07a0fc4: 7485 ed0f | 8424 fdff | ff4c 8b4c 

  0x00000212b07a0fd0: ;   {metadata('java/util/Collection')}
  0x00000212b07a0fd0: 2448 49b8 | e008 07bb | 1202 0000 | 4d3b c80f | 8428 2f00 

  0x00000212b07a0fe4: ;   {metadata('java/lang/String')}
  0x00000212b07a0fe4: 0048 bef0 | e900 bb12 

  0x00000212b07a0fec: ;   {metadata('java/util/Collection')}
  0x00000212b07a0fec: 0200 0048 | b8e0 0807 | bb12 0200 | 0048 8b7e | 288b 0f48 | 83c7 0848 | 85c0 f248 | af0f 8504 
  0x00000212b07a100c: 0000 0048 | 8946 200f | 84f4 2e00 | 0044 8b45 | 1445 8b58 | 0c0f be4d | 1041 d3fb | 4585 db0f 
  0x00000212b07a102c: 8ec0 fcff | ff48 8bac | 2488 0000 | 0044 8b45 | 0c45 85c0 | 0f8c d833 | 0000 8b6d | 1489 ac24 
  0x00000212b07a104c: 9800 0000 

  0x00000212b07a1050: ; implicit exception: dispatches to 0x00000212b07a5abc
  0x00000212b07a1050: 8b6d 0c89 | 6c24 3848 | 8bac 2488 | 0000 000f | be4d 1044 | 8b54 2438 | 41d3 fa45 | 8bc8 452b 
  0x00000212b07a1070: ca8b 6c24 | 7448 89ac | 24a0 0000 | 0041 83c1 | 0345 85c9 | 0f8f 460c | 0000 41d3 | e0bb 0300 
  0x00000212b07a1090: 0000 d3e3 | 85db 0f8c | 042f 0000 | 8bac 2498 | 0000 0044 | 8b55 0c45 | 3bd0 0f82 | f02e 0000 
  0x00000212b07a10b0: 448b db45 | 03d8 453b | d30f 82e1 | 2e00 0045 | 85c0 0f8c | d82e 0000 | 4585 c074 | 1f4c 8bd5 
  0x00000212b07a10d0: 488d 541d | 1048 8d4d | 104d 63c0 | c5f8 7749 | ba40 8012 | b012 0200 | 0041 ffd2 | 4c8b 9424 
  0x00000212b07a10f0: 8800 0000 | 450f be52 | 1041 8bda | 4c8b 9424 | 8800 0000 | 4183 420c | 0344 8bd3 | 4585 d20f 
  0x00000212b07a1110: 857e 1e00 | 004c 8b94 | 2488 0000 | 0041 8b6a | 1489 ac24 | 9000 0000 | 85ed 0f84 | b61e 0000 
  0x00000212b07a1130: 8bac 2490 | 0000 0044 | 8b5d 0c41 | 83fb 030f | 82c7 2e00 | 00c6 4510 | 20c6 4511 | 3ec6 4512 
  0x00000212b07a1150: 204c 8b94 | 2488 0000 | 0045 8b4a | 0c41 83f9 | 030f 8cf9 | 3200 008b | 6c24 7444 | 8b5d 1445 
  0x00000212b07a1170: 8b53 0c8b | ac24 9000 | 0000 8b6d | 0c89 6c24 | 2044 8bdd | 8bcb 41d3 | fb8b 6c24 | 740f be4d 
  0x00000212b07a1190: 1041 d3fa | 4489 9424 | 9400 0000 | 458b c245 | 03c1 458b | d045 2bd3 | 8bac 2494 | 0000 0083 
  0x00000212b07a11b0: c503 896c | 2424 4585 | d20f 8f0b | 0d00 008b | fd8b cbd3 | e741 b803 | 0000 0041 | d3e0 4183 
  0x00000212b07a11d0: c1fd 41d3 | e145 85c0 | 0f8c 6e2e | 0000 85ff | 0f8c 662e | 0000 8bac | 2490 0000 | 0044 8b55 
  0x00000212b07a11f0: 0c45 8bd9 | 4503 d845 | 3bd3 0f82 | 4c2e 0000 | 418b c903 | cf44 3bd1 | 0f82 3e2e | 0000 4585 
  0x00000212b07a1210: c90f 8c35 | 2e00 0045 | 85c9 7420 | 4c8b d548 | 8d54 3d10 | 4a8d 4c05 | 104d 63c1 | c5f8 7749 
  0x00000212b07a1230: ba40 8012 | b012 0200 | 0041 ffd2 | 4c8b 9424 | 8800 0000 | 8bac 2494 | 0000 0041 | 016a 0c8b 
  0x00000212b07a1250: 6c24 7444 | 8b5d 1441 | 8b6b 0c44 | 8b44 2474 | 410f be48 | 1045 0fbe | 5210 d3fd | 89ac 2490 
  0x00000212b07a1270: 0000 0044 | 3bd1 0f85 | 781d 0000 | 488b ac24 | 8800 0000 | 448b 4d14 | 413b ca0f | 854d 2300 
  0x00000212b07a1290: 008b ac24 | 9000 0000 | 418b cad3 | e58b ddbf | 0300 0000 | d3e7 458b | 530c 418b | 490c 85ff 
  0x00000212b07a12b0: 0f8c ee2d | 0000 443b | d50f 82e5 | 2d00 0044 | 8bd7 4403 | d541 3bca | 0f82 d62d | 0000 85ed 
  0x00000212b07a12d0: 0f8c ce2d | 0000 85ed | 7422 4d8b | d349 8d4b | 104c 63c5 | 4d8b d149 | 8d54 3910 | c5f8 7749 
  0x00000212b07a12f0: ba40 8012 | b012 0200 | 0041 ffd2 | 4d8b 9758 

  0x00000212b07a1300: ;   {oop([B{0x00000000fe6189a0})}
  0x00000212b07a1300: 0300 0049 | bba0 8961 | fe00 0000 

  0x00000212b07a130c: ; ImmutableOopMap {r11=Oop [64]=Oop [80]=Derived_oop_r11 [88]=NarrowOop [92]=NarrowOop [104]=NarrowOop [108]=NarrowOop [112]=NarrowOop [120]=Oop [128]=Oop [136]=Oop [208]=NarrowOop }
                      ;*goto {reexecute=1 rethrow=0 return_oop=0}
                      ; - (reexecute) org.gradle.internal.logging.console.DefaultWorkInProgressFormatter::format@59 (line 46)
                      ; - org.gradle.internal.logging.console.WorkInProgressRenderer$AssociationLabel::renderNow@15 (line 225)
                      ; - org.gradle.internal.logging.console.WorkInProgressRenderer::renderNow@297 (line 208)
                      ;   {poll}
  0x00000212b07a130c: 0041 8502 | 448b 5c24 | 5c45 85db | 7444 448b | 4424 7044 | 8944 2430 | 4489 4424 | 2c44 8b94 
  0x00000212b07a132c: 24d0 0000 | 0048 8bac | 2480 0000 | 0048 89ac | 2490 0000 | 008b 6c24 | 6889 6c24 | 288b 6c24 
  0x00000212b07a134c: 6489 6c24 | 248b 6c24 | 6089 6c24 | 20e9 42fb | ffff 4c8b | 9424 8800 | 0000 458b | 4a0c 4585 
  0x00000212b07a136c: c90f 8e6e | 3400 0041 | 83f9 010f | 8cf3 3400 | 0045 8b5a | 1441 0fbe | 4a10 41ba | 0100 0000 
  0x00000212b07a138c: 41d3 e241 | 8bd9 ffcb | 448b c341 | d3e0 418b | 7b0c 4585 | d20f 8c39 | 3100 0041 | 8bca 4103 
  0x00000212b07a13ac: c83b f90f | 822b 3100 | 0041 3bf8 | 0f82 2231 | 0000 4585 | c00f 8c19 | 3100 0045 | 85c0 741f 
  0x00000212b07a13cc: 4d8b cb4b | 8d4c 1310 | 498d 5310 | 4d63 c0c5 | f877 49ba | 4080 12b0 | 1202 0000 | 41ff d24c 
  0x00000212b07a13ec: 8b94 2488 | 0000 0041 | 895a 0c49 | 8baf 0801 | 0000 4c8b | d549 83c2 | 184d 3b97 | 1801 0000 
  0x00000212b07a140c: 0f83 8724 | 0000 4d89 | 9708 0100 | 0041 0f18 | 8200 0100 | 0048 c745 | 0001 0000 

  0x00000212b07a1428: ;   {metadata('org/gradle/internal/logging/events/StyledTextOutputEvent$Span')}
  0x00000212b07a1428: 00c7 4508 | 98a0 0a01 | 4489 650c | 4c89 6510 | 4889 6c24 | 2844 8b5c | 2458 458b | 530c 458b 
  0x00000212b07a1448: ;   {metadata('org/gradle/internal/nativeintegration/console/NativePlatformConsoleMetaData')}
  0x00000212b07a1448: 5a08 4181 | fb98 0a0a | 010f 85e9 | 3000 0045 | 8b5a 1045 

  0x00000212b07a145c: ;   {metadata('net/rubygrapefruit/platform/internal/WindowsTerminal')}
  0x00000212b07a145c: 8b43 0841 | 81f8 88fa | 0901 0f85 | ec30 0000 | 458b 430c | 4585 c00f | 844f 3000 | 0049 8be8 
  0x00000212b07a147c: 4889 6c24 | 2048 8d9c | 24e0 0000 | 0048 8b45 | 0048 f7c0 | 0200 0000 | 7525 4883 | c801 4889 
  0x00000212b07a149c: 03f0 480f | b15d 000f | 843e 0000 | 0048 2bc4 | 4881 e007 | f0ff ff48 | 8903 e92c | 0000 004c 
  0x00000212b07a14bc: 8bd0 4833 | c0f0 4d0f | b17a 3e48 | c703 0300 | 0000 0f84 | 1300 0000 | 4c3b f80f | 850a 0000 
  0x00000212b07a14dc: 0049 ff82 | 8600 0000 | 4833 c00f | 8583 3000 | 0049 8b87 | 0801 0000 | 4c8b d049 | 83c2 204d 
  0x00000212b07a14fc: 3b97 1801 | 0000 0f83 | c023 0000 | 4d89 9708 | 0100 0041 | 0f18 8200 | 0100 0048 | c700 0100 
  0x00000212b07a151c: ;   {metadata('net/rubygrapefruit/platform/internal/FunctionResult')}
  0x00000212b07a151c: 0000 c740 | 0838 020a | 0144 8960 | 0c44 8960 | 104c 8960 

  0x00000212b07a1530: ;   {oop(a 'net/rubygrapefruit/platform/internal/FunctionResult$Failure'{0x00000000fc85cb08})}
  0x00000212b07a1530: 18c7 4014 | 08cb 85fc | 4889 4424 | 5849 8b87 | 0801 0000 | 4c8b d049 | 83c2 184d | 3b97 1801 
  0x00000212b07a1550: 0000 0f83 | b123 0000 | 4d89 9708 | 0100 0041 | 0f18 8200 | 0100 0048 | c700 0100 

  0x00000212b07a156c: ;   {metadata('net/rubygrapefruit/platform/internal/MutableTerminalSize')}
  0x00000212b07a156c: 0000 c740 | 08b0 5813 | 0144 8960 | 0c4c 8960 | 1048 8944 | 2478 458b | 5310 418b | 520c 4489 
  0x00000212b07a158c: 4424 744c | 899c 2498 | 0000 004c | 8bc0 4c8b 

  0x00000212b07a159c: ;   {oop([B{0x00000000fe6189a0})}
  0x00000212b07a159c: 4c24 5848 | bda0 8961 | fe00 0000 | 0066 6690 

  0x00000212b07a15ac: ;   {static_call}
  0x00000212b07a15ac: c5f8 77e8 

  0x00000212b07a15b0: ; ImmutableOopMap {rbp=Oop [32]=Oop [40]=Oop [64]=Oop [80]=Derived_oop_rbp [88]=Oop [104]=NarrowOop [108]=NarrowOop [112]=NarrowOop [116]=NarrowOop [120]=Oop [128]=Oop [136]=Oop [152]=Oop [208]=NarrowOop }
                      ;*invokestatic getConsoleSize {reexecute=0 rethrow=0 return_oop=0}
                      ; - net.rubygrapefruit.platform.internal.WindowsTerminal::getTerminalSize@32 (line 82)
                      ; - org.gradle.internal.nativeintegration.console.NativePlatformConsoleMetaData::getCols@4 (line 44)
                      ; - org.gradle.internal.logging.console.DefaultWorkInProgressFormatter::trim@4 (line 64)
                      ; - org.gradle.internal.logging.console.DefaultWorkInProgressFormatter::format@92 (line 53)
                      ; - org.gradle.internal.logging.console.WorkInProgressRenderer$AssociationLabel::renderNow@15 (line 225)
                      ; - org.gradle.internal.logging.console.WorkInProgressRenderer::renderNow@297 (line 208)
  0x00000212b07a15b0: 0c7a fbff | 4c8b 5424 | 5845 8b4a | 1045 85c9 | 0f85 de32 | 0000 488b | 6c24 2048 | 8d84 24e0 
  0x00000212b07a15d0: 0000 0048 | 8138 0000 | 0000 0f84 | 8500 0000 | 4c8b 5500 | 49f7 c202 | 0000 0074 | 6f49 81ba 
  0x00000212b07a15f0: 8600 0000 | 0000 0000 | 7409 49ff | 8a86 0000 | 00eb 5149 | 8b82 9600 | 0000 490b | 828e 0000 
  0x00000212b07a1610: 0075 0a49 | c742 3e00 | 0000 00eb | 4849 81ba | 9e00 0000 | 0000 0000 | 7425 4833 | c049 c742 
  0x00000212b07a1630: 3e00 0000 | 00f0 8304 | 2400 4981 | ba9e 0000 | 0000 0000 | 0075 0df0 | 4d0f b17a | 3e75 0583 
  0x00000212b07a1650: c801 eb11 | f7c0 0000 | 0000 eb09 | 4c8b 10f0 | 4c0f b155 | 000f 854a | 2f00 004c | 8b5c 2478 
  0x00000212b07a1670: 458b 4308 

  0x00000212b07a1674: ;   {metadata('net/rubygrapefruit/platform/internal/MutableTerminalSize')}
  0x00000212b07a1674: 4181 f8b0 | 5813 010f | 8557 2f00 | 0045 8b4b | 1045 85c9 | 0f8e 6a31 | 0000 4c8b | 9424 8800 
  0x00000212b07a1694: 0000 418b | 6a0c 896c | 2458 41ff | c944 3bcd | 0f8c e40b | 0000 418b | 6a14 89ac | 2490 0000 
  0x00000212b07a16b4: 0041 807a | 1000 0f85 | 1025 0000 | 8b6c 2458 | 85ed 0f84 | 821e 0000 | 4d8b 9f08 | 0100 004d 
  0x00000212b07a16d4: 8bd3 4983 | c218 4d3b | 9718 0100 | 000f 8392 | 2200 004d | 8997 0801 | 0000 410f | 1882 0001 
  0x00000212b07a16f4: 0000 49c7 | 0301 0000 

  0x00000212b07a16fc: ;   {metadata('java/lang/String')}
  0x00000212b07a16fc: 0041 c743 | 08f0 e900 | 0045 8963 | 0c4d 8963 | 104c 895c | 2438 8b6c | 2458 85ed | 0f8c be31 
  0x00000212b07a171c: 0000 81fd | 0000 1000 | 0f87 fe2e | 0000 4c63 | dd8b ac24 | 9000 0000 

  0x00000212b07a1734: ; implicit exception: dispatches to 0x00000212b07a5c60
  0x00000212b07a1734: 448b 450c | 443b 4424 | 5844 8b54 | 2458 450f | 4cd0 453b | c20f 8253 | 2f00 008b | 6c24 5841 
  0x00000212b07a1754: 3bea 0f82 | 462f 0000 | 4983 c317 | 4c89 5c24 | 2049 8beb | 4883 e5f8 | 4889 6c24 | 788b 6c24 
  0x00000212b07a1774: 5881 fd00 | 0010 000f | 871f 2200 | 0049 8b9f | 0801 0000 | 4c8b db48 | 8b6c 2478 | 4c03 dd4d 
  0x00000212b07a1794: 3b9f 1801 | 0000 0f83 | 0022 0000 | 4d89 9f08 | 0100 0041 | 0f18 8300 | 0100 0048 | c703 0100 
  0x00000212b07a17b4: 0000 410f | 1883 4001 

  0x00000212b07a17bc: ;   {metadata({type array byte})}
  0x00000212b07a17bc: 0000 c743 | 0838 6700 | 008b 6c24 | 5889 6b0c | 410f 1883 | 8001 0000 | 488b f34c | 8bdb 4983 
  0x00000212b07a17dc: c310 498b | d348 8b6c | 2420 48c1 | ed03 4585 | d20f 8440 | 2e00 0044 | 8b9c 2490 | 0000 0044 
  0x00000212b07a17fc: 8b84 2490 | 0000 004d | 8d58 1044 | 3b54 2458 | 0f8c 0d16 | 0000 4c8b | 4424 7849 | 83c0 f049 
  0x00000212b07a181c: c1e8 0349 | 8bcb c5f8 | 7749 ba60 | 8612 b012 | 0200 0041 | ffd2 4c8b | 5424 3841 | 895a 144c 
  0x00000212b07a183c: 8bde 4d33 | da49 c1eb | 144d 85db | 741a 49c1 | ea09 48b9 | 0000 e89f | 1202 0000 | 4903 ca80 
  0x00000212b07a185c: 3904 0f85 | 5416 0000 | 4c8b 5424 | 3845 8862 | 1041 807f | 3800 0f85 | 1814 0000 | 4c8b 5424 
  0x00000212b07a187c: ;   {oop(a 'org/gradle/internal/logging/text/StyledTextOutput$Style'{0x00000000fc85ca50})}
  0x00000212b07a187c: 2841 c742 | 1050 ca85 | fc49 8bea | 896c 2474 | 4c8b 5424 | 3849 8bfa 

  0x00000212b07a1894: ;   {oop(a 'org/gradle/internal/logging/text/StyledTextOutput$Style'{0x00000000fc85ca50})}
  0x00000212b07a1894: 49ba 50ca | 85fc 0000 | 0000 4d8b | da4c 8b54 | 2428 4d33 | da49 c1eb | 144d 85db | 741a 49c1 
  0x00000212b07a18b4: ea09 48b9 | 0000 e89f | 1202 0000 | 4903 ca80 | 3904 0f85 | 7814 0000 | 4180 7f38 | 000f 8581 
  0x00000212b07a18d4: 1300 004c | 8b54 2428 | 4189 7a0c | 4c8b 5424 | 384d 8bda | 4c8b 5424 | 284d 33da | 49c1 eb14 
  0x00000212b07a18f4: 4d85 db74 | 244c 8b5c | 2438 4d85 | db74 1a49 | c1ea 0948 | b900 00e8 | 9f12 0200 | 0049 03ca 
  0x00000212b07a1914: 8039 040f | 85b9 1400 | 0049 8b87 | 0801 0000 | 4c8b d049 | 83c2 184d | 3b97 1801 | 0000 0f83 
  0x00000212b07a1934: 1520 0000 | 4d89 9708 | 0100 0041 | 0f18 8200 | 0100 0048 | c700 0100 

  0x00000212b07a194c: ;   {metadata('java/util/Collections$SingletonList')}
  0x00000212b07a194c: 0000 c740 | 0888 cf05 | 0144 8960 | 0c4c 8960 | 1048 8bd8 | 8b6c 2474 | 8968 108b | 6c24 6c44 
  0x00000212b07a196c: ;   {metadata('org/gradle/internal/logging/console/DefaultRedrawableLabel')}
  0x00000212b07a196c: 8b55 0841 | 81fa 6055 | 0a01 0f85 | 742c 0000 | 488b fd41 | 807f 3800 | 0f85 3e13 | 0000 4c8b 
  0x00000212b07a198c: df4c 8bd3 | 4489 571c | 4c8b d34d | 33d3 49c1 | ea14 4d85 | d274 1a49 | c1eb 0948 | b900 00e8 
  0x00000212b07a19ac: 9f12 0200 | 0049 03cb | 8039 040f | 85d0 1300 | 004d 8b97 | 5803 0000 

  0x00000212b07a19c4: ;   {oop([B{0x00000000fe6189a0})}
  0x00000212b07a19c4: 49bb a089 | 61fe 0000 

  0x00000212b07a19cc: ; ImmutableOopMap {r11=Oop [64]=Oop [80]=Derived_oop_r11 [104]=NarrowOop [112]=NarrowOop [128]=Oop }
                      ;*goto {reexecute=1 rethrow=0 return_oop=0}
                      ; - (reexecute) org.gradle.internal.logging.console.WorkInProgressRenderer::renderNow@300 (line 209)
                      ;   {poll}
  0x00000212b07a19cc: 0000 4185 | 0244 8b54 | 2468 4585 | d20f 851a | 0100 004c | 8b74 2440 | 448b 5424 | 3445 8b5e 
  0x00000212b07a19ec: 2445 8b4b 

  0x00000212b07a19f0: ;   {metadata('java/util/ArrayDeque')}
  0x00000212b07a19f0: 0841 81f9 | 10c4 1300 | 0f85 d62f | 0000 4c89 | 5c24 4045 | 8b5b 1445 | 8b43 0c4c | 8b5c 2440 
  0x00000212b07a1a10: 418b 5b0c | 458b 5b10 | 442b db41 | 8bfb c1ff | 1f41 23f8 | 4103 fb85 | ff0f 8e46 | 0800 0044 
  0x00000212b07a1a30: 8bef 41ff | cd45 33c0 | 4533 c945 | 3be8 450f | 4ce9 85ff | 0f8e 3e33 | 0000 4c8b | 5c24 4045 
  0x00000212b07a1a50: 8b5b 1441 | 8b4b 0c3b | d90f 8371 | 2d00 0045 | 8b4c 9b10 

  0x00000212b07a1a64: ; implicit exception: dispatches to 0x00000212b07a5dac
  0x00000212b07a1a64: 458b 4108 | 498b f144 | 8bd3 41ff | c245 33c9 | 443b d145 

  0x00000212b07a1a78: ;   {metadata('org/gradle/internal/logging/console/DefaultRedrawableLabel')}
  0x00000212b07a1a78: 0f4d d141 | 81f8 6055 | 0a01 0f85 | f83e 0000 | 453b 6618 | 0f84 d224 | 0000 4180 | 7f38 000f 
  0x00000212b07a1a98: 8574 1400 

  0x00000212b07a1a9c: ;   {oop(a 'java/util/Collections$SingletonList'{0x00000000fc85ca68})}
  0x00000212b07a1a9c: 00c7 461c | 68ca 85fc 

  0x00000212b07a1aa4: ;   {oop(a 'java/util/Collections$SingletonList'{0x00000000fc85ca68})}
  0x00000212b07a1aa4: ffcf 49bb | 68ca 85fc | 0000 0000 | 4c8b c64d | 33d8 49c1 | eb14 4d85 | db74 1a49 | c1e8 0948 
  0x00000212b07a1ac4: b900 00e8 | 9f12 0200 | 0049 03c8 | 8039 040f | 856b 1400 | 0041 3bfd | 7e0e 448b | db41 8bda 
  0x00000212b07a1ae4: 458b d3e9 | 56ff ffff | 85ff 0f8e | c706 0000 | e99b 0600 | 0044 8994 | 24d0 0000 | 00eb 6a83 
  0x00000212b07a1b04: c202 448b | c2eb 0644 | 8bc2 41ff | c04c 8b74 | 2440 448b | 5424 344c | 8b4c 2448 | 448b 5c24 
  0x00000212b07a1b24: 708b 7c24 | 604c 8974 | 2440 4489 | 5424 344c | 894c 2448 | 4489 5c24 | 7089 7c24 | 6089 9c24 
  0x00000212b07a1b44: d000 0000 | 41ff c044 | 8944 2464 

  0x00000212b07a1b50: ;   {oop([B{0x00000000fe6189a0})}
  0x00000212b07a1b50: 49ba a089 | 61fe 0000 

  0x00000212b07a1b58: ;   {oop([B{0x00000000fe6189a0})}
  0x00000212b07a1b58: 0000 49bb | a089 61fe | 0000 0000 | 4983 c310 | 4c89 5c24 | 5044 8b54 | 2470 458b | 5218 443b 
  0x00000212b07a1b78: 5424 600f | 85d7 2c00 | 0044 8b9c | 24d0 0000 | 0045 8b5b | 1844 895c | 2468 448b | 9424 d000 
  0x00000212b07a1b98: 0000 4c89 | 9424 8000 | 0000 4585 | db0f 8573 | f1ff ff44 | 8b54 2470 | 458b 4224 

  0x00000212b07a1bb4: ; implicit exception: dispatches to 0x00000212b07a5cbc
  0x00000212b07a1bb4: 458b 580c | 448b 5424 | 6445 3bd3 | 0f8d 58f1 | ffff 453b | d30f 8305 | 2b00 0045 | 8bcb 41ff 
  0x00000212b07a1bd4: c945 3bcb | 0f83 f62a | 0000 41ff | c244 8b4c | 2464 438b | 6c88 1089 | 6c24 6885 | ed0f 851a 
  0x00000212b07a1bf4: f1ff ff8b | 5c24 64ff | c341 3bda | 7d06 895c | 2464 ebd9 | 458b cb41 | 83c1 fd41 | 3bd9 0f8d 
  0x00000212b07a1c14: 800e 0000 | 8bcb 660f | 1f44 0000 | 418b 6c88 | 1089 6c24 | 6885 ed0f | 85dc f0ff | ff4c 63d1 
  0x00000212b07a1c34: 438b 6c90 | 1489 6c24 | 6885 ed0f | 85a4 f0ff | ff43 8b6c | 9018 896c | 2468 85ed | 0f85 b4f0 
  0x00000212b07a1c54: ffff 438b | 6c90 1c89 | 6c24 688b | f983 c703 | 897c 2464 | 85ed 0f85 | a1f0 ffff | 458b d344 
  0x00000212b07a1c74: 2bd3 4183 | c2fd 33d2 | 443b cb44 | 0f4c d241 | 81fa a00f | 0000 bfa0 | 0f00 0044 | 0f47 d744 
  0x00000212b07a1c94: 03d3 83c1 | 0441 3bca | 0f8c 7eff | ffff 498b | 9f58 0300 | 0044 8b54 | 2464 498b | f841 ffc2 
  0x00000212b07a1cb4: ;   {oop([B{0x00000000fe6189a0})}
  0x00000212b07a1cb4: 48ba a089 | 61fe 0000 

  0x00000212b07a1cbc: ; ImmutableOopMap {r8=NarrowOop rdi=Oop rdx=Oop rbp=NarrowOop [64]=Oop [80]=Derived_oop_rdx [104]=NarrowOop [112]=NarrowOop [128]=Oop [208]=NarrowOop }
                      ;*ifnull {reexecute=1 rethrow=0 return_oop=0}
                      ; - (reexecute) java.util.HashMap$HashIterator::nextNode@95 (line 1601)
                      ; - java.util.HashMap$ValueIterator::next@1 (line 1625)
                      ; - org.gradle.internal.logging.console.WorkInProgressRenderer::renderNow@285 (line 207)
                      ;   {poll}
  0x00000212b07a1cbc: 0000 8503 | 413b c90f | 8dd1 0d00 | 008b d9e9 | 48ff ffff | 41bb 0200 | 0000 41d3 | e344 035c 
  0x00000212b07a1cdc: 2438 4183 | c003 41d3 | e044 2b44 | 2438 453b | c341 8bc0 | 410f 4cc3 | 0344 2438 | 448b d041 
  0x00000212b07a1cfc: ffca 4181 | faf7 ffff | 7f72 198b 

  0x00000212b07a1d08: ;   {oop([B{0x00000000fe6189a0})}
  0x00000212b07a1d08: 5424 3848 | bda0 8961 | fe00 0000 | 0066 6690 

  0x00000212b07a1d18: ;   {static_call}
  0x00000212b07a1d18: c5f8 77e8 

  0x00000212b07a1d1c: ; ImmutableOopMap {rbp=Oop [40]=NarrowOop [44]=NarrowOop [48]=NarrowOop [64]=Oop [80]=Derived_oop_rbp [88]=NarrowOop [92]=NarrowOop [104]=NarrowOop [108]=NarrowOop [112]=NarrowOop [116]=NarrowOop [120]=Oop [128]=Oop [136]=Oop [144]=Oop [152]=NarrowOop [160]=Oop [208]=NarrowOop }
                      ;*invokestatic hugeLength {reexecute=0 rethrow=0 return_oop=0}
                      ; - jdk.internal.util.ArraysSupport::newLength@23 (line 642)
                      ; - java.lang.AbstractStringBuilder::newCapacity@29 (line 257)
                      ; - java.lang.AbstractStringBuilder::ensureCapacityInternal@24 (line 229)
                      ; - java.lang.AbstractStringBuilder::insert@27 (line 1175)
                      ; - java.lang.StringBuilder::insert@3 (line 336)
                      ; - org.gradle.internal.logging.console.DefaultWorkInProgressFormatter::format@49 (line 45)
                      ; - org.gradle.internal.logging.console.WorkInProgressRenderer$AssociationLabel::renderNow@15 (line 225)
                      ; - org.gradle.internal.logging.console.WorkInProgressRenderer::renderNow@297 (line 208)
  0x00000212b07a1d1c: 60fc 99ff | 81f8 ffff | ff7f 0f84 | c42d 0000 | 488b ac24 | 8800 0000 | 0fbe 4d10 | d3f8 d3e0 
  0x00000212b07a1d3c: 8984 249c | 0000 0081 | f800 0010 | 000f 87e9 | 2d00 0048 | 63e8 448b | 5c24 3844 | 3bd8 448b 
  0x00000212b07a1d5c: d045 0f4c | d344 8994 | 24d4 0000 | 0044 3b9c | 24d4 0000 | 000f 82fc | 2e00 003b | 8424 d400 
  0x00000212b07a1d7c: 0000 0f82 | ef2e 0000 | 4883 c517 | 4889 ac24 | a800 0000 | 4883 e5f8 | 4889 ac24 | b000 0000 
  0x00000212b07a1d9c: 81f8 0000 | 1000 0f87 | e11f 0000 | 498b 9f08 | 0100 004c | 8bd3 488b | ac24 b000 | 0000 4c03 
  0x00000212b07a1dbc: d54d 3b97 | 1801 0000 | 0f83 bf1f | 0000 4d89 | 9708 0100 | 0041 0f18 | 8200 0100 | 0048 c703 
  0x00000212b07a1ddc: 0100 0000 | 410f 1882 | 4001 0000 

  0x00000212b07a1de8: ;   {metadata({type array byte})}
  0x00000212b07a1de8: c743 0838 | 6700 0089 | 430c 410f | 1882 8001 | 0000 488b | f34c 8bd3 | 4983 c210 | 498b d24c 
  0x00000212b07a1e08: 8b9c 24a8 | 0000 0049 | c1eb 038b | ac24 d400 | 0000 85ed | 0f84 212d | 0000 8bac | 2498 0000 
  0x00000212b07a1e28: 004c 8bd5 | 4c8d 5510 | 8bac 24d4 | 0000 003b | ac24 9c00 | 0000 0f8c | 8c14 0000 | 4c8b 8424 
  0x00000212b07a1e48: b000 0000 | 4983 c0f0 | 49c1 e803 | 498b cac5 | f877 49ba | 6086 12b0 | 1202 0000 | 41ff d241 
  0x00000212b07a1e68: 807f 3800 | 0f85 8a15 | 0000 488b | ac24 8800 | 0000 895d | 140f be4d | 1044 8b45 | 0cbb 0300 
  0x00000212b07a1e88: 0000 d3e3 | 41d3 e04c | 8bde 4c8b | d54d 33da | 49c1 eb14 | 4d85 db74 | 1a49 c1ea | 0948 b900 
  0x00000212b07a1ea8: 00e8 9f12 | 0200 0049 | 03ca 8039 | 040f 85b7 | 1500 0048 | 8bee 89ac | 2498 0000 | 00e9 caf1 
  0x00000212b07a1ec8: ffff 8bcb | 41d3 e041 | bb02 0000 | 0041 d3e3 | 442b 4424 | 2044 035c | 2420 453b | c341 8bc0 
  0x00000212b07a1ee8: 410f 4cc3 | 0344 2420 | 448b d041 | ffca 4181 | faf7 ffff | 7f72 198b 

  0x00000212b07a1f00: ;   {oop([B{0x00000000fe6189a0})}
  0x00000212b07a1f00: 5424 2048 | bda0 8961 | fe00 0000 | 0066 6690 

  0x00000212b07a1f10: ;   {static_call}
  0x00000212b07a1f10: c5f8 77e8 

  0x00000212b07a1f14: ; ImmutableOopMap {rbp=Oop [64]=Oop [80]=Derived_oop_rbp [88]=NarrowOop [92]=NarrowOop [104]=NarrowOop [108]=NarrowOop [112]=NarrowOop [116]=NarrowOop [120]=Oop [128]=Oop [136]=Oop [144]=NarrowOop [160]=Oop [208]=NarrowOop }
                      ;*invokestatic hugeLength {reexecute=0 rethrow=0 return_oop=0}
                      ; - jdk.internal.util.ArraysSupport::newLength@23 (line 642)
                      ; - java.lang.AbstractStringBuilder::newCapacity@29 (line 257)
                      ; - java.lang.AbstractStringBuilder::ensureCapacityInternal@24 (line 229)
                      ; - java.lang.AbstractStringBuilder::insert@27 (line 1175)
                      ; - java.lang.StringBuilder::insert@3 (line 336)
                      ; - org.gradle.internal.logging.console.DefaultWorkInProgressFormatter::format@55 (line 45)
                      ; - org.gradle.internal.logging.console.WorkInProgressRenderer$AssociationLabel::renderNow@15 (line 225)
                      ; - org.gradle.internal.logging.console.WorkInProgressRenderer::renderNow@297 (line 208)
  0x00000212b07a1f14: 68fa 99ff | 81f8 ffff | ff7f 0f84 | 8e2c 0000 | 488b ac24 | 8800 0000 | 0fbe 4d10 | d3f8 d3e0 
  0x00000212b07a1f34: 8984 2498 | 0000 0081 | f800 0010 | 000f 87b5 | 2c00 004c | 63d0 8b6c | 2420 3be8 | 8be8 0f4c 
  0x00000212b07a1f54: 6c24 2089 | ac24 c000 | 0000 8b6c | 2420 3bac | 24c0 0000 | 000f 8255 | 2d00 003b | 8424 c000 
  0x00000212b07a1f74: 0000 0f82 | 482d 0000 | 4983 c217 | 4c89 5424 | 2849 8bea | 4883 e5f8 | 4889 6c24 | 3881 f800 
  0x00000212b07a1f94: 0010 000f | 8723 1e00 | 0049 8b9f | 0801 0000 | 4c8b d348 | 8b6c 2438 | 4c03 d54d | 3b97 1801 
  0x00000212b07a1fb4: 0000 0f83 | 041e 0000 | 4d89 9708 | 0100 0041 | 0f18 8200 | 0100 0048 | c703 0100 | 0000 410f 
  0x00000212b07a1fd4: 1882 4001 

  0x00000212b07a1fd8: ;   {metadata({type array byte})}
  0x00000212b07a1fd8: 0000 c743 | 0838 6700 | 0089 430c | 410f 1882 | 8001 0000 | 488b f34c | 8bd3 4983 | c210 498b 
  0x00000212b07a1ff8: d24c 8b4c | 2428 49c1 | e903 4c8b | ebbb fdff | ffff 8bac | 24c0 0000 | 0085 ed0f | 84eb 2b00 
  0x00000212b07a2018: 008b ac24 | 9000 0000 | 4c8b d54c | 8d55 108b | ac24 c000 | 0000 3bac | 2498 0000 | 000f 8c2b 
  0x00000212b07a2038: 1300 004c | 8b44 2438 | 4983 c0f0 | 49c1 e803 | 498b cac5 | f877 49ba | 6086 12b0 | 1202 0000 
  0x00000212b07a2058: 41ff d241 | 807f 3800 | 0f85 d113 | 0000 488b | ac24 8800 | 0000 4489 | 6d14 41b9 | fdff ffff 
  0x00000212b07a2078: 4403 4d0c | 0fbe 4d10 | 41b8 0300 | 0000 41d3 | e041 d3e1 | 8b7c 2424 | d3e7 4c8b | de4c 8bd5 
  0x00000212b07a2098: 4d33 da49 | c1eb 144d | 85db 741a | 49c1 ea09 | 48b9 0000 | e89f 1202 | 0000 4903 | ca80 3904 
  0x00000212b07a20b8: 0f85 1b14 | 0000 488b | ee89 ac24 | 9000 0000 | e908 f1ff | ff66 6690 | 418b fd44 | 8bdb 418b 
  0x00000212b07a20d8: da45 8bd3 | 4c8b 5c24 | 4045 8b5b | 1445 8b43 | 0c45 3bd0 | 0f83 3e1e | 0000 478b | 4c93 1041 
  0x00000212b07a20f8: 8b49 0849 | 8bf1 418b | daff c345 | 33c9 413b | d841 0f4d 

  0x00000212b07a210c: ;   {metadata('org/gradle/internal/logging/console/DefaultRedrawableLabel')}
  0x00000212b07a210c: d981 f960 | 550a 010f | 8570 3800 | 0045 3b66 | 180f 8441 | 1e00 0041 | 807f 3800 | 0f85 200a 
  0x00000212b07a212c: ;   {oop(a 'java/util/Collections$SingletonList'{0x00000000fc85ca68})}
  0x00000212b07a212c: 0000 c746 | 1c68 ca85 | fc44 8bef 

  0x00000212b07a2138: ;   {oop(a 'java/util/Collections$SingletonList'{0x00000000fc85ca68})}
  0x00000212b07a2138: 41ff cd49 | bb68 ca85 | fc00 0000 | 004c 8bc6 | 4d33 d849 | c1eb 144d | 85db 741a | 49c1 e809 
  0x00000212b07a2158: 48b9 0000 | e89f 1202 | 0000 4903 | c880 3904 | 0f85 130a | 0000 443b | ed0f 8f59 | ffff ff4d 
  0x00000212b07a2178: 8b9f 5803 

  0x00000212b07a217c: ; ImmutableOopMap {r14=Oop [64]=Oop }
                      ;*goto {reexecute=1 rethrow=0 return_oop=0}
                      ; - (reexecute) org.gradle.internal.logging.console.WorkInProgressRenderer::renderNow@347 (line 212)
  0x00000212b07a217c: 0000 ffcf 

  0x00000212b07a2180: ;   {poll}
  0x00000212b07a2180: 4185 0345 | 85ed 7e3f | 418b fd44 | 8bc3 418b | da45 8bd0 | 448b df45 | 33c0 85ff | 450f 4cd8 
  0x00000212b07a21a0: 4181 fbe8 | 0300 0041 | b8e8 0300 | 0045 0f47 | d88b ef41 | 2beb e921 | ffff ff44 | 8bc3 418b 
  0x00000212b07a21c0: da44 8bef | 458b d045 | 85ed 0f8e | a500 0000 | 4585 ed0f | 8eb2 2b00 | 004c 8b5c | 2440 458b 
  0x00000212b07a21e0: 5b14 418b | 4b0c 3bd9 | 0f83 222b | 0000 458b | 4c9b 1045 | 8b41 0849 | 8bf1 8beb | ffc5 4533 
  0x00000212b07a2200: db3b e941 

  0x00000212b07a2204: ;   {metadata('org/gradle/internal/logging/console/DefaultRedrawableLabel')}
  0x00000212b07a2204: 0f4d eb41 | 81f8 6055 | 0a01 0f85 | 7d37 0000 | 453b 6618 | 0f84 461d | 0000 4180 | 7f38 000f 
  0x00000212b07a2224: 8539 1300 

  0x00000212b07a2228: ;   {oop(a 'java/util/Collections$SingletonList'{0x00000000fc85ca68})}
  0x00000212b07a2228: 00c7 461c | 68ca 85fc 

  0x00000212b07a2230: ;   {oop(a 'java/util/Collections$SingletonList'{0x00000000fc85ca68})}
  0x00000212b07a2230: 41ff cd49 | ba68 ca85 | fc00 0000 | 004c 8bde | 4d33 d349 | c1ea 144d | 85d2 741a | 49c1 eb09 
  0x00000212b07a2250: 48b9 0000 | e89f 1202 | 0000 4903 | cb80 3904 | 0f85 2f13 | 0000 4585 | ed7e 0a44 | 8bd3 8bdd 
  0x00000212b07a2270: e95b ffff | ffc5 f877 | 4881 c4f0 | 0000 005d 

  0x00000212b07a2280: ;   {poll_return}
  0x00000212b07a2280: 493b a750 | 0300 000f | 877f 4000 | 00c3 498b | d245 33c0 | 4c8b 5424 | 284c 8954 

  0x00000212b07a229c: ;   {oop([B{0x00000000fe6189a0})}
  0x00000212b07a229c: 2420 48bd | a089 61fe | 0000 0000 

  0x00000212b07a22a8: ;   {optimized virtual_call}
  0x00000212b07a22a8: c5f8 77e8 

  0x00000212b07a22ac: ; ImmutableOopMap {rbp=Oop [32]=Oop [40]=Oop [64]=Oop [80]=Derived_oop_rbp [104]=NarrowOop [108]=NarrowOop [112]=NarrowOop [128]=Oop [208]=NarrowOop }
                      ;*invokespecial substring {reexecute=0 rethrow=0 return_oop=1}
                      ; - java.lang.StringBuilder::substring@3 (line 91)
                      ; - org.gradle.internal.logging.console.DefaultWorkInProgressFormatter::trim@35 (line 73)
                      ; - org.gradle.internal.logging.console.DefaultWorkInProgressFormatter::format@92 (line 53)
                      ; - org.gradle.internal.logging.console.WorkInProgressRenderer$AssociationLabel::renderNow@15 (line 225)
                      ; - org.gradle.internal.logging.console.WorkInProgressRenderer::renderNow@297 (line 208)
  0x00000212b07a22ac: d025 7ff8 | 4889 4424 | 38e9 b3f5 | ffff 4c8b | 5424 3845 | 8b52 2449 | 8bd2 8b6c | 2460 c5f8 
  0x00000212b07a22cc: 7748 b810 | c413 bb12 

  0x00000212b07a22d4: ;   {virtual_call}
  0x00000212b07a22d4: 0200 00e8 

  0x00000212b07a22d8: ; ImmutableOopMap {[40]=NarrowOop [48]=Oop [56]=Oop [64]=Oop [72]=Oop [80]=Oop [88]=Oop [104]=Oop }
                      ;*invokeinterface pop {reexecute=0 rethrow=0 return_oop=1}
                      ; - org.gradle.internal.logging.console.WorkInProgressRenderer::attach@92 (line 127)
                      ; - org.gradle.internal.logging.console.WorkInProgressRenderer::renderNow@147 (line 191)
  0x00000212b07a22d8: 8421 82f8 | 4c8b d844 

  0x00000212b07a22e0: ;   {metadata('org/gradle/internal/logging/console/StyledLabel')}
  0x00000212b07a22e0: 8b50 0848 | b860 4f0a | bc12 0200 | 0048 be00 | 0000 bb12 | 0200 0049 | 03f2 4c8b | 5620 4c3b 
  0x00000212b07a2300: d00f 85d9 | 0600 0049 | 8beb 4d8b | 8f08 0100 | 004d 8bd1 | 4983 c218 | 4d3b 9718 | 0100 000f 
  0x00000212b07a2320: 8374 1b00 | 004d 8997 | 0801 0000 | 410f 1882 | 0001 0000 | 49c7 0101 

  0x00000212b07a2338: ;   {metadata('org/gradle/internal/logging/console/WorkInProgressRenderer$AssociationLabel')}
  0x00000212b07a2338: 0000 0041 | c741 0800 | 4813 0145 | 8961 0c4c | 8bdd 4589 | 5910 448b | 5424 2845 | 8951 144c 
  0x00000212b07a2358: 8b54 2458 | 4d8b da45 | 8959 0c4c | 8b54 2438 | 458b 5a28 | 4c8b 5424 | 5845 8b52 | 1449 8bd3 
  0x00000212b07a2378: 4d8b c28b | 6c24 6466 | 6690 c5f8 | 7748 b8a0 | 440b bb12 

  0x00000212b07a238c: ;   {virtual_call}
  0x00000212b07a238c: 0200 00e8 

  0x00000212b07a2390: ; ImmutableOopMap {[40]=NarrowOop [48]=Oop [56]=Oop [64]=Oop [72]=Oop [80]=Oop [104]=Oop }
                      ;*invokeinterface put {reexecute=0 rethrow=0 return_oop=1}
                      ; - org.gradle.internal.logging.console.WorkInProgressRenderer::attach@20 (line 133)
                      ; - org.gradle.internal.logging.console.WorkInProgressRenderer::attach@100 (line 127)
                      ; - org.gradle.internal.logging.console.WorkInProgressRenderer::renderNow@147 (line 191)
  0x00000212b07a2390: 2cae 70f8 | e91f e3ff | ff45 8bc2 | e970 f7ff | ff45 33c0 | e980 f7ff | ff41 83fb | 2075 2948 
  0x00000212b07a23b0: 3bf0 0f84 | 71d8 ffff | 488b 7e28 | 8b0f 4883 | c708 4885 | c0f2 48af | 0f85 0400 | 0000 4889 
  0x00000212b07a23d0: 4620 0f84 | 51d8 ffff | 448b cd41 | ffc1 4963 | c941 81f9 | 0100 0080 | 49c7 c101 | 0000 8049 
  0x00000212b07a23f0: 0f4c c944 | 8bc9 453b | c845 0f4f | c841 3bd9 | 0f8c d9d7 | ffff 4c3b | f249 0f4c | d648 ffca 
  0x00000212b07a2410: 4881 fa00 | 0000 8049 | c7c1 0000 | 0080 490f | 4cd1 448b | ca41 3bd9 | 0f8d ba19 | 0000 8beb 
  0x00000212b07a2430: 4189 6a10 | c5f9 7ec9 | 8b7c a910 | c5f9 6edf | 8bd5 ffc2 | 4189 520c 

  0x00000212b07a2448: ; implicit exception: dispatches to 0x00000212b07a5d74
  0x00000212b07a2448: 8b7f 0848 | be00 0000 | bb12 0200 | 0048 03f7 | 4a8b 0c2e | 483b c10f | 8572 0600 | 00c4 c179 
  0x00000212b07a2468: 7edb 498b | dbe9 1bd8 | ffff 41ba | ffff ffff | e970 e2ff | ff83 fb20 | 7529 483b | f00f 84d2 
  0x00000212b07a2488: daff ff48 | 8b7e 288b | 0f48 83c7 | 0848 85c0 | f248 af0f | 8504 0000 | 0048 8946 | 200f 84b2 
  0x00000212b07a24a8: daff ff41 | 8bca ffc1 | 4c63 d981 | f901 0000 | 8048 c7c1 | 0100 0080 | 4c0f 4cd9 | 458b db44 
  0x00000212b07a24c8: 3b5c 2458 | 8b7c 2458 | 440f 4fdf | 413b eb0f | 8c35 daff | ff4d 3bc8 | 4d0f 4cc1 | 49ff c849 
  0x00000212b07a24e8: 81f8 0000 | 0080 49c7 | c200 0000 | 804d 0f4c | c245 8bd0 | 413b ea0f | 8d65 daff | ff44 8bc5 
  0x00000212b07a2508: 4589 4610 | c4c1 797e | c347 8b4c | 8310 c4c1 | 796e c945 | 8bd8 41ff | c345 895e | 0cc5 f97e 
  0x00000212b07a2528: c98b 4908 | 48be 0000 | 00bb 1202 | 0000 4803 | f14c 8b0c | 1649 3bc1 | 0f85 8e06 | 0000 c4c1 
  0x00000212b07a2548: 797e cb49 | 8bdb e9e1 | daff ff0f | 1f80 0000 | 0000 660f | 1f44 0000 | 4c8b c149 | 8bc8 e9a2 
  0x00000212b07a2568: ;   {metadata('org/gradle/internal/logging/events/ProgressEvent')}
  0x00000212b07a2568: 0300 0041 | 81f9 3896 | 0b01 0f85 | 40e1 ffff | c4c1 f97e | c049 8bf0 | 458b 4014 | 458b c845 
  0x00000212b07a2588: ;   {metadata('java/util/HashMap')}
  0x00000212b07a2588: 8b42 0841 | 81f8 a044 | 0b00 0f85 | 142e 0000 | 458b 4224 | 458b d045 | 85c0 0f84 | 9501 0000 
  0x00000212b07a25a8: 458b 400c | 418b c845 | 85c0 0f86 | d42e 0000 | 4585 c90f | 84f3 1800 | 0045 8bc1 | 4d8b 4010 
  0x00000212b07a25c8: 498b d848 | c1eb 2049 | 33d8 448b | c341 8bf8 | c1ef 108b | df41 33d8 | ffc9 448b | c144 23c3 
  0x00000212b07a25e8: 418b c845 | 8bc2 458b | 4488 1041 | 8bc8 4585 | c00f 843e | 0100 0045 | 8b50 0c44 | 3bd3 7574 
  0x00000212b07a2608: 458b 5810 | 418b fb45 | 3bd9 0f84 | a0e0 ffff 

  0x00000212b07a2618: ; implicit exception: dispatches to 0x00000212b07a6088
  0x00000212b07a2618: 4d8b 5110 | 443b cf0f | 8493 e0ff | ff44 8bdf 

  0x00000212b07a2628: ; implicit exception: dispatches to 0x00000212b07a2643
  0x00000212b07a2628: 458b 4308 

  0x00000212b07a262c: ;   {metadata('org/gradle/internal/operations/OperationIdentifier')}
  0x00000212b07a262c: 4181 f8a8 | 3913 010f | 85e7 3000 | 004d 3b53 | 100f 8475 | e0ff ffba | 45ff ffff | 488b 6c24 
  0x00000212b07a264c: 384c 8b54 | 2440 4c89 | 5424 204c | 8b54 2448 | 4c89 5424 | 2848 8974 | 2430 4489 | 4c24 4489 
  0x00000212b07a266c: 4c24 5089 | 5c24 5490 

  0x00000212b07a2674: ;   {runtime_call UncommonTrapBlob}
  0x00000212b07a2674: c5f8 77e8 

  0x00000212b07a2678: ; ImmutableOopMap {rbp=Oop [32]=Oop [40]=Oop [48]=Oop [68]=NarrowOop [80]=NarrowOop [104]=Oop }
                      ;*ifeq {reexecute=1 rethrow=0 return_oop=0}
                      ; - (reexecute) java.util.HashMap::getNode@66 (line 570)
                      ; - java.util.HashMap::containsKey@2 (line 594)
                      ; - java.util.HashSet::contains@5 (line 205)
                      ; - org.gradle.internal.logging.console.WorkInProgressRenderer::renderNow@222 (line 200)
  0x00000212b07a2678: 8442 9aff | 418b 6818 | 85ed 0f84 | b500 0000 | 458b 4008 

  0x00000212b07a268c: ;   {metadata('java/util/HashMap$TreeNode')}
  0x00000212b07a268c: 4181 f800 | 6c13 000f | 84c7 2f00 | 004c 8bd5 | 4d8b c290 | 458b 500c | 443b d375 | 7745 8b50 
  0x00000212b07a26ac: 1041 8bfa | 413b f90f | 84ff dfff | ff4d 8b51 | 1044 3bcf | 0f84 f2df | ffff 448b 

  0x00000212b07a26c8: ;   {metadata('org/gradle/internal/operations/OperationIdentifier')}
  0x00000212b07a26c8: 5f08 4181 | fba8 3913 | 010f 8591 | 3100 004c | 8bdf 4d3b | 5310 0f84 | d4df ffff | ba45 ffff 
  0x00000212b07a26e8: ff48 8b6c | 2438 4c8b | 5424 404c | 8954 2420 | 4c8b 5424 | 484c 8954 | 2428 4889 | 7424 3044 
  0x00000212b07a2708: 894c 2444 | 4c89 4424 | 5089 5c24 | 5866 6690 

  0x00000212b07a2718: ;   {runtime_call UncommonTrapBlob}
  0x00000212b07a2718: c5f8 77e8 

  0x00000212b07a271c: ; ImmutableOopMap {rbp=Oop [32]=Oop [40]=Oop [48]=Oop [68]=NarrowOop [80]=Oop [104]=Oop }
                      ;*ifeq {reexecute=1 rethrow=0 return_oop=0}
                      ; - (reexecute) java.util.HashMap::getNode@131 (line 577)
                      ; - java.util.HashMap::containsKey@2 (line 594)
                      ; - java.util.HashSet::contains@5 (line 205)
                      ; - org.gradle.internal.logging.console.WorkInProgressRenderer::renderNow@222 (line 200)
  0x00000212b07a271c: e041 9aff | 498b 8f58 | 0300 0045 

  0x00000212b07a2728: ; ImmutableOopMap {r11=NarrowOop r8=NarrowOop r9=NarrowOop rsi=Oop [40]=NarrowOop [48]=Oop [56]=Oop [64]=Oop [72]=Oop [80]=Oop [104]=Oop }
                      ;*ifnonnull {reexecute=1 rethrow=0 return_oop=0}
                      ; - (reexecute) java.util.HashMap::getNode@145 (line 579)
                      ; - java.util.HashMap::containsKey@2 (line 594)
                      ; - java.util.HashSet::contains@5 (line 205)
                      ; - org.gradle.internal.logging.console.WorkInProgressRenderer::renderNow@222 (line 200)
                      ;   {poll}
  0x00000212b07a2728: 8b40 1885 | 0145 85c0 | 740b 4d8b | d04d 8bc2 | e963 ffff | ff44 8b56 | 1041 8bda 

  0x00000212b07a2744: ; implicit exception: dispatches to 0x00000212b07a5f30
  0x00000212b07a2744: 418b 6b0c 

  0x00000212b07a2748: ; implicit exception: dispatches to 0x00000212b07a5f44
  0x00000212b07a2748: 448b 5508 

  0x00000212b07a274c: ;   {metadata('java/util/HashMap')}
  0x00000212b07a274c: 4181 faa0 | 440b 000f | 858b 2c00 | 004c 8bd5 | 458b 4224 | 458b d045 | 8b40 0c41 | 8bf8 4585 
  0x00000212b07a276c: c00f 86a1 | 2d00 0045 | 85c9 0f84 | 8817 0000 | 458b c14d | 8b40 1049 | 8bc8 48c1 | e920 4933 
  0x00000212b07a278c: c88b d18b | cac1 e910 | 448b c144 | 33c2 418b | f08b cfff | c944 8bc1 | 4423 c641 | 8bc8 458b 
  0x00000212b07a27ac: c245 8b44 | 8810 418b | c045 8b50 | 0c48 8bfb | 443b d60f | 851f 0100 | 0044 8b40 | 1045 8be8 
  0x00000212b07a27cc: 453b c174 | 6345 8bc1 

  0x00000212b07a27d4: ; implicit exception: dispatches to 0x00000212b07a6038
  0x00000212b07a27d4: 4d8b 4010 | 453b cd74 | 5745 8b55 

  0x00000212b07a27e0: ;   {metadata('org/gradle/internal/operations/OperationIdentifier')}
  0x00000212b07a27e0: 0841 81fa | a839 1301 | 0f85 b22e | 0000 4d8b | d54d 3b42 | 1074 3dba | 45ff ffff | 488b 6c24 
  0x00000212b07a2800: 384c 8b54 | 2440 4c89 | 5424 204c | 8b54 2448 | 4c89 5424 | 2844 895c | 243c 895c | 2448 4489 
  0x00000212b07a2820: 4c24 5089 | 4424 5489 | 7424 5890 

  0x00000212b07a282c: ;   {runtime_call UncommonTrapBlob}
  0x00000212b07a282c: c5f8 77e8 

  0x00000212b07a2830: ; ImmutableOopMap {rbp=Oop [32]=Oop [40]=Oop [60]=NarrowOop [72]=NarrowOop [80]=NarrowOop [84]=NarrowOop [104]=Oop }
                      ;*ifeq {reexecute=1 rethrow=0 return_oop=0}
                      ; - (reexecute) java.util.HashMap::getNode@66 (line 570)
                      ; - java.util.HashMap::get@2 (line 556)
                      ; - org.gradle.internal.logging.console.ProgressOperations::progress@5 (line 45)
                      ; - org.gradle.internal.logging.console.WorkInProgressRenderer::renderNow@244 (line 201)
  0x00000212b07a2830: cc40 9aff | 4c8b d049 | 8bca 8b69 | 1444 8b45 

  0x00000212b07a2840: ;   {metadata('org/gradle/internal/logging/console/ProgressOperation')}
  0x00000212b07a2840: 0841 81f8 | f85c 1301 | 0f85 c231 | 0000 488b | f541 807f | 3800 0f85 | 0a16 0000 | 895e 0c4c 
  0x00000212b07a2860: 8bd7 4c8b | de4d 33d3 | 49c1 ea14 | 4d85 d20f | 8443 deff | ff44 8bd3 | 4585 d20f | 8437 deff 
  0x00000212b07a2880: ff49 c1eb | 0948 b900 | 00e8 9f12 | 0200 0049 | 03cb 8039 | 040f 841d | deff ff4d | 8b57 504d 
  0x00000212b07a28a0: 8b5f 40f0 | 8344 24c0 | 0080 3900 | 0f84 06de | ffff 4488 | 214d 85db | 7518 498b | d7c5 f877 
  0x00000212b07a28c0: 49ba b082 | 56fe fe7f | 0000 41ff | d2e9 e6dd | ffff 4b89 | 4c1a f849 | 83c3 f84d | 895f 40e9 
  0x00000212b07a28e0: d4dd ffff | 448b c041 | 8b68 1885 | ed0f 84b6 | 0000 0045 

  0x00000212b07a28f4: ;   {metadata('java/util/HashMap$TreeNode')}
  0x00000212b07a28f4: 8b50 0841 | 81fa 006c | 1300 0f84 | c42b 0000 | 4c8b d549 | 8bca 4d8b | d344 8b41 | 0c44 3bc6 
  0x00000212b07a2914: 757e 448b | 5110 418b | c245 3bd1 | 0f84 14ff | ffff 498b | 5110 458b | c144 8bd0 | 453b c20f 
  0x00000212b07a2934: 8401 ffff | ff45 8b42 

  0x00000212b07a293c: ;   {metadata('org/gradle/internal/operations/OperationIdentifier')}
  0x00000212b07a293c: 0841 81f8 | a839 1301 | 0f85 962c | 0000 493b | 5210 0f84 | e6fe ffff | ba45 ffff | ff48 8b6c 
  0x00000212b07a295c: 2438 4c8b | 5424 404c | 8954 2420 | 4c8b 5424 | 484c 8954 | 2428 4489 | 5c24 3c89 | 5c24 4844 
  0x00000212b07a297c: 894c 2450 | 4889 4c24 | 5889 7424 | 5466 6690 

  0x00000212b07a298c: ;   {runtime_call UncommonTrapBlob}
  0x00000212b07a298c: c5f8 77e8 

  0x00000212b07a2990: ; ImmutableOopMap {rbp=Oop [32]=Oop [40]=Oop [60]=NarrowOop [72]=NarrowOop [80]=NarrowOop [88]=Oop [104]=Oop }
                      ;*ifeq {reexecute=1 rethrow=0 return_oop=0}
                      ; - (reexecute) java.util.HashMap::getNode@131 (line 577)
                      ; - java.util.HashMap::get@2 (line 556)
                      ; - org.gradle.internal.logging.console.ProgressOperations::progress@5 (line 45)
                      ; - org.gradle.internal.logging.console.WorkInProgressRenderer::renderNow@244 (line 201)
  0x00000212b07a2990: 6c3f 9aff | 4d8b 8758 | 0300 008b 

  0x00000212b07a299c: ; ImmutableOopMap {r10=Oop r11=NarrowOop r9=NarrowOop rcx=NarrowOop rbx=NarrowOop rdi=Oop [40]=NarrowOop [48]=Oop [56]=Oop [64]=Oop [72]=Oop [80]=Oop [104]=Oop }
                      ;*ifnonnull {reexecute=1 rethrow=0 return_oop=0}
                      ; - (reexecute) java.util.HashMap::getNode@145 (line 579)
                      ; - java.util.HashMap::get@2 (line 556)
                      ; - org.gradle.internal.logging.console.ProgressOperations::progress@5 (line 45)
                      ; - org.gradle.internal.logging.console.WorkInProgressRenderer::renderNow@244 (line 201)
                      ;   {poll}
  0x00000212b07a299c: 4918 4185 | 0085 c90f | 85b7 fbff | ffba f4ff | ffff 488b | 6c24 384c | 8b54 2440 | 4c89 5424 
  0x00000212b07a29bc: 204c 8b54 | 2448 4c89 | 5424 2844 | 895c 243c | 895c 2448 | 4489 4c24 | 4c66 6690 

  0x00000212b07a29d8: ;   {runtime_call UncommonTrapBlob}
  0x00000212b07a29d8: c5f8 77e8 

  0x00000212b07a29dc: ; ImmutableOopMap {rbp=Oop [32]=Oop [40]=Oop [60]=NarrowOop [72]=NarrowOop [76]=NarrowOop [104]=Oop }
                      ;*checkcast {reexecute=0 rethrow=0 return_oop=0}
                      ; - org.gradle.internal.logging.console.ProgressOperations::progress@10 (line 45)
                      ; - org.gradle.internal.logging.console.WorkInProgressRenderer::renderNow@244 (line 201)
  0x00000212b07a29dc: 203f 9aff | 488b 7e28 | 8b0f 4883 | c708 4885 | c0f2 48af | 0f85 0400 | 0000 4889 | 4620 0f84 
  0x00000212b07a29fc: 07f9 ffff | bade ffff | ff49 8beb 

  0x00000212b07a2a08: ;   {runtime_call UncommonTrapBlob}
  0x00000212b07a2a08: c5f8 77e8 

  0x00000212b07a2a0c: ; ImmutableOopMap {rbp=Oop }
                      ;*checkcast {reexecute=0 rethrow=0 return_oop=0}
                      ; - org.gradle.internal.logging.console.WorkInProgressRenderer::attach@97 (line 127)
                      ; - org.gradle.internal.logging.console.WorkInProgressRenderer::renderNow@147 (line 191)
  0x00000212b07a2a0c: f03e 9aff | 4c89 4c24 | 2844 8954 | 2420 448b | 5c9f 1045 | 85db 7421 | 4d8b 5720 | 498b cb4d 
  0x00000212b07a2a2c: 85d2 0f84 | 9f14 0000 | 4d8b 5f30 | 4b89 4c13 | f849 83c2 | f84d 8957 | 2044 8b54 | 2420 4c8b 
  0x00000212b07a2a4c: 4c24 28e9 | 57dd ffff | 4c89 4c24 | 2844 8954 | 2420 448b | 5c9f 1445 | 85db 7421 | 4d8b 5720 
  0x00000212b07a2a6c: 498b cb4d | 85d2 0f84 | 4314 0000 | 4d8b 5f30 | 4b89 4c13 | f849 83c2 | f84d 8957 | 2044 8b54 
  0x00000212b07a2a8c: 2420 4c8b | 4c24 28e9 | 23dd ffff | 8bcb 413b | cb7d 2490 | 458b 5488 | 1044 8954 | 2468 4585 
  0x00000212b07a2aac: d20f 8555 | 0400 0044 | 8bd1 41ff | c245 3bd3 | 7d09 418b | caeb dd8b | 4c24 6444 | 8bd1 41ff 
  0x00000212b07a2acc: c244 8954 | 2464 e947 | e2ff ff41 | 83fb 2075 | 2948 3bf0 | 0f84 7ff9 | ffff 488b | 7e28 8b0f 
  0x00000212b07a2aec: 4883 c708 | 4885 c0f2 | 48af 0f85 | 0400 0000 | 4889 4620 | 0f84 5ff9 | ffff 4189 | 5210 8bfd 
  0x00000212b07a2b0c: 83c7 028b | d741 897a | 0c48 63cd | c5f9 7ecf | 8b7c 8f14 | c5f9 6edf 

  0x00000212b07a2b24: ; implicit exception: dispatches to 0x00000212b07a5d74
  0x00000212b07a2b24: 8b4f 0848 | be00 0000 | bb12 0200 | 0048 03f1 | 4a8b 0c2e | 483b c10f | 859f 0500 | 00c4 c179 
  0x00000212b07a2b44: 7eda 498b | dae9 3fd1 | ffff 448b | 461c 4585 | c00f 84d3 | f5ff ff4d | 8b5f 2049 | 8bc8 4d85 
  0x00000212b07a2b64: db0f 8469 | 1600 004d | 8b47 304b | 894c 18f8 | 4983 c3f8 | 4d89 5f20 | e9ad f5ff | ff4d 8b5f 
  0x00000212b07a2b84: 404d 8b47 | 50f0 8344 | 24c0 0080 | 3900 0f84 | d6f5 ffff | 4488 214d | 85db 7522 | 4489 5424 
  0x00000212b07a2ba4: 2049 8bd7 | c5f8 7749 | bab0 8256 | fefe 7f00 | 0041 ffd2 | 448b 5424 | 20e9 acf5 | ffff 4b89 
  0x00000212b07a2bc4: 4c18 f849 | 83c3 f84d | 895f 40e9 | 9af5 ffff | 83fb 2075 | 2948 3bf0 | 0f84 64f9 | ffff 488b 
  0x00000212b07a2be4: 7e28 8b0f | 4883 c708 | 4885 c0f2 | 48af 0f85 | 0400 0000 | 4889 4620 | 0f84 44f9 | ffff 4589 
  0x00000212b07a2c04: 5e10 458b | c841 83c1 | 02c4 c179 | 6ee1 c4c1 | 797e e345 | 895e 0c4d | 63d8 c4c1 | 797e c047 
  0x00000212b07a2c24: 8b5c 9814 | c4c1 796e | cb45 8b5b | 0848 be00 | 0000 bb12 | 0200 0049 | 03f3 4c8b | 1c16 493b 
  0x00000212b07a2c44: c30f 8588 | 0a00 00c4 | c179 7eca | 498b dae9 | dcd3 ffff | 4c8b 5424 | 2845 8b52 | 0c45 85d2 
  0x00000212b07a2c64: 0f84 6dec | ffff 4d8b | 5f20 498b | ca4d 85db | 0f84 961b | 0000 4d8b | 5730 4b89 | 4c1a f849 
  0x00000212b07a2c84: 83c3 f84d | 895f 20e9 | 47ec ffff | 4c8b 5424 | 2845 8b5a | 1045 85db | 0f84 d6eb | ffff 4d8b 
  0x00000212b07a2ca4: 5720 498b | cb4d 85d2 | 0f84 761b | 0000 4d8b | 5f30 4b89 | 4c13 f849 | 83c2 f84d | 8957 20e9 
  0x00000212b07a2cc4: b0eb ffff | 448b 5f1c | 4585 db0f | 84b5 ecff | ff4d 8b57 | 2049 8bcb | 4d85 d20f | 845b 1b00 
  0x00000212b07a2ce4: 004d 8b5f | 304b 894c | 13f8 4983 | c2f8 4d89 | 5720 e98f | ecff ff4d | 8b57 504d | 8b5f 40f0 
  0x00000212b07a2d04: 8344 24c0 | 0080 3900 | 0f84 34e1 | ffff 4488 | 214d 85db | 7518 498b | d7c5 f877 | 49ba b082 
  0x00000212b07a2d24: 56fe fe7f | 0000 41ff | d2e9 14e1 | ffff 4b89 | 4c1a f849 | 83c3 f84d | 895f 40e9 | 02e1 ffff 
  0x00000212b07a2d44: 4d8b 5740 | 4d8b 5f50 | f083 4424 | c000 8039 | 000f 8471 | ebff ff44 | 8821 4d85 | d275 1849 
  0x00000212b07a2d64: 8bd7 c5f8 | 7749 bab0 | 8256 fefe | 7f00 0041 | ffd2 e951 | ebff ff4b | 894c 13f8 | 4983 c2f8 
  0x00000212b07a2d84: 4d89 5740 | e93f ebff | ff4d 8b57 | 404d 8b5f | 50f0 8344 | 24c0 0080 | 3900 0f84 | 19ec ffff 
  0x00000212b07a2da4: 4488 214d | 85d2 7518 | 498b d7c5 | f877 49ba | b082 56fe | fe7f 0000 | 41ff d2e9 | f9eb ffff 
  0x00000212b07a2dc4: 4b89 4c13 | f849 83c2 | f84d 8957 | 40e9 e7eb | ffff 4d8b | 5740 4d8b | 5f50 f083 | 4424 c000 
  0x00000212b07a2de4: 8039 000f | 8430 ebff | ff44 8821 | 4d85 d275 | 1849 8bd7 | c5f8 7749 | bab0 8256 | fefe 7f00 
  0x00000212b07a2e04: 0041 ffd2 

  0x00000212b07a2e08: ;   {no_reloc}
  0x00000212b07a2e08: e910 ebff | ff4b 894c | 13f8 4983 | c2f8 4d89 | 5740 e9fe | eaff ff4d | 63c2 4d8b | d049 83c2 
  0x00000212b07a2e28: 104d 8bca | 4983 e1f8 | 488b fe49 | 03f9 49c1 | ea03 4c8b | cd4d 2bca | 498b c948 | 33c0 4883 
  0x00000212b07a2e48: f908 7f10 | 48ff c978 | 4f48 8904 | cf48 ffc9 | 7df7 eb44 | c5fd efc0 | e90d 0000 | 00c5 fe7f 
  0x00000212b07a2e68: 07c5 fe7f | 4720 4883 | c740 4883 | e908 7ded | 4883 c104 | 7c0c c5fe | 7f07 4883 | c720 4883 
  0x00000212b07a2e88: e904 4883 | c104 7e10 | 48ff c9c5 | f9d6 0748 | 83c7 0848 | ffc9 7df3 | 498b cbc5 | f877 49ba 
  0x00000212b07a2ea8: 607f 12b0 | 1202 0000 | 41ff d2e9 | 7ae9 ffff | 4d8b 5740 | 4d8b 5f50 | f083 4424 | c000 8039 
  0x00000212b07a2ec8: 000f 8495 | e9ff ff44 | 8821 4d85 | d275 1849 | 8bd7 c5f8 | 7749 bab0 | 8256 fefe | 7f00 0041 
  0x00000212b07a2ee8: ffd2 e975 | e9ff ff4b | 894c 13f8 | 4983 c2f8 | 4d89 5740 | e963 e9ff | ff33 dbe9 | b3d4 ffff 
  0x00000212b07a2f08: 894c 2464 | e900 deff | ff44 8b5e | 1c45 85db | 0f84 7feb | ffff 4d8b | 4720 498b | cb4d 85c0 
  0x00000212b07a2f28: 0f84 fe1d | 0000 4d8b | 5f30 4b89 | 4c03 f849 | 83c0 f84d | 8947 20e9 | 59eb ffff | 4d8b 5f40 
  0x00000212b07a2f48: 4d8b 4750 | f083 4424 | c000 8039 | 000f 847e | ebff ff44 | 8821 4d85 | db75 1e41 | 8bea 498b 
  0x00000212b07a2f68: d7c5 f877 | 49ba b082 | 56fe fe7f | 0000 41ff | d244 8bd5 | e958 ebff | ff4b 894c | 18f8 4983 
  0x00000212b07a2f88: c3f8 4d89 | 5f40 e946 | ebff ff48 | 8b94 2488 

  0x00000212b07a2f98: ;   {oop([B{0x00000000fe6189a0})}
  0x00000212b07a2f98: 0000 0048 | bda0 8961 | fe00 0000 | 0066 6690 

  0x00000212b07a2fa8: ;   {optimized virtual_call}
  0x00000212b07a2fa8: c5f8 77e8 

  0x00000212b07a2fac: ; ImmutableOopMap {rbp=Oop [64]=Oop [80]=Derived_oop_rbp [88]=NarrowOop [92]=NarrowOop [104]=NarrowOop [108]=NarrowOop [112]=NarrowOop [116]=NarrowOop [120]=Oop [128]=Oop [136]=Oop [160]=Oop [208]=NarrowOop }
                      ;*invokevirtual inflate {reexecute=0 rethrow=0 return_oop=0}
                      ; - java.lang.AbstractStringBuilder::putStringAt@12 (line 1718)
                      ; - java.lang.AbstractStringBuilder::putStringAt@8 (line 1724)
                      ; - java.lang.AbstractStringBuilder::insert@49 (line 1178)
                      ; - java.lang.StringBuilder::insert@3 (line 336)
                      ; - org.gradle.internal.logging.console.DefaultWorkInProgressFormatter::format@49 (line 45)
                      ; - org.gradle.internal.logging.console.WorkInProgressRenderer$AssociationLabel::renderNow@15 (line 225)
                      ; - org.gradle.internal.logging.console.WorkInProgressRenderer::renderNow@297 (line 208)
  0x00000212b07a2fac: d0e3 99ff | 4c8b 9424 | 8800 0000 | 458b 5a14 | 4489 9c24 | 9000 0000 | 450f be52 | 1041 8bda 
  0x00000212b07a2fcc: 4585 d20f | 85f7 2100 | 0044 8b94 | 2490 0000 | 0045 85d2 | 0f85 4ae1 | ffff baf6 | ffff ff90 
  0x00000212b07a2fec: ;   {runtime_call UncommonTrapBlob}
  0x00000212b07a2fec: c5f8 77e8 

  0x00000212b07a2ff0: ; ImmutableOopMap {}
                      ;*invokestatic arraycopy {reexecute=0 rethrow=0 return_oop=0}
                      ; - java.lang.String::getBytes@27 (line 4479)
                      ; - java.lang.AbstractStringBuilder::putStringAt@30 (line 1720)
                      ; - java.lang.AbstractStringBuilder::putStringAt@8 (line 1724)
                      ; - java.lang.AbstractStringBuilder::insert@49 (line 1178)
                      ; - java.lang.StringBuilder::insert@3 (line 336)
                      ; - org.gradle.internal.logging.console.DefaultWorkInProgressFormatter::format@49 (line 45)
                      ; - org.gradle.internal.logging.console.WorkInProgressRenderer$AssociationLabel::renderNow@15 (line 225)
                      ; - org.gradle.internal.logging.console.WorkInProgressRenderer::renderNow@297 (line 208)
  0x00000212b07a2ff0: 0c39 9aff | 4c8b 9424 | a000 0000 | 4c89 5424 | 2048 8b94 | 2488 0000 

  0x00000212b07a3008: ;   {oop([B{0x00000000fe6189a0})}
  0x00000212b07a3008: 0048 bda0 | 8961 fe00 | 0000 0090 

  0x00000212b07a3014: ;   {optimized virtual_call}
  0x00000212b07a3014: c5f8 77e8 

  0x00000212b07a3018: ; ImmutableOopMap {rbp=Oop [32]=Oop [64]=Oop [80]=Derived_oop_rbp [88]=NarrowOop [92]=NarrowOop [104]=NarrowOop [108]=NarrowOop [112]=NarrowOop [116]=NarrowOop [120]=Oop [128]=Oop [136]=Oop [208]=NarrowOop }
                      ;*invokevirtual inflate {reexecute=0 rethrow=0 return_oop=0}
                      ; - java.lang.AbstractStringBuilder::putStringAt@12 (line 1718)
                      ; - java.lang.AbstractStringBuilder::putStringAt@8 (line 1724)
                      ; - java.lang.AbstractStringBuilder::insert@49 (line 1178)
                      ; - java.lang.StringBuilder::insert@3 (line 336)
                      ; - org.gradle.internal.logging.console.DefaultWorkInProgressFormatter::format@55 (line 45)
                      ; - org.gradle.internal.logging.console.WorkInProgressRenderer$AssociationLabel::renderNow@15 (line 225)
                      ; - org.gradle.internal.logging.console.WorkInProgressRenderer::renderNow@297 (line 208)
  0x00000212b07a3018: 64e3 99ff | 448b 5424 | 7445 0fbe | 5a10 418b | cb45 8b5a | 144c 8b94 | 2488 0000 | 0045 0fbe 
  0x00000212b07a3038: 4210 458b | d0e9 3ae2 | ffff 4d8b | 5740 4d8b | 5f50 f083 | 4424 c000 | 8039 000f | 8405 caff 
  0x00000212b07a3058: ff44 8821 | 4d85 d275 | 1849 8bd7 | c5f8 7749 | bab0 8256 | fefe 7f00 | 0041 ffd2 | e9e5 c9ff 
  0x00000212b07a3078: ff4b 894c | 13f8 4983 | c2f8 4d89 | 5740 e9d3 | c9ff ff4d | 8b57 404d | 8b5f 50f0 | 8344 24c0 
  0x00000212b07a3098: 0080 3900 | 0f84 4ed1 | ffff 4488 | 214d 85d2 | 7524 488b | fb49 8bd8 | 498b d7c5 | f877 49ba 
  0x00000212b07a30b8: b082 56fe | fe7f 0000 | 41ff d24c | 8bc3 488b | dfe9 22d1 | ffff 4b89 | 4c13 f849 | 83c2 f84d 
  0x00000212b07a30d8: 8957 40e9 | 10d1 ffff | 4183 fb20 | 7529 483b | f00f 8452 | faff ff48 | 8b7e 288b | 0f48 83c7 
  0x00000212b07a30f8: 0848 85c0 | f248 af0f | 8504 0000 | 0048 8946 | 200f 8432 | faff ff41 | 8bf1 2bf3 | 33ff 443b 
  0x00000212b07a3118: cb0f 4cf7 | 81fe d007 | 0000 b9d0 | 0700 000f | 47f1 03f3 | 3bd6 7c19 | 498b 8f58 

  0x00000212b07a3134: ; ImmutableOopMap {r10=Oop xmm0=NarrowOop xmm1=NarrowOop [32]=Oop [40]=NarrowOop [48]=Oop [56]=Oop [96]=Oop }
                      ;*goto {reexecute=1 rethrow=0 return_oop=0}
                      ; - (reexecute) com.google.common.collect.Iterators$5::computeNext@37 (line 676)
                      ; - com.google.common.collect.AbstractIterator::tryToComputeNext@9 (line 145)
                      ; - com.google.common.collect.AbstractIterator::hasNext@61 (line 140)
                      ; - com.google.common.collect.TransformedIterator::hasNext@4 (line 46)
                      ; - com.google.common.collect.Iterators::addAll@13 (line 366)
                      ; - com.google.common.collect.Sets::newHashSet@6 (line 243)
                      ; - com.google.common.collect.Sets::newHashSet@27 (line 226)
                      ; - org.gradle.internal.logging.console.WorkInProgressRenderer::toOperationIdSet@12 (line 81)
                      ; - org.gradle.internal.logging.console.WorkInProgressRenderer::renderNow@23 (line 180)
                      ;   {poll}
  0x00000212b07a3134: 0300 0085 | 0141 3bd1 | 0f8d a80c | 0000 8bda | e9e5 f2ff | ff8b eae9 | e0f2 ffff | 448b 5f10 
  0x00000212b07a3154: 4585 db0f | 84ea d5ff | ff4d 8b47 | 2049 8bcb | 4d85 c00f | 84eb 1c00 | 004c 894c | 2420 458b 
  0x00000212b07a3174: ea49 8bf6 | 4d8b 5730 | 4b89 4c02 | f849 83c0 | f84d 8947 | 204c 8bf6 | 458b d54c | 8b4c 2420 
  0x00000212b07a3194: e9ae d5ff | ff44 8b44 | 9f10 4585 | c00f 8440 | d6ff ff4d | 8b5f 2049 | 8bc8 4d85 | db0f 8479 
  0x00000212b07a31b4: 1c00 004d | 8b47 304b | 894c 18f8 | 4983 c3f8 | 4d89 5f20 | e91a d6ff | ff4c 8bdf | 448b 570c 
  0x00000212b07a31d4: 4585 d20f | 8400 c9ff | ff4d 8b5f | 2049 8bca | 4d85 db0f | 848e 1c00 | 004d 8b57 | 304b 894c 
  0x00000212b07a31f4: 1af8 4983 | c3f8 4d89 | 5f20 4c8b | dfe9 d7c8 | ffff 4c8b | 5424 3845 | 8b5a 1045 | 85db 0f84 
  0x00000212b07a3214: 80ca ffff | 4d8b 5720 | 498b cb4d | 85d2 0f84 | 6b1c 0000 | 4d8b 5f30 | 4b89 4c13 | f849 83c2 
  0x00000212b07a3234: f84d 8957 | 20e9 5aca | ffff 4d8b | 5740 4d8b | 5f50 f083 | 4424 c000 | 8039 000f | 84c5 c8ff 
  0x00000212b07a3254: ff44 8821 | 4d85 d275 | 1849 8bd7 | c5f8 7749 | bab0 8256 | fefe 7f00 | 0041 ffd2 | e9a5 c8ff 
  0x00000212b07a3274: ff4b 894c | 13f8 4983 | c2f8 4d89 | 5740 e993 | c8ff ff4d | 8b57 404d | 8b5f 50f0 | 8344 24c0 
  0x00000212b07a3294: 0080 3900 | 0f84 3cca | ffff 4488 | 214d 85d2 | 7518 498b | d7c5 f877 | 49ba b082 | 56fe fe7f 
  0x00000212b07a32b4: 0000 41ff | d2e9 1cca | ffff 4b89 | 4c13 f849 | 83c2 f84d | 8957 40e9 | 0aca ffff | 4c63 c54d 
  0x00000212b07a32d4: 8bc8 4983 | c110 498b | c948 83e1 | f848 8bfe | 4803 f949 | c1e9 034d | 2bd9 498b | cb48 33c0 
  0x00000212b07a32f4: 4883 f908 | 7f10 48ff | c978 4f48 | 8904 cf48 | ffc9 7df7 | eb44 c5fd | efc0 e90d | 0000 00c5 
  0x00000212b07a3314: fe7f 07c5 | fe7f 4720 | 4883 c740 | 4883 e908 | 7ded 4883 | c104 7c0c | c5fe 7f07 | 4883 c720 
  0x00000212b07a3334: 4883 e904 | 4883 c104 | 7e10 48ff | c9c5 f9d6 | 0748 83c7 | 0848 ffc9 | 7df3 498b | cac5 f877 
  0x00000212b07a3354: 49ba 607f | 12b0 1202 | 0000 41ff | d2e9 01eb | ffff 4c63 | c54d 8bd8 | 4983 c310 | 498b cb48 
  0x00000212b07a3374: 83e1 f848 | 8bfe 4803 | f949 c1eb | 034d 2bcb | 498b c948 | 33c0 4883 | f908 7f10 | 48ff c978 
  0x00000212b07a3394: 4f48 8904 | cf48 ffc9 | 7df7 eb44 | c5fd efc0 | e90d 0000 | 00c5 fe7f | 07c5 fe7f | 4720 4883 
  0x00000212b07a33b4: c740 4883 | e908 7ded | 4883 c104 | 7c0c c5fe | 7f07 4883 | c720 4883 | e904 4883 | c104 7e10 
  0x00000212b07a33d4: 48ff c9c5 | f9d6 0748 | 83c7 0848 | ffc9 7df3 | 498b cac5 | f877 49ba | 607f 12b0 | 1202 0000 
  0x00000212b07a33f4: 41ff d2e9 | 5fec ffff | 4c8b 9424 | 8800 0000 | 458b 5214 | 4585 d20f | 8461 eaff | ff4d 8b5f 
  0x00000212b07a3414: 2049 8bca | 4d85 db0f | 848a 1a00 | 004d 8b57 | 304b 894c | 1af8 4983 | c3f8 4d89 | 5f20 e93b 
  0x00000212b07a3434: eaff ff4c | 8b94 2488 | 0000 0045 | 8b5a 1445 | 85db 0f84 | 1aec ffff | 4d8b 5720 | 498b cb4d 
  0x00000212b07a3454: 85d2 0f84 | 671a 0000 | 4d8b 5f30 | 4b89 4c13 | f849 83c2 | f84d 8957 | 20e9 f4eb | ffff 4d8b 
  0x00000212b07a3474: 5740 4d8b | 5f50 f083 | 4424 c000 | 8039 0074 | 2a44 8821 | 4d85 d274 | 0f4b 894c | 13f8 4983 
  0x00000212b07a3494: c2f8 4d89 | 5740 eb13 | 498b d7c5 | f877 49ba | b082 56fe | fe7f 0000 | 41ff d244 | 8b45 0c44 
  0x00000212b07a34b4: 8b5d 140f | be4d 10bb | 0300 0000 | d3e3 41d3 | e045 85db | 0f84 be22 | 0000 4d8b | d349 8bf2 
  0x00000212b07a34d4: e9e2 e9ff | ff4d 8b57 | 404d 8b5f | 50f0 8344 | 24c0 0080 | 3900 742a | 4488 214d | 85d2 740f 
  0x00000212b07a34f4: 4b89 4c13 | f849 83c2 | f84d 8957 | 40eb 1349 | 8bd7 c5f8 | 7749 bab0 | 8256 fefe | 7f00 0041 
  0x00000212b07a3514: ffd2 035d | 0c44 8b55 | 140f be4d | 1041 b803 | 0000 0041 | d3e0 d3e3 | 448b 4c24 | 2441 d3e1 
  0x00000212b07a3534: ;   {no_reloc}
  0x00000212b07a3534: 458b d945 | 85d2 0f84 | 6022 0000 | 448b cb49 | 8bf2 418b | fbe9 70eb 

  0x00000212b07a354c: ;   {oop(""{0x00000000fc1494f0})}
  0x00000212b07a354c: ffff 49ba | f094 14fc | 0000 0000 | 4c89 5424 | 38e9 0be3 | ffff 448b | 561c 4585 | d20f 84ba 
  0x00000212b07a356c: ecff ff4d | 8b5f 2049 | 8bca 4d85 | db0f 84ed | 1900 004d | 8b57 304b | 894c 1af8 | 4983 c3f8 
  0x00000212b07a358c: 4d89 5f20 | e994 ecff | ff4d 8b57 | 404d 8b5f | 50f0 8344 | 24c0 0080 | 3900 0f84 | baec ffff 
  0x00000212b07a35ac: 4488 214d | 85d2 7518 | 498b d7c5 | f877 49ba | b082 56fe | fe7f 0000 | 41ff d2e9 | 9aec ffff 
  0x00000212b07a35cc: 4b89 4c13 | f849 83c2 | f84d 8957 | 40e9 88ec | ffff 448b | 9424 9000 | 0000 4585 | d20f 8ccd 
  0x00000212b07a35ec: 2100 0045 | 8b53 0c44 | 3b94 2490 | 0000 000f | 82bb 2100 | 0044 8b94 | 2490 0000 | 0041 d1e2 
  0x00000212b07a360c: 4585 d20f | 8cfb 2100 | 0045 8b41 | 0c41 83c2 | 0645 3bc2 | 0f82 ea21 | 0000 4d8b | d149 8d79 
  0x00000212b07a362c: 164d 8bd3 | 498d 7310 | 8b94 2490 | 0000 008b | ca83 e10f | 83e2 f074 | 1c48 8d34 | 1648 8d3c 
  0x00000212b07a364c: 5748 f7da | c4e2 7d30 | 0416 c5fe | 7f04 5748 | 83c2 1075 | ef8b d183 | e107 83e2 | f874 27c4 
  0x00000212b07a366c: e279 3006 | c5fa 7f07 | 4883 c608 | 4883 c710 | e911 0000 | 00c4 e279 | 3004 16c5 | fa7f 0457 
  0x00000212b07a368c: 4883 c208 | 75ef 8bd1 | 83fa 047c | 19c5 f96e | 06c4 e279 | 30c0 c5f9 | d607 4883 | ea04 4883 
  0x00000212b07a36ac: c604 4883 | c708 85d2 | 7418 488d | 3416 488d | 3c57 48f7 | da0f b60c | 1666 890c | 5748 ffc2 
  0x00000212b07a36cc: 75f3 e929 | dcff ff83 | fb20 7529 | 483b f00f | 846a f5ff | ff48 8b7e | 288b 0f48 | 83c7 0848 
  0x00000212b07a36ec: 85c0 f248 | af0f 8504 | 0000 0048 | 8946 200f | 844a f5ff | ff45 8bda | 442b dd45 | 33c0 443b 
  0x00000212b07a370c: d545 0f4c | d841 81fb | d007 0000 | 41b9 d007 | 0000 450f | 47d9 4403 | ddc4 c179 | 7ee0 453b 
  0x00000212b07a372c: c30f 8cd5 | edff ff4d | 8b9f 5803 

  0x00000212b07a3738: ; ImmutableOopMap {r14=Oop xmm0=NarrowOop xmm2=NarrowOop [32]=Oop [40]=NarrowOop [48]=Oop [64]=Oop [96]=Oop }
                      ;*goto {reexecute=1 rethrow=0 return_oop=0}
                      ; - (reexecute) com.google.common.collect.Iterators$5::computeNext@37 (line 676)
                      ; - com.google.common.collect.AbstractIterator::tryToComputeNext@9 (line 145)
                      ; - com.google.common.collect.AbstractIterator::hasNext@61 (line 140)
                      ; - com.google.common.collect.TransformedIterator::hasNext@4 (line 46)
                      ; - com.google.common.collect.Iterators::addAll@13 (line 366)
                      ; - com.google.common.collect.Sets::newHashSet@6 (line 243)
                      ; - com.google.common.collect.Sets::newHashSet@27 (line 226)
                      ; - org.gradle.internal.logging.console.WorkInProgressRenderer::toOperationIdSet@12 (line 81)
                      ; - org.gradle.internal.logging.console.WorkInProgressRenderer::renderNow@23 (line 180)
                      ;   {poll}
  0x00000212b07a3738: 0000 4185 | 0345 3bc2 | 0f8d 28c8 | ffff 418b | e8e9 b7ed | ffff 4c8b | 5424 4045 | 8b5a 0c45 
  0x00000212b07a3758: 85db 0f84 | a1c6 ffff | 4d8b 5720 | 498b cb4d | 85d2 0f84 | cc18 0000 | 4d8b 5f30 | 4b89 4c13 
  0x00000212b07a3778: f849 83c2 | f84d 8957 | 20e9 7bc6 | ffff 4c8b | 5424 4045 | 8b52 1045 | 85d2 0f84 | a7c8 ffff 
  0x00000212b07a3798: 4d8b 5f20 | 498b ca4d | 85db 0f84 | ac18 0000 | 4d8b 5730 | 4b89 4c1a | f849 83c3 | f84d 895f 
  0x00000212b07a37b8: 20e9 81c8 | ffff 4d8b | 5750 4d8b | 5f40 f083 | 4424 c000 | 8039 000f | 846e c6ff | ff44 8821 
  0x00000212b07a37d8: 4d85 db75 | 1849 8bd7 | c5f8 7749 | bab0 8256 | fefe 7f00 | 0041 ffd2 | e94e c6ff | ff4b 894c 
  0x00000212b07a37f8: 1af8 4983 | c3f8 4d89 | 5f40 e93c | c6ff ff4d | 8b57 504d | 8b5f 40f0 | 8344 24c0 | 0080 3900 
  0x00000212b07a3818: 0f84 5bc8 | ffff 4488 | 214d 85db | 7518 498b | d7c5 f877 | 49ba b082 | 56fe fe7f | 0000 41ff 
  0x00000212b07a3838: d2e9 3bc8 | ffff 4b89 | 4c1a f849 | 83c3 f84d | 895f 40e9 | 29c8 ffff 

  0x00000212b07a3850: ;   {metadata('java/lang/StringBuilder')}
  0x00000212b07a3850: 48ba f0f4 | 00bb 1202 

  0x00000212b07a3858: ;   {oop([B{0x00000000fe6189a0})}
  0x00000212b07a3858: 0000 48bd | a089 61fe | 0000 0000 

  0x00000212b07a3864: ;   {runtime_call _new_instance_Java}
  0x00000212b07a3864: c5f8 77e8 

  0x00000212b07a3868: ; ImmutableOopMap {rbp=Oop [64]=Oop [80]=Derived_oop_rbp [88]=NarrowOop [92]=NarrowOop [104]=NarrowOop [108]=NarrowOop [112]=NarrowOop [120]=Oop [128]=Oop [208]=NarrowOop }
                      ;*new {reexecute=0 rethrow=0 return_oop=1}
                      ; - org.gradle.internal.logging.console.DefaultWorkInProgressFormatter::format@0 (line 35)
                      ; - org.gradle.internal.logging.console.WorkInProgressRenderer$AssociationLabel::renderNow@15 (line 225)
                      ; - org.gradle.internal.logging.console.WorkInProgressRenderer::renderNow@297 (line 208)
  0x00000212b07a3868: 94bc a4ff | e93b d5ff 

  0x00000212b07a3870: ;   {metadata({type array byte})}
  0x00000212b07a3870: ff48 ba38 | 6700 bb12 | 0200 0041 | b810 0000 

  0x00000212b07a3880: ;   {oop([B{0x00000000fe6189a0})}
  0x00000212b07a3880: 0048 bda0 | 8961 fe00 | 0000 0090 

  0x00000212b07a388c: ;   {runtime_call _new_array_Java}
  0x00000212b07a388c: c5f8 77e8 

  0x00000212b07a3890: ; ImmutableOopMap {rbp=Oop [64]=Oop [80]=Derived_oop_rbp [88]=NarrowOop [92]=NarrowOop [104]=NarrowOop [108]=NarrowOop [112]=NarrowOop [120]=Oop [128]=Oop [136]=Oop [208]=NarrowOop }
                      ;*newarray {reexecute=0 rethrow=0 return_oop=1}
                      ; - java.lang.AbstractStringBuilder::<init>@12 (line 88)
                      ; - java.lang.StringBuilder::<init>@3 (line 106)
                      ; - org.gradle.internal.logging.console.DefaultWorkInProgressFormatter::format@4 (line 35)
                      ; - org.gradle.internal.logging.console.WorkInProgressRenderer$AssociationLabel::renderNow@15 (line 225)
                      ; - org.gradle.internal.logging.console.WorkInProgressRenderer::renderNow@297 (line 208)
  0x00000212b07a3890: ec92 a4ff | e972 d5ff 

  0x00000212b07a3898: ;   {metadata('org/gradle/internal/logging/events/StyledTextOutputEvent$Span')}
  0x00000212b07a3898: ff48 ba98 | a00a bc12 | 0200 004c | 8b54 2478 | 4c89 5424 

  0x00000212b07a38ac: ;   {oop([B{0x00000000fe6189a0})}
  0x00000212b07a38ac: 2048 bda0 | 8961 fe00 | 0000 0090 

  0x00000212b07a38b8: ;   {runtime_call _new_instance_Java}
  0x00000212b07a38b8: c5f8 77e8 

  0x00000212b07a38bc: ; ImmutableOopMap {rbp=Oop [32]=Oop [64]=Oop [80]=Derived_oop_rbp [88]=NarrowOop [104]=NarrowOop [108]=NarrowOop [112]=NarrowOop [128]=Oop [136]=Oop [208]=NarrowOop }
                      ;*new {reexecute=0 rethrow=0 return_oop=1}
                      ; - org.gradle.internal.logging.console.DefaultWorkInProgressFormatter::format@83 (line 53)
                      ; - org.gradle.internal.logging.console.WorkInProgressRenderer$AssociationLabel::renderNow@15 (line 225)
                      ; - org.gradle.internal.logging.console.WorkInProgressRenderer::renderNow@297 (line 208)
  0x00000212b07a38bc: 40bc a4ff | 488b e8e9 | 70db ffff | 4489 8424 | a000 0000 | 4c89 9c24 | 9800 0000 

  0x00000212b07a38d8: ;   {metadata('net/rubygrapefruit/platform/internal/FunctionResult')}
  0x00000212b07a38d8: 48ba 3802 | 0abc 1202 

  0x00000212b07a38e0: ;   {oop([B{0x00000000fe6189a0})}
  0x00000212b07a38e0: 0000 48bd | a089 61fe | 0000 0000 

  0x00000212b07a38ec: ;   {runtime_call _new_instance_Java}
  0x00000212b07a38ec: c5f8 77e8 

  0x00000212b07a38f0: ; ImmutableOopMap {rbp=Oop [32]=Oop [40]=Oop [64]=Oop [80]=Derived_oop_rbp [104]=NarrowOop [108]=NarrowOop [112]=NarrowOop [128]=Oop [136]=Oop [152]=Oop [160]=NarrowOop [208]=NarrowOop }
                      ;*new {reexecute=0 rethrow=0 return_oop=1}
                      ; - net.rubygrapefruit.platform.internal.WindowsTerminal::getTerminalSize@7 (line 80)
                      ; - org.gradle.internal.nativeintegration.console.NativePlatformConsoleMetaData::getCols@4 (line 44)
                      ; - org.gradle.internal.logging.console.DefaultWorkInProgressFormatter::trim@4 (line 64)
                      ; - org.gradle.internal.logging.console.DefaultWorkInProgressFormatter::format@92 (line 53)
                      ; - org.gradle.internal.logging.console.WorkInProgressRenderer$AssociationLabel::renderNow@15 (line 225)
                      ; - org.gradle.internal.logging.console.WorkInProgressRenderer::renderNow@297 (line 208)
  0x00000212b07a38f0: 0cbc a4ff | 4c8b 9c24 | 9800 0000 | 448b 8424 | a000 0000 | e928 dcff | ff44 8984 | 24a0 0000 
  0x00000212b07a3910: 004c 899c | 2498 0000 

  0x00000212b07a3918: ;   {metadata('net/rubygrapefruit/platform/internal/MutableTerminalSize')}
  0x00000212b07a3918: 0048 bab0 | 5813 bc12 

  0x00000212b07a3920: ;   {oop([B{0x00000000fe6189a0})}
  0x00000212b07a3920: 0200 0048 | bda0 8961 | fe00 0000 | 0066 6690 

  0x00000212b07a3930: ;   {runtime_call _new_instance_Java}
  0x00000212b07a3930: c5f8 77e8 

  0x00000212b07a3934: ; ImmutableOopMap {rbp=Oop [32]=Oop [40]=Oop [64]=Oop [80]=Derived_oop_rbp [88]=Oop [104]=NarrowOop [108]=NarrowOop [112]=NarrowOop [128]=Oop [136]=Oop [152]=Oop [160]=NarrowOop [208]=NarrowOop }
                      ;*new {reexecute=0 rethrow=0 return_oop=1}
                      ; - net.rubygrapefruit.platform.internal.WindowsTerminal::getTerminalSize@15 (line 81)
                      ; - org.gradle.internal.nativeintegration.console.NativePlatformConsoleMetaData::getCols@4 (line 44)
                      ; - org.gradle.internal.logging.console.DefaultWorkInProgressFormatter::trim@4 (line 64)
                      ; - org.gradle.internal.logging.console.DefaultWorkInProgressFormatter::format@92 (line 53)
                      ; - org.gradle.internal.logging.console.WorkInProgressRenderer$AssociationLabel::renderNow@15 (line 225)
                      ; - org.gradle.internal.logging.console.WorkInProgressRenderer::renderNow@297 (line 208)
  0x00000212b07a3934: c8bb a4ff | 4c8b 9c24 | 9800 0000 | 448b 8424 | a000 0000 | e930 dcff 

  0x00000212b07a394c: ;   {metadata('java/util/Collections$SingletonList')}
  0x00000212b07a394c: ff48 ba88 | cf05 bc12 | 0200 004c | 8b54 2428 | 4c89 5424 

  0x00000212b07a3960: ;   {oop([B{0x00000000fe6189a0})}
  0x00000212b07a3960: 2048 bda0 | 8961 fe00 | 0000 0090 

  0x00000212b07a396c: ;   {runtime_call _new_instance_Java}
  0x00000212b07a396c: c5f8 77e8 

  0x00000212b07a3970: ; ImmutableOopMap {rbp=Oop [32]=Oop [64]=Oop [80]=Derived_oop_rbp [104]=NarrowOop [108]=NarrowOop [112]=NarrowOop [116]=NarrowOop [128]=Oop [208]=NarrowOop }
                      ;*new {reexecute=0 rethrow=0 return_oop=1}
                      ; - java.util.Collections::singletonList@0 (line 4931)
                      ; - org.gradle.internal.logging.console.DefaultWorkInProgressFormatter::format@98 (line 53)
                      ; - org.gradle.internal.logging.console.WorkInProgressRenderer$AssociationLabel::renderNow@15 (line 225)
                      ; - org.gradle.internal.logging.console.WorkInProgressRenderer::renderNow@297 (line 208)
  0x00000212b07a3970: 8cbb a4ff | e9e4 dfff 

  0x00000212b07a3978: ;   {metadata('java/lang/String')}
  0x00000212b07a3978: ff48 baf0 | e900 bb12 

  0x00000212b07a3980: ;   {oop([B{0x00000000fe6189a0})}
  0x00000212b07a3980: 0200 0048 | bda0 8961 | fe00 0000 | 0066 6690 

  0x00000212b07a3990: ;   {runtime_call _new_instance_Java}
  0x00000212b07a3990: c5f8 77e8 

  0x00000212b07a3994: ; ImmutableOopMap {rbp=Oop [40]=Oop [64]=Oop [80]=Derived_oop_rbp [104]=NarrowOop [108]=NarrowOop [112]=NarrowOop [128]=Oop [144]=NarrowOop [208]=NarrowOop }
                      ;*new {reexecute=0 rethrow=0 return_oop=1}
                      ; - java.lang.StringLatin1::newString@7 (line 769)
                      ; - java.lang.StringBuilder::toString@16 (line 453)
                      ; - org.gradle.internal.logging.console.DefaultWorkInProgressFormatter::trim@40 (line 75)
                      ; - org.gradle.internal.logging.console.DefaultWorkInProgressFormatter::format@92 (line 53)
                      ; - org.gradle.internal.logging.console.WorkInProgressRenderer$AssociationLabel::renderNow@15 (line 225)
                      ; - org.gradle.internal.logging.console.WorkInProgressRenderer::renderNow@297 (line 208)
  0x00000212b07a3994: 68bb a4ff | 4c8b d8e9 | 6ddd ffff | 4489 9424 | 9c00 0000 | 448b 9c24 | 9000 0000 | 4489 9c24 
  0x00000212b07a39b4: 9800 0000 

  0x00000212b07a39b8: ;   {metadata({type array byte})}
  0x00000212b07a39b8: 48ba 3867 | 00bb 1202 | 0000 448b 

  0x00000212b07a39c4: ;   {oop([B{0x00000000fe6189a0})}
  0x00000212b07a39c4: 4424 5848 | bda0 8961 | fe00 0000 | 0066 6690 

  0x00000212b07a39d4: ;   {runtime_call _new_array_nozero_Java}
  0x00000212b07a39d4: c5f8 77e8 

  0x00000212b07a39d8: ; ImmutableOopMap {rbp=Oop [40]=Oop [56]=Oop [64]=Oop [80]=Derived_oop_rbp [104]=NarrowOop [108]=NarrowOop [112]=NarrowOop [128]=Oop [152]=NarrowOop [208]=NarrowOop }
                      ;*newarray {reexecute=0 rethrow=0 return_oop=1}
                      ; - java.util.Arrays::copyOfRange@41 (line 3822)
                      ; - java.lang.StringLatin1::newString@16 (line 769)
                      ; - java.lang.StringBuilder::toString@16 (line 453)
                      ; - org.gradle.internal.logging.console.DefaultWorkInProgressFormatter::trim@40 (line 75)
                      ; - org.gradle.internal.logging.console.DefaultWorkInProgressFormatter::format@92 (line 53)
                      ; - org.gradle.internal.logging.console.WorkInProgressRenderer$AssociationLabel::renderNow@15 (line 225)
                      ; - org.gradle.internal.logging.console.WorkInProgressRenderer::renderNow@297 (line 208)
  0x00000212b07a39d8: a48e a4ff | 488b d844 | 8b94 2498 | 0000 0044 | 8994 2490 | 0000 0044 | 8b94 249c | 0000 00e9 
  0x00000212b07a39f8: d8dd ffff | 4c8b 5c24 | 3845 8b53 | 0c45 85d2 | 742d 498b | fb49 8bd8 | 4d8b 5f20 | 498b ca4d 
  0x00000212b07a3a18: 85db 0f84 | 7418 0000 | 4d8b 5730 | 4b89 4c1a | f849 83c3 | f84d 895f | 204c 8bc3 | 4c8b df4c 
  0x00000212b07a3a38: 8984 2480 | 0000 00e9 | 0ac2 ffff | 4d8b 5740 | 4d8b 5f50 | f083 4424 | c000 8039 | 000f 8430 
  0x00000212b07a3a58: c2ff ff44 | 8821 4d85 | d275 1849 | 8bd7 c5f8 | 7749 bab0 | 8256 fefe | 7f00 0041 | ffd2 e910 
  0x00000212b07a3a78: c2ff ff4b | 894c 13f8 | 4983 c2f8 | 4d89 5740 | e9fe c1ff | ff45 8b5a | 0c45 85db | 0f84 61c2 
  0x00000212b07a3a98: ffff 4d8b | 5720 498b | cb4d 85d2 | 0f84 0218 | 0000 4d8b | 5f30 4b89 | 4c13 f849 | 83c2 f84d 
  0x00000212b07a3ab8: 8957 204c | 8b54 2438 | e936 c2ff | ff4d 8b57 | 404d 8b5f | 50f0 8344 | 24c0 0080 | 3900 0f84 
  0x00000212b07a3ad8: 61c2 ffff | 4488 214d | 85d2 7518 | 498b d7c5 | f877 49ba | b082 56fe | fe7f 0000 | 41ff d2e9 
  0x00000212b07a3af8: 41c2 ffff | 4b89 4c13 | f849 83c2 | f84d 8957 | 40e9 2fc2 | ffff 33db | 8bcb e94c | d0ff ff4c 
  0x00000212b07a3b18: 8b54 2440 | 458b 520c | 4585 d20f | 84c7 c4ff | ff4d 8b5f | 2049 8bca | 4d85 db0f | 848b 1700 
  0x00000212b07a3b38: 004d 8b57 | 304b 894c | 1af8 4983 | c3f8 4d89 | 5f20 e9a1 | c4ff ff4d | 8b57 404d | 8b5f 50f0 
  0x00000212b07a3b58: 8344 24c0 | 0080 3900 | 0f84 ccc4 | ffff 4488 | 214d 85d2 | 7518 498b | d7c5 f877 | 49ba b082 
  0x00000212b07a3b78: 56fe fe7f | 0000 41ff | d2e9 acc4 | ffff 4b89 | 4c13 f849 | 83c2 f84d | 8957 40e9 | 9ac4 ffff 
  0x00000212b07a3b98: 4c8b 5424 | 4045 8b5a | 0c45 85db | 0f84 f0c4 | ffff 4d8b | 5720 498b | cb4d 85d2 | 0f84 2217 
  0x00000212b07a3bb8: 0000 4d8b | 5f30 4b89 | 4c13 f849 | 83c2 f84d | 8957 20e9 | cac4 ffff | 488b d545 | 33c0 448b 
  0x00000212b07a3bd8: ;   {oop([B{0x00000000fe6189a0})}
  0x00000212b07a3bd8: 4c24 5848 | bda0 8961 | fe00 0000 | 0066 6690 

  0x00000212b07a3be8: ;   {static_call}
  0x00000212b07a3be8: c5f8 77e8 

  0x00000212b07a3bec: ; ImmutableOopMap {rbp=Oop [40]=Oop [64]=Oop [80]=Derived_oop_rbp [104]=NarrowOop [108]=NarrowOop [112]=NarrowOop [128]=Oop [208]=NarrowOop }
                      ;*invokestatic newString {reexecute=0 rethrow=0 return_oop=1}
                      ; - java.lang.StringBuilder::toString@31 (line 454)
                      ; - org.gradle.internal.logging.console.DefaultWorkInProgressFormatter::trim@40 (line 75)
                      ; - org.gradle.internal.logging.console.DefaultWorkInProgressFormatter::format@92 (line 53)
                      ; - org.gradle.internal.logging.console.WorkInProgressRenderer$AssociationLabel::renderNow@15 (line 225)
                      ; - org.gradle.internal.logging.console.WorkInProgressRenderer::renderNow@297 (line 208)
  0x00000212b07a3bec: 90dd 99ff | 4889 4424 | 38e9 73dc | ffff 4c89 | 4c24 3848 | 895c 2428 | 4489 4424 | 3048 8954 
  0x00000212b07a3c0c: ;   {metadata('com/google/common/base/Predicates$InstanceOfPredicate')}
  0x00000212b07a3c0c: 2420 48ba | a0a4 0bbc | 1202 0000 | 488b e990 

  0x00000212b07a3c1c: ;   {runtime_call _new_instance_Java}
  0x00000212b07a3c1c: c5f8 77e8 

  0x00000212b07a3c20: ; ImmutableOopMap {rbp=Oop [32]=Oop [40]=Oop [48]=NarrowOop [56]=Oop }
                      ;*new {reexecute=0 rethrow=0 return_oop=1}
                      ; - com.google.common.base.Predicates::instanceOf@0 (line 181)
                      ; - com.google.common.collect.Iterables::filter@12 (line 620)
                      ; - org.gradle.internal.logging.console.WorkInProgressRenderer::renderNow@20 (line 180)
  0x00000212b07a3c20: dcb8 a4ff | e901 bcff 

  0x00000212b07a3c28: ;   {metadata('org/gradle/internal/logging/console/WorkInProgressRenderer$1')}
  0x00000212b07a3c28: ff48 ba68 | ca0b bc12 | 0200 0090 

  0x00000212b07a3c34: ;   {runtime_call _new_instance_Java}
  0x00000212b07a3c34: c5f8 77e8 

  0x00000212b07a3c38: ; ImmutableOopMap {rbp=Oop [32]=Oop [40]=Oop [48]=NarrowOop [56]=Oop }
                      ;*new {reexecute=0 rethrow=0 return_oop=1}
                      ; - org.gradle.internal.logging.console.WorkInProgressRenderer::toOperationIdSet@1 (line 81)
                      ; - org.gradle.internal.logging.console.WorkInProgressRenderer::renderNow@23 (line 180)
  0x00000212b07a3c38: c4b8 a4ff | e93f bcff | ff48 8974 | 2438 4889 | 7c24 304c | 896c 2428 | 895c 2420 

  0x00000212b07a3c54: ;   {metadata('java/util/HashMap')}
  0x00000212b07a3c54: 498b ee48 | baa0 440b | bb12 0200 | 0066 6690 

  0x00000212b07a3c64: ;   {runtime_call _new_instance_Java}
  0x00000212b07a3c64: c5f8 77e8 

  0x00000212b07a3c68: ; ImmutableOopMap {rbp=Oop [32]=NarrowOop [40]=Oop [48]=Oop [56]=Oop }
                      ;*new {reexecute=0 rethrow=0 return_oop=1}
                      ; - java.util.HashSet::<init>@5 (line 107)
                      ; - com.google.common.collect.Sets::newHashSet@4 (line 183)
                      ; - com.google.common.collect.Sets::newHashSet@0 (line 242)
                      ; - com.google.common.collect.Sets::newHashSet@27 (line 226)
                      ; - org.gradle.internal.logging.console.WorkInProgressRenderer::toOperationIdSet@12 (line 81)
                      ; - org.gradle.internal.logging.console.WorkInProgressRenderer::renderNow@23 (line 180)
  0x00000212b07a3c68: 94b8 a4ff | 4c8b f58b | 5c24 204c | 8b6c 2428 | 488b 7c24 | 3048 8b74 | 2438 e99c | bdff ff48 
  0x00000212b07a3c88: 897c 2430 | 4c89 6c24 | 2889 5c24 | 2049 8bee 

  0x00000212b07a3c98: ;   {metadata('java/util/HashSet')}
  0x00000212b07a3c98: 48ba f0b9 | 11bb 1202 | 0000 6690 

  0x00000212b07a3ca4: ;   {runtime_call _new_instance_Java}
  0x00000212b07a3ca4: c5f8 77e8 

  0x00000212b07a3ca8: ; ImmutableOopMap {rbp=Oop [32]=NarrowOop [40]=Oop [48]=Oop }
                      ;*new {reexecute=0 rethrow=0 return_oop=1}
                      ; - com.google.common.collect.Sets::newHashSet@0 (line 183)
                      ; - com.google.common.collect.Sets::newHashSet@0 (line 242)
                      ; - com.google.common.collect.Sets::newHashSet@27 (line 226)
                      ; - org.gradle.internal.logging.console.WorkInProgressRenderer::toOperationIdSet@12 (line 81)
                      ; - org.gradle.internal.logging.console.WorkInProgressRenderer::renderNow@23 (line 180)
  0x00000212b07a3ca8: 54b8 a4ff | 4c8b f58b | 5c24 204c | 8b6c 2428 | 488b 7c24 | 30e9 16bd | ffff 4c89 | 6c24 4089 
  0x00000212b07a3cc8: ;   {metadata('java/util/ArrayList$Itr')}
  0x00000212b07a3cc8: 5c24 3048 | ba68 cc1a | bb12 0200 | 0066 6690 

  0x00000212b07a3cd8: ;   {runtime_call _new_instance_Java}
  0x00000212b07a3cd8: c5f8 77e8 

  0x00000212b07a3cdc: ; ImmutableOopMap {rbp=Oop [32]=Oop [40]=Oop [48]=NarrowOop [56]=Oop [64]=Oop }
                      ;*new {reexecute=0 rethrow=0 return_oop=1}
                      ; - java.util.ArrayList::iterator@0 (line 947)
                      ; - com.google.common.collect.Iterables$4::iterator@4 (line 580)
                      ; - com.google.common.collect.Iterables$5::iterator@4 (line 742)
                      ; - com.google.common.collect.Sets::newHashSet@22 (line 226)
                      ; - org.gradle.internal.logging.console.WorkInProgressRenderer::toOperationIdSet@12 (line 81)
                      ; - org.gradle.internal.logging.console.WorkInProgressRenderer::renderNow@23 (line 180)
  0x00000212b07a3cdc: 20b8 a4ff | 4c8b 7424 | 208b 5c24 | 304c 8b6c | 2440 4c8b | c0e9 24bc | ffff 4c89 | 4424 484c 
  0x00000212b07a3cfc: 896c 2440 | 895c 2438 | 4c89 7424 

  0x00000212b07a3d08: ;   {metadata('com/google/common/collect/Iterators$5')}
  0x00000212b07a3d08: 3048 ba98 | 2d08 bc12 | 0200 004c | 8b54 2428 | 4c89 5424 | 2066 6690 

  0x00000212b07a3d20: ;   {runtime_call _new_instance_Java}
  0x00000212b07a3d20: c5f8 77e8 

  0x00000212b07a3d24: ; ImmutableOopMap {rbp=Oop [32]=Oop [48]=Oop [56]=NarrowOop [64]=Oop [72]=Oop }
                      ;*new {reexecute=0 rethrow=0 return_oop=1}
                      ; - com.google.common.collect.Iterators::filter@10 (line 667)
                      ; - com.google.common.collect.Iterables$4::iterator@13 (line 580)
                      ; - com.google.common.collect.Iterables$5::iterator@4 (line 742)
                      ; - com.google.common.collect.Sets::newHashSet@22 (line 226)
                      ; - org.gradle.internal.logging.console.WorkInProgressRenderer::toOperationIdSet@12 (line 81)
                      ; - org.gradle.internal.logging.console.WorkInProgressRenderer::renderNow@23 (line 180)
  0x00000212b07a3d24: d8b7 a4ff | 4c8b 7424 | 308b 5c24 | 384c 8b6c | 2440 4c8b | 4424 48e9 | 33bc ffff 

  0x00000212b07a3d40: ;   {metadata('java/util/HashSet')}
  0x00000212b07a3d40: 498b e848 | baf0 b911 | bb12 0200 | 0066 6690 

  0x00000212b07a3d50: ;   {runtime_call _new_instance_Java}
  0x00000212b07a3d50: c5f8 77e8 

  0x00000212b07a3d54: ; ImmutableOopMap {rbp=Oop [32]=Oop [40]=NarrowOop [48]=Oop }
                      ;*new {reexecute=0 rethrow=0 return_oop=1}
                      ; - org.gradle.internal.logging.console.WorkInProgressRenderer::renderNow@27 (line 181)
  0x00000212b07a3d54: a8b7 a4ff | 4c8b c5e9 | 0ac4 ffff | 4889 5c24 | 3849 8be8 

  0x00000212b07a3d68: ;   {metadata('java/util/HashMap')}
  0x00000212b07a3d68: 48ba a044 | 0bbb 1202 | 0000 6690 

  0x00000212b07a3d74: ;   {runtime_call _new_instance_Java}
  0x00000212b07a3d74: c5f8 77e8 

  0x00000212b07a3d78: ; ImmutableOopMap {rbp=Oop [32]=Oop [40]=NarrowOop [48]=Oop [56]=Oop }
                      ;*new {reexecute=0 rethrow=0 return_oop=1}
                      ; - java.util.HashSet::<init>@5 (line 107)
                      ; - org.gradle.internal.logging.console.WorkInProgressRenderer::renderNow@31 (line 181)
  0x00000212b07a3d78: 84b7 a4ff | 4c8b c548 | 8b5c 2438 | e92c c4ff 

  0x00000212b07a3d88: ;   {metadata({type array byte})}
  0x00000212b07a3d88: ff48 ba38 | 6700 bb12 | 0200 004c | 8b94 2490 | 0000 004c | 8954 2438 

  0x00000212b07a3da0: ;   {oop([B{0x00000000fe6189a0})}
  0x00000212b07a3da0: 448b c048 | bda0 8961 | fe00 0000 | 0066 6690 

  0x00000212b07a3db0: ;   {runtime_call _new_array_nozero_Java}
  0x00000212b07a3db0: c5f8 77e8 

  0x00000212b07a3db4: ; ImmutableOopMap {rbp=Oop [40]=NarrowOop [44]=NarrowOop [48]=NarrowOop [56]=Oop [64]=Oop [80]=Derived_oop_rbp [88]=NarrowOop [92]=NarrowOop [104]=NarrowOop [108]=NarrowOop [112]=NarrowOop [116]=NarrowOop [120]=Oop [128]=Oop [136]=Oop [152]=NarrowOop [160]=Oop [208]=NarrowOop }
                      ;*newarray {reexecute=0 rethrow=0 return_oop=1}
                      ; - java.util.Arrays::copyOf@1 (line 3537)
                      ; - java.lang.AbstractStringBuilder::ensureCapacityInternal@32 (line 228)
                      ; - java.lang.AbstractStringBuilder::insert@27 (line 1175)
                      ; - java.lang.StringBuilder::insert@3 (line 336)
                      ; - org.gradle.internal.logging.console.DefaultWorkInProgressFormatter::format@49 (line 45)
                      ; - org.gradle.internal.logging.console.WorkInProgressRenderer$AssociationLabel::renderNow@15 (line 225)
                      ; - org.gradle.internal.logging.console.WorkInProgressRenderer::renderNow@297 (line 208)
  0x00000212b07a3db4: c88a a4ff | 488b d8e9 | 3ae0 ffff 

  0x00000212b07a3dc0: ;   {metadata({type array byte})}
  0x00000212b07a3dc0: 48ba 3867 | 00bb 1202 | 0000 448b 

  0x00000212b07a3dcc: ;   {oop([B{0x00000000fe6189a0})}
  0x00000212b07a3dcc: c048 bda0 | 8961 fe00 | 0000 0090 

  0x00000212b07a3dd8: ;   {runtime_call _new_array_nozero_Java}
  0x00000212b07a3dd8: c5f8 77e8 

  0x00000212b07a3ddc: ; ImmutableOopMap {rbp=Oop [64]=Oop [80]=Derived_oop_rbp [88]=NarrowOop [92]=NarrowOop [104]=NarrowOop [108]=NarrowOop [112]=NarrowOop [116]=NarrowOop [120]=Oop [128]=Oop [136]=Oop [144]=NarrowOop [160]=Oop [208]=NarrowOop }
                      ;*newarray {reexecute=0 rethrow=0 return_oop=1}
                      ; - java.util.Arrays::copyOf@1 (line 3537)
                      ; - java.lang.AbstractStringBuilder::ensureCapacityInternal@32 (line 228)
                      ; - java.lang.AbstractStringBuilder::insert@27 (line 1175)
                      ; - java.lang.StringBuilder::insert@3 (line 336)
                      ; - org.gradle.internal.logging.console.DefaultWorkInProgressFormatter::format@55 (line 45)
                      ; - org.gradle.internal.logging.console.WorkInProgressRenderer$AssociationLabel::renderNow@15 (line 225)
                      ; - org.gradle.internal.logging.console.WorkInProgressRenderer::renderNow@297 (line 208)
  0x00000212b07a3ddc: a08a a4ff | 488b d8e9 | 04e2 ffff | 8bd3 413b | d07d 6a44 | 8bca 458b | f145 3bf0 | 0f8d c111 
  0x00000212b07a3dfc: 0000 443b | 7424 680f | 8de6 1100 | 0045 8972 | 10c4 c179 | 7ec9 478b | 4cb1 10c4 | c179 6ed9 
  0x00000212b07a3e1c: 458b ce41 | ffc1 458b | f145 894a | 0cc4 c179 | 7ed9 458b | 4908 48be | 0000 00bb | 1202 0000 
  0x00000212b07a3e3c: 4903 f14e | 8b0c 2e49 | 3bc1 0f85 | c002 0000 | c4c1 797e | da49 8bda | e934 beff | ff4c 8b84 
  0x00000212b07a3e5c: 2480 0000 | 00e9 d0bd | ffff 448b | 5e0c 4585 | db0f 84e9 | e9ff ff4d | 8b57 2049 | 8bcb 4d85 
  0x00000212b07a3e7c: d20f 84d1 | 1600 004d | 8b5f 304b | 894c 13f8 | 4983 c2f8 | 4d89 5720 | e9c3 e9ff 

  0x00000212b07a3e98: ;   {metadata('org/gradle/internal/logging/console/WorkInProgressRenderer$AssociationLabel')}
  0x00000212b07a3e98: ff48 ba00 | 4813 bc12 | 0200 0090 

  0x00000212b07a3ea4: ;   {runtime_call _new_instance_Java}
  0x00000212b07a3ea4: c5f8 77e8 

  0x00000212b07a3ea8: ; ImmutableOopMap {rbp=Oop [40]=NarrowOop [48]=Oop [56]=Oop [64]=Oop [72]=Oop [80]=Oop [88]=Oop [104]=Oop }
                      ;*new {reexecute=0 rethrow=0 return_oop=1}
                      ; - org.gradle.internal.logging.console.WorkInProgressRenderer::attach@0 (line 132)
                      ; - org.gradle.internal.logging.console.WorkInProgressRenderer::attach@100 (line 127)
                      ; - org.gradle.internal.logging.console.WorkInProgressRenderer::renderNow@147 (line 191)
  0x00000212b07a3ea8: 54b6 a4ff | 4c8b c8e9 | 93e4 ffff | 33db e925 | e7ff ff49 | 8bd7 c5f8 | 7749 bad0 | 8256 fefe 
  0x00000212b07a3ec8: 7f00 0041 | ffd2 e9b6 | ebff ff49 | 8bd7 c5f8 | 7749 bad0 | 8256 fefe | 7f00 0041 | ffd2 e95a 
  0x00000212b07a3ee8: ebff ffba | 45ff ffff | 488b 6c24 | 404c 895c | 2448 6690 

  0x00000212b07a3efc: ;   {runtime_call UncommonTrapBlob}
  0x00000212b07a3efc: c5f8 77e8 

  0x00000212b07a3f00: ; ImmutableOopMap {rbp=Oop [40]=NarrowOop [44]=NarrowOop [48]=NarrowOop [72]=Oop [88]=NarrowOop [108]=NarrowOop [136]=Oop [144]=Oop }
                      ;*ifne {reexecute=1 rethrow=0 return_oop=0}
                      ; - (reexecute) org.gradle.internal.logging.console.DefaultWorkInProgressFormatter::format@23 (line 37)
                      ; - org.gradle.internal.logging.console.WorkInProgressRenderer$AssociationLabel::renderNow@15 (line 225)
                      ; - org.gradle.internal.logging.console.WorkInProgressRenderer::renderNow@297 (line 208)
  0x00000212b07a3f00: fc29 9aff | 33c9 8bf1 | e990 e8ff | ffba 45ff | ffff 488b | 6c24 4044 | 8b44 2458 | 4489 4424 
  0x00000212b07a3f20: 384c 895c | 2450 6690 

  0x00000212b07a3f28: ;   {runtime_call UncommonTrapBlob}
  0x00000212b07a3f28: c5f8 77e8 

  0x00000212b07a3f2c: ; ImmutableOopMap {rbp=Oop [40]=NarrowOop [44]=NarrowOop [48]=NarrowOop [56]=NarrowOop [80]=Oop [108]=NarrowOop [116]=NarrowOop [136]=Oop [144]=Oop }
                      ;*ifeq {reexecute=1 rethrow=0 return_oop=0}
                      ; - (reexecute) org.gradle.util.internal.GUtil::isTrue@10 (line 148)
                      ; - org.gradle.internal.logging.console.ProgressOperation::getMessage@4 (line 50)
                      ; - org.gradle.internal.logging.console.DefaultWorkInProgressFormatter::format@27 (line 38)
                      ; - org.gradle.internal.logging.console.WorkInProgressRenderer$AssociationLabel::renderNow@15 (line 225)
                      ; - org.gradle.internal.logging.console.WorkInProgressRenderer::renderNow@297 (line 208)
  0x00000212b07a3f2c: d029 9aff | 498b eb44 | 8bef 448b | c341 8bda | 458b d0ba | e4ff ffff | 4c89 7424 | 2044 895c 
  0x00000212b07a3f4c: 2428 895c | 2430 4489 | 6c24 3444 | 8954 2438 

  0x00000212b07a3f5c: ;   {runtime_call UncommonTrapBlob}
  0x00000212b07a3f5c: c5f8 77e8 

  0x00000212b07a3f60: ; ImmutableOopMap {rbp=Oop [32]=Oop [40]=NarrowOop [64]=Oop }
                      ;*aaload {reexecute=0 rethrow=0 return_oop=0}
                      ; - java.util.ArrayDeque::nonNullElementAt@2 (line 268)
                      ; - java.util.ArrayDeque$DeqIterator::next@28 (line 700)
                      ; - org.gradle.internal.logging.console.WorkInProgressRenderer::renderNow@323 (line 210)
  0x00000212b07a3f60: 9c29 9aff | baf6 ffff | ff66 6690 

  0x00000212b07a3f6c: ;   {runtime_call UncommonTrapBlob}
  0x00000212b07a3f6c: c5f8 77e8 

  0x00000212b07a3f70: ; ImmutableOopMap {}
                      ;*invokevirtual format {reexecute=0 rethrow=0 return_oop=0}
                      ; - org.gradle.internal.logging.console.WorkInProgressRenderer::renderNow@339 (line 211)
  0x00000212b07a3f70: 8c29 9aff | ba45 ffff | ff48 8b6c | 2440 8b4c | 2458 894c | 2438 4c89 | 5c24 4844 | 894c 243c 
  0x00000212b07a3f90: 4489 4424 | 5066 6690 

  0x00000212b07a3f98: ;   {runtime_call UncommonTrapBlob}
  0x00000212b07a3f98: c5f8 77e8 

  0x00000212b07a3f9c: ; ImmutableOopMap {rbp=Oop [40]=NarrowOop [44]=NarrowOop [48]=NarrowOop [56]=NarrowOop [60]=NarrowOop [72]=Oop [108]=NarrowOop [136]=Oop [144]=Oop }
                      ;*if_icmpne {reexecute=1 rethrow=0 return_oop=0}
                      ; - (reexecute) java.lang.String::equals@33 (line 1830)
                      ; - org.gradle.internal.logging.console.DefaultWorkInProgressFormatter::format@20 (line 37)
                      ; - org.gradle.internal.logging.console.WorkInProgressRenderer$AssociationLabel::renderNow@15 (line 225)
                      ; - org.gradle.internal.logging.console.WorkInProgressRenderer::renderNow@297 (line 208)
  0x00000212b07a3f9c: 6029 9aff | bacc ffff | ff48 8b6c | 2440 448b | 5c24 6c44 | 895c 2420 | 448b 5424 | 5844 8954 
  0x00000212b07a3fbc: 2424 4c8b | 9424 8800 | 0000 448b | 5c24 5c44 | 895c 2430 | 4c89 5424 | 384c 8954 | 2440 895c 
  0x00000212b07a3fdc: 2450 4489 | 4424 5444 | 8b54 2460 | 4489 5424 | 5844 8b5c | 2464 4489 | 5c24 5c44 | 8b54 2468 
  0x00000212b07a3ffc: 4489 5424 | 6066 6690 

  0x00000212b07a4004: ;   {runtime_call UncommonTrapBlob}
  0x00000212b07a4004: c5f8 77e8 

  0x00000212b07a4008: ; ImmutableOopMap {rbp=Oop [32]=NarrowOop [36]=NarrowOop [48]=NarrowOop [56]=Oop [64]=Oop [96]=NarrowOop [112]=NarrowOop [116]=NarrowOop [152]=NarrowOop [208]=NarrowOop }
                      ;*invokestatic arraycopy {reexecute=0 rethrow=0 return_oop=0}
                      ; - java.lang.AbstractStringBuilder::shift@33 (line 1078)
                      ; - java.lang.AbstractStringBuilder::insert@33 (line 1176)
                      ; - java.lang.StringBuilder::insert@3 (line 336)
                      ; - org.gradle.internal.logging.console.DefaultWorkInProgressFormatter::format@49 (line 45)
                      ; - org.gradle.internal.logging.console.WorkInProgressRenderer$AssociationLabel::renderNow@15 (line 225)
                      ; - org.gradle.internal.logging.console.WorkInProgressRenderer::renderNow@297 (line 208)
  0x00000212b07a4008: f428 9aff | bacc ffff | ff48 8b6c | 2440 448b | 5424 5844 | 8954 2424 | 4c8b 9424 | 8800 0000 
  0x00000212b07a4028: 4c89 5424 | 2844 8b5c | 245c 4489 | 5c24 3044 | 8b5c 2460 | 4489 5c24 | 4c66 6690 

  0x00000212b07a4044: ;   {runtime_call UncommonTrapBlob}
  0x00000212b07a4044: c5f8 77e8 

  0x00000212b07a4048: ; ImmutableOopMap {rbp=Oop [36]=NarrowOop [40]=Oop [48]=NarrowOop [104]=NarrowOop [108]=NarrowOop [112]=NarrowOop [116]=NarrowOop [144]=NarrowOop [208]=NarrowOop }
                      ;*invokestatic arraycopy {reexecute=0 rethrow=0 return_oop=0}
                      ; - java.lang.String::getBytes@27 (line 4479)
                      ; - java.lang.AbstractStringBuilder::putStringAt@30 (line 1720)
                      ; - java.lang.AbstractStringBuilder::putStringAt@8 (line 1724)
                      ; - java.lang.AbstractStringBuilder::insert@49 (line 1178)
                      ; - java.lang.StringBuilder::insert@3 (line 336)
                      ; - org.gradle.internal.logging.console.DefaultWorkInProgressFormatter::format@49 (line 45)
                      ; - org.gradle.internal.logging.console.WorkInProgressRenderer$AssociationLabel::renderNow@15 (line 225)
                      ; - org.gradle.internal.logging.console.WorkInProgressRenderer::renderNow@297 (line 208)
  0x00000212b07a4048: b428 9aff | bacc ffff | ff48 8b6c | 2440 448b | 5c24 6c44 | 895c 2420 | 448b 5424 | 5844 8954 
  0x00000212b07a4068: 2424 4c8b | 9424 8800 | 0000 4c89 | 5424 2844 | 8b54 245c | 4489 5424 | 3044 8b5c | 2474 4489 
  0x00000212b07a4088: 5c24 3444 | 8944 2450 | 897c 2458 | 4489 4c24 | 5c66 6690 

  0x00000212b07a409c: ;   {runtime_call UncommonTrapBlob}
  0x00000212b07a409c: c5f8 77e8 

  0x00000212b07a40a0: ; ImmutableOopMap {rbp=Oop [32]=NarrowOop [36]=NarrowOop [40]=Oop [48]=NarrowOop [52]=NarrowOop [104]=NarrowOop [112]=NarrowOop [144]=NarrowOop [208]=NarrowOop }
                      ;*invokestatic arraycopy {reexecute=0 rethrow=0 return_oop=0}
                      ; - java.lang.AbstractStringBuilder::shift@33 (line 1078)
                      ; - java.lang.AbstractStringBuilder::insert@33 (line 1176)
                      ; - java.lang.StringBuilder::insert@3 (line 336)
                      ; - org.gradle.internal.logging.console.DefaultWorkInProgressFormatter::format@55 (line 45)
                      ; - org.gradle.internal.logging.console.WorkInProgressRenderer$AssociationLabel::renderNow@15 (line 225)
                      ; - org.gradle.internal.logging.console.WorkInProgressRenderer::renderNow@297 (line 208)
  0x00000212b07a40a0: 5c28 9aff | bacc ffff | ff48 8b6c | 2440 448b | 5424 5844 | 8954 2424 | 4c8b 9424 | 8800 0000 
  0x00000212b07a40c0: 448b 4424 | 5c44 8944 | 2430 4c89 | 5424 384c | 8954 2440 | 4489 5c24 | 3444 894c | 2448 897c 
  0x00000212b07a40e0: 244c 895c | 2450 448b | 5424 6044 | 8954 2454 | 448b 5c24 | 6444 895c | 2458 448b | 5424 6844 
  0x00000212b07a4100: 8954 245c 

  0x00000212b07a4104: ;   {runtime_call UncommonTrapBlob}
  0x00000212b07a4104: c5f8 77e8 

  0x00000212b07a4108: ; ImmutableOopMap {rbp=Oop [36]=NarrowOop [48]=NarrowOop [52]=NarrowOop [56]=Oop [64]=Oop [72]=NarrowOop [92]=NarrowOop [108]=NarrowOop [112]=NarrowOop [208]=NarrowOop }
                      ;*invokestatic arraycopy {reexecute=0 rethrow=0 return_oop=0}
                      ; - java.lang.String::getBytes@27 (line 4479)
                      ; - java.lang.AbstractStringBuilder::putStringAt@30 (line 1720)
                      ; - java.lang.AbstractStringBuilder::putStringAt@8 (line 1724)
                      ; - java.lang.AbstractStringBuilder::insert@49 (line 1178)
                      ; - java.lang.StringBuilder::insert@3 (line 336)
                      ; - org.gradle.internal.logging.console.DefaultWorkInProgressFormatter::format@55 (line 45)
                      ; - org.gradle.internal.logging.console.WorkInProgressRenderer$AssociationLabel::renderNow@15 (line 225)
                      ; - org.gradle.internal.logging.console.WorkInProgressRenderer::renderNow@297 (line 208)
  0x00000212b07a4108: f427 9aff | 4183 fb20 | 7529 483b | f00f 8431 | fdff ff48 | 8b7e 288b | 0f48 83c7 | 0848 85c0 
  0x00000212b07a4128: f248 af0f | 8504 0000 | 0048 8946 | 200f 8411 | fdff ff45 | 3bf0 0f8c | b1fc ffff | e910 fdff 
  0x00000212b07a4148: ffba 45ff | ffff 488b | 6c24 384c | 8b44 2450 | 4c89 4424 | 204c 8b44 | 2448 4c89 | 4424 284c 
  0x00000212b07a4168: 8b44 2458 | 4c89 4424 | 384c 895c | 2448 4489 | 5424 5044 | 8b54 2460 | 4489 5424 | 5444 8b54 
  0x00000212b07a4188: 2464 4489 | 5424 5c90 

  0x00000212b07a4190: ;   {runtime_call UncommonTrapBlob}
  0x00000212b07a4190: c5f8 77e8 

  0x00000212b07a4194: ; ImmutableOopMap {rbp=Oop [32]=Oop [40]=Oop [56]=Oop [72]=Oop [80]=NarrowOop [104]=Oop }
                      ;*ifeq {reexecute=1 rethrow=0 return_oop=0}
                      ; - (reexecute) org.gradle.util.internal.GUtil::isTrue@10 (line 148)
                      ; - org.gradle.internal.logging.console.ProgressOperation::getMessage@4 (line 50)
                      ; - org.gradle.internal.logging.console.WorkInProgressRenderer::isRenderable@7 (line 166)
                      ; - org.gradle.internal.logging.console.WorkInProgressRenderer::attach@9 (line 106)
                      ; - org.gradle.internal.logging.console.WorkInProgressRenderer::renderNow@147 (line 191)
  0x00000212b07a4194: 6827 9aff | bae4 ffff | ff48 8b6c | 2438 4c8b | 5c24 404c | 895c 2420 | 4c8b 5c24 | 484c 895c 
  0x00000212b07a41b4: 2428 4489 | 5424 3090 

  0x00000212b07a41bc: ;   {runtime_call UncommonTrapBlob}
  0x00000212b07a41bc: c5f8 77e8 

  0x00000212b07a41c0: ; ImmutableOopMap {rbp=Oop [32]=Oop [40]=Oop [48]=NarrowOop [104]=Oop }
                      ;*aaload {reexecute=0 rethrow=0 return_oop=0}
                      ; - java.util.ArrayList$Itr::next@64 (line 975)
                      ; - org.gradle.internal.logging.console.WorkInProgressRenderer::renderNow@55 (line 183)
  0x00000212b07a41c0: 3c27 9aff | bade ffff | ff41 8beb 

  0x00000212b07a41cc: ;   {runtime_call UncommonTrapBlob}
  0x00000212b07a41cc: c5f8 77e8 

  0x00000212b07a41d0: ; ImmutableOopMap {rbp=NarrowOop }
                      ;*checkcast {reexecute=0 rethrow=0 return_oop=0}
                      ; - org.gradle.internal.logging.console.WorkInProgressRenderer::renderNow@60 (line 183)
  0x00000212b07a41d0: 2c27 9aff | 4489 5424 | 2049 8bd7 | c5f8 7749 | bad0 8256 | fefe 7f00 | 0041 ffd2 | 448b 5424 
  0x00000212b07a41f0: 20e9 38df | ffff bade | ffff ff49 | 8bea 4c8b | 5424 404c | 8954 2420 | 4c8b 5424 | 484c 8954 
  0x00000212b07a4210: 2428 c5fb | 1144 2430 | 4489 5c24 | 3866 6690 

  0x00000212b07a4220: ;   {runtime_call UncommonTrapBlob}
  0x00000212b07a4220: c5f8 77e8 

  0x00000212b07a4224: ; ImmutableOopMap {rbp=Oop [32]=Oop [40]=Oop [48]=Oop [56]=NarrowOop [104]=Oop }
                      ;*invokeinterface setVisible {reexecute=0 rethrow=0 return_oop=0}
                      ; - org.gradle.internal.logging.console.WorkInProgressRenderer::renderNow@78 (line 185)
  0x00000212b07a4224: d826 9aff | bade ffff | ff48 8b6c | 2438 4c8b | 5424 404c | 8954 2420 | 4c8b 5424 | 484c 8954 
  0x00000212b07a4244: 2428 c5fb | 1144 2430 | 4489 5c24 | 3866 6690 

  0x00000212b07a4254: ;   {runtime_call UncommonTrapBlob}
  0x00000212b07a4254: c5f8 77e8 

  0x00000212b07a4258: ; ImmutableOopMap {rbp=Oop [32]=Oop [40]=Oop [48]=Oop [56]=NarrowOop [104]=Oop }
                      ;*invokeinterface iterator {reexecute=0 rethrow=0 return_oop=0}
                      ; - org.gradle.internal.logging.console.MultiLineBuildProgressArea::setVisible@9 (line 94)
                      ; - org.gradle.internal.logging.console.WorkInProgressRenderer::renderNow@78 (line 185)
  0x00000212b07a4258: a426 9aff | bade ffff | ff48 8b6c | 2438 4c8b | 5c24 504c | 895c 2420 | 4c8b 5c24 | 484c 895c 
  0x00000212b07a4278: 2428 4889 | 7424 3044 | 8944 2438 | 4489 5424 | 3c66 6690 

  0x00000212b07a428c: ;   {runtime_call UncommonTrapBlob}
  0x00000212b07a428c: c5f8 77e8 

  0x00000212b07a4290: ; ImmutableOopMap {rbp=Oop [32]=Oop [40]=Oop [48]=Oop [56]=NarrowOop [60]=NarrowOop [104]=Oop }
                      ;*invokevirtual containsKey {reexecute=0 rethrow=0 return_oop=0}
                      ; - java.util.HashSet::contains@5 (line 205)
                      ; - org.gradle.internal.logging.console.WorkInProgressRenderer::renderNow@96 (line 187)
  0x00000212b07a4290: 6c26 9aff | 4585 d240 | 0f95 c540 | 0fb6 edba | 76ff ffff | 4c8b 5424 | 384c 8954 | 2420 4c8b 
  0x00000212b07a42b0: 5424 404c | 8954 2428 | 4c8b 5424 | 484c 8954 | 2430 c5fb | 1144 2438 | 4489 7424 | 4048 894c 
  0x00000212b07a42d0: 2448 6690 

  0x00000212b07a42d4: ;   {runtime_call UncommonTrapBlob}
  0x00000212b07a42d4: c5f8 77e8 

  0x00000212b07a42d8: ; ImmutableOopMap {[32]=Oop [40]=Oop [48]=Oop [56]=Oop [72]=Oop [104]=Oop }
                      ;*ifeq {reexecute=1 rethrow=0 return_oop=0}
                      ; - (reexecute) org.gradle.internal.logging.console.MultiLineBuildProgressArea::setVisible@21 (line 94)
                      ; - org.gradle.internal.logging.console.WorkInProgressRenderer::renderNow@78 (line 185)
  0x00000212b07a42d8: 2426 9aff | 4585 d240 | 0f95 c540 | 0fb6 edba | 6eff ffff | 4c8b 5424 | 384c 8954 | 2420 4c8b 
  0x00000212b07a42f8: 5424 404c | 8954 2428 | 4c8b 5424 | 484c 8954 | 2430 c5fb | 1144 2438 | 4489 7424 | 4048 894c 
  0x00000212b07a4318: 2448 6690 

  0x00000212b07a431c: ;   {runtime_call UncommonTrapBlob}
  0x00000212b07a431c: c5f8 77e8 

  0x00000212b07a4320: ; ImmutableOopMap {[32]=Oop [40]=Oop [48]=Oop [56]=Oop [72]=Oop [104]=Oop }
                      ;*ifeq {reexecute=1 rethrow=0 return_oop=0}
                      ; - (reexecute) org.gradle.internal.logging.console.MultiLineBuildProgressArea::setVisible@21 (line 94)
                      ; - org.gradle.internal.logging.console.WorkInProgressRenderer::renderNow@78 (line 185)
  0x00000212b07a4320: dc25 9aff | 448b ce41 | 8bf0 ba45 | ffff ff48 | 8b6c 2438 | 4c8b 5c24 | 404c 895c | 2420 4c8b 
  0x00000212b07a4340: 5c24 484c | 895c 2428 | c5fb 1144 | 2430 4489 | 4c24 3c44 | 8954 2440 | 4489 4c24 | 4489 7424 
  0x00000212b07a4360: 4844 8974 | 244c 4889 | 4c24 5044 | 8b54 2460 | 4489 5424 | 5866 6690 

  0x00000212b07a4378: ;   {runtime_call UncommonTrapBlob}
  0x00000212b07a4378: c5f8 77e8 

  0x00000212b07a437c: ; ImmutableOopMap {rbp=Oop [32]=Oop [40]=Oop [48]=Oop [80]=Oop [104]=Oop }
                      ;*if_icmplt {reexecute=1 rethrow=0 return_oop=0}
                      ; - (reexecute) java.util.ArrayList$Itr::next@17 (line 969)
                      ; - org.gradle.internal.logging.console.MultiLineBuildProgressArea::setVisible@25 (line 94)
                      ; - org.gradle.internal.logging.console.WorkInProgressRenderer::renderNow@78 (line 185)
  0x00000212b07a437c: 8025 9aff | 448b ce41 | 8bf0 ba45 | ffff ff48 | 8b6c 2438 | 4c8b 5424 | 404c 8954 | 2420 4c8b 
  0x00000212b07a439c: 5424 484c | 8954 2428 | c5fb 1144 | 2430 4489 | 5c24 3c44 | 894c 2440 | 895c 2444 | 4489 4c24 
  0x00000212b07a43bc: 4889 7424 | 4c44 8974 | 2450 4889 | 4c24 5844 | 8b54 2460 | 4489 5424 | 5466 6690 

  0x00000212b07a43d8: ;   {runtime_call UncommonTrapBlob}
  0x00000212b07a43d8: c5f8 77e8 

  0x00000212b07a43dc: ; ImmutableOopMap {rbp=Oop [32]=Oop [40]=Oop [48]=Oop [60]=NarrowOop [88]=Oop [104]=Oop }
                      ;*if_icmplt {reexecute=1 rethrow=0 return_oop=0}
                      ; - (reexecute) java.util.ArrayList$Itr::next@39 (line 972)
                      ; - org.gradle.internal.logging.console.MultiLineBuildProgressArea::setVisible@25 (line 94)
                      ; - org.gradle.internal.logging.console.WorkInProgressRenderer::renderNow@78 (line 185)
  0x00000212b07a43dc: 2025 9aff | 83fb 2075 | 2948 3bf0 | 0f84 edbb | ffff 488b | 7e28 8b0f | 4883 c708 | 4885 c0f2 
  0x00000212b07a43fc: 48af 0f85 | 0400 0000 | 4889 4620 | 0f84 cdbb | ffff 443b | 4c24 580f | 8c69 bbff | ffe9 c7bb 
  0x00000212b07a441c: ffff ba45 | ffff ff48 | 8b6c 2440 | 448b 5c24 | 6c44 895c | 2434 448b | 5424 5844 | 8954 2438 
  0x00000212b07a443c: 4c8b 9424 | 8800 0000 | 4c89 5424 | 4044 8b5c | 245c 4489 | 5c24 3c44 | 8944 2460 

  0x00000212b07a4458: ;   {runtime_call UncommonTrapBlob}
  0x00000212b07a4458: c5f8 77e8 

  0x00000212b07a445c: ; ImmutableOopMap {rbp=Oop [40]=NarrowOop [44]=NarrowOop [48]=NarrowOop [52]=NarrowOop [56]=NarrowOop [60]=NarrowOop [64]=Oop [116]=NarrowOop [144]=Oop }
                      ;*if_icmple {reexecute=1 rethrow=0 return_oop=0}
                      ; - (reexecute) java.lang.String::checkOffset@6 (line 4575)
                      ; - java.lang.AbstractStringBuilder::insert@5 (line 1170)
                      ; - java.lang.StringBuilder::insert@3 (line 336)
                      ; - org.gradle.internal.logging.console.DefaultWorkInProgressFormatter::format@49 (line 45)
                      ; - org.gradle.internal.logging.console.WorkInProgressRenderer$AssociationLabel::renderNow@15 (line 225)
                      ; - org.gradle.internal.logging.console.WorkInProgressRenderer::renderNow@297 (line 208)
  0x00000212b07a445c: a024 9aff | ba45 ffff | ff48 8b6c | 2440 448b | 5c24 5844 | 895c 2424 | 4c8b 9424 | 8800 0000 
  0x00000212b07a447c: 448b 5c24 | 5c44 895c | 2430 4c89 | 5424 384c | 8954 2440 | 4489 4c24 | 4c44 8b54 | 2460 4489 
  0x00000212b07a449c: 5424 5044 | 8b5c 2464 | 4489 5c24 | 5466 6690 

  0x00000212b07a44ac: ;   {runtime_call UncommonTrapBlob}
  0x00000212b07a44ac: c5f8 77e8 

  0x00000212b07a44b0: ; ImmutableOopMap {rbp=Oop [36]=NarrowOop [48]=NarrowOop [56]=Oop [64]=Oop [104]=NarrowOop [108]=NarrowOop [112]=NarrowOop [116]=NarrowOop [208]=NarrowOop }
                      ;*if_icmple {reexecute=1 rethrow=0 return_oop=0}
                      ; - (reexecute) java.lang.String::checkOffset@6 (line 4575)
                      ; - java.lang.AbstractStringBuilder::insert@5 (line 1170)
                      ; - java.lang.StringBuilder::insert@3 (line 336)
                      ; - org.gradle.internal.logging.console.DefaultWorkInProgressFormatter::format@55 (line 45)
                      ; - org.gradle.internal.logging.console.WorkInProgressRenderer$AssociationLabel::renderNow@15 (line 225)
                      ; - org.gradle.internal.logging.console.WorkInProgressRenderer::renderNow@297 (line 208)
  0x00000212b07a44b0: 4c24 9aff | baf6 ffff | ff8b 6c24 | 5c66 6690 

  0x00000212b07a44c0: ;   {runtime_call UncommonTrapBlob}
  0x00000212b07a44c0: c5f8 77e8 

  0x00000212b07a44c4: ; ImmutableOopMap {rbp=NarrowOop }
                      ;*invokevirtual format {reexecute=0 rethrow=0 return_oop=0}
                      ; - org.gradle.internal.logging.console.WorkInProgressRenderer$AssociationLabel::renderNow@15 (line 225)
                      ; - org.gradle.internal.logging.console.WorkInProgressRenderer::renderNow@297 (line 208)
  0x00000212b07a44c4: 3824 9aff | baf6 ffff | ff48 8b6c | 2440 4c89 | 5c24 4090 

  0x00000212b07a44d8: ;   {runtime_call UncommonTrapBlob}
  0x00000212b07a44d8: c5f8 77e8 

  0x00000212b07a44dc: ; ImmutableOopMap {rbp=Oop [40]=Oop [64]=Oop [104]=NarrowOop [108]=NarrowOop [112]=NarrowOop [136]=Oop [208]=NarrowOop }
                      ;*monitorenter {reexecute=0 rethrow=0 return_oop=0}
                      ; - net.rubygrapefruit.platform.internal.WindowsTerminal::getTerminalSize@6 (line 79)
                      ; - org.gradle.internal.nativeintegration.console.NativePlatformConsoleMetaData::getCols@4 (line 44)
                      ; - org.gradle.internal.logging.console.DefaultWorkInProgressFormatter::trim@4 (line 64)
                      ; - org.gradle.internal.logging.console.DefaultWorkInProgressFormatter::format@92 (line 53)
                      ; - org.gradle.internal.logging.console.WorkInProgressRenderer$AssociationLabel::renderNow@15 (line 225)
                      ; - org.gradle.internal.logging.console.WorkInProgressRenderer::renderNow@297 (line 208)
  0x00000212b07a44dc: 2024 9aff | bacc ffff | ff48 8b6c | 2440 8b4c | 2458 894c | 2424 488b | 8c24 8800 | 0000 4889 
  0x00000212b07a44fc: 4c24 3048 | 894c 2438 | 4489 4c24 | 4044 8954 | 2448 4489 | 5c24 4c44 | 8944 2450 | 448b 5424 
  0x00000212b07a451c: 6044 8954 | 2454 448b | 5c24 6444 | 895c 2458 | 448b 5424 | 6844 8954 | 245c 6690 

  0x00000212b07a4538: ;   {runtime_call UncommonTrapBlob}
  0x00000212b07a4538: c5f8 77e8 

  0x00000212b07a453c: ; ImmutableOopMap {rbp=Oop [36]=NarrowOop [48]=Oop [56]=Oop [76]=NarrowOop [92]=NarrowOop [108]=NarrowOop [112]=NarrowOop [208]=NarrowOop }
                      ;*invokestatic arraycopy {reexecute=0 rethrow=0 return_oop=0}
                      ; - java.lang.AbstractStringBuilder::shift@33 (line 1078)
                      ; - java.lang.AbstractStringBuilder::delete@33 (line 920)
                      ; - java.lang.StringBuilder::delete@3 (line 289)
                      ; - org.gradle.internal.logging.console.DefaultWorkInProgressFormatter::format@72 (line 48)
                      ; - org.gradle.internal.logging.console.WorkInProgressRenderer$AssociationLabel::renderNow@15 (line 225)
                      ; - org.gradle.internal.logging.console.WorkInProgressRenderer::renderNow@297 (line 208)
  0x00000212b07a453c: c023 9aff | bade ffff | ff48 8b6c | 2440 4489 | 5424 2490 

  0x00000212b07a4550: ;   {runtime_call UncommonTrapBlob}
  0x00000212b07a4550: c5f8 77e8 

  0x00000212b07a4554: ; ImmutableOopMap {rbp=Oop [36]=NarrowOop [40]=Oop [104]=NarrowOop [108]=NarrowOop [112]=NarrowOop [136]=Oop [208]=NarrowOop }
                      ;*invokeinterface getCols {reexecute=0 rethrow=0 return_oop=0}
                      ; - org.gradle.internal.logging.console.DefaultWorkInProgressFormatter::trim@4 (line 64)
                      ; - org.gradle.internal.logging.console.DefaultWorkInProgressFormatter::format@92 (line 53)
                      ; - org.gradle.internal.logging.console.WorkInProgressRenderer$AssociationLabel::renderNow@15 (line 225)
                      ; - org.gradle.internal.logging.console.WorkInProgressRenderer::renderNow@297 (line 208)
  0x00000212b07a4554: a823 9aff | bade ffff | ff48 8b6c | 2440 4489 | 5c24 2490 

  0x00000212b07a4568: ;   {runtime_call UncommonTrapBlob}
  0x00000212b07a4568: c5f8 77e8 

  0x00000212b07a456c: ; ImmutableOopMap {rbp=Oop [36]=NarrowOop [40]=Oop [104]=NarrowOop [108]=NarrowOop [112]=NarrowOop [136]=Oop [208]=NarrowOop }
                      ;*invokeinterface getTerminalSize {reexecute=0 rethrow=0 return_oop=0}
                      ; - org.gradle.internal.nativeintegration.console.NativePlatformConsoleMetaData::getCols@4 (line 44)
                      ; - org.gradle.internal.logging.console.DefaultWorkInProgressFormatter::trim@4 (line 64)
                      ; - org.gradle.internal.logging.console.DefaultWorkInProgressFormatter::format@92 (line 53)
                      ; - org.gradle.internal.logging.console.WorkInProgressRenderer$AssociationLabel::renderNow@15 (line 225)
                      ; - org.gradle.internal.logging.console.WorkInProgressRenderer::renderNow@297 (line 208)
  0x00000212b07a456c: 9023 9aff | 4489 8424 | a000 0000 | 4c89 9c24 | 9800 0000 | 488b d54c | 8d84 24e0 

  0x00000212b07a4588: ;   {oop([B{0x00000000fe6189a0})}
  0x00000212b07a4588: 0000 0048 | bda0 8961 | fe00 0000 | 0066 6690 

  0x00000212b07a4598: ;   {runtime_call _complete_monitor_locking_Java}
  0x00000212b07a4598: c5f8 77e8 

  0x00000212b07a459c: ; ImmutableOopMap {rbp=Oop [32]=Oop [40]=Oop [64]=Oop [80]=Derived_oop_rbp [104]=NarrowOop [108]=NarrowOop [112]=NarrowOop [128]=Oop [136]=Oop [152]=Oop [160]=NarrowOop [208]=NarrowOop }
                      ;*monitorenter {reexecute=0 rethrow=0 return_oop=0}
                      ; - net.rubygrapefruit.platform.internal.WindowsTerminal::getTerminalSize@6 (line 79)
                      ; - org.gradle.internal.nativeintegration.console.NativePlatformConsoleMetaData::getCols@4 (line 44)
                      ; - org.gradle.internal.logging.console.DefaultWorkInProgressFormatter::trim@4 (line 64)
                      ; - org.gradle.internal.logging.console.DefaultWorkInProgressFormatter::format@92 (line 53)
                      ; - org.gradle.internal.logging.console.WorkInProgressRenderer$AssociationLabel::renderNow@15 (line 225)
                      ; - org.gradle.internal.logging.console.WorkInProgressRenderer::renderNow@297 (line 208)
  0x00000212b07a459c: 6092 a4ff | 4c8b 9c24 | 9800 0000 | 448b 8424 | a000 0000 | e938 cfff | ff48 8bcd | 488d 9424 
  0x00000212b07a45bc: e000 0000 | 4d8b c7c5 | f877 49ba | 40bf 97fe | fe7f 0000 | 41ff d2e9 | 93d0 ffff | bade ffff 
  0x00000212b07a45dc: ff48 8b6c | 2440 4c89 | 5c24 4090 

  0x00000212b07a45e8: ;   {runtime_call UncommonTrapBlob}
  0x00000212b07a45e8: c5f8 77e8 

  0x00000212b07a45ec: ; ImmutableOopMap {rbp=Oop [40]=Oop [64]=Oop [104]=NarrowOop [108]=NarrowOop [112]=NarrowOop [136]=Oop [208]=NarrowOop }
                      ;*invokeinterface getCols {reexecute=0 rethrow=0 return_oop=0}
                      ; - org.gradle.internal.nativeintegration.console.NativePlatformConsoleMetaData::getCols@9 (line 44)
                      ; - org.gradle.internal.logging.console.DefaultWorkInProgressFormatter::trim@4 (line 64)
                      ; - org.gradle.internal.logging.console.DefaultWorkInProgressFormatter::format@92 (line 53)
                      ; - org.gradle.internal.logging.console.WorkInProgressRenderer$AssociationLabel::renderNow@15 (line 225)
                      ; - org.gradle.internal.logging.console.WorkInProgressRenderer::renderNow@297 (line 208)
  0x00000212b07a45ec: 1023 9aff | bade ffff | ff48 8b6c | 2440 4889 | 5c24 2890 

  0x00000212b07a4600: ;   {runtime_call UncommonTrapBlob}
  0x00000212b07a4600: c5f8 77e8 

  0x00000212b07a4604: ; ImmutableOopMap {rbp=Oop [40]=Oop [104]=NarrowOop [108]=NarrowOop [112]=NarrowOop [208]=NarrowOop }
                      ;*invokeinterface setText {reexecute=0 rethrow=0 return_oop=0}
                      ; - org.gradle.internal.logging.console.WorkInProgressRenderer$AssociationLabel::renderNow@18 (line 225)
                      ; - org.gradle.internal.logging.console.WorkInProgressRenderer::renderNow@297 (line 208)
  0x00000212b07a4604: f822 9aff | baf6 ffff | ff8b ef44 | 894c 2420 | 4489 5424 | 2444 895c | 2428 6690 

  0x00000212b07a4620: ;   {runtime_call UncommonTrapBlob}
  0x00000212b07a4620: c5f8 77e8 

  0x00000212b07a4624: ; ImmutableOopMap {rbp=NarrowOop [32]=NarrowOop [36]=NarrowOop [40]=NarrowOop }
                      ;*invokevirtual start {reexecute=0 rethrow=0 return_oop=0}
                      ; - org.gradle.internal.logging.console.WorkInProgressRenderer::renderNow@144 (line 191)
  0x00000212b07a4624: d822 9aff | 4c63 d54d | 8bda e9fa | d0ff ff4c | 8bd5 4983 | c2fe 498b | ca49 8bfb | 4833 c048 
  0x00000212b07a4644: 83f9 087f | 1048 ffc9 | 784f 4889 | 04cf 48ff | c97d f7eb | 44c5 fdef | c0e9 0d00 | 0000 c5fe 
  0x00000212b07a4664: 7f07 c5fe | 7f47 2048 | 83c7 4048 | 83e9 087d | ed48 83c1 | 047c 0cc5 | fe7f 0748 | 83c7 2048 
  0x00000212b07a4684: 83e9 0448 | 83c1 047e | 1048 ffc9 | c5f9 d607 | 4883 c708 | 48ff c97d | f3e9 90d1 | ffff bacc 
  0x00000212b07a46a4: ffff ff48 | 8b6c 2440 | 448b 5c24 | 5844 895c | 244c 448b | 5c24 6044 | 895c 2450 | 448b 5424 
  0x00000212b07a46c4: 6444 8954 | 2454 6690 

  0x00000212b07a46cc: ;   {runtime_call UncommonTrapBlob}
  0x00000212b07a46cc: c5f8 77e8 

  0x00000212b07a46d0: ; ImmutableOopMap {rbp=Oop [40]=Oop [56]=Oop [104]=NarrowOop [108]=NarrowOop [112]=NarrowOop [144]=NarrowOop [208]=NarrowOop }
                      ;*newarray {reexecute=1 rethrow=0 return_oop=0}
                      ; - (reexecute) java.util.Arrays::copyOfRange@41 (line 3822)
                      ; - java.lang.StringLatin1::newString@16 (line 769)
                      ; - java.lang.StringBuilder::toString@16 (line 453)
                      ; - org.gradle.internal.logging.console.DefaultWorkInProgressFormatter::trim@40 (line 75)
                      ; - org.gradle.internal.logging.console.DefaultWorkInProgressFormatter::format@92 (line 53)
                      ; - org.gradle.internal.logging.console.WorkInProgressRenderer$AssociationLabel::renderNow@15 (line 225)
                      ; - org.gradle.internal.logging.console.WorkInProgressRenderer::renderNow@297 (line 208)
  0x00000212b07a46d0: 2c22 9aff | ba76 ffff | ff48 8b6c | 2440 4489 | 4424 2044 | 895c 242c 

  0x00000212b07a46e8: ;   {runtime_call UncommonTrapBlob}
  0x00000212b07a46e8: c5f8 77e8 

  0x00000212b07a46ec: ; ImmutableOopMap {rbp=Oop [32]=NarrowOop [104]=NarrowOop [112]=NarrowOop [208]=NarrowOop }
                      ;*if_icmpge {reexecute=1 rethrow=0 return_oop=0}
                      ; - (reexecute) java.util.HashMap$HashIterator::nextNode@74 (line 1601)
                      ; - java.util.HashMap$ValueIterator::next@1 (line 1625)
                      ; - org.gradle.internal.logging.console.WorkInProgressRenderer::renderNow@285 (line 207)
  0x00000212b07a46ec: 1022 9aff | ba45 ffff | ff48 8b6c | 2438 4c8b | 5c24 404c | 895c 2420 | 4c8b 5c24 | 484c 895c 
  0x00000212b07a470c: 2428 4489 | 5424 3044 | 8b54 2464 | 4489 4424 | 3c44 8954 | 2440 6690 

  0x00000212b07a4724: ;   {runtime_call UncommonTrapBlob}
  0x00000212b07a4724: c5f8 77e8 

  0x00000212b07a4728: ; ImmutableOopMap {rbp=Oop [32]=Oop [40]=Oop [104]=Oop }
                      ;*if_icmpeq {reexecute=1 rethrow=0 return_oop=0}
                      ; - (reexecute) java.util.ArrayList$Itr::checkForComodification@11 (line 1012)
                      ; - java.util.ArrayList$Itr::next@1 (line 967)
                      ; - org.gradle.internal.logging.console.WorkInProgressRenderer::renderNow@55 (line 183)
  0x00000212b07a4728: d421 9aff | ba45 ffff | ff48 8b6c | 2438 4c8b | 5424 404c | 8954 2420 | 4c8b 5424 | 484c 8954 
  0x00000212b07a4748: 2428 4489 | 5c24 3844 | 8944 2440 

  0x00000212b07a4754: ;   {runtime_call UncommonTrapBlob}
  0x00000212b07a4754: c5f8 77e8 

  0x00000212b07a4758: ; ImmutableOopMap {rbp=Oop [32]=Oop [40]=Oop [104]=Oop }
                      ;*if_icmplt {reexecute=1 rethrow=0 return_oop=0}
                      ; - (reexecute) java.util.ArrayList$Itr::next@17 (line 969)
                      ; - org.gradle.internal.logging.console.WorkInProgressRenderer::renderNow@55 (line 183)
  0x00000212b07a4758: a421 9aff | ba45 ffff | ff48 8b6c | 2438 4c8b | 5c24 404c | 895c 2420 | 4c8b 5c24 | 484c 895c 
  0x00000212b07a4778: 2428 4489 | 5424 3444 | 894c 243c | 4489 4424 | 4466 6690 

  0x00000212b07a478c: ;   {runtime_call UncommonTrapBlob}
  0x00000212b07a478c: c5f8 77e8 

  0x00000212b07a4790: ; ImmutableOopMap {rbp=Oop [32]=Oop [40]=Oop [52]=NarrowOop [104]=Oop }
                      ;*if_icmplt {reexecute=1 rethrow=0 return_oop=0}
                      ; - (reexecute) java.util.ArrayList$Itr::next@39 (line 972)
                      ; - org.gradle.internal.logging.console.WorkInProgressRenderer::renderNow@55 (line 183)
  0x00000212b07a4790: 6c21 9aff | ba45 ffff | ff48 8b6c | 2438 4c8b | 4424 504c | 8944 2420 | 4c8b 4424 | 484c 8944 
  0x00000212b07a47b0: 2428 4889 | 7424 3044 | 8954 2438 | 4489 5c24 | 3c44 894c | 2444 6690 

  0x00000212b07a47c8: ;   {runtime_call UncommonTrapBlob}
  0x00000212b07a47c8: c5f8 77e8 

  0x00000212b07a47cc: ; ImmutableOopMap {rbp=Oop [32]=Oop [40]=Oop [48]=Oop [56]=NarrowOop [60]=NarrowOop [104]=Oop }
                      ;*ifle {reexecute=1 rethrow=0 return_oop=0}
                      ; - (reexecute) java.util.HashMap::getNode@14 (line 567)
                      ; - java.util.HashMap::containsKey@2 (line 594)
                      ; - java.util.HashSet::contains@5 (line 205)
                      ; - org.gradle.internal.logging.console.WorkInProgressRenderer::renderNow@96 (line 187)
  0x00000212b07a47cc: 3021 9aff | 498b eb45 | 8bc2 448b | d341 8bd8 | e952 f7ff | ffba 45ff | ffff 488b | 6c24 4044 
  0x00000212b07a47ec: 894c 2430 

  0x00000212b07a47f0: ;   {runtime_call UncommonTrapBlob}
  0x00000212b07a47f0: c5f8 77e8 

  0x00000212b07a47f4: ; ImmutableOopMap {rbp=Oop [88]=NarrowOop [104]=NarrowOop [108]=NarrowOop [112]=NarrowOop [136]=Oop [208]=NarrowOop }
                      ;*ifle {reexecute=1 rethrow=0 return_oop=0}
                      ; - (reexecute) org.gradle.internal.logging.console.DefaultWorkInProgressFormatter::format@66 (line 47)
                      ; - org.gradle.internal.logging.console.WorkInProgressRenderer$AssociationLabel::renderNow@15 (line 225)
                      ; - org.gradle.internal.logging.console.WorkInProgressRenderer::renderNow@297 (line 208)
  0x00000212b07a47f4: 0821 9aff | ba45 ffff | ff48 8b6c | 2440 4489 | 4c24 4090 

  0x00000212b07a4808: ;   {runtime_call UncommonTrapBlob}
  0x00000212b07a4808: c5f8 77e8 

  0x00000212b07a480c: ; ImmutableOopMap {rbp=Oop [40]=Oop [104]=NarrowOop [108]=NarrowOop [112]=NarrowOop [136]=Oop [208]=NarrowOop }
                      ;*ifle {reexecute=1 rethrow=0 return_oop=0}
                      ; - (reexecute) org.gradle.internal.logging.console.DefaultWorkInProgressFormatter::trim@11 (line 65)
                      ; - org.gradle.internal.logging.console.DefaultWorkInProgressFormatter::format@92 (line 53)
                      ; - org.gradle.internal.logging.console.WorkInProgressRenderer$AssociationLabel::renderNow@15 (line 225)
                      ; - org.gradle.internal.logging.console.WorkInProgressRenderer::renderNow@297 (line 208)
  0x00000212b07a480c: f020 9aff | 498b d7c5 | f877 49ba | d082 56fe | fe7f 0000 | 41ff d2e9 | afd0 ffff | 498b d7c5 
  0x00000212b07a482c: f877 49ba | d082 56fe | fe7f 0000 | 41ff d2e9 | 38d0 ffff | 498b d7c5 | f877 49ba | d082 56fe 
  0x00000212b07a484c: fe7f 0000 | 41ff d2e9 | 32d1 ffff | ba45 ffff | ff48 8b6c | 2440 4489 | 5424 2490 

  0x00000212b07a4868: ;   {runtime_call UncommonTrapBlob}
  0x00000212b07a4868: c5f8 77e8 

  0x00000212b07a486c: ; ImmutableOopMap {rbp=Oop [112]=NarrowOop [128]=Oop [208]=NarrowOop }
                      ;*if_icmpeq {reexecute=1 rethrow=0 return_oop=0}
                      ; - (reexecute) java.util.HashMap$HashIterator::nextNode@16 (line 1596)
                      ; - java.util.HashMap$ValueIterator::next@1 (line 1625)
                      ; - org.gradle.internal.logging.console.WorkInProgressRenderer::renderNow@285 (line 207)
  0x00000212b07a486c: 9020 9aff | ba45 ffff | ff48 8b6c | 2440 448b | 5424 5844 | 8954 2424 | 4c8b 9424 | 8800 0000 
  0x00000212b07a488c: 4c89 5424 | 304c 8954 | 2438 4489 | 4c24 4490 

  0x00000212b07a489c: ;   {runtime_call UncommonTrapBlob}
  0x00000212b07a489c: c5f8 77e8 

  0x00000212b07a48a0: ; ImmutableOopMap {rbp=Oop [36]=NarrowOop [48]=Oop [56]=Oop [104]=NarrowOop [108]=NarrowOop [112]=NarrowOop [208]=NarrowOop }
                      ;*if_icmple {reexecute=1 rethrow=0 return_oop=0}
                      ; - (reexecute) java.lang.AbstractStringBuilder::delete@7 (line 914)
                      ; - java.lang.StringBuilder::delete@3 (line 289)
                      ; - org.gradle.internal.logging.console.DefaultWorkInProgressFormatter::format@72 (line 48)
                      ; - org.gradle.internal.logging.console.WorkInProgressRenderer$AssociationLabel::renderNow@15 (line 225)
                      ; - org.gradle.internal.logging.console.WorkInProgressRenderer::renderNow@297 (line 208)
  0x00000212b07a48a0: 5c20 9aff | ba45 ffff | ff48 8b6c | 2440 448b | 5424 6c44 | 8954 2420 | 448b 5424 | 7444 8954 
  0x00000212b07a48c0: 2424 4c8b | 5424 584c | 8954 2448 | 4489 4c24 | 5c66 6690 

  0x00000212b07a48d4: ;   {runtime_call UncommonTrapBlob}
  0x00000212b07a48d4: c5f8 77e8 

  0x00000212b07a48d8: ; ImmutableOopMap {rbp=Oop [32]=NarrowOop [36]=NarrowOop [40]=Oop [72]=Oop [92]=NarrowOop [104]=NarrowOop [112]=NarrowOop [120]=Oop [136]=Oop [152]=Oop [208]=NarrowOop }
                      ;*ifnull {reexecute=1 rethrow=0 return_oop=0}
                      ; - (reexecute) net.rubygrapefruit.platform.internal.FunctionResult::isFailed@4 (line 48)
                      ; - net.rubygrapefruit.platform.internal.WindowsTerminal::getTerminalSize@36 (line 83)
                      ; - org.gradle.internal.nativeintegration.console.NativePlatformConsoleMetaData::getCols@4 (line 44)
                      ; - org.gradle.internal.logging.console.DefaultWorkInProgressFormatter::trim@4 (line 64)
                      ; - org.gradle.internal.logging.console.DefaultWorkInProgressFormatter::format@92 (line 53)
                      ; - org.gradle.internal.logging.console.WorkInProgressRenderer$AssociationLabel::renderNow@15 (line 225)
                      ; - org.gradle.internal.logging.console.WorkInProgressRenderer::renderNow@297 (line 208)
  0x00000212b07a48d8: 2420 9aff | ba45 ffff | ff48 8b6c | 2440 448b | 5c24 5844 | 895c 244c | 4489 5c24 | 5044 8b54 
  0x00000212b07a48f8: 2460 4489 | 5424 5444 | 8b5c 2464 | 4489 5c24 | 5844 8b54 | 2468 4489 | 5424 5c90 

  0x00000212b07a4914: ;   {runtime_call UncommonTrapBlob}
  0x00000212b07a4914: c5f8 77e8 

  0x00000212b07a4918: ; ImmutableOopMap {rbp=Oop [40]=Oop [56]=Oop [92]=NarrowOop [108]=NarrowOop [112]=NarrowOop [144]=NarrowOop [208]=NarrowOop }
                      ;*ifge {reexecute=1 rethrow=0 return_oop=0}
                      ; - (reexecute) java.util.Arrays::copyOfRange@5 (line 3820)
                      ; - java.lang.StringLatin1::newString@16 (line 769)
                      ; - java.lang.StringBuilder::toString@16 (line 453)
                      ; - org.gradle.internal.logging.console.DefaultWorkInProgressFormatter::trim@40 (line 75)
                      ; - org.gradle.internal.logging.console.DefaultWorkInProgressFormatter::format@92 (line 53)
                      ; - org.gradle.internal.logging.console.WorkInProgressRenderer$AssociationLabel::renderNow@15 (line 225)
                      ; - org.gradle.internal.logging.console.WorkInProgressRenderer::renderNow@297 (line 208)
  0x00000212b07a4918: e41f 9aff | ba45 ffff | ff4c 896c | 2428 6690 

  0x00000212b07a4928: ;   {runtime_call UncommonTrapBlob}
  0x00000212b07a4928: c5f8 77e8 

  0x00000212b07a492c: ; ImmutableOopMap {rbp=Oop [32]=Oop [40]=Oop [48]=NarrowOop }
                      ;*ifeq {reexecute=1 rethrow=0 return_oop=0}
                      ; - (reexecute) com.google.common.collect.Sets::newHashSet@4 (line 224)
                      ; - org.gradle.internal.logging.console.WorkInProgressRenderer::toOperationIdSet@12 (line 81)
                      ; - org.gradle.internal.logging.console.WorkInProgressRenderer::renderNow@23 (line 180)
  0x00000212b07a492c: d01f 9aff | bae4 ffff | ff49 8bee | 4889 7424 | 2844 895c | 2438 4889 | 7c24 404c | 896c 2448 
  0x00000212b07a494c: ;   {runtime_call UncommonTrapBlob}
  0x00000212b07a494c: c5f8 77e8 

  0x00000212b07a4950: ; ImmutableOopMap {rbp=Oop [40]=Oop [64]=Oop [72]=Oop }
                      ;*iaload {reexecute=0 rethrow=0 return_oop=0}
                      ; - com.google.common.collect.AbstractIterator::hasNext@28 (line 133)
                      ; - com.google.common.collect.TransformedIterator::hasNext@4 (line 46)
                      ; - com.google.common.collect.Iterators::addAll@13 (line 366)
                      ; - com.google.common.collect.Sets::newHashSet@6 (line 243)
                      ; - com.google.common.collect.Sets::newHashSet@27 (line 226)
                      ; - org.gradle.internal.logging.console.WorkInProgressRenderer::toOperationIdSet@12 (line 81)
                      ; - org.gradle.internal.logging.console.WorkInProgressRenderer::renderNow@23 (line 180)
  0x00000212b07a4950: ac1f 9aff | bade ffff | ff48 8be9 | 4489 4424 | 2066 6690 

  0x00000212b07a4964: ;   {runtime_call UncommonTrapBlob}
  0x00000212b07a4964: c5f8 77e8 

  0x00000212b07a4968: ; ImmutableOopMap {rbp=Oop [32]=NarrowOop }
                      ;*invokeinterface isEmpty {reexecute=0 rethrow=0 return_oop=0}
                      ; - org.gradle.internal.logging.console.WorkInProgressRenderer::renderNow@4 (line 175)
  0x00000212b07a4968: 941f 9aff | bade ffff | ff49 8bee | 4c89 4424 | 2048 895c | 2428 4489 | 5424 3090 

  0x00000212b07a4984: ;   {runtime_call UncommonTrapBlob}
  0x00000212b07a4984: c5f8 77e8 

  0x00000212b07a4988: ; ImmutableOopMap {rbp=Oop [32]=Oop [40]=Oop [48]=NarrowOop }
                      ;*invokeinterface iterator {reexecute=0 rethrow=0 return_oop=0}
                      ; - org.gradle.internal.logging.console.WorkInProgressRenderer::renderNow@39 (line 183)
  0x00000212b07a4988: 741f 9aff | bade ffff | ff49 8bee | 4489 4424 | 2066 6690 

  0x00000212b07a499c: ;   {runtime_call UncommonTrapBlob}
  0x00000212b07a499c: c5f8 77e8 

  0x00000212b07a49a0: ; ImmutableOopMap {rbp=Oop [32]=NarrowOop }
                      ;*invokeinterface clear {reexecute=0 rethrow=0 return_oop=0}
                      ; - org.gradle.internal.logging.console.WorkInProgressRenderer::renderNow@255 (line 205)
  0x00000212b07a49a0: 5c1f 9aff | bade ffff | ff49 8bee | 4489 4424 | 2066 6690 

  0x00000212b07a49b4: ;   {runtime_call UncommonTrapBlob}
  0x00000212b07a49b4: c5f8 77e8 

  0x00000212b07a49b8: ; ImmutableOopMap {rbp=Oop [32]=NarrowOop }
                      ;*invokeinterface values {reexecute=0 rethrow=0 return_oop=0}
                      ; - org.gradle.internal.logging.console.WorkInProgressRenderer::renderNow@264 (line 207)
  0x00000212b07a49b8: 441f 9aff | bade ffff | ff49 8bee | 4489 5c24 | 2066 6690 

  0x00000212b07a49cc: ;   {runtime_call UncommonTrapBlob}
  0x00000212b07a49cc: c5f8 77e8 

  0x00000212b07a49d0: ; ImmutableOopMap {rbp=Oop [32]=NarrowOop }
                      ;*invokeinterface iterator {reexecute=0 rethrow=0 return_oop=0}
                      ; - org.gradle.internal.logging.console.WorkInProgressRenderer::renderNow@269 (line 207)
  0x00000212b07a49d0: 2c1f 9aff | bade ffff | ff49 8bee | 4489 5c24 | 2066 6690 

  0x00000212b07a49e4: ;   {runtime_call UncommonTrapBlob}
  0x00000212b07a49e4: c5f8 77e8 

  0x00000212b07a49e8: ; ImmutableOopMap {rbp=Oop [32]=NarrowOop }
                      ;*invokeinterface iterator {reexecute=0 rethrow=0 return_oop=0}
                      ; - org.gradle.internal.logging.console.WorkInProgressRenderer::renderNow@307 (line 210)
  0x00000212b07a49e8: 141f 9aff | ba76 ffff | ff49 8bee | 894c 2420 | 4489 4424 | 2489 7c24 | 2844 895c | 2430 6690 
  0x00000212b07a4a08: ;   {runtime_call UncommonTrapBlob}
  0x00000212b07a4a08: c5f8 77e8 

  0x00000212b07a4a0c: ; ImmutableOopMap {rbp=Oop [32]=NarrowOop [48]=NarrowOop }
                      ;*if_icmpge {reexecute=1 rethrow=0 return_oop=0}
                      ; - (reexecute) java.util.HashMap$HashIterator::<init>@54 (line 1585)
                      ; - java.util.HashMap$ValueIterator::<init>@7 (line 1623)
                      ; - java.util.HashMap$Values::iterator@8 (line 1043)
                      ; - org.gradle.internal.logging.console.WorkInProgressRenderer::renderNow@269 (line 207)
  0x00000212b07a4a0c: f01e 9aff | 4585 db40 | 0f95 c540 | 0fb6 edba | beff ffff | 4c89 7424 | 204c 8944 | 2428 6690 
  0x00000212b07a4a2c: ;   {runtime_call UncommonTrapBlob}
  0x00000212b07a4a2c: c5f8 77e8 

  0x00000212b07a4a30: ; ImmutableOopMap {[32]=Oop [40]=Oop [72]=Oop [104]=Oop }
                      ;*ifeq {reexecute=1 rethrow=0 return_oop=0}
                      ; - (reexecute) org.gradle.internal.logging.console.WorkInProgressRenderer::renderNow@51 (line 183)
  0x00000212b07a4a30: cc1e 9aff | 897c 2460 | 4489 5c24 | 704c 894c | 2448 4489 | 5424 344c | 8974 2440 | 41b9 0100 
  0x00000212b07a4a50: 0000 4533 | db45 8bd3 | 453b c80f | 8d7b 0e00 | 00eb 0490 | 458b cb46 | 8b54 8910 | 4585 d275 
  0x00000212b07a4a70: 3341 8bda | 458b d941 | ffc3 453b | d87c e541 | ffc1 ba45 | ffff ff89 | 4c24 2044 | 8944 2428 
  0x00000212b07a4a90: 4489 4c24 | 3089 5c24 | 3466 6690 

  0x00000212b07a4a9c: ;   {runtime_call UncommonTrapBlob}
  0x00000212b07a4a9c: c5f8 77e8 

  0x00000212b07a4aa0: ; ImmutableOopMap {[32]=NarrowOop [52]=NarrowOop [64]=Oop [112]=NarrowOop }
                      ;*if_icmpge {reexecute=1 rethrow=0 return_oop=0}
                      ; - (reexecute) java.util.HashMap$HashIterator::<init>@54 (line 1585)
                      ; - java.util.HashMap$ValueIterator::<init>@7 (line 1623)
                      ; - java.util.HashMap$Values::iterator@8 (line 1043)
                      ; - org.gradle.internal.logging.console.WorkInProgressRenderer::renderNow@269 (line 207)
  0x00000212b07a4aa0: 5c1e 9aff | 4489 9424 | d000 0000 | 458b c1e9 | 94d0 ffff | ba76 ffff | ff4c 8974 | 2420 897c 
  0x00000212b07a4ac0: 2428 6690 

  0x00000212b07a4ac4: ;   {runtime_call UncommonTrapBlob}
  0x00000212b07a4ac4: c5f8 77e8 

  0x00000212b07a4ac8: ; ImmutableOopMap {[32]=Oop [40]=NarrowOop }
                      ;*if_icmpge {reexecute=1 rethrow=0 return_oop=0}
                      ; - (reexecute) java.util.ArrayList::clear@29 (line 652)
                      ; - org.gradle.internal.logging.console.WorkInProgressRenderer::renderNow@255 (line 205)
  0x00000212b07a4ac8: 341e 9aff | bb01 0000 | 00e9 00bd | ffff bade | ffff ff49 | 8bee 4889 | 7424 2844 | 8954 2448 
  0x00000212b07a4ae8: ;   {runtime_call UncommonTrapBlob}
  0x00000212b07a4ae8: c5f8 77e8 

  0x00000212b07a4aec: ; ImmutableOopMap {rbp=Oop [40]=Oop [56]=Oop [72]=NarrowOop [96]=Oop }
                      ;*invokeinterface hasNext {reexecute=0 rethrow=0 return_oop=0}
                      ; - com.google.common.collect.Iterators$5::computeNext@4 (line 671)
                      ; - com.google.common.collect.AbstractIterator::tryToComputeNext@9 (line 145)
                      ; - com.google.common.collect.AbstractIterator::hasNext@61 (line 140)
                      ; - com.google.common.collect.TransformedIterator::hasNext@4 (line 46)
                      ; - com.google.common.collect.Iterators::addAll@13 (line 366)
                      ; - com.google.common.collect.Sets::newHashSet@6 (line 243)
                      ; - com.google.common.collect.Sets::newHashSet@27 (line 226)
                      ; - org.gradle.internal.logging.console.WorkInProgressRenderer::toOperationIdSet@12 (line 81)
                      ; - org.gradle.internal.logging.console.WorkInProgressRenderer::renderNow@23 (line 180)
  0x00000212b07a4aec: 101e 9aff | ba75 0000 | 0048 8b6c | 2440 448b | 5424 6c44 | 8954 2434 | 448b 5c24 | 5844 895c 
  0x00000212b07a4b0c: 2438 4c8b | 9424 8800 | 0000 4c89 | 5424 4044 | 8b54 245c | 4489 5424 | 3c44 8b54 | 2474 4489 
  0x00000212b07a4b2c: 5424 4890 

  0x00000212b07a4b30: ;   {runtime_call UncommonTrapBlob}
  0x00000212b07a4b30: c5f8 77e8 

  0x00000212b07a4b34: ; ImmutableOopMap {rbp=Oop [40]=NarrowOop [44]=NarrowOop [48]=NarrowOop [52]=NarrowOop [56]=NarrowOop [60]=NarrowOop [64]=Oop [72]=NarrowOop [144]=Oop [152]=NarrowOop }
                      ;*new {reexecute=0 rethrow=0 return_oop=0}
                      ; - java.lang.AbstractStringBuilder::newCapacity@41 (line 259)
                      ; - java.lang.AbstractStringBuilder::ensureCapacityInternal@24 (line 229)
                      ; - java.lang.AbstractStringBuilder::insert@27 (line 1175)
                      ; - java.lang.StringBuilder::insert@3 (line 336)
                      ; - org.gradle.internal.logging.console.DefaultWorkInProgressFormatter::format@49 (line 45)
                      ; - org.gradle.internal.logging.console.WorkInProgressRenderer$AssociationLabel::renderNow@15 (line 225)
                      ; - org.gradle.internal.logging.console.WorkInProgressRenderer::renderNow@297 (line 208)
  0x00000212b07a4b34: c81d 9aff | 4c63 d049 | 8bea e90f | d2ff ff4d | 8bd3 4983 | c2fe 498b | ca48 8bfa | 4833 c048 
  0x00000212b07a4b54: 83f9 087f | 1048 ffc9 | 784f 4889 | 04cf 48ff | c97d f7eb | 44c5 fdef | c0e9 0d00 | 0000 c5fe 
  0x00000212b07a4b74: 7f07 c5fe | 7f47 2048 | 83c7 4048 | 83e9 087d | ed48 83c1 | 047c 0cc5 | fe7f 0748 | 83c7 2048 
  0x00000212b07a4b94: 83e9 0448 | 83c1 047e | 1048 ffc9 | c5f9 d607 | 4883 c708 | 48ff c97d | f3e9 b5d2 | ffff ba75 
  0x00000212b07a4bb4: 0000 0048 | 8b6c 2440 | 448b 5c24 | 6c44 895c | 2420 448b | 5424 5844 | 8954 2424 | 4c8b 9424 
  0x00000212b07a4bd4: 8800 0000 | 4c89 5424 | 2844 8b5c | 245c 4489 | 5c24 3044 | 8b54 2474 | 4489 5424 | 3466 6690 
  0x00000212b07a4bf4: ;   {runtime_call UncommonTrapBlob}
  0x00000212b07a4bf4: c5f8 77e8 

  0x00000212b07a4bf8: ; ImmutableOopMap {rbp=Oop [32]=NarrowOop [36]=NarrowOop [40]=Oop [48]=NarrowOop [52]=NarrowOop [104]=NarrowOop [112]=NarrowOop [144]=NarrowOop [208]=NarrowOop }
                      ;*new {reexecute=0 rethrow=0 return_oop=0}
                      ; - java.lang.AbstractStringBuilder::newCapacity@41 (line 259)
                      ; - java.lang.AbstractStringBuilder::ensureCapacityInternal@24 (line 229)
                      ; - java.lang.AbstractStringBuilder::insert@27 (line 1175)
                      ; - java.lang.StringBuilder::insert@3 (line 336)
                      ; - org.gradle.internal.logging.console.DefaultWorkInProgressFormatter::format@55 (line 45)
                      ; - org.gradle.internal.logging.console.WorkInProgressRenderer$AssociationLabel::renderNow@15 (line 225)
                      ; - org.gradle.internal.logging.console.WorkInProgressRenderer::renderNow@297 (line 208)
  0x00000212b07a4bf8: 041d 9aff | 4c63 d0e9 | 46d3 ffff | 4d8b d149 | 83c2 fe49 | 8bca 488b | fa48 33c0 | 4883 f908 
  0x00000212b07a4c18: 7f10 48ff | c978 4f48 | 8904 cf48 | ffc9 7df7 | eb44 c5fd | efc0 e90d | 0000 00c5 | fe7f 07c5 
  0x00000212b07a4c38: fe7f 4720 | 4883 c740 | 4883 e908 | 7ded 4883 | c104 7c0c | c5fe 7f07 | 4883 c720 | 4883 e904 
  0x00000212b07a4c58: 4883 c104 | 7e10 48ff | c9c5 f9d6 | 0748 83c7 | 0848 ffc9 | 7df3 e9e8 | d3ff ffba | ccff ffff 
  0x00000212b07a4c78: 488b 6c24 | 4044 8b54 | 246c 4489 | 5424 3444 | 8b5c 2458 | 4489 5c24 | 384c 8b94 | 2488 0000 
  0x00000212b07a4c98: 0044 8b5c | 245c 4489 | 5c24 3c44 | 8b5c 2474 | 4489 5c24 | 484c 8954 | 2450 4c89 | 5424 5889 
  0x00000212b07a4cb8: 4424 6c90 

  0x00000212b07a4cbc: ;   {runtime_call UncommonTrapBlob}
  0x00000212b07a4cbc: c5f8 77e8 

  0x00000212b07a4cc0: ; ImmutableOopMap {rbp=Oop [40]=NarrowOop [44]=NarrowOop [48]=NarrowOop [52]=NarrowOop [56]=NarrowOop [60]=NarrowOop [72]=NarrowOop [80]=Oop [88]=Oop [144]=Oop [152]=NarrowOop }
                      ;*newarray {reexecute=1 rethrow=0 return_oop=0}
                      ; - (reexecute) java.util.Arrays::copyOf@1 (line 3537)
                      ; - java.lang.AbstractStringBuilder::ensureCapacityInternal@32 (line 228)
                      ; - java.lang.AbstractStringBuilder::insert@27 (line 1175)
                      ; - java.lang.StringBuilder::insert@3 (line 336)
                      ; - org.gradle.internal.logging.console.DefaultWorkInProgressFormatter::format@49 (line 45)
                      ; - org.gradle.internal.logging.console.WorkInProgressRenderer$AssociationLabel::renderNow@15 (line 225)
                      ; - org.gradle.internal.logging.console.WorkInProgressRenderer::renderNow@297 (line 208)
  0x00000212b07a4cc0: 3c1c 9aff | bacc ffff | ff48 8b6c | 2440 448b | 5c24 6c44 | 895c 2420 | 448b 5424 | 5844 8954 
  0x00000212b07a4ce0: 2424 4c8b | 9424 8800 | 0000 4c89 | 5424 2844 | 8b5c 245c | 4489 5c24 | 3044 8b5c | 2474 4489 
  0x00000212b07a4d00: 5c24 3489 | 4424 5c90 

  0x00000212b07a4d08: ;   {runtime_call UncommonTrapBlob}
  0x00000212b07a4d08: c5f8 77e8 

  0x00000212b07a4d0c: ; ImmutableOopMap {rbp=Oop [32]=NarrowOop [36]=NarrowOop [40]=Oop [48]=NarrowOop [52]=NarrowOop [104]=NarrowOop [112]=NarrowOop [144]=NarrowOop [208]=NarrowOop }
                      ;*newarray {reexecute=1 rethrow=0 return_oop=0}
                      ; - (reexecute) java.util.Arrays::copyOf@1 (line 3537)
                      ; - java.lang.AbstractStringBuilder::ensureCapacityInternal@32 (line 228)
                      ; - java.lang.AbstractStringBuilder::insert@27 (line 1175)
                      ; - java.lang.StringBuilder::insert@3 (line 336)
                      ; - org.gradle.internal.logging.console.DefaultWorkInProgressFormatter::format@55 (line 45)
                      ; - org.gradle.internal.logging.console.WorkInProgressRenderer$AssociationLabel::renderNow@15 (line 225)
                      ; - org.gradle.internal.logging.console.WorkInProgressRenderer::renderNow@297 (line 208)
  0x00000212b07a4d0c: f01b 9aff | 498b ebe9 | 27f2 ffff | bae4 ffff | ff44 896c | 2450 6690 

  0x00000212b07a4d24: ;   {runtime_call UncommonTrapBlob}
  0x00000212b07a4d24: c5f8 77e8 

  0x00000212b07a4d28: ; ImmutableOopMap {[32]=Oop [48]=Oop [64]=Oop [96]=Oop }
                      ;*iaload {reexecute=0 rethrow=0 return_oop=0}
                      ; - com.google.common.collect.AbstractIterator::hasNext@28 (line 133)
                      ; - com.google.common.collect.TransformedIterator::hasNext@4 (line 46)
                      ; - com.google.common.collect.Iterators::addAll@13 (line 366)
                      ; - com.google.common.collect.Sets::newHashSet@6 (line 243)
                      ; - com.google.common.collect.Sets::newHashSet@27 (line 226)
                      ; - org.gradle.internal.logging.console.WorkInProgressRenderer::toOperationIdSet@12 (line 81)
                      ; - org.gradle.internal.logging.console.WorkInProgressRenderer::renderNow@23 (line 180)
  0x00000212b07a4d28: d41b 9aff | 4489 5424 | 2049 8bd7 | c5f8 7749 | bad0 8256 | fefe 7f00 | 0041 ffd2 | 448b 5424 
  0x00000212b07a4d48: 20e9 4fcd | ffff ba76 | ffff ff48 | 8b6c 2420 | 4889 7424 | 2889 7c24 | 5866 6690 

  0x00000212b07a4d64: ;   {runtime_call UncommonTrapBlob}
  0x00000212b07a4d64: c5f8 77e8 

  0x00000212b07a4d68: ; ImmutableOopMap {rbp=Oop [40]=Oop [56]=Oop [96]=Oop }
                      ;*ifeq {reexecute=1 rethrow=0 return_oop=0}
                      ; - (reexecute) com.google.common.collect.Iterators$5::computeNext@9 (line 671)
                      ; - com.google.common.collect.AbstractIterator::tryToComputeNext@9 (line 145)
                      ; - com.google.common.collect.AbstractIterator::hasNext@61 (line 140)
                      ; - com.google.common.collect.TransformedIterator::hasNext@4 (line 46)
                      ; - com.google.common.collect.Iterators::addAll@13 (line 366)
                      ; - com.google.common.collect.Sets::newHashSet@6 (line 243)
                      ; - com.google.common.collect.Sets::newHashSet@27 (line 226)
                      ; - org.gradle.internal.logging.console.WorkInProgressRenderer::toOperationIdSet@12 (line 81)
                      ; - org.gradle.internal.logging.console.WorkInProgressRenderer::renderNow@23 (line 180)
  0x00000212b07a4d68: 941b 9aff | ba6e ffff | ff48 8b6c | 2420 4889 | 7424 2889 | 7c24 5890 

  0x00000212b07a4d80: ;   {runtime_call UncommonTrapBlob}
  0x00000212b07a4d80: c5f8 77e8 

  0x00000212b07a4d84: ; ImmutableOopMap {rbp=Oop [40]=Oop [56]=Oop [96]=Oop }
                      ;*ifeq {reexecute=1 rethrow=0 return_oop=0}
                      ; - (reexecute) com.google.common.collect.Iterators$5::computeNext@9 (line 671)
                      ; - com.google.common.collect.AbstractIterator::tryToComputeNext@9 (line 145)
                      ; - com.google.common.collect.AbstractIterator::hasNext@61 (line 140)
                      ; - com.google.common.collect.TransformedIterator::hasNext@4 (line 46)
                      ; - com.google.common.collect.Iterators::addAll@13 (line 366)
                      ; - com.google.common.collect.Sets::newHashSet@6 (line 243)
                      ; - com.google.common.collect.Sets::newHashSet@27 (line 226)
                      ; - org.gradle.internal.logging.console.WorkInProgressRenderer::toOperationIdSet@12 (line 81)
                      ; - org.gradle.internal.logging.console.WorkInProgressRenderer::renderNow@23 (line 180)
  0x00000212b07a4d84: 781b 9aff | 448b efba | 45ff ffff | 498b ee89 | 5c24 2444 | 896c 2428 | 4489 5424 | 2c66 6690 
  0x00000212b07a4da4: ;   {runtime_call UncommonTrapBlob}
  0x00000212b07a4da4: c5f8 77e8 

  0x00000212b07a4da8: ; ImmutableOopMap {rbp=Oop [64]=Oop }
                      ;*ifgt {reexecute=1 rethrow=0 return_oop=0}
                      ; - (reexecute) java.util.ArrayDeque$DeqIterator::next@4 (line 697)
                      ; - org.gradle.internal.logging.console.WorkInProgressRenderer::renderNow@323 (line 210)
  0x00000212b07a4da8: 541b 9aff | bade ffff | ff4c 8b54 | 2460 4c89 | 5424 5844 | 896c 2460 

  0x00000212b07a4dc0: ;   {runtime_call UncommonTrapBlob}
  0x00000212b07a4dc0: c5f8 77e8 

  0x00000212b07a4dc4: ; ImmutableOopMap {rbp=NarrowOop [32]=Oop [48]=Oop [64]=Oop [88]=Oop }
                      ;*invokeinterface hasNext {reexecute=0 rethrow=0 return_oop=0}
                      ; - com.google.common.collect.Iterators$5::computeNext@4 (line 671)
                      ; - com.google.common.collect.AbstractIterator::tryToComputeNext@9 (line 145)
                      ; - com.google.common.collect.AbstractIterator::hasNext@61 (line 140)
                      ; - com.google.common.collect.TransformedIterator::hasNext@4 (line 46)
                      ; - com.google.common.collect.Iterators::addAll@13 (line 366)
                      ; - com.google.common.collect.Sets::newHashSet@6 (line 243)
                      ; - com.google.common.collect.Sets::newHashSet@27 (line 226)
                      ; - org.gradle.internal.logging.console.WorkInProgressRenderer::toOperationIdSet@12 (line 81)
                      ; - org.gradle.internal.logging.console.WorkInProgressRenderer::renderNow@23 (line 180)
  0x00000212b07a4dc4: 381b 9aff | ba45 ffff | ff49 8bee | 894c 2420 | 4489 4424 | 2489 7c24 | 2844 895c | 2430 6690 
  0x00000212b07a4de4: ;   {runtime_call UncommonTrapBlob}
  0x00000212b07a4de4: c5f8 77e8 

  0x00000212b07a4de8: ; ImmutableOopMap {rbp=Oop [32]=NarrowOop [48]=NarrowOop }
                      ;*if_icmpge {reexecute=1 rethrow=0 return_oop=0}
                      ; - (reexecute) java.util.HashMap$HashIterator::<init>@54 (line 1585)
                      ; - java.util.HashMap$ValueIterator::<init>@7 (line 1623)
                      ; - java.util.HashMap$Values::iterator@8 (line 1043)
                      ; - org.gradle.internal.logging.console.WorkInProgressRenderer::renderNow@269 (line 207)
  0x00000212b07a4de8: 141b 9aff | 4585 db40 | 0f95 c540 | 0fb6 ed83 | f501 ba45 | ffff ff48 | 894c 2420 

  0x00000212b07a4e04: ;   {runtime_call UncommonTrapBlob}
  0x00000212b07a4e04: c5f8 77e8 

  0x00000212b07a4e08: ; ImmutableOopMap {[32]=Oop }
                      ;*ifeq {reexecute=1 rethrow=0 return_oop=0}
                      ; - (reexecute) org.gradle.internal.logging.console.WorkInProgressRenderer::renderNow@9 (line 175)
  0x00000212b07a4e08: f41a 9aff | ba45 ffff | ff49 8bee | 4889 7424 | 2844 8954 | 2438 4889 | 7c24 404c | 896c 2448 
  0x00000212b07a4e28: ;   {runtime_call UncommonTrapBlob}
  0x00000212b07a4e28: c5f8 77e8 

  0x00000212b07a4e2c: ; ImmutableOopMap {rbp=Oop [40]=Oop [56]=NarrowOop [64]=Oop [72]=Oop }
                      ;*if_acmpeq {reexecute=1 rethrow=0 return_oop=0}
                      ; - (reexecute) com.google.common.collect.AbstractIterator::hasNext@7 (line 132)
                      ; - com.google.common.collect.TransformedIterator::hasNext@4 (line 46)
                      ; - com.google.common.collect.Iterators::addAll@13 (line 366)
                      ; - com.google.common.collect.Sets::newHashSet@6 (line 243)
                      ; - com.google.common.collect.Sets::newHashSet@27 (line 226)
                      ; - org.gradle.internal.logging.console.WorkInProgressRenderer::toOperationIdSet@12 (line 81)
                      ; - org.gradle.internal.logging.console.WorkInProgressRenderer::renderNow@23 (line 180)
  0x00000212b07a4e2c: d01a 9aff | 4c89 4c24 | 2045 8bea | 498b d7c5 | f877 49ba | d082 56fe | fe7f 0000 | 41ff d245 
  0x00000212b07a4e4c: 8bd5 4c8b | 4c24 20e9 | 8fb9 ffff | 4c89 4c24 | 2045 8bea | 498b f649 | 8bd7 c5f8 | 7749 bad0 
  0x00000212b07a4e6c: 8256 fefe | 7f00 0041 | ffd2 e90e | e3ff ff49 | 8bd7 c5f8 | 7749 bad0 | 8256 fefe | 7f00 0041 
  0x00000212b07a4e8c: ffd2 e96b | e3ff ff49 | 8bd7 c5f8 | 7749 bad0 | 8256 fefe | 7f00 0041 | ffd2 e9ed | adff ff49 
  0x00000212b07a4eac: 8bd7 c5f8 | 7749 bad0 | 8256 fefe | 7f00 0041 | ffd2 e9af | cfff ff49 | 8bd7 c5f8 | 7749 bad0 
  0x00000212b07a4ecc: 8256 fefe | 7f00 0041 | ffd2 e98b | d1ff ffba | 76ff ffff | 488b 6c24 | 204c 8b54 | 2430 4c89 
  0x00000212b07a4eec: 5424 2844 | 896c 2458 | 4489 5c24 | 5c66 6690 

  0x00000212b07a4efc: ;   {runtime_call UncommonTrapBlob}
  0x00000212b07a4efc: c5f8 77e8 

  0x00000212b07a4f00: ; ImmutableOopMap {rbp=Oop [40]=Oop [64]=Oop [96]=Oop }
                      ;*ifeq {reexecute=1 rethrow=0 return_oop=0}
                      ; - (reexecute) com.google.common.collect.Iterators$5::computeNext@9 (line 671)
                      ; - com.google.common.collect.AbstractIterator::tryToComputeNext@9 (line 145)
                      ; - com.google.common.collect.AbstractIterator::hasNext@61 (line 140)
                      ; - com.google.common.collect.TransformedIterator::hasNext@4 (line 46)
                      ; - com.google.common.collect.Iterators::addAll@13 (line 366)
                      ; - com.google.common.collect.Sets::newHashSet@6 (line 243)
                      ; - com.google.common.collect.Sets::newHashSet@27 (line 226)
                      ; - org.gradle.internal.logging.console.WorkInProgressRenderer::toOperationIdSet@12 (line 81)
                      ; - org.gradle.internal.logging.console.WorkInProgressRenderer::renderNow@23 (line 180)
  0x00000212b07a4f00: fc19 9aff | ba6e ffff | ff48 8b6c | 2420 4c8b | 5424 304c | 8954 2428 | 4489 6c24 | 5844 895c 
  0x00000212b07a4f20: 245c 6690 

  0x00000212b07a4f24: ;   {runtime_call UncommonTrapBlob}
  0x00000212b07a4f24: c5f8 77e8 

  0x00000212b07a4f28: ; ImmutableOopMap {rbp=Oop [40]=Oop [64]=Oop [96]=Oop }
                      ;*ifeq {reexecute=1 rethrow=0 return_oop=0}
                      ; - (reexecute) com.google.common.collect.Iterators$5::computeNext@9 (line 671)
                      ; - com.google.common.collect.AbstractIterator::tryToComputeNext@9 (line 145)
                      ; - com.google.common.collect.AbstractIterator::hasNext@61 (line 140)
                      ; - com.google.common.collect.TransformedIterator::hasNext@4 (line 46)
                      ; - com.google.common.collect.Iterators::addAll@13 (line 366)
                      ; - com.google.common.collect.Sets::newHashSet@6 (line 243)
                      ; - com.google.common.collect.Sets::newHashSet@27 (line 226)
                      ; - org.gradle.internal.logging.console.WorkInProgressRenderer::toOperationIdSet@12 (line 81)
                      ; - org.gradle.internal.logging.console.WorkInProgressRenderer::renderNow@23 (line 180)
  0x00000212b07a4f28: d419 9aff | ba45 ffff | ff48 8b6c | 2438 4c8b | 4424 504c | 8944 2420 | 4c8b 4424 | 484c 8944 
  0x00000212b07a4f48: 2428 4889 | 7424 3044 | 8954 2438 | 4489 5c24 | 3c44 894c | 2440 895c | 2444 6690 

  0x00000212b07a4f64: ;   {runtime_call UncommonTrapBlob}
  0x00000212b07a4f64: c5f8 77e8 

  0x00000212b07a4f68: ; ImmutableOopMap {rbp=Oop [32]=Oop [40]=Oop [48]=Oop [56]=NarrowOop [60]=NarrowOop [64]=NarrowOop [104]=Oop }
                      ;*ifeq {reexecute=1 rethrow=0 return_oop=0}
                      ; - (reexecute) java.util.HashMap::getNode@85 (line 573)
                      ; - java.util.HashMap::containsKey@2 (line 594)
                      ; - java.util.HashSet::contains@5 (line 205)
                      ; - org.gradle.internal.logging.console.WorkInProgressRenderer::renderNow@96 (line 187)
  0x00000212b07a4f68: 9419 9aff | 498b d7c5 | f877 49ba | d082 56fe | fe7f 0000 | 41ff d2e9 | a5d2 ffff | bade ffff 
  0x00000212b07a4f88: ff48 8b6c | 2438 4c8b | 5c24 404c | 895c 2420 | 4c8b 5c24 | 484c 895c | 2428 4889 | 7c24 3044 
  0x00000212b07a4fa8: 8954 2444 | 4489 4c24 | 5066 6690 

  0x00000212b07a4fb4: ;   {runtime_call UncommonTrapBlob}
  0x00000212b07a4fb4: c5f8 77e8 

  0x00000212b07a4fb8: ; ImmutableOopMap {rbp=Oop [32]=Oop [40]=Oop [48]=Oop [68]=NarrowOop [80]=NarrowOop [104]=Oop }
                      ;*invokevirtual containsKey {reexecute=0 rethrow=0 return_oop=0}
                      ; - java.util.HashSet::contains@5 (line 205)
                      ; - org.gradle.internal.logging.console.WorkInProgressRenderer::renderNow@174 (line 195)
  0x00000212b07a4fb8: 4419 9aff | 448b f3ba | 45ff ffff | 488b 6c24 | 204c 8b5c | 2430 4c89 | 5c24 284c | 8954 2448 
  0x00000212b07a4fd8: 4489 4424 | 5044 8974 | 2468 6690 

  0x00000212b07a4fe4: ;   {runtime_call UncommonTrapBlob}
  0x00000212b07a4fe4: c5f8 77e8 

  0x00000212b07a4fe8: ; ImmutableOopMap {rbp=Oop [40]=Oop [56]=Oop [72]=Oop [96]=Oop }
                      ;*if_icmplt {reexecute=1 rethrow=0 return_oop=0}
                      ; - (reexecute) java.util.ArrayList$Itr::next@17 (line 969)
                      ; - com.google.common.collect.Iterators$5::computeNext@16 (line 672)
                      ; - com.google.common.collect.AbstractIterator::tryToComputeNext@9 (line 145)
                      ; - com.google.common.collect.AbstractIterator::hasNext@61 (line 140)
                      ; - com.google.common.collect.TransformedIterator::hasNext@4 (line 46)
                      ; - com.google.common.collect.Iterators::addAll@13 (line 366)
                      ; - com.google.common.collect.Sets::newHashSet@6 (line 243)
                      ; - com.google.common.collect.Sets::newHashSet@27 (line 226)
                      ; - org.gradle.internal.logging.console.WorkInProgressRenderer::toOperationIdSet@12 (line 81)
                      ; - org.gradle.internal.logging.console.WorkInProgressRenderer::renderNow@23 (line 180)
  0x00000212b07a4fe8: 1419 9aff | 448b f3ba | 45ff ffff | 488b 6c24 | 204c 8b5c | 2430 4c89 | 5c24 284c | 8954 2448 
  0x00000212b07a5008: 4c8b 5424 | 604c 8954 | 2458 c5fa | 114c 2464 | 4489 7424 | 6c66 6690 

  0x00000212b07a5020: ;   {runtime_call UncommonTrapBlob}
  0x00000212b07a5020: c5f8 77e8 

  0x00000212b07a5024: ; ImmutableOopMap {rbp=Oop [40]=Oop [56]=Oop [72]=Oop [88]=Oop [100]=NarrowOop }
                      ;*if_icmplt {reexecute=1 rethrow=0 return_oop=0}
                      ; - (reexecute) java.util.ArrayList$Itr::next@39 (line 972)
                      ; - com.google.common.collect.Iterators$5::computeNext@16 (line 672)
                      ; - com.google.common.collect.AbstractIterator::tryToComputeNext@9 (line 145)
                      ; - com.google.common.collect.AbstractIterator::hasNext@61 (line 140)
                      ; - com.google.common.collect.TransformedIterator::hasNext@4 (line 46)
                      ; - com.google.common.collect.Iterators::addAll@13 (line 366)
                      ; - com.google.common.collect.Sets::newHashSet@6 (line 243)
                      ; - com.google.common.collect.Sets::newHashSet@27 (line 226)
                      ; - org.gradle.internal.logging.console.WorkInProgressRenderer::toOperationIdSet@12 (line 81)
                      ; - org.gradle.internal.logging.console.WorkInProgressRenderer::renderNow@23 (line 180)
  0x00000212b07a5024: d818 9aff | ba45 ffff | ff44 896c | 2450 6690 

  0x00000212b07a5034: ;   {runtime_call UncommonTrapBlob}
  0x00000212b07a5034: c5f8 77e8 

  0x00000212b07a5038: ; ImmutableOopMap {rbp=NarrowOop [32]=Oop [48]=Oop [64]=Oop [96]=Oop }
                      ;*if_acmpeq {reexecute=1 rethrow=0 return_oop=0}
                      ; - (reexecute) com.google.common.collect.AbstractIterator::hasNext@7 (line 132)
                      ; - com.google.common.collect.TransformedIterator::hasNext@4 (line 46)
                      ; - com.google.common.collect.Iterators::addAll@13 (line 366)
                      ; - com.google.common.collect.Sets::newHashSet@6 (line 243)
                      ; - com.google.common.collect.Sets::newHashSet@27 (line 226)
                      ; - org.gradle.internal.logging.console.WorkInProgressRenderer::toOperationIdSet@12 (line 81)
                      ; - org.gradle.internal.logging.console.WorkInProgressRenderer::renderNow@23 (line 180)
  0x00000212b07a5038: c418 9aff | 498b d7c5 | f877 49ba | d082 56fe | fe7f 0000 | 41ff d2e9 | adad ffff | 498b d7c5 
  0x00000212b07a5058: f877 49ba | d082 56fe | fe7f 0000 | 41ff d2e9 | d3af ffff | baf6 ffff | ff41 8be9 

  0x00000212b07a5074: ;   {runtime_call UncommonTrapBlob}
  0x00000212b07a5074: c5f8 77e8 

  0x00000212b07a5078: ; ImmutableOopMap {rbp=NarrowOop }
                      ;*invokevirtual complete {reexecute=0 rethrow=0 return_oop=0}
                      ; - org.gradle.internal.logging.console.WorkInProgressRenderer::renderNow@192 (line 196)
  0x00000212b07a5078: 8418 9aff | ba45 ffff | ff49 8bee | 4889 7424 | 2844 8954 | 2438 6690 

  0x00000212b07a5090: ;   {runtime_call UncommonTrapBlob}
  0x00000212b07a5090: c5f8 77e8 

  0x00000212b07a5094: ; ImmutableOopMap {rbp=Oop [40]=Oop [64]=Oop [96]=Oop }
                      ;*lookupswitch {reexecute=1 rethrow=0 return_oop=0}
                      ; - (reexecute) com.google.common.collect.AbstractIterator::hasNext@29 (line 133)
                      ; - com.google.common.collect.TransformedIterator::hasNext@4 (line 46)
                      ; - com.google.common.collect.Iterators::addAll@13 (line 366)
                      ; - com.google.common.collect.Sets::newHashSet@6 (line 243)
                      ; - com.google.common.collect.Sets::newHashSet@27 (line 226)
                      ; - org.gradle.internal.logging.console.WorkInProgressRenderer::toOperationIdSet@12 (line 81)
                      ; - org.gradle.internal.logging.console.WorkInProgressRenderer::renderNow@23 (line 180)
  0x00000212b07a5094: 6818 9aff | 448b cdba | 45ff ffff | 488b 6c24 | 204c 8b54 | 2430 4c89 | 5424 284c | 8b54 2460 
  0x00000212b07a50b4: 4c89 5424 | 5044 896c | 245c 4c89 | 7424 6044 | 894c 246c 

  0x00000212b07a50c8: ;   {runtime_call UncommonTrapBlob}
  0x00000212b07a50c8: c5f8 77e8 

  0x00000212b07a50cc: ; ImmutableOopMap {rbp=Oop [40]=Oop [64]=Oop [80]=Oop [96]=Oop }
                      ;*if_icmplt {reexecute=1 rethrow=0 return_oop=0}
                      ; - (reexecute) java.util.ArrayList$Itr::next@17 (line 969)
                      ; - com.google.common.collect.Iterators$5::computeNext@16 (line 672)
                      ; - com.google.common.collect.AbstractIterator::tryToComputeNext@9 (line 145)
                      ; - com.google.common.collect.AbstractIterator::hasNext@61 (line 140)
                      ; - com.google.common.collect.TransformedIterator::hasNext@4 (line 46)
                      ; - com.google.common.collect.Iterators::addAll@13 (line 366)
                      ; - com.google.common.collect.Sets::newHashSet@6 (line 243)
                      ; - com.google.common.collect.Sets::newHashSet@27 (line 226)
                      ; - org.gradle.internal.logging.console.WorkInProgressRenderer::toOperationIdSet@12 (line 81)
                      ; - org.gradle.internal.logging.console.WorkInProgressRenderer::renderNow@23 (line 180)
  0x00000212b07a50cc: 3018 9aff | 448b cdba | 45ff ffff | 488b 6c24 | 204c 8b54 | 2430 4c89 | 5424 284c | 8b54 2460 
  0x00000212b07a50ec: 4c89 5424 | 5044 896c | 2458 4c89 | 7424 60c5 | fa11 4424 | 6c44 894c | 2470 6690 

  0x00000212b07a5108: ;   {runtime_call UncommonTrapBlob}
  0x00000212b07a5108: c5f8 77e8 

  0x00000212b07a510c: ; ImmutableOopMap {rbp=Oop [40]=Oop [64]=Oop [80]=Oop [96]=Oop [108]=NarrowOop }
                      ;*if_icmplt {reexecute=1 rethrow=0 return_oop=0}
                      ; - (reexecute) java.util.ArrayList$Itr::next@39 (line 972)
                      ; - com.google.common.collect.Iterators$5::computeNext@16 (line 672)
                      ; - com.google.common.collect.AbstractIterator::tryToComputeNext@9 (line 145)
                      ; - com.google.common.collect.AbstractIterator::hasNext@61 (line 140)
                      ; - com.google.common.collect.TransformedIterator::hasNext@4 (line 46)
                      ; - com.google.common.collect.Iterators::addAll@13 (line 366)
                      ; - com.google.common.collect.Sets::newHashSet@6 (line 243)
                      ; - com.google.common.collect.Sets::newHashSet@27 (line 226)
                      ; - org.gradle.internal.logging.console.WorkInProgressRenderer::toOperationIdSet@12 (line 81)
                      ; - org.gradle.internal.logging.console.WorkInProgressRenderer::renderNow@23 (line 180)
  0x00000212b07a510c: f017 9aff | ba45 ffff | ff48 b900 | 0000 bb12 | 0200 0049 | 03c9 4c8b | 4970 498b | 294c 8b4c 
  0x00000212b07a512c: 2438 4c89 | 4c24 204c | 8b4c 2450 | 4c89 4c24 | 284c 8b4c | 2448 4c89 | 4c24 3048 | 8974 2438 
  0x00000212b07a514c: 4489 5c24 | 4489 5c24 | 4844 8954 | 244c 4489 | 4424 5044 | 8b54 2460 | 4489 5424 | 5444 8b54 
  0x00000212b07a516c: 2464 4489 | 5424 5c90 

  0x00000212b07a5174: ;   {runtime_call UncommonTrapBlob}
  0x00000212b07a5174: c5f8 77e8 

  0x00000212b07a5178: ; ImmutableOopMap {rbp=Oop [32]=Oop [40]=Oop [48]=Oop [56]=Oop [68]=NarrowOop [76]=NarrowOop [80]=NarrowOop [104]=Oop }
                      ;*if_acmpeq {reexecute=1 rethrow=0 return_oop=0}
                      ; - (reexecute) org.gradle.internal.operations.OperationIdentifier::equals@19 (line 46)
                      ; - java.util.HashMap::getNode@63 (line 570)
                      ; - java.util.HashMap::containsKey@2 (line 594)
                      ; - java.util.HashSet::contains@5 (line 205)
                      ; - org.gradle.internal.logging.console.WorkInProgressRenderer::renderNow@96 (line 187)
  0x00000212b07a5178: 8417 9aff | ba45 ffff | ff48 8b6c | 2438 4c8b | 5c24 404c | 895c 2420 | 4c8b 5c24 | 484c 895c 
  0x00000212b07a5198: 2428 4889 | 7c24 3044 | 894c 2444 | 4489 4424 | 5044 8954 | 2458 6690 

  0x00000212b07a51b0: ;   {runtime_call UncommonTrapBlob}
  0x00000212b07a51b0: c5f8 77e8 

  0x00000212b07a51b4: ; ImmutableOopMap {rbp=Oop [32]=Oop [40]=Oop [48]=Oop [68]=NarrowOop [80]=NarrowOop [104]=Oop }
                      ;*ifle {reexecute=1 rethrow=0 return_oop=0}
                      ; - (reexecute) java.util.HashMap::getNode@14 (line 567)
                      ; - java.util.HashMap::containsKey@2 (line 594)
                      ; - java.util.HashSet::contains@5 (line 205)
                      ; - org.gradle.internal.logging.console.WorkInProgressRenderer::renderNow@174 (line 195)
  0x00000212b07a51b4: 4817 9aff | ba45 ffff | ff44 896c | 2450 6690 

  0x00000212b07a51c4: ;   {runtime_call UncommonTrapBlob}
  0x00000212b07a51c4: c5f8 77e8 

  0x00000212b07a51c8: ; ImmutableOopMap {[32]=Oop [48]=Oop [64]=Oop [96]=Oop }
                      ;*lookupswitch {reexecute=1 rethrow=0 return_oop=0}
                      ; - (reexecute) com.google.common.collect.AbstractIterator::hasNext@29 (line 133)
                      ; - com.google.common.collect.TransformedIterator::hasNext@4 (line 46)
                      ; - com.google.common.collect.Iterators::addAll@13 (line 366)
                      ; - com.google.common.collect.Sets::newHashSet@6 (line 243)
                      ; - com.google.common.collect.Sets::newHashSet@27 (line 226)
                      ; - org.gradle.internal.logging.console.WorkInProgressRenderer::toOperationIdSet@12 (line 81)
                      ; - org.gradle.internal.logging.console.WorkInProgressRenderer::renderNow@23 (line 180)
  0x00000212b07a51c8: 3417 9aff | 448b 9c24 | 9000 0000 | 458b 530c | 4183 fa06 | 0f82 0207 | 0000 4d8b | d349 8d7b 
  0x00000212b07a51e8: ;   {oop([B{0x00000000fc115a28})}
  0x00000212b07a51e8: 1048 be28 | 5a11 fc00 | 0000 0048 | 83c6 10ba | 0300 0000 | 8bca 83e1 | 0f83 e2f0 | 741c 488d 
  0x00000212b07a5208: 3416 488d | 3c57 48f7 | dac4 e27d | 3004 16c5 | fe7f 0457 | 4883 c210 | 75ef 8bd1 | 83e1 0783 
  0x00000212b07a5228: e2f8 7427 | c4e2 7930 | 06c5 fa7f | 0748 83c6 | 0848 83c7 | 10e9 1100 | 0000 c4e2 | 7930 0416 
  0x00000212b07a5248: c5fa 7f04 | 5748 83c2 | 0875 ef8b | d183 fa04 | 7c19 c5f9 | 6e06 c4e2 | 7930 c0c5 | f9d6 0748 
  0x00000212b07a5268: 83ea 0448 | 83c6 0448 | 83c7 0885 | d274 1848 | 8d34 1648 | 8d3c 5748 | f7da 0fb6 | 0c16 6689 
  0x00000212b07a5288: 0c57 48ff | c275 f3e9 | bdbe ffff | 498b d7c5 | f877 49ba | d082 56fe | fe7f 0000 | 41ff d2e9 
  0x00000212b07a52a8: 85e7 ffff | 498b d7c5 | f877 49ba | d082 56fe | fe7f 0000 | 41ff d2e9 | f7e7 ffff | 498b d7c5 
  0x00000212b07a52c8: f877 49ba | d082 56fe | fe7f 0000 | 41ff d2e9 | 14ad ffff | 498b d7c5 | f877 49ba | d082 56fe 
  0x00000212b07a52e8: fe7f 0000 | 41ff d2e9 | a6ad ffff | ba45 ffff | ff49 bb00 | 0000 bb12 | 0200 004c | 03df 4d8b 
  0x00000212b07a5308: 5b70 498b | 2b4c 8b5c | 2438 4c89 | 5c24 204c | 8b5c 2450 | 4c89 5c24 | 284c 8b5c | 2448 4c89 
  0x00000212b07a5328: 5c24 3048 | 8974 2438 | 895c 2444 | 4489 5424 | 4844 8b54 | 2460 4489 | 5424 4c44 | 8b54 2464 
  0x00000212b07a5348: 4489 5424 | 544c 8b54 | 2468 4c89 | 5424 584c | 894c 2460 | 4489 4424 | 6866 6690 

  0x00000212b07a5364: ;   {runtime_call UncommonTrapBlob}
  0x00000212b07a5364: c5f8 77e8 

  0x00000212b07a5368: ; ImmutableOopMap {rbp=Oop [32]=Oop [40]=Oop [48]=Oop [56]=Oop [72]=NarrowOop [88]=Oop [96]=Oop [104]=NarrowOop }
                      ;*if_acmpeq {reexecute=1 rethrow=0 return_oop=0}
                      ; - (reexecute) org.gradle.internal.operations.OperationIdentifier::equals@19 (line 46)
                      ; - java.util.HashMap::getNode@128 (line 577)
                      ; - java.util.HashMap::containsKey@2 (line 594)
                      ; - java.util.HashSet::contains@5 (line 205)
                      ; - org.gradle.internal.logging.console.WorkInProgressRenderer::renderNow@96 (line 187)
  0x00000212b07a5368: 9415 9aff | ba45 ffff | ff4c 8b54 | 2438 4c89 | 5424 204c | 8b54 2440 | 4c89 5424 | 284c 8b54 
  0x00000212b07a5388: 2448 4c89 | 5424 3048 | 897c 2438 | 4489 4c24 | 4c44 8944 | 2458 894c | 245c 6690 

  0x00000212b07a53a4: ;   {runtime_call UncommonTrapBlob}
  0x00000212b07a53a4: c5f8 77e8 

  0x00000212b07a53a8: ; ImmutableOopMap {rbp=NarrowOop [32]=Oop [40]=Oop [48]=Oop [56]=Oop [76]=NarrowOop [88]=NarrowOop [104]=Oop }
                      ;*ifeq {reexecute=1 rethrow=0 return_oop=0}
                      ; - (reexecute) java.util.HashMap::getNode@85 (line 573)
                      ; - java.util.HashMap::containsKey@2 (line 594)
                      ; - java.util.HashSet::contains@5 (line 205)
                      ; - org.gradle.internal.logging.console.WorkInProgressRenderer::renderNow@174 (line 195)
  0x00000212b07a53a8: 5415 9aff | bade ffff | ff48 8b6c | 2438 4c8b | 5c24 404c | 895c 2420 | 4c8b 5c24 | 484c 895c 
  0x00000212b07a53c8: 2428 4889 | 7424 3044 | 8954 2444 | 4489 4c24 | 5066 6690 

  0x00000212b07a53dc: ;   {runtime_call UncommonTrapBlob}
  0x00000212b07a53dc: c5f8 77e8 

  0x00000212b07a53e0: ; ImmutableOopMap {rbp=Oop [32]=Oop [40]=Oop [48]=Oop [68]=NarrowOop [80]=NarrowOop [104]=Oop }
                      ;*invokevirtual containsKey {reexecute=0 rethrow=0 return_oop=0}
                      ; - java.util.HashSet::contains@5 (line 205)
                      ; - org.gradle.internal.logging.console.WorkInProgressRenderer::renderNow@222 (line 200)
  0x00000212b07a53e0: 1c15 9aff | bade ffff | ff4c 8b54 | 2438 4c89 | 5424 204c | 8b54 2440 | 4c89 5424 | 284c 8b54 
  0x00000212b07a5400: 2448 4c89 | 5424 3044 | 895c 2444 | 895c 2450 | 4489 4c24 | 5866 6690 

  0x00000212b07a5418: ;   {runtime_call UncommonTrapBlob}
  0x00000212b07a5418: c5f8 77e8 

  0x00000212b07a541c: ; ImmutableOopMap {rbp=NarrowOop [32]=Oop [40]=Oop [48]=Oop [68]=NarrowOop [80]=NarrowOop [88]=NarrowOop [104]=Oop }
                      ;*invokeinterface get {reexecute=0 rethrow=0 return_oop=0}
                      ; - org.gradle.internal.logging.console.ProgressOperations::progress@5 (line 45)
                      ; - org.gradle.internal.logging.console.WorkInProgressRenderer::renderNow@244 (line 201)
  0x00000212b07a541c: e014 9aff | ba45 ffff | ff49 ba00 | 0000 bb12 | 0200 004c | 03d6 4d8b | 5270 498b | 2a4c 8b54 
  0x00000212b07a543c: 2438 4c89 | 5424 204c | 8b54 2440 | 4c89 5424 | 284c 8b54 | 2448 4c89 | 5424 3048 | 897c 2438 
  0x00000212b07a545c: 448b 5c24 | 6044 895c | 2440 448b | 5c24 6444 | 895c 2448 | 4489 4424 | 5889 4c24 | 5c44 894c 
  0x00000212b07a547c: 2460 895c | 2464 6690 

  0x00000212b07a5484: ;   {runtime_call UncommonTrapBlob}
  0x00000212b07a5484: c5f8 77e8 

  0x00000212b07a5488: ; ImmutableOopMap {rbp=Oop [32]=Oop [40]=Oop [48]=Oop [56]=Oop [88]=NarrowOop [96]=NarrowOop [100]=NarrowOop [104]=Oop }
                      ;*if_acmpeq {reexecute=1 rethrow=0 return_oop=0}
                      ; - (reexecute) org.gradle.internal.operations.OperationIdentifier::equals@19 (line 46)
                      ; - java.util.HashMap::getNode@63 (line 570)
                      ; - java.util.HashMap::containsKey@2 (line 594)
                      ; - java.util.HashSet::contains@5 (line 205)
                      ; - org.gradle.internal.logging.console.WorkInProgressRenderer::renderNow@174 (line 195)
  0x00000212b07a5488: 7414 9aff | ba45 ffff | ff48 8b6c | 2438 4c8b | 5c24 404c | 895c 2420 | 4c8b 5c24 | 484c 895c 
  0x00000212b07a54a8: 2428 4889 | 7424 3044 | 894c 2444 | 4489 5424 | 5089 4c24 | 5866 6690 

  0x00000212b07a54c0: ;   {runtime_call UncommonTrapBlob}
  0x00000212b07a54c0: c5f8 77e8 

  0x00000212b07a54c4: ; ImmutableOopMap {rbp=Oop [32]=Oop [40]=Oop [48]=Oop [68]=NarrowOop [80]=NarrowOop [104]=Oop }
                      ;*ifle {reexecute=1 rethrow=0 return_oop=0}
                      ; - (reexecute) java.util.HashMap::getNode@14 (line 567)
                      ; - java.util.HashMap::containsKey@2 (line 594)
                      ; - java.util.HashSet::contains@5 (line 205)
                      ; - org.gradle.internal.logging.console.WorkInProgressRenderer::renderNow@222 (line 200)
  0x00000212b07a54c4: 3814 9aff | ba45 ffff | ff4c 8b54 | 2438 4c89 | 5424 204c | 8b54 2440 | 4c89 5424 | 284c 8b54 
  0x00000212b07a54e4: 2448 4c89 | 5424 3044 | 8b54 2460 | 4489 5424 | 3844 895c | 2444 895c | 2450 4489 | 4c24 5889 
  0x00000212b07a5504: 4424 5c89 | 7424 6090 

  0x00000212b07a550c: ;   {runtime_call UncommonTrapBlob}
  0x00000212b07a550c: c5f8 77e8 

  0x00000212b07a5510: ; ImmutableOopMap {rbp=NarrowOop [32]=Oop [40]=Oop [48]=Oop [68]=NarrowOop [80]=NarrowOop [88]=NarrowOop [92]=NarrowOop [104]=Oop }
                      ;*ifeq {reexecute=1 rethrow=0 return_oop=0}
                      ; - (reexecute) java.util.HashMap::getNode@85 (line 573)
                      ; - java.util.HashMap::get@2 (line 556)
                      ; - org.gradle.internal.logging.console.ProgressOperations::progress@5 (line 45)
                      ; - org.gradle.internal.logging.console.WorkInProgressRenderer::renderNow@244 (line 201)
  0x00000212b07a5510: ec13 9aff | ba45 ffff | ff48 8b6c | 2438 4c8b | 4424 404c | 8944 2420 | 4c8b 4424 | 484c 8944 
  0x00000212b07a5530: 2428 4489 | 5c24 3c89 | 5c24 4844 | 894c 2450 | 4489 5424 | 5489 7c24 | 5c66 6690 

  0x00000212b07a554c: ;   {runtime_call UncommonTrapBlob}
  0x00000212b07a554c: c5f8 77e8 

  0x00000212b07a5550: ; ImmutableOopMap {rbp=Oop [32]=Oop [40]=Oop [60]=NarrowOop [72]=NarrowOop [80]=NarrowOop [84]=NarrowOop [104]=Oop }
                      ;*ifle {reexecute=1 rethrow=0 return_oop=0}
                      ; - (reexecute) java.util.HashMap::getNode@14 (line 567)
                      ; - java.util.HashMap::get@2 (line 556)
                      ; - org.gradle.internal.logging.console.ProgressOperations::progress@5 (line 45)
                      ; - org.gradle.internal.logging.console.WorkInProgressRenderer::renderNow@244 (line 201)
  0x00000212b07a5550: ac13 9aff | 498b d7c5 | f877 49ba | d082 56fe | fe7f 0000 | 41ff d2e9 | f0d2 ffff | ba45 ffff 
  0x00000212b07a5570: ff49 ba00 | 0000 bb12 | 0200 004d | 03d3 4d8b | 5270 498b | 2a4c 8b54 | 2438 4c89 | 5424 204c 
  0x00000212b07a5590: 8b54 2440 | 4c89 5424 | 284c 8b54 | 2448 4c89 | 5424 3048 | 897c 2438 | 448b 5424 | 6044 8954 
  0x00000212b07a55b0: 2440 448b | 5424 6444 | 8954 2448 | 4c8b 5424 | 684c 8954 | 2450 4c89 | 4424 5889 | 4c24 6044 
  0x00000212b07a55d0: 894c 2464 | 895c 2468 

  0x00000212b07a55d8: ;   {runtime_call UncommonTrapBlob}
  0x00000212b07a55d8: c5f8 77e8 

  0x00000212b07a55dc: ; ImmutableOopMap {rbp=Oop [32]=Oop [40]=Oop [48]=Oop [56]=Oop [80]=Oop [88]=Oop [100]=NarrowOop [104]=NarrowOop }
                      ;*if_acmpeq {reexecute=1 rethrow=0 return_oop=0}
                      ; - (reexecute) org.gradle.internal.operations.OperationIdentifier::equals@19 (line 46)
                      ; - java.util.HashMap::getNode@128 (line 577)
                      ; - java.util.HashMap::containsKey@2 (line 594)
                      ; - java.util.HashSet::contains@5 (line 205)
                      ; - org.gradle.internal.logging.console.WorkInProgressRenderer::renderNow@174 (line 195)
  0x00000212b07a55dc: 2013 9aff | ba45 ffff | ff49 ba00 | 0000 bb12 | 0200 004d | 03d0 4d8b | 5270 498b | 2a4c 8b54 
  0x00000212b07a55fc: 2438 4c89 | 5424 204c | 8b54 2440 | 4c89 5424 | 284c 8b54 | 2448 4c89 | 5424 3044 | 8b44 2460 
  0x00000212b07a561c: 4489 4424 | 3844 8b44 | 2464 4489 | 4424 404c | 8b54 2468 | 4c89 5424 | 4844 895c | 2444 895c 
  0x00000212b07a563c: 2450 4489 | 4c24 5848 | 894c 2460 | 8974 245c | 4489 4c24 | 6889 4424 | 6c66 6690 

  0x00000212b07a5658: ;   {runtime_call UncommonTrapBlob}
  0x00000212b07a5658: c5f8 77e8 

  0x00000212b07a565c: ; ImmutableOopMap {rbp=Oop [32]=Oop [40]=Oop [48]=Oop [68]=NarrowOop [72]=Oop [80]=NarrowOop [88]=NarrowOop [96]=Oop [104]=NarrowOop [108]=NarrowOop }
                      ;*if_acmpeq {reexecute=1 rethrow=0 return_oop=0}
                      ; - (reexecute) org.gradle.internal.operations.OperationIdentifier::equals@19 (line 46)
                      ; - java.util.HashMap::getNode@128 (line 577)
                      ; - java.util.HashMap::get@2 (line 556)
                      ; - org.gradle.internal.logging.console.ProgressOperations::progress@5 (line 45)
                      ; - org.gradle.internal.logging.console.WorkInProgressRenderer::renderNow@244 (line 201)
  0x00000212b07a565c: a012 9aff | ba45 ffff | ff4c 8b54 | 2438 4c89 | 5424 204c | 8b54 2440 | 4c89 5424 | 284c 8b54 
  0x00000212b07a567c: 2448 4c89 | 5424 3048 | 8974 2438 | 4489 4c24 | 4c89 4c24 | 5889 5c24 | 5c66 6690 

  0x00000212b07a5698: ;   {runtime_call UncommonTrapBlob}
  0x00000212b07a5698: c5f8 77e8 

  0x00000212b07a569c: ; ImmutableOopMap {rbp=NarrowOop [32]=Oop [40]=Oop [48]=Oop [56]=Oop [76]=NarrowOop [88]=NarrowOop [104]=Oop }
                      ;*ifeq {reexecute=1 rethrow=0 return_oop=0}
                      ; - (reexecute) java.util.HashMap::getNode@85 (line 573)
                      ; - java.util.HashMap::containsKey@2 (line 594)
                      ; - java.util.HashSet::contains@5 (line 205)
                      ; - org.gradle.internal.logging.console.WorkInProgressRenderer::renderNow@222 (line 200)
  0x00000212b07a569c: 6012 9aff | ba45 ffff | ff49 b800 | 0000 bb12 | 0200 004d | 03c2 4d8b | 5070 498b | 2a4c 8b54 
  0x00000212b07a56bc: 2438 4c89 | 5424 204c | 8b54 2440 | 4c89 5424 | 284c 8b54 | 2448 4c89 | 5424 3044 | 8b54 2460 
  0x00000212b07a56dc: 4489 5424 | 3844 8b54 | 2464 4489 | 5424 404c | 8b54 2468 | 4c89 5424 | 4844 895c | 2444 895c 
  0x00000212b07a56fc: 2450 4489 | 4c24 5889 | 4424 5c89 | 7424 6044 | 894c 2464 | 4489 6c24 | 6866 6690 

  0x00000212b07a5718: ;   {runtime_call UncommonTrapBlob}
  0x00000212b07a5718: c5f8 77e8 

  0x00000212b07a571c: ; ImmutableOopMap {rbp=Oop [32]=Oop [40]=Oop [48]=Oop [68]=NarrowOop [72]=Oop [80]=NarrowOop [88]=NarrowOop [92]=NarrowOop [100]=NarrowOop [104]=NarrowOop }
                      ;*if_acmpeq {reexecute=1 rethrow=0 return_oop=0}
                      ; - (reexecute) org.gradle.internal.operations.OperationIdentifier::equals@19 (line 46)
                      ; - java.util.HashMap::getNode@63 (line 570)
                      ; - java.util.HashMap::get@2 (line 556)
                      ; - org.gradle.internal.logging.console.ProgressOperations::progress@5 (line 45)
                      ; - org.gradle.internal.logging.console.WorkInProgressRenderer::renderNow@244 (line 201)
  0x00000212b07a571c: e011 9aff | ba45 ffff | ff49 ba00 | 0000 bb12 | 0200 004d | 03d0 4d8b | 5270 498b | 2a4c 8b54 
  0x00000212b07a573c: 2438 4c89 | 5424 204c | 8b54 2440 | 4c89 5424 | 284c 8b54 | 2448 4c89 | 5424 3048 | 8974 2438 
  0x00000212b07a575c: 448b 5424 | 6044 8954 | 2440 448b | 5c24 6444 | 895c 2448 | 894c 2458 | 895c 245c | 4489 4c24 
  0x00000212b07a577c: 6089 7c24 | 6466 6690 

  0x00000212b07a5784: ;   {runtime_call UncommonTrapBlob}
  0x00000212b07a5784: c5f8 77e8 

  0x00000212b07a5788: ; ImmutableOopMap {rbp=Oop [32]=Oop [40]=Oop [48]=Oop [56]=Oop [88]=NarrowOop [96]=NarrowOop [100]=NarrowOop [104]=Oop }
                      ;*if_acmpeq {reexecute=1 rethrow=0 return_oop=0}
                      ; - (reexecute) org.gradle.internal.operations.OperationIdentifier::equals@19 (line 46)
                      ; - java.util.HashMap::getNode@63 (line 570)
                      ; - java.util.HashMap::containsKey@2 (line 594)
                      ; - java.util.HashSet::contains@5 (line 205)
                      ; - org.gradle.internal.logging.console.WorkInProgressRenderer::renderNow@222 (line 200)
  0x00000212b07a5788: 7411 9aff | baf6 ffff | ff8b eb44 | 8944 2420 

  0x00000212b07a5798: ;   {runtime_call UncommonTrapBlob}
  0x00000212b07a5798: c5f8 77e8 

  0x00000212b07a579c: ; ImmutableOopMap {}
                      ;*invokestatic arraycopy {reexecute=0 rethrow=0 return_oop=0}
                      ; - java.lang.AbstractStringBuilder::shift@33 (line 1078)
                      ; - java.lang.AbstractStringBuilder::insert@33 (line 1176)
                      ; - java.lang.StringBuilder::insert@3 (line 336)
                      ; - org.gradle.internal.logging.console.DefaultWorkInProgressFormatter::format@49 (line 45)
                      ; - org.gradle.internal.logging.console.WorkInProgressRenderer$AssociationLabel::renderNow@15 (line 225)
                      ; - org.gradle.internal.logging.console.WorkInProgressRenderer::renderNow@297 (line 208)
  0x00000212b07a579c: 6011 9aff | baf6 ffff | ff41 8be8 | 4489 4c24 | 2089 5c24 | 2466 6690 

  0x00000212b07a57b4: ;   {runtime_call UncommonTrapBlob}
  0x00000212b07a57b4: c5f8 77e8 

  0x00000212b07a57b8: ; ImmutableOopMap {}
                      ;*invokestatic arraycopy {reexecute=0 rethrow=0 return_oop=0}
                      ; - java.lang.AbstractStringBuilder::shift@33 (line 1078)
                      ; - java.lang.AbstractStringBuilder::insert@33 (line 1176)
                      ; - java.lang.StringBuilder::insert@3 (line 336)
                      ; - org.gradle.internal.logging.console.DefaultWorkInProgressFormatter::format@55 (line 45)
                      ; - org.gradle.internal.logging.console.WorkInProgressRenderer$AssociationLabel::renderNow@15 (line 225)
                      ; - org.gradle.internal.logging.console.WorkInProgressRenderer::renderNow@297 (line 208)
  0x00000212b07a57b8: 4411 9aff | bace ffff | ff48 8b6c | 2440 448b | 4424 5844 | 8944 2424 | 4c8b 9424 | 8800 0000 
  0x00000212b07a57d8: 4c89 5424 | 2844 8b54 | 245c 4489 | 5424 3044 | 895c 2434 | 4489 4c24 | 4844 8b5c | 2460 4489 
  0x00000212b07a57f8: 5c24 5044 | 8b54 2464 | 4489 5424 | 5466 6690 

  0x00000212b07a5808: ;   {runtime_call UncommonTrapBlob}
  0x00000212b07a5808: c5f8 77e8 

  0x00000212b07a580c: ; ImmutableOopMap {rbp=Oop [36]=NarrowOop [40]=Oop [48]=NarrowOop [52]=NarrowOop [72]=NarrowOop [104]=NarrowOop [108]=NarrowOop [112]=NarrowOop [208]=NarrowOop }
                      ;*invokestatic inflate {reexecute=0 rethrow=0 return_oop=0}
                      ; - java.lang.String::getBytes@42 (line 4481)
                      ; - java.lang.AbstractStringBuilder::putStringAt@30 (line 1720)
                      ; - java.lang.AbstractStringBuilder::putStringAt@8 (line 1724)
                      ; - java.lang.AbstractStringBuilder::insert@49 (line 1178)
                      ; - java.lang.StringBuilder::insert@3 (line 336)
                      ; - org.gradle.internal.logging.console.DefaultWorkInProgressFormatter::format@55 (line 45)
                      ; - org.gradle.internal.logging.console.WorkInProgressRenderer$AssociationLabel::renderNow@15 (line 225)
                      ; - org.gradle.internal.logging.console.WorkInProgressRenderer::renderNow@297 (line 208)
  0x00000212b07a580c: f010 9aff | bace ffff | ff48 8b6c | 2440 448b | 4424 5844 | 8944 2424 | 4c8b 9424 | 8800 0000 
  0x00000212b07a582c: 448b 4424 | 5c44 8944 | 2430 4c89 | 5424 384c | 8954 2440 | 4489 5c24 | 3444 894c | 2448 448b 
  0x00000212b07a584c: 5424 6044 | 8954 2450 | 448b 5c24 | 6444 895c | 2454 6690 

  0x00000212b07a5860: ;   {runtime_call UncommonTrapBlob}
  0x00000212b07a5860: c5f8 77e8 

  0x00000212b07a5864: ; ImmutableOopMap {rbp=Oop [36]=NarrowOop [48]=NarrowOop [52]=NarrowOop [56]=Oop [64]=Oop [72]=NarrowOop [104]=NarrowOop [108]=NarrowOop [112]=NarrowOop [208]=NarrowOop }
                      ;*invokestatic inflate {reexecute=0 rethrow=0 return_oop=0}
                      ; - java.lang.String::getBytes@42 (line 4481)
                      ; - java.lang.AbstractStringBuilder::putStringAt@30 (line 1720)
                      ; - java.lang.AbstractStringBuilder::putStringAt@8 (line 1724)
                      ; - java.lang.AbstractStringBuilder::insert@49 (line 1178)
                      ; - java.lang.StringBuilder::insert@3 (line 336)
                      ; - org.gradle.internal.logging.console.DefaultWorkInProgressFormatter::format@55 (line 45)
                      ; - org.gradle.internal.logging.console.WorkInProgressRenderer$AssociationLabel::renderNow@15 (line 225)
                      ; - org.gradle.internal.logging.console.WorkInProgressRenderer::renderNow@297 (line 208)
  0x00000212b07a5864: 9810 9aff | ba45 ffff | ff49 ba00 | 0000 bb12 | 0200 004d | 03d3 4d8b | 5270 498b | 2a4c 8b54 
  0x00000212b07a5884: 2438 4c89 | 5424 204c | 8b54 2440 | 4c89 5424 | 284c 8b54 | 2448 4c89 | 5424 3048 | 8974 2438 
  0x00000212b07a58a4: 448b 5c24 | 6044 895c | 2440 448b | 5424 6444 | 8954 2448 | 4c8b 5424 | 684c 8954 | 2450 4c89 
  0x00000212b07a58c4: 4424 5889 | 5c24 6044 | 894c 2464 | 897c 2468 

  0x00000212b07a58d4: ;   {runtime_call UncommonTrapBlob}
  0x00000212b07a58d4: c5f8 77e8 

  0x00000212b07a58d8: ; ImmutableOopMap {rbp=Oop [32]=Oop [40]=Oop [48]=Oop [56]=Oop [80]=Oop [88]=Oop [100]=NarrowOop [104]=NarrowOop }
                      ;*if_acmpeq {reexecute=1 rethrow=0 return_oop=0}
                      ; - (reexecute) org.gradle.internal.operations.OperationIdentifier::equals@19 (line 46)
                      ; - java.util.HashMap::getNode@128 (line 577)
                      ; - java.util.HashMap::containsKey@2 (line 594)
                      ; - java.util.HashSet::contains@5 (line 205)
                      ; - org.gradle.internal.logging.console.WorkInProgressRenderer::renderNow@222 (line 200)
  0x00000212b07a58d8: 2410 9aff | 458b cae9 | 9bf1 ffff | bace ffff | ff48 8b6c | 2440 448b | 5424 5844 | 8954 2424 
  0x00000212b07a58f8: 4c8b 9424 | 8800 0000 | 4c89 5424 | 2844 8b54 | 245c 4489 | 5424 3044 | 8b54 2460 | 4489 5424 
  0x00000212b07a5918: 4c66 6690 

  0x00000212b07a591c: ;   {runtime_call UncommonTrapBlob}
  0x00000212b07a591c: c5f8 77e8 

  0x00000212b07a5920: ; ImmutableOopMap {rbp=Oop [36]=NarrowOop [40]=Oop [48]=NarrowOop [104]=NarrowOop [108]=NarrowOop [112]=NarrowOop [116]=NarrowOop [144]=NarrowOop [208]=NarrowOop }
                      ;*invokestatic inflate {reexecute=0 rethrow=0 return_oop=0}
                      ; - java.lang.String::getBytes@42 (line 4481)
                      ; - java.lang.AbstractStringBuilder::putStringAt@30 (line 1720)
                      ; - java.lang.AbstractStringBuilder::putStringAt@8 (line 1724)
                      ; - java.lang.AbstractStringBuilder::insert@49 (line 1178)
                      ; - java.lang.StringBuilder::insert@3 (line 336)
                      ; - org.gradle.internal.logging.console.DefaultWorkInProgressFormatter::format@49 (line 45)
                      ; - org.gradle.internal.logging.console.WorkInProgressRenderer$AssociationLabel::renderNow@15 (line 225)
                      ; - org.gradle.internal.logging.console.WorkInProgressRenderer::renderNow@297 (line 208)
  0x00000212b07a5920: dc0f 9aff | bade ffff | ff49 8bee | 4889 4424 | 204c 896c | 2428 6690 

  0x00000212b07a5938: ;   {runtime_call UncommonTrapBlob}
  0x00000212b07a5938: c5f8 77e8 

  0x00000212b07a593c: ; ImmutableOopMap {rbp=Oop [32]=Oop [40]=Oop }
                      ;*checkcast {reexecute=0 rethrow=0 return_oop=0}
                      ; - com.google.common.collect.TransformedIterator::<init>@9 (line 38)
                      ; - com.google.common.collect.Iterators$6::<init>@7 (line 825)
                      ; - com.google.common.collect.Iterators::transform@11 (line 825)
                      ; - com.google.common.collect.Iterables$5::iterator@13 (line 742)
                      ; - com.google.common.collect.Sets::newHashSet@22 (line 226)
                      ; - org.gradle.internal.logging.console.WorkInProgressRenderer::toOperationIdSet@12 (line 81)
                      ; - org.gradle.internal.logging.console.WorkInProgressRenderer::renderNow@23 (line 180)
  0x00000212b07a593c: c00f 9aff | bade ffff | ff44 8954 | 2420 6690 

  0x00000212b07a594c: ;   {runtime_call UncommonTrapBlob}
  0x00000212b07a594c: c5f8 77e8 

  0x00000212b07a5950: ; ImmutableOopMap {[32]=NarrowOop [64]=Oop [104]=NarrowOop [112]=NarrowOop [208]=NarrowOop }
                      ;*checkcast {reexecute=0 rethrow=0 return_oop=0}
                      ; - org.gradle.internal.logging.console.WorkInProgressRenderer::renderNow@290 (line 207)
  0x00000212b07a5950: ac0f 9aff | bade ffff | ff48 8b6c | 2438 4c8b | 5424 404c | 8954 2420 | 4c8b 5424 | 484c 8954 
  0x00000212b07a5970: 2428 c5fb | 1144 2430 

  0x00000212b07a5978: ;   {runtime_call UncommonTrapBlob}
  0x00000212b07a5978: c5f8 77e8 

  0x00000212b07a597c: ; ImmutableOopMap {rbp=Oop [32]=Oop [40]=Oop [48]=Oop [104]=Oop }
                      ;*checkcast {reexecute=0 rethrow=0 return_oop=0}
                      ; - org.gradle.internal.logging.console.WorkInProgressRenderer::renderNow@85 (line 186)
  0x00000212b07a597c: 800f 9aff | 448b db41 | 8bda 458b | d344 8bef | 8beb 418b | da41 ffcd | bade ffff | ff4c 8974 
  0x00000212b07a599c: 2420 4889 | 7424 2844 | 896c 2430 | 895c 2434 

  0x00000212b07a59ac: ;   {runtime_call UncommonTrapBlob}
  0x00000212b07a59ac: c5f8 77e8 

  0x00000212b07a59b0: ; ImmutableOopMap {[32]=Oop [40]=Oop [64]=Oop }
                      ;*checkcast {reexecute=0 rethrow=0 return_oop=0}
                      ; - org.gradle.internal.logging.console.WorkInProgressRenderer::renderNow@328 (line 210)
  0x00000212b07a59b0: 4c0f 9aff | 8bf2 448b | ce41 8be9 | ffc5 bade | ffff ff4c | 8b54 2438 | 4c89 5424 | 204c 8b54 
  0x00000212b07a59d0: 2440 4c89 | 5424 284c | 8b54 2448 | 4c89 5424 | 30c5 fb11 | 4424 3848 | 8944 2440 | 4489 4c24 
  0x00000212b07a59f0: 4844 8974 | 244c 4889 | 4c24 5044 | 8b54 2460 | 4489 5424 | 5866 6690 

  0x00000212b07a5a08: ;   {runtime_call UncommonTrapBlob}
  0x00000212b07a5a08: c5f8 77e8 

  0x00000212b07a5a0c: ; ImmutableOopMap {[32]=Oop [40]=Oop [48]=Oop [56]=Oop [64]=Oop [80]=Oop [104]=Oop }
                      ;*checkcast {reexecute=0 rethrow=0 return_oop=0}
                      ; - org.gradle.internal.logging.console.MultiLineBuildProgressArea::setVisible@30 (line 94)
                      ; - org.gradle.internal.logging.console.WorkInProgressRenderer::renderNow@78 (line 185)
  0x00000212b07a5a0c: f00e 9aff | bade ffff | ff4c 8b54 | 2438 4c89 | 5424 204c | 8b54 2440 | 4c89 5424 | 284c 8b54 
  0x00000212b07a5a2c: 2448 4c89 | 5424 3044 | 895c 2444 | 895c 2450 | 4489 4c24 | 5466 6690 

  0x00000212b07a5a44: ;   {runtime_call UncommonTrapBlob}
  0x00000212b07a5a44: c5f8 77e8 

  0x00000212b07a5a48: ; ImmutableOopMap {rbp=NarrowOop [32]=Oop [40]=Oop [48]=Oop [68]=NarrowOop [80]=NarrowOop [84]=NarrowOop [104]=Oop }
                      ;*checkcast {reexecute=0 rethrow=0 return_oop=0}
                      ; - org.gradle.internal.logging.console.ProgressOperations::progress@10 (line 45)
                      ; - org.gradle.internal.logging.console.WorkInProgressRenderer::renderNow@244 (line 201)
  0x00000212b07a5a48: b40e 9aff | 8bf2 448b | ce41 8be9 | ffc5 baf4 | ffff ff4c | 8b54 2438 | 4c89 5424 | 204c 8b54 
  0x00000212b07a5a68: 2440 4c89 | 5424 284c | 8b54 2448 | 4c89 5424 | 30c5 fb11 | 4424 3844 | 894c 2440 | 4489 7424 
  0x00000212b07a5a88: 4448 894c | 2448 448b | 5c24 6044 | 895c 2450 | 448b 5c24 | 6444 895c | 2458 6690 

  0x00000212b07a5aa4: ;   {runtime_call UncommonTrapBlob}
  0x00000212b07a5aa4: c5f8 77e8 

  0x00000212b07a5aa8: ; ImmutableOopMap {[32]=Oop [40]=Oop [48]=Oop [56]=Oop [72]=Oop [104]=Oop }
                      ;*checkcast {reexecute=0 rethrow=0 return_oop=0}
                      ; - org.gradle.internal.logging.console.MultiLineBuildProgressArea::setVisible@30 (line 94)
                      ; - org.gradle.internal.logging.console.WorkInProgressRenderer::renderNow@78 (line 185)
  0x00000212b07a5aa8: 540e 9aff | baf6 ffff | ff66 6690 

  0x00000212b07a5ab4: ;   {runtime_call UncommonTrapBlob}
  0x00000212b07a5ab4: c5f8 77e8 

  0x00000212b07a5ab8: ; ImmutableOopMap {}
                      ;*arraylength {reexecute=0 rethrow=0 return_oop=0}
                      ; - java.lang.String::length@4 (line 1481)
                      ; - org.gradle.util.internal.GUtil::isTrue@42 (line 151)
                      ; - org.gradle.internal.logging.console.ProgressOperation::getMessage@4 (line 50)
                      ; - org.gradle.internal.logging.console.DefaultWorkInProgressFormatter::format@27 (line 38)
                      ; - org.gradle.internal.logging.console.WorkInProgressRenderer$AssociationLabel::renderNow@15 (line 225)
                      ; - org.gradle.internal.logging.console.WorkInProgressRenderer::renderNow@297 (line 208)
  0x00000212b07a5ab8: 440e 9aff | baf6 ffff | ff66 6690 

  0x00000212b07a5ac4: ;   {runtime_call UncommonTrapBlob}
  0x00000212b07a5ac4: c5f8 77e8 

  0x00000212b07a5ac8: ; ImmutableOopMap {}
                      ;*arraylength {reexecute=0 rethrow=0 return_oop=0}
                      ; - java.lang.AbstractStringBuilder::ensureCapacityInternal@4 (line 226)
                      ; - java.lang.AbstractStringBuilder::insert@27 (line 1175)
                      ; - java.lang.StringBuilder::insert@3 (line 336)
                      ; - org.gradle.internal.logging.console.DefaultWorkInProgressFormatter::format@49 (line 45)
                      ; - org.gradle.internal.logging.console.WorkInProgressRenderer$AssociationLabel::renderNow@15 (line 225)
                      ; - org.gradle.internal.logging.console.WorkInProgressRenderer::renderNow@297 (line 208)
  0x00000212b07a5ac8: 340e 9aff | baf6 ffff | ff66 6690 

  0x00000212b07a5ad4: ;   {runtime_call UncommonTrapBlob}
  0x00000212b07a5ad4: c5f8 77e8 

  0x00000212b07a5ad8: ; ImmutableOopMap {}
                      ;*arraylength {reexecute=0 rethrow=0 return_oop=0}
                      ; - java.lang.String::length@4 (line 1481)
                      ; - java.lang.AbstractStringBuilder::insert@16 (line 1174)
                      ; - java.lang.StringBuilder::insert@3 (line 336)
                      ; - org.gradle.internal.logging.console.DefaultWorkInProgressFormatter::format@55 (line 45)
                      ; - org.gradle.internal.logging.console.WorkInProgressRenderer$AssociationLabel::renderNow@15 (line 225)
                      ; - org.gradle.internal.logging.console.WorkInProgressRenderer::renderNow@297 (line 208)
  0x00000212b07a5ad8: 240e 9aff | baf6 ffff | ff66 6690 

  0x00000212b07a5ae4: ;   {runtime_call UncommonTrapBlob}
  0x00000212b07a5ae4: c5f8 77e8 

  0x00000212b07a5ae8: ; ImmutableOopMap {}
                      ;*arraylength {reexecute=0 rethrow=0 return_oop=0}
                      ; - java.lang.AbstractStringBuilder::ensureCapacityInternal@4 (line 226)
                      ; - java.lang.AbstractStringBuilder::insert@27 (line 1175)
                      ; - java.lang.StringBuilder::insert@3 (line 336)
                      ; - org.gradle.internal.logging.console.DefaultWorkInProgressFormatter::format@55 (line 45)
                      ; - org.gradle.internal.logging.console.WorkInProgressRenderer$AssociationLabel::renderNow@15 (line 225)
                      ; - org.gradle.internal.logging.console.WorkInProgressRenderer::renderNow@297 (line 208)
  0x00000212b07a5ae8: 140e 9aff | baf6 ffff | ff66 6690 

  0x00000212b07a5af4: ;   {runtime_call UncommonTrapBlob}
  0x00000212b07a5af4: c5f8 77e8 

  0x00000212b07a5af8: ; ImmutableOopMap {}
                      ;*arraylength {reexecute=0 rethrow=0 return_oop=0}
                      ; - java.lang.String::length@4 (line 1481)
                      ; - java.lang.AbstractStringBuilder::putStringAt@5 (line 1724)
                      ; - java.lang.AbstractStringBuilder::insert@49 (line 1178)
                      ; - java.lang.StringBuilder::insert@3 (line 336)
                      ; - org.gradle.internal.logging.console.DefaultWorkInProgressFormatter::format@55 (line 45)
                      ; - org.gradle.internal.logging.console.WorkInProgressRenderer$AssociationLabel::renderNow@15 (line 225)
                      ; - org.gradle.internal.logging.console.WorkInProgressRenderer::renderNow@297 (line 208)
  0x00000212b07a5af8: 040e 9aff | baf6 ffff | ff41 8be9 | 897c 2420 | 895c 2424 

  0x00000212b07a5b0c: ;   {runtime_call UncommonTrapBlob}
  0x00000212b07a5b0c: c5f8 77e8 

  0x00000212b07a5b10: ; ImmutableOopMap {rbp=NarrowOop }
                      ;*invokestatic arraycopy {reexecute=0 rethrow=0 return_oop=0}
                      ; - java.lang.String::getBytes@27 (line 4479)
                      ; - java.lang.AbstractStringBuilder::putStringAt@30 (line 1720)
                      ; - java.lang.AbstractStringBuilder::putStringAt@8 (line 1724)
                      ; - java.lang.AbstractStringBuilder::insert@49 (line 1178)
                      ; - java.lang.StringBuilder::insert@3 (line 336)
                      ; - org.gradle.internal.logging.console.DefaultWorkInProgressFormatter::format@55 (line 45)
                      ; - org.gradle.internal.logging.console.WorkInProgressRenderer$AssociationLabel::renderNow@15 (line 225)
                      ; - org.gradle.internal.logging.console.WorkInProgressRenderer::renderNow@297 (line 208)
  0x00000212b07a5b10: ec0d 9aff | baf6 ffff | ff41 8beb | 897c 2420 | 895c 2424 

  0x00000212b07a5b24: ;   {runtime_call UncommonTrapBlob}
  0x00000212b07a5b24: c5f8 77e8 

  0x00000212b07a5b28: ; ImmutableOopMap {rbp=NarrowOop }
                      ;*invokestatic arraycopy {reexecute=0 rethrow=0 return_oop=0}
                      ; - java.lang.String::getBytes@27 (line 4479)
                      ; - java.lang.AbstractStringBuilder::putStringAt@30 (line 1720)
                      ; - java.lang.AbstractStringBuilder::putStringAt@8 (line 1724)
                      ; - java.lang.AbstractStringBuilder::insert@49 (line 1178)
                      ; - java.lang.StringBuilder::insert@3 (line 336)
                      ; - org.gradle.internal.logging.console.DefaultWorkInProgressFormatter::format@55 (line 45)
                      ; - org.gradle.internal.logging.console.WorkInProgressRenderer$AssociationLabel::renderNow@15 (line 225)
                      ; - org.gradle.internal.logging.console.WorkInProgressRenderer::renderNow@297 (line 208)
  0x00000212b07a5b28: d40d 9aff | baf6 ffff | ff66 6690 

  0x00000212b07a5b34: ;   {runtime_call UncommonTrapBlob}
  0x00000212b07a5b34: c5f8 77e8 

  0x00000212b07a5b38: ; ImmutableOopMap {}
                      ;*arraylength {reexecute=0 rethrow=0 return_oop=0}
                      ; - java.lang.String::length@4 (line 1481)
                      ; - org.gradle.util.internal.GUtil::isTrue@42 (line 151)
                      ; - org.gradle.internal.logging.console.ProgressOperation::getMessage@4 (line 50)
                      ; - org.gradle.internal.logging.console.WorkInProgressRenderer::isRenderable@7 (line 166)
                      ; - org.gradle.internal.logging.console.WorkInProgressRenderer::attach@9 (line 106)
                      ; - org.gradle.internal.logging.console.WorkInProgressRenderer::renderNow@147 (line 191)
  0x00000212b07a5b38: c40d 9aff | baf6 ffff | ff66 6690 

  0x00000212b07a5b44: ;   {runtime_call UncommonTrapBlob}
  0x00000212b07a5b44: c5f8 77e8 

  0x00000212b07a5b48: ; ImmutableOopMap {}
                      ;*arraylength {reexecute=0 rethrow=0 return_oop=0}
                      ; - java.util.ArrayList$Itr::next@38 (line 972)
                      ; - org.gradle.internal.logging.console.WorkInProgressRenderer::renderNow@55 (line 183)
  0x00000212b07a5b48: b40d 9aff | baf4 ffff | ff48 8b6c | 2438 4c8b | 5424 404c | 8954 2420 

  0x00000212b07a5b60: ;   {runtime_call UncommonTrapBlob}
  0x00000212b07a5b60: c5f8 77e8 

  0x00000212b07a5b64: ; ImmutableOopMap {rbp=Oop [32]=Oop [72]=Oop [104]=Oop }
                      ;*checkcast {reexecute=0 rethrow=0 return_oop=0}
                      ; - org.gradle.internal.logging.console.WorkInProgressRenderer::renderNow@60 (line 183)
  0x00000212b07a5b64: 980d 9aff | baf6 ffff | ff66 6690 

  0x00000212b07a5b70: ;   {runtime_call UncommonTrapBlob}
  0x00000212b07a5b70: c5f8 77e8 

  0x00000212b07a5b74: ; ImmutableOopMap {}
                      ;*invokeinterface setVisible {reexecute=0 rethrow=0 return_oop=0}
                      ; - org.gradle.internal.logging.console.WorkInProgressRenderer::renderNow@78 (line 185)
  0x00000212b07a5b74: 880d 9aff | baf6 ffff | ff66 6690 

  0x00000212b07a5b80: ;   {runtime_call UncommonTrapBlob}
  0x00000212b07a5b80: c5f8 77e8 

  0x00000212b07a5b84: ; ImmutableOopMap {}
                      ;*invokeinterface iterator {reexecute=0 rethrow=0 return_oop=0}
                      ; - org.gradle.internal.logging.console.MultiLineBuildProgressArea::setVisible@9 (line 94)
                      ; - org.gradle.internal.logging.console.WorkInProgressRenderer::renderNow@78 (line 185)
  0x00000212b07a5b84: 780d 9aff | baf6 ffff | ff41 8bea 

  0x00000212b07a5b90: ;   {runtime_call UncommonTrapBlob}
  0x00000212b07a5b90: c5f8 77e8 

  0x00000212b07a5b94: ; ImmutableOopMap {rbp=NarrowOop }
                      ;*invokevirtual containsKey {reexecute=0 rethrow=0 return_oop=0}
                      ; - java.util.HashSet::contains@5 (line 205)
                      ; - org.gradle.internal.logging.console.WorkInProgressRenderer::renderNow@96 (line 187)
  0x00000212b07a5b94: 680d 9aff | baf4 ffff | ff66 6690 

  0x00000212b07a5ba0: ;   {runtime_call UncommonTrapBlob}
  0x00000212b07a5ba0: c5f8 77e8 

  0x00000212b07a5ba4: ; ImmutableOopMap {[64]=Oop [104]=NarrowOop [112]=NarrowOop [208]=NarrowOop }
                      ;*checkcast {reexecute=0 rethrow=0 return_oop=0}
                      ; - org.gradle.internal.logging.console.WorkInProgressRenderer::renderNow@290 (line 207)
  0x00000212b07a5ba4: 580d 9aff | baf6 ffff | ff66 6690 

  0x00000212b07a5bb0: ;   {runtime_call UncommonTrapBlob}
  0x00000212b07a5bb0: c5f8 77e8 

  0x00000212b07a5bb4: ; ImmutableOopMap {}
                      ;*getfield labelFormatter {reexecute=1 rethrow=0 return_oop=0}
                      ; - (reexecute) org.gradle.internal.logging.console.WorkInProgressRenderer::access$000@1 (line 40)
                      ; - org.gradle.internal.logging.console.WorkInProgressRenderer$AssociationLabel::renderNow@8 (line 225)
                      ; - org.gradle.internal.logging.console.WorkInProgressRenderer::renderNow@297 (line 208)
  0x00000212b07a5bb4: 480d 9aff | baf6 ffff | ff41 8bea | 4489 4424 | 2066 6690 

  0x00000212b07a5bc8: ;   {runtime_call UncommonTrapBlob}
  0x00000212b07a5bc8: c5f8 77e8 

  0x00000212b07a5bcc: ; ImmutableOopMap {}
                      ;*invokestatic arraycopy {reexecute=0 rethrow=0 return_oop=0}
                      ; - java.lang.AbstractStringBuilder::shift@33 (line 1078)
                      ; - java.lang.AbstractStringBuilder::delete@33 (line 920)
                      ; - java.lang.StringBuilder::delete@3 (line 289)
                      ; - org.gradle.internal.logging.console.DefaultWorkInProgressFormatter::format@72 (line 48)
                      ; - org.gradle.internal.logging.console.WorkInProgressRenderer$AssociationLabel::renderNow@15 (line 225)
                      ; - org.gradle.internal.logging.console.WorkInProgressRenderer::renderNow@297 (line 208)
  0x00000212b07a5bcc: 300d 9aff | baf6 ffff | ff66 6690 

  0x00000212b07a5bd8: ;   {runtime_call UncommonTrapBlob}
  0x00000212b07a5bd8: c5f8 77e8 

  0x00000212b07a5bdc: ; ImmutableOopMap {}
                      ;*invokeinterface getCols {reexecute=0 rethrow=0 return_oop=0}
                      ; - org.gradle.internal.logging.console.DefaultWorkInProgressFormatter::trim@4 (line 64)
                      ; - org.gradle.internal.logging.console.DefaultWorkInProgressFormatter::format@92 (line 53)
                      ; - org.gradle.internal.logging.console.WorkInProgressRenderer$AssociationLabel::renderNow@15 (line 225)
                      ; - org.gradle.internal.logging.console.WorkInProgressRenderer::renderNow@297 (line 208)
  0x00000212b07a5bdc: 200d 9aff | baf6 ffff | ff66 6690 

  0x00000212b07a5be8: ;   {runtime_call UncommonTrapBlob}
  0x00000212b07a5be8: c5f8 77e8 

  0x00000212b07a5bec: ; ImmutableOopMap {}
                      ;*invokeinterface getTerminalSize {reexecute=0 rethrow=0 return_oop=0}
                      ; - org.gradle.internal.nativeintegration.console.NativePlatformConsoleMetaData::getCols@4 (line 44)
                      ; - org.gradle.internal.logging.console.DefaultWorkInProgressFormatter::trim@4 (line 64)
                      ; - org.gradle.internal.logging.console.DefaultWorkInProgressFormatter::format@92 (line 53)
                      ; - org.gradle.internal.logging.console.WorkInProgressRenderer$AssociationLabel::renderNow@15 (line 225)
                      ; - org.gradle.internal.logging.console.WorkInProgressRenderer::renderNow@297 (line 208)
  0x00000212b07a5bec: 100d 9aff | baf6 ffff | ff48 8b6c | 2440 448b | 4c24 6c44 | 894c 2420 | 4c89 5c24 | 404c 8b54 
  0x00000212b07a5c0c: 2458 4c89 | 5424 4844 | 8944 2458 | 448b 5c24 | 6044 895c | 245c 448b | 5424 6444 | 8954 2460 
  0x00000212b07a5c2c: 448b 5c24 | 6844 895c | 2464 6690 

  0x00000212b07a5c38: ;   {runtime_call UncommonTrapBlob}
  0x00000212b07a5c38: c5f8 77e8 

  0x00000212b07a5c3c: ; ImmutableOopMap {rbp=Oop [32]=NarrowOop [40]=Oop [64]=Oop [72]=Oop [88]=NarrowOop [100]=NarrowOop [112]=NarrowOop [120]=Oop [136]=Oop [208]=NarrowOop }
                      ;*invokevirtual ordinal {reexecute=0 rethrow=0 return_oop=0}
                      ; - net.rubygrapefruit.platform.internal.WindowsTerminal::getTerminalSize@27 (line 82)
                      ; - org.gradle.internal.nativeintegration.console.NativePlatformConsoleMetaData::getCols@4 (line 44)
                      ; - org.gradle.internal.logging.console.DefaultWorkInProgressFormatter::trim@4 (line 64)
                      ; - org.gradle.internal.logging.console.DefaultWorkInProgressFormatter::format@92 (line 53)
                      ; - org.gradle.internal.logging.console.WorkInProgressRenderer$AssociationLabel::renderNow@15 (line 225)
                      ; - org.gradle.internal.logging.console.WorkInProgressRenderer::renderNow@297 (line 208)
  0x00000212b07a5c3c: c00c 9aff | baf6 ffff | ff48 8beb 

  0x00000212b07a5c48: ;   {runtime_call UncommonTrapBlob}
  0x00000212b07a5c48: c5f8 77e8 

  0x00000212b07a5c4c: ; ImmutableOopMap {rbp=Oop }
                      ;*invokeinterface setText {reexecute=0 rethrow=0 return_oop=0}
                      ; - org.gradle.internal.logging.console.WorkInProgressRenderer$AssociationLabel::renderNow@18 (line 225)
                      ; - org.gradle.internal.logging.console.WorkInProgressRenderer::renderNow@297 (line 208)
  0x00000212b07a5c4c: b00c 9aff | baf6 ffff | ff66 6690 

  0x00000212b07a5c58: ;   {runtime_call UncommonTrapBlob}
  0x00000212b07a5c58: c5f8 77e8 

  0x00000212b07a5c5c: ; ImmutableOopMap {}
                      ;*invokevirtual hasChildren {reexecute=0 rethrow=0 return_oop=0}
                      ; - org.gradle.internal.logging.console.WorkInProgressRenderer::attach@1 (line 106)
                      ; - org.gradle.internal.logging.console.WorkInProgressRenderer::renderNow@147 (line 191)
  0x00000212b07a5c5c: a00c 9aff | baf6 ffff | ff48 8b6c | 2440 448b | 5424 5844 | 8954 244c | 448b 5424 | 6044 8954 
  0x00000212b07a5c7c: 2450 448b | 5c24 6444 | 895c 2454 

  0x00000212b07a5c88: ;   {runtime_call UncommonTrapBlob}
  0x00000212b07a5c88: c5f8 77e8 

  0x00000212b07a5c8c: ; ImmutableOopMap {rbp=Oop [40]=Oop [56]=Oop [104]=NarrowOop [108]=NarrowOop [112]=NarrowOop [144]=NarrowOop [208]=NarrowOop }
                      ;*newarray {reexecute=1 rethrow=0 return_oop=0}
                      ; - (reexecute) java.util.Arrays::copyOfRange@41 (line 3822)
                      ; - java.lang.StringLatin1::newString@16 (line 769)
                      ; - java.lang.StringBuilder::toString@16 (line 453)
                      ; - org.gradle.internal.logging.console.DefaultWorkInProgressFormatter::trim@40 (line 75)
                      ; - org.gradle.internal.logging.console.DefaultWorkInProgressFormatter::format@92 (line 53)
                      ; - org.gradle.internal.logging.console.WorkInProgressRenderer$AssociationLabel::renderNow@15 (line 225)
                      ; - org.gradle.internal.logging.console.WorkInProgressRenderer::renderNow@297 (line 208)
  0x00000212b07a5c8c: 700c 9aff | 448b d341 | 8bda baf6 | ffff ff8b | eb66 6690 

  0x00000212b07a5ca0: ;   {runtime_call UncommonTrapBlob}
  0x00000212b07a5ca0: c5f8 77e8 

  0x00000212b07a5ca4: ; ImmutableOopMap {}
                      ;*aaload {reexecute=0 rethrow=0 return_oop=0}
                      ; - java.util.ArrayDeque::nonNullElementAt@2 (line 268)
                      ; - java.util.ArrayDeque$DeqIterator::next@28 (line 700)
                      ; - org.gradle.internal.logging.console.WorkInProgressRenderer::renderNow@323 (line 210)
  0x00000212b07a5ca4: 580c 9aff | ba45 ffff | ff48 8b6c | 2440 6690 

  0x00000212b07a5cb4: ;   {runtime_call UncommonTrapBlob}
  0x00000212b07a5cb4: c5f8 77e8 

  0x00000212b07a5cb8: ; ImmutableOopMap {rbp=Oop [112]=NarrowOop [128]=Oop [208]=NarrowOop }
                      ;*ifnonnull {reexecute=1 rethrow=0 return_oop=0}
                      ; - (reexecute) java.util.HashMap$HashIterator::nextNode@28 (line 1598)
                      ; - java.util.HashMap$ValueIterator::next@1 (line 1625)
                      ; - org.gradle.internal.logging.console.WorkInProgressRenderer::renderNow@285 (line 207)
  0x00000212b07a5cb8: 440c 9aff | ba45 ffff | ff48 8b6c | 2440 4489 | 4424 2890 

  0x00000212b07a5ccc: ;   {runtime_call UncommonTrapBlob}
  0x00000212b07a5ccc: c5f8 77e8 

  0x00000212b07a5cd0: ; ImmutableOopMap {rbp=Oop [40]=NarrowOop [104]=NarrowOop [112]=NarrowOop [208]=NarrowOop }
                      ;*ifnull {reexecute=1 rethrow=0 return_oop=0}
                      ; - (reexecute) java.util.HashMap$HashIterator::nextNode@65 (line 1600)
                      ; - java.util.HashMap$ValueIterator::next@1 (line 1625)
                      ; - org.gradle.internal.logging.console.WorkInProgressRenderer::renderNow@285 (line 207)
  0x00000212b07a5cd0: 2c0c 9aff | baf6 ffff | ff66 6690 

  0x00000212b07a5cdc: ;   {runtime_call UncommonTrapBlob}
  0x00000212b07a5cdc: c5f8 77e8 

  0x00000212b07a5ce0: ; ImmutableOopMap {}
                      ;*invokeinterface isEmpty {reexecute=0 rethrow=0 return_oop=0}
                      ; - org.gradle.internal.logging.console.WorkInProgressRenderer::renderNow@4 (line 175)
  0x00000212b07a5ce0: 1c0c 9aff | baf6 ffff | ff66 6690 

  0x00000212b07a5cec: ;   {runtime_call UncommonTrapBlob}
  0x00000212b07a5cec: c5f8 77e8 

  0x00000212b07a5cf0: ; ImmutableOopMap {}
                      ;*invokevirtual ordinal {reexecute=0 rethrow=0 return_oop=0}
                      ; - com.google.common.collect.AbstractIterator::hasNext@25 (line 133)
                      ; - com.google.common.collect.TransformedIterator::hasNext@4 (line 46)
                      ; - com.google.common.collect.Iterators::addAll@13 (line 366)
                      ; - com.google.common.collect.Sets::newHashSet@6 (line 243)
                      ; - com.google.common.collect.Sets::newHashSet@27 (line 226)
                      ; - org.gradle.internal.logging.console.WorkInProgressRenderer::toOperationIdSet@12 (line 81)
                      ; - org.gradle.internal.logging.console.WorkInProgressRenderer::renderNow@23 (line 180)
  0x00000212b07a5cf0: 0c0c 9aff | baf6 ffff | ff66 6690 

  0x00000212b07a5cfc: ;   {runtime_call UncommonTrapBlob}
  0x00000212b07a5cfc: c5f8 77e8 

  0x00000212b07a5d00: ; ImmutableOopMap {}
                      ;*invokeinterface iterator {reexecute=0 rethrow=0 return_oop=0}
                      ; - org.gradle.internal.logging.console.WorkInProgressRenderer::renderNow@39 (line 183)
  0x00000212b07a5d00: fc0b 9aff | baf6 ffff | ff66 6690 

  0x00000212b07a5d0c: ;   {runtime_call UncommonTrapBlob}
  0x00000212b07a5d0c: c5f8 77e8 

  0x00000212b07a5d10: ; ImmutableOopMap {}
                      ;*invokeinterface clear {reexecute=0 rethrow=0 return_oop=0}
                      ; - org.gradle.internal.logging.console.WorkInProgressRenderer::renderNow@255 (line 205)
  0x00000212b07a5d10: ec0b 9aff | baf6 ffff | ff66 6690 

  0x00000212b07a5d1c: ;   {runtime_call UncommonTrapBlob}
  0x00000212b07a5d1c: c5f8 77e8 

  0x00000212b07a5d20: ; ImmutableOopMap {}
                      ;*invokeinterface values {reexecute=0 rethrow=0 return_oop=0}
                      ; - org.gradle.internal.logging.console.WorkInProgressRenderer::renderNow@264 (line 207)
  0x00000212b07a5d20: dc0b 9aff | baf6 ffff | ff66 6690 

  0x00000212b07a5d2c: ;   {runtime_call UncommonTrapBlob}
  0x00000212b07a5d2c: c5f8 77e8 

  0x00000212b07a5d30: ; ImmutableOopMap {}
                      ;*getfield modCount {reexecute=1 rethrow=0 return_oop=0}
                      ; - (reexecute) java.util.HashMap$HashIterator::<init>@11 (line 1580)
                      ; - java.util.HashMap$ValueIterator::<init>@7 (line 1623)
                      ; - java.util.HashMap$Values::iterator@8 (line 1043)
                      ; - org.gradle.internal.logging.console.WorkInProgressRenderer::renderNow@269 (line 207)
  0x00000212b07a5d30: cc0b 9aff | baf6 ffff | ff66 6690 

  0x00000212b07a5d3c: ;   {runtime_call UncommonTrapBlob}
  0x00000212b07a5d3c: c5f8 77e8 

  0x00000212b07a5d40: ; ImmutableOopMap {}
                      ;*invokeinterface iterator {reexecute=0 rethrow=0 return_oop=0}
                      ; - org.gradle.internal.logging.console.WorkInProgressRenderer::renderNow@307 (line 210)
  0x00000212b07a5d40: bc0b 9aff | baf6 ffff | ff66 6690 

  0x00000212b07a5d4c: ;   {runtime_call UncommonTrapBlob}
  0x00000212b07a5d4c: c5f8 77e8 

  0x00000212b07a5d50: ; ImmutableOopMap {}
                      ;*arraylength {reexecute=0 rethrow=0 return_oop=0}
                      ; - java.util.ArrayDeque::size@12 (line 649)
                      ; - java.util.ArrayDeque$DeqIterator::<init>@14 (line 682)
                      ; - java.util.ArrayDeque::iterator@5 (line 670)
                      ; - org.gradle.internal.logging.console.WorkInProgressRenderer::renderNow@307 (line 210)
  0x00000212b07a5d50: ac0b 9aff | baf6 ffff | ff66 6690 

  0x00000212b07a5d5c: ;   {runtime_call UncommonTrapBlob}
  0x00000212b07a5d5c: c5f8 77e8 

  0x00000212b07a5d60: ; ImmutableOopMap {}
                      ;*invokeinterface hasNext {reexecute=0 rethrow=0 return_oop=0}
                      ; - com.google.common.collect.Iterators$5::computeNext@4 (line 671)
                      ; - com.google.common.collect.AbstractIterator::tryToComputeNext@9 (line 145)
                      ; - com.google.common.collect.AbstractIterator::hasNext@61 (line 140)
                      ; - com.google.common.collect.TransformedIterator::hasNext@4 (line 46)
                      ; - com.google.common.collect.Iterators::addAll@13 (line 366)
                      ; - com.google.common.collect.Sets::newHashSet@6 (line 243)
                      ; - com.google.common.collect.Sets::newHashSet@27 (line 226)
                      ; - org.gradle.internal.logging.console.WorkInProgressRenderer::toOperationIdSet@12 (line 81)
                      ; - org.gradle.internal.logging.console.WorkInProgressRenderer::renderNow@23 (line 180)
  0x00000212b07a5d60: 9c0b 9aff | baf6 ffff | ff66 6690 

  0x00000212b07a5d6c: ;   {runtime_call UncommonTrapBlob}
  0x00000212b07a5d6c: c5f8 77e8 

  0x00000212b07a5d70: ; ImmutableOopMap {}
                      ;*getfield size {reexecute=1 rethrow=0 return_oop=0}
                      ; - (reexecute) java.util.ArrayList$Itr::hasNext@8 (line 962)
                      ; - com.google.common.collect.Iterators$5::computeNext@4 (line 671)
                      ; - com.google.common.collect.AbstractIterator::tryToComputeNext@9 (line 145)
                      ; - com.google.common.collect.AbstractIterator::hasNext@61 (line 140)
                      ; - com.google.common.collect.TransformedIterator::hasNext@4 (line 46)
                      ; - com.google.common.collect.Iterators::addAll@13 (line 366)
                      ; - com.google.common.collect.Sets::newHashSet@6 (line 243)
                      ; - com.google.common.collect.Sets::newHashSet@27 (line 226)
                      ; - org.gradle.internal.logging.console.WorkInProgressRenderer::toOperationIdSet@12 (line 81)
                      ; - org.gradle.internal.logging.console.WorkInProgressRenderer::renderNow@23 (line 180)
  0x00000212b07a5d70: 8c0b 9aff | baf4 ffff | ff48 8b6c | 2420 4c8b | 5424 304c | 8954 2428 | c5fa 115c | 2458 c5fa 
  0x00000212b07a5d90: 1144 245c 

  0x00000212b07a5d94: ;   {runtime_call UncommonTrapBlob}
  0x00000212b07a5d94: c5f8 77e8 

  0x00000212b07a5d98: ; ImmutableOopMap {rbp=Oop [40]=Oop [56]=Oop [88]=NarrowOop [92]=NarrowOop [96]=Oop }
                      ;*invokevirtual isInstance {reexecute=0 rethrow=0 return_oop=0}
                      ; - com.google.common.base.Predicates$InstanceOfPredicate::apply@5 (line 505)
                      ; - com.google.common.collect.Iterators$5::computeNext@27 (line 673)
                      ; - com.google.common.collect.AbstractIterator::tryToComputeNext@9 (line 145)
                      ; - com.google.common.collect.AbstractIterator::hasNext@61 (line 140)
                      ; - com.google.common.collect.TransformedIterator::hasNext@4 (line 46)
                      ; - com.google.common.collect.Iterators::addAll@13 (line 366)
                      ; - com.google.common.collect.Sets::newHashSet@6 (line 243)
                      ; - com.google.common.collect.Sets::newHashSet@27 (line 226)
                      ; - org.gradle.internal.logging.console.WorkInProgressRenderer::toOperationIdSet@12 (line 81)
                      ; - org.gradle.internal.logging.console.WorkInProgressRenderer::renderNow@23 (line 180)
  0x00000212b07a5d98: 640b 9aff | baf6 ffff | ff66 6690 

  0x00000212b07a5da4: ;   {runtime_call UncommonTrapBlob}
  0x00000212b07a5da4: c5f8 77e8 

  0x00000212b07a5da8: ; ImmutableOopMap {}
                      ;*invokevirtual ordinal {reexecute=0 rethrow=0 return_oop=0}
                      ; - com.google.common.collect.AbstractIterator::hasNext@25 (line 133)
                      ; - com.google.common.collect.TransformedIterator::hasNext@4 (line 46)
                      ; - com.google.common.collect.Iterators::addAll@13 (line 366)
                      ; - com.google.common.collect.Sets::newHashSet@6 (line 243)
                      ; - com.google.common.collect.Sets::newHashSet@27 (line 226)
                      ; - org.gradle.internal.logging.console.WorkInProgressRenderer::toOperationIdSet@12 (line 81)
                      ; - org.gradle.internal.logging.console.WorkInProgressRenderer::renderNow@23 (line 180)
  0x00000212b07a5da8: 540b 9aff | 458b c244 | 8bd3 418b | d844 8bef | 448b c341 | 8bda 458b | d0ba 45ff | ffff 498b 
  0x00000212b07a5dc8: ee44 895c | 2420 4489 | 4c24 2889 | 5c24 2c44 | 896c 2430 | 4489 5424 | 3466 6690 

  0x00000212b07a5de4: ;   {runtime_call UncommonTrapBlob}
  0x00000212b07a5de4: c5f8 77e8 

  0x00000212b07a5de8: ; ImmutableOopMap {rbp=Oop [32]=NarrowOop [40]=NarrowOop [64]=Oop }
                      ;*ifnonnull {reexecute=1 rethrow=0 return_oop=0}
                      ; - (reexecute) java.util.ArrayDeque::nonNullElementAt@5 (line 269)
                      ; - java.util.ArrayDeque$DeqIterator::next@28 (line 700)
                      ; - org.gradle.internal.logging.console.WorkInProgressRenderer::renderNow@323 (line 210)
  0x00000212b07a5de8: 140b 9aff | baf6 ffff | ff66 6690 

  0x00000212b07a5df4: ;   {runtime_call UncommonTrapBlob}
  0x00000212b07a5df4: c5f8 77e8 

  0x00000212b07a5df8: ; ImmutableOopMap {}
                      ;*invokeinterface hasNext {reexecute=0 rethrow=0 return_oop=0}
                      ; - com.google.common.collect.Iterators$5::computeNext@4 (line 671)
                      ; - com.google.common.collect.AbstractIterator::tryToComputeNext@9 (line 145)
                      ; - com.google.common.collect.AbstractIterator::hasNext@61 (line 140)
                      ; - com.google.common.collect.TransformedIterator::hasNext@4 (line 46)
                      ; - com.google.common.collect.Iterators::addAll@13 (line 366)
                      ; - com.google.common.collect.Sets::newHashSet@6 (line 243)
                      ; - com.google.common.collect.Sets::newHashSet@27 (line 226)
                      ; - org.gradle.internal.logging.console.WorkInProgressRenderer::toOperationIdSet@12 (line 81)
                      ; - org.gradle.internal.logging.console.WorkInProgressRenderer::renderNow@23 (line 180)
  0x00000212b07a5df8: 040b 9aff | baf6 ffff | ff66 6690 

  0x00000212b07a5e04: ;   {runtime_call UncommonTrapBlob}
  0x00000212b07a5e04: c5f8 77e8 

  0x00000212b07a5e08: ; ImmutableOopMap {}
                      ;*getfield size {reexecute=1 rethrow=0 return_oop=0}
                      ; - (reexecute) java.util.ArrayList$Itr::hasNext@8 (line 962)
                      ; - com.google.common.collect.Iterators$5::computeNext@4 (line 671)
                      ; - com.google.common.collect.AbstractIterator::tryToComputeNext@9 (line 145)
                      ; - com.google.common.collect.AbstractIterator::hasNext@61 (line 140)
                      ; - com.google.common.collect.TransformedIterator::hasNext@4 (line 46)
                      ; - com.google.common.collect.Iterators::addAll@13 (line 366)
                      ; - com.google.common.collect.Sets::newHashSet@6 (line 243)
                      ; - com.google.common.collect.Sets::newHashSet@27 (line 226)
                      ; - org.gradle.internal.logging.console.WorkInProgressRenderer::toOperationIdSet@12 (line 81)
                      ; - org.gradle.internal.logging.console.WorkInProgressRenderer::renderNow@23 (line 180)
  0x00000212b07a5e08: f40a 9aff | ba45 ffff | ff49 8bee | 4c89 4424 | 2044 895c | 242c 6690 

  0x00000212b07a5e20: ;   {runtime_call UncommonTrapBlob}
  0x00000212b07a5e20: c5f8 77e8 

  0x00000212b07a5e24: ; ImmutableOopMap {rbp=Oop [32]=Oop [44]=NarrowOop }
                      ;*ifnonnull {reexecute=1 rethrow=0 return_oop=0}
                      ; - (reexecute) java.util.HashMap::values@6 (line 1033)
                      ; - org.gradle.internal.logging.console.WorkInProgressRenderer::renderNow@264 (line 207)
  0x00000212b07a5e24: d80a 9aff | baf4 ffff | ff48 8b6c | 2420 4c8b | 5424 304c | 8954 2428 | 4c8b 5424 | 604c 8954 
  0x00000212b07a5e44: 2450 4489 | 6c24 58c5 | fa11 4c24 | 5cc5 fa11 | 5424 6090 

  0x00000212b07a5e58: ;   {runtime_call UncommonTrapBlob}
  0x00000212b07a5e58: c5f8 77e8 

  0x00000212b07a5e5c: ; ImmutableOopMap {rbp=Oop [40]=Oop [64]=Oop [80]=Oop [92]=NarrowOop [96]=NarrowOop }
                      ;*invokevirtual isInstance {reexecute=0 rethrow=0 return_oop=0}
                      ; - com.google.common.base.Predicates$InstanceOfPredicate::apply@5 (line 505)
                      ; - com.google.common.collect.Iterators$5::computeNext@27 (line 673)
                      ; - com.google.common.collect.AbstractIterator::tryToComputeNext@9 (line 145)
                      ; - com.google.common.collect.AbstractIterator::hasNext@61 (line 140)
                      ; - com.google.common.collect.TransformedIterator::hasNext@4 (line 46)
                      ; - com.google.common.collect.Iterators::addAll@13 (line 366)
                      ; - com.google.common.collect.Sets::newHashSet@6 (line 243)
                      ; - com.google.common.collect.Sets::newHashSet@27 (line 226)
                      ; - org.gradle.internal.logging.console.WorkInProgressRenderer::toOperationIdSet@12 (line 81)
                      ; - org.gradle.internal.logging.console.WorkInProgressRenderer::renderNow@23 (line 180)
  0x00000212b07a5e5c: a00a 9aff | baf6 ffff | ff41 8be9 

  0x00000212b07a5e68: ;   {runtime_call UncommonTrapBlob}
  0x00000212b07a5e68: c5f8 77e8 

  0x00000212b07a5e6c: ; ImmutableOopMap {rbp=NarrowOop }
                      ;*invokevirtual containsKey {reexecute=0 rethrow=0 return_oop=0}
                      ; - java.util.HashSet::contains@5 (line 205)
                      ; - org.gradle.internal.logging.console.WorkInProgressRenderer::renderNow@174 (line 195)
  0x00000212b07a5e6c: 900a 9aff | baf4 ffff | ff48 8b6c | 2438 4c8b | 5424 504c | 8954 2420 | 4c8b 5424 | 484c 8954 
  0x00000212b07a5e8c: 2428 6690 

  0x00000212b07a5e90: ;   {runtime_call UncommonTrapBlob}
  0x00000212b07a5e90: c5f8 77e8 

  0x00000212b07a5e94: ; ImmutableOopMap {rbp=Oop [32]=Oop [40]=Oop [88]=Oop [104]=Oop }
                      ;*checkcast {reexecute=0 rethrow=0 return_oop=0}
                      ; - org.gradle.internal.logging.console.WorkInProgressRenderer::attach@97 (line 127)
                      ; - org.gradle.internal.logging.console.WorkInProgressRenderer::renderNow@147 (line 191)
  0x00000212b07a5e94: 680a 9aff | ba45 ffff | ff48 8b6c | 2438 4c8b | 4c24 504c | 894c 2420 | 4c8b 4c24 | 484c 894c 
  0x00000212b07a5eb4: 2428 4889 | 7424 3044 | 895c 243c | 895c 2440 | 4489 4424 | 4444 8954 | 2448 6690 

  0x00000212b07a5ed0: ;   {runtime_call UncommonTrapBlob}
  0x00000212b07a5ed0: c5f8 77e8 

  0x00000212b07a5ed4: ; ImmutableOopMap {rbp=Oop [32]=Oop [40]=Oop [48]=Oop [60]=NarrowOop [68]=NarrowOop [72]=NarrowOop [104]=Oop }
                      ;*ifnull {reexecute=1 rethrow=0 return_oop=0}
                      ; - (reexecute) java.util.HashMap::getNode@57 (line 569)
                      ; - java.util.HashMap::containsKey@2 (line 594)
                      ; - java.util.HashSet::contains@5 (line 205)
                      ; - org.gradle.internal.logging.console.WorkInProgressRenderer::renderNow@96 (line 187)
  0x00000212b07a5ed4: 280a 9aff | ba45 ffff | ff48 8b6c | 2438 4c8b | 5c24 504c | 895c 2420 | 4c8b 5c24 | 484c 895c 
  0x00000212b07a5ef4: 2428 4889 | 7424 3089 | 5c24 3c44 | 8954 2440 | 448b 5c24 | 6044 895c | 2444 4c89 | 4c24 5844 
  0x00000212b07a5f14: 8944 2460 

  0x00000212b07a5f18: ;   {runtime_call UncommonTrapBlob}
  0x00000212b07a5f18: c5f8 77e8 

  0x00000212b07a5f1c: ; ImmutableOopMap {rbp=Oop [32]=Oop [40]=Oop [48]=Oop [64]=NarrowOop [88]=Oop [96]=NarrowOop [104]=Oop }
                      ;*ifnull {reexecute=1 rethrow=0 return_oop=0}
                      ; - (reexecute) java.util.HashMap::getNode@122 (line 576)
                      ; - java.util.HashMap::containsKey@2 (line 594)
                      ; - java.util.HashSet::contains@5 (line 205)
                      ; - org.gradle.internal.logging.console.WorkInProgressRenderer::renderNow@96 (line 187)
  0x00000212b07a5f1c: e009 9aff | baf6 ffff | ff41 8be9 

  0x00000212b07a5f28: ;   {runtime_call UncommonTrapBlob}
  0x00000212b07a5f28: c5f8 77e8 

  0x00000212b07a5f2c: ; ImmutableOopMap {rbp=NarrowOop }
                      ;*invokevirtual containsKey {reexecute=0 rethrow=0 return_oop=0}
                      ; - java.util.HashSet::contains@5 (line 205)
                      ; - org.gradle.internal.logging.console.WorkInProgressRenderer::renderNow@222 (line 200)
  0x00000212b07a5f2c: d009 9aff | baf6 ffff | ff8b eb44 | 894c 2420 

  0x00000212b07a5f3c: ;   {runtime_call UncommonTrapBlob}
  0x00000212b07a5f3c: c5f8 77e8 

  0x00000212b07a5f40: ; ImmutableOopMap {rbp=NarrowOop [32]=NarrowOop }
                      ;*invokevirtual progress {reexecute=0 rethrow=0 return_oop=0}
                      ; - org.gradle.internal.logging.console.WorkInProgressRenderer::renderNow@244 (line 201)
  0x00000212b07a5f40: bc09 9aff | baf6 ffff | ff41 8be9 

  0x00000212b07a5f4c: ;   {runtime_call UncommonTrapBlob}
  0x00000212b07a5f4c: c5f8 77e8 

  0x00000212b07a5f50: ; ImmutableOopMap {rbp=NarrowOop }
                      ;*invokeinterface get {reexecute=0 rethrow=0 return_oop=0}
                      ; - org.gradle.internal.logging.console.ProgressOperations::progress@5 (line 45)
                      ; - org.gradle.internal.logging.console.WorkInProgressRenderer::renderNow@244 (line 201)
  0x00000212b07a5f50: ac09 9aff | ba45 ffff | ff48 8b6c | 2438 4c8b | 5424 404c | 8954 2420 | 4c8b 5424 | 484c 8954 
  0x00000212b07a5f70: 2428 4889 | 7c24 3044 | 8944 2450 | 894c 2454 | 895c 2458 | 4489 4c24 | 5c66 6690 

  0x00000212b07a5f8c: ;   {runtime_call UncommonTrapBlob}
  0x00000212b07a5f8c: c5f8 77e8 

  0x00000212b07a5f90: ; ImmutableOopMap {rbp=Oop [32]=Oop [40]=Oop [48]=Oop [80]=NarrowOop [88]=NarrowOop [92]=NarrowOop [104]=Oop }
                      ;*ifnull {reexecute=1 rethrow=0 return_oop=0}
                      ; - (reexecute) java.util.HashMap::getNode@57 (line 569)
                      ; - java.util.HashMap::containsKey@2 (line 594)
                      ; - java.util.HashSet::contains@5 (line 205)
                      ; - org.gradle.internal.logging.console.WorkInProgressRenderer::renderNow@174 (line 195)
  0x00000212b07a5f90: 6c09 9aff | ba45 ffff | ff48 8b6c | 2438 4c8b | 5424 404c | 8954 2420 | 4c8b 5424 | 484c 8954 
  0x00000212b07a5fb0: 2428 4889 | 7c24 3044 | 8b54 2460 | 4489 5424 | 384c 8944 | 2450 894c | 2458 895c | 245c 4489 
  0x00000212b07a5fd0: 4c24 6090 

  0x00000212b07a5fd4: ;   {runtime_call UncommonTrapBlob}
  0x00000212b07a5fd4: c5f8 77e8 

  0x00000212b07a5fd8: ; ImmutableOopMap {rbp=Oop [32]=Oop [40]=Oop [48]=Oop [80]=Oop [92]=NarrowOop [96]=NarrowOop [104]=Oop }
                      ;*ifnull {reexecute=1 rethrow=0 return_oop=0}
                      ; - (reexecute) java.util.HashMap::getNode@122 (line 576)
                      ; - java.util.HashMap::containsKey@2 (line 594)
                      ; - java.util.HashSet::contains@5 (line 205)
                      ; - org.gradle.internal.logging.console.WorkInProgressRenderer::renderNow@174 (line 195)
  0x00000212b07a5fd8: 2409 9aff | ba45 ffff | ff48 8b6c | 2438 4c8b | 5424 404c | 8954 2420 | 4c8b 5424 | 484c 8954 
  0x00000212b07a5ff8: 2428 448b | 5424 6044 | 8954 2430 | 448b 4424 | 6444 8944 | 2438 4489 | 5c24 3c89 | 5c24 4844 
  0x00000212b07a6018: 894c 2450 | 4889 4c24 | 5889 7424 | 5489 4424 | 6044 894c | 2464 6690 

  0x00000212b07a6030: ;   {runtime_call UncommonTrapBlob}
  0x00000212b07a6030: c5f8 77e8 

  0x00000212b07a6034: ; ImmutableOopMap {rbp=Oop [32]=Oop [40]=Oop [60]=NarrowOop [72]=NarrowOop [80]=NarrowOop [88]=Oop [96]=NarrowOop [100]=NarrowOop [104]=Oop }
                      ;*ifnull {reexecute=1 rethrow=0 return_oop=0}
                      ; - (reexecute) java.util.HashMap::getNode@122 (line 576)
                      ; - java.util.HashMap::get@2 (line 556)
                      ; - org.gradle.internal.logging.console.ProgressOperations::progress@5 (line 45)
                      ; - org.gradle.internal.logging.console.WorkInProgressRenderer::renderNow@244 (line 201)
  0x00000212b07a6034: c808 9aff | ba45 ffff | ff48 8b6c | 2438 4c8b | 5424 404c | 8954 2420 | 4c8b 5424 | 484c 8954 
  0x00000212b07a6054: 2428 448b | 5424 6044 | 8954 2430 | 4489 5c24 | 3c89 5c24 | 4844 894c | 2450 8944 | 2454 8974 
  0x00000212b07a6074: 2458 4489 | 6c24 5c44 | 894c 2460 

  0x00000212b07a6080: ;   {runtime_call UncommonTrapBlob}
  0x00000212b07a6080: c5f8 77e8 

  0x00000212b07a6084: ; ImmutableOopMap {rbp=Oop [32]=Oop [40]=Oop [60]=NarrowOop [72]=NarrowOop [80]=NarrowOop [84]=NarrowOop [92]=NarrowOop [96]=NarrowOop [104]=Oop }
                      ;*ifnull {reexecute=1 rethrow=0 return_oop=0}
                      ; - (reexecute) java.util.HashMap::getNode@57 (line 569)
                      ; - java.util.HashMap::get@2 (line 556)
                      ; - org.gradle.internal.logging.console.ProgressOperations::progress@5 (line 45)
                      ; - org.gradle.internal.logging.console.WorkInProgressRenderer::renderNow@244 (line 201)
  0x00000212b07a6084: 7808 9aff | ba45 ffff | ff48 8b6c | 2438 4c8b | 5424 404c | 8954 2420 | 4c8b 5424 | 484c 8954 
  0x00000212b07a60a4: 2428 4889 | 7424 3044 | 8944 2450 | 895c 2454 | 897c 2458 | 4489 4c24 | 5c66 6690 

  0x00000212b07a60c0: ;   {runtime_call UncommonTrapBlob}
  0x00000212b07a60c0: c5f8 77e8 

  0x00000212b07a60c4: ; ImmutableOopMap {rbp=Oop [32]=Oop [40]=Oop [48]=Oop [80]=NarrowOop [88]=NarrowOop [92]=NarrowOop [104]=Oop }
                      ;*ifnull {reexecute=1 rethrow=0 return_oop=0}
                      ; - (reexecute) java.util.HashMap::getNode@57 (line 569)
                      ; - java.util.HashMap::containsKey@2 (line 594)
                      ; - java.util.HashSet::contains@5 (line 205)
                      ; - org.gradle.internal.logging.console.WorkInProgressRenderer::renderNow@222 (line 200)
  0x00000212b07a60c4: 3808 9aff | ba45 ffff | ff48 8b6c | 2438 4c8b | 5424 404c | 8954 2420 | 4c8b 5424 | 484c 8954 
  0x00000212b07a60e4: 2428 4889 | 7424 3044 | 8b54 2460 | 4489 5424 | 384c 8944 | 2450 895c | 2458 897c | 245c 4489 
  0x00000212b07a6104: 4c24 6090 

  0x00000212b07a6108: ;   {runtime_call UncommonTrapBlob}
  0x00000212b07a6108: c5f8 77e8 

  0x00000212b07a610c: ; ImmutableOopMap {rbp=Oop [32]=Oop [40]=Oop [48]=Oop [80]=Oop [92]=NarrowOop [96]=NarrowOop [104]=Oop }
                      ;*ifnull {reexecute=1 rethrow=0 return_oop=0}
                      ; - (reexecute) java.util.HashMap::getNode@122 (line 576)
                      ; - java.util.HashMap::containsKey@2 (line 594)
                      ; - java.util.HashSet::contains@5 (line 205)
                      ; - org.gradle.internal.logging.console.WorkInProgressRenderer::renderNow@222 (line 200)
  0x00000212b07a610c: f007 9aff | 498b cb48 | 8d94 24e0 | 0000 004d | 8bc7 c5f8 | 7749 ba40 | bf97 fefe | 7f00 0041 
  0x00000212b07a612c: ffd2 e9c1 | 0100 00e9 | c101 0000 | 488b d0e9 | bc01 0000 | 488b d0e9 | b401 0000 | 488b d0e9 
  0x00000212b07a614c: ac01 0000 | 488b d0e9 | a401 0000 | 488b d0e9 | 9c01 0000 | 488b d0e9 | 9401 0000 | 488b d0e9 
  0x00000212b07a616c: 8c01 0000 | 488b d0e9 | 8401 0000 | 488b d8e9 | 7401 0000 | eb00 488b | d0e9 7201 | 0000 488b 
  0x00000212b07a618c: d8e9 6201 | 0000 488b | d8e9 5a01 | 0000 488b | d0e9 5a01 | 0000 488b | d8e9 a700 | 0000 488b 
  0x00000212b07a61ac: d8e9 9f00 | 0000 488b | d0e9 4201 | 0000 488b | d0e9 3a01 | 0000 488b | d0e9 3201 | 0000 488b 
  0x00000212b07a61cc: d0e9 2a01 | 0000 488b | d0e9 2201 | 0000 e91a | 0100 00e9 | 1501 0000 | 488b d0e9 | 1001 0000 
  0x00000212b07a61ec: 488b d0e9 | 0801 0000 | 488b d8e9 | f800 0000 | 488b d0e9 | f800 0000 | 488b d0e9 | f000 0000 
  0x00000212b07a620c: 488b d0e9 | e800 0000 | 488b d0e9 | e000 0000 | e9d8 0000 | 00e9 d300 | 0000 e9ce | 0000 00e9 
  0x00000212b07a622c: c900 0000 | e9c4 0000 | 00e9 bf00 | 0000 eb02 | eb00 488b | d0e9 b600 | 0000 488b | d0e9 ae00 
  0x00000212b07a624c: 0000 488b | d84c 8b5c | 2420 488d | 8424 e000 | 0000 4881 | 3800 0000 | 000f 8483 | 0000 004d 
  0x00000212b07a626c: 8b13 49f7 | c202 0000 | 0074 6f49 | 81ba 8600 | 0000 0000 | 0000 7409 | 49ff 8a86 | 0000 00eb 
  0x00000212b07a628c: 5149 8b82 | 9600 0000 | 490b 828e | 0000 0075 | 0a49 c742 | 3e00 0000 | 00eb 4749 | 81ba 9e00 
  0x00000212b07a62ac: 0000 0000 | 0000 7425 | 4833 c049 | c742 3e00 | 0000 00f0 | 8304 2400 | 4981 ba9e | 0000 0000 
  0x00000212b07a62cc: 0000 0075 | 0df0 4d0f | b17a 3e75 | 0583 c801 | eb10 f7c0 | 0000 0000 | eb08 4c8b | 10f0 4d0f 
  0x00000212b07a62ec: b113 0f85 | 1cfe ffff | 488b d3eb | 0348 8bd0 | c5f8 7748 | 81c4 f000 

  0x00000212b07a6304: ;   {runtime_call _rethrow_Java}
  0x00000212b07a6304: 0000 5de9 | 746b a4ff 

  0x00000212b07a630c: ;   {internal_word}
  0x00000212b07a630c: 49ba 8022 | 7ab0 1202 | 0000 4d89 | 9768 0300 

  0x00000212b07a631c: ;   {runtime_call SafepointBlob}
  0x00000212b07a631c: 00e9 de16 | 9aff f4f4 | f4f4 f4f4 | f4f4 f4f4 | f4f4 f4f4 | f4f4 f4f4 | f4f4 f4f4 | f4f4 f4f4 
  0x00000212b07a633c: f4f4 f4f4 
[Stub Code]
  0x00000212b07a6340: ;   {no_reloc}
  0x00000212b07a6340: 48bb 0000 | 0000 0000 

  0x00000212b07a6348: ;   {runtime_call}
  0x00000212b07a6348: 0000 e9fb 

  0x00000212b07a634c: ;   {static_stub}
  0x00000212b07a634c: ffff ff48 | bb00 0000 | 0000 0000 

  0x00000212b07a6358: ;   {runtime_call}
  0x00000212b07a6358: 00e9 fbff 

  0x00000212b07a635c: ;   {static_stub}
  0x00000212b07a635c: ffff 48bb | 0000 0000 | 0000 0000 

  0x00000212b07a6368: ;   {runtime_call}
  0x00000212b07a6368: e9fb ffff 

  0x00000212b07a636c: ;   {static_stub}
  0x00000212b07a636c: ff48 bb00 | 0000 0000 

  0x00000212b07a6374: ;   {runtime_call}
  0x00000212b07a6374: 0000 00e9 | fbff ffff 

  0x00000212b07a637c: ;   {static_stub}
  0x00000212b07a637c: 48bb 109c | 5efc 1202 

  0x00000212b07a6384: ;   {runtime_call I2C/C2I adapters}
  0x00000212b07a6384: 0000 e95e 

  0x00000212b07a6388: ;   {static_stub}
  0x00000212b07a6388: 2a97 ff48 | bb00 0000 | 0000 0000 

  0x00000212b07a6394: ;   {runtime_call}
  0x00000212b07a6394: 00e9 fbff 

  0x00000212b07a6398: ;   {static_stub}
  0x00000212b07a6398: ffff 48bb | 0000 0000 | 0000 0000 

  0x00000212b07a63a4: ;   {runtime_call}
  0x00000212b07a63a4: e9fb ffff 

  0x00000212b07a63a8: ;   {static_stub}
  0x00000212b07a63a8: ff48 bb00 | 0000 0000 

  0x00000212b07a63b0: ;   {runtime_call}
  0x00000212b07a63b0: 0000 00e9 | fbff ffff 

  0x00000212b07a63b8: ;   {static_stub}
  0x00000212b07a63b8: 48bb 789e | 5efc 1202 

  0x00000212b07a63c0: ;   {runtime_call I2C/C2I adapters}
  0x00000212b07a63c0: 0000 e996 

  0x00000212b07a63c4: ;   {static_stub}
  0x00000212b07a63c4: 029a ff48 | bb38 2a5e | fc12 0200 

  0x00000212b07a63d0: ;   {runtime_call I2C/C2I adapters}
  0x00000212b07a63d0: 00e9 8702 

  0x00000212b07a63d4: ;   {static_stub}
  0x00000212b07a63d4: 9aff 48bb | 0000 0000 | 0000 0000 

  0x00000212b07a63e0: ;   {runtime_call}
  0x00000212b07a63e0: e9fb ffff 

  0x00000212b07a63e4: ;   {static_stub}
  0x00000212b07a63e4: ff48 bb00 | 0000 0000 

  0x00000212b07a63ec: ;   {runtime_call}
  0x00000212b07a63ec: 0000 00e9 | fbff ffff 

  0x00000212b07a63f4: ;   {static_stub}
  0x00000212b07a63f4: 48bb 0000 | 0000 0000 

  0x00000212b07a63fc: ;   {runtime_call}
  0x00000212b07a63fc: 0000 e9fb 

  0x00000212b07a6400: ;   {static_stub}
  0x00000212b07a6400: ffff ff48 | bb00 0000 | 0000 0000 

  0x00000212b07a640c: ;   {runtime_call}
  0x00000212b07a640c: 00e9 fbff 

  0x00000212b07a6410: ;   {static_stub}
  0x00000212b07a6410: ffff 48bb | 0000 0000 | 0000 0000 

  0x00000212b07a641c: ;   {runtime_call}
  0x00000212b07a641c: e9fb ffff 

  0x00000212b07a6420: ;   {static_stub}
  0x00000212b07a6420: ff48 bb00 | 0000 0000 

  0x00000212b07a6428: ;   {runtime_call}
  0x00000212b07a6428: 0000 00e9 | fbff ffff 

  0x00000212b07a6430: ;   {static_stub}
  0x00000212b07a6430: 48bb 0000 | 0000 0000 

  0x00000212b07a6438: ;   {runtime_call}
  0x00000212b07a6438: 0000 e9fb 

  0x00000212b07a643c: ;   {runtime_call ExceptionBlob}
  0x00000212b07a643c: ffff ffe9 | 3cdc a3ff 
[Deopt Handler Code]
  0x00000212b07a6444: e800 0000 | 0048 832c 

  0x00000212b07a644c: ;   {runtime_call DeoptimizationBlob}
  0x00000212b07a644c: 2405 e94d | 089a fff4 | f4f4 f4f4 
[/MachCode]


Compiled method (c2)  495222 2230       4       org.gradle.internal.logging.console.WorkInProgressRenderer::onOutput (53 bytes)
 total in heap  [0x00000212b07b4710,0x00000212b07b7610] = 12032
 relocation     [0x00000212b07b4868,0x00000212b07b4a48] = 480
 main code      [0x00000212b07b4a60,0x00000212b07b5fc0] = 5472
 stub code      [0x00000212b07b5fc0,0x00000212b07b60a8] = 232
 oops           [0x00000212b07b60a8,0x00000212b07b60d0] = 40
 metadata       [0x00000212b07b60d0,0x00000212b07b62b8] = 488
 scopes data    [0x00000212b07b62b8,0x00000212b07b6cb8] = 2560
 scopes pcs     [0x00000212b07b6cb8,0x00000212b07b71e8] = 1328
 dependencies   [0x00000212b07b71e8,0x00000212b07b7250] = 104
 handler table  [0x00000212b07b7250,0x00000212b07b7550] = 768
 nul chk table  [0x00000212b07b7550,0x00000212b07b7610] = 192

[Constant Pool (empty)]

[MachCode]
[Entry Point]
  # {method} {0x00000212fc5e2538} 'onOutput' '(Lorg/gradle/internal/logging/events/OutputEvent;)V' in 'org/gradle/internal/logging/console/WorkInProgressRenderer'
  # this:     rdx:rdx   = 'org/gradle/internal/logging/console/WorkInProgressRenderer'
  # parm0:    r8:r8     = 'org/gradle/internal/logging/events/OutputEvent'
  #           [sp+0xb0]  (sp of caller)
  0x00000212b07b4a60: 448b 5208 | 49bb 0000 | 00bb 1202 | 0000 4d03 | d349 3bc2 

  0x00000212b07b4a74: ;   {runtime_call ic_miss_stub}
  0x00000212b07b4a74: 0f85 06c6 | 98ff 6690 | 0f1f 4000 
[Verified Entry Point]
  0x00000212b07b4a80: 8984 2400 | 90ff ff55 | 4881 eca0 | 0000 004c | 8944 2448 | 488b da44 | 8b5a 2045 

  0x00000212b07b4a9c: ;   {metadata('java/util/ArrayList')}
  0x00000212b07b4a9c: 8b53 0841 | 81fa 20df | 0000 0f85 | e40f 0000 | 4d8b eb45 | 8b5d 1441 | ff45 0c45 | 8b43 0c41 
  0x00000212b07b4abc: 8b6d 108b | fdff c741 | 3be8 0f84 | 0d06 0000 | 498b c344 | 8b50 0c41 | 3bea 0f83 | 8d0f 0000 
  0x00000212b07b4adc: 448b 5008 

  0x00000212b07b4ae0: ;   {metadata('java/lang/Object'[])}
  0x00000212b07b4ae0: 4181 fa28 | 1500 000f | 85bb 0f00 | 0048 8d6c | a810 4180 | 7f38 000f | 8514 0b00 | 004c 8bd5 
  0x00000212b07b4b00: 488b 7424 | 484c 8bde | 4489 5d00 | 4c8b de4d | 33da 49c1 | eb14 4d85 | db74 1f48 | 85f6 741a 
  0x00000212b07b4b20: 49c1 ea09 | 48b9 0000 | e89f 1202 | 0000 4903 | ca80 3904 | 0f85 0a0b | 0000 4189 | 7d10 448b 
  0x00000212b07b4b40: ;   {metadata('org/gradle/internal/logging/events/UpdateNowEvent')}
  0x00000212b07b4b40: 4e08 4181 | f968 ab0a | 010f 85ef | 0300 0044 | 894c 2428 | 4889 7424 | 2048 8beb 

  0x00000212b07b4b5c: ;   {optimized virtual_call}
  0x00000212b07b4b5c: 488b d3e8 

  0x00000212b07b4b60: ; ImmutableOopMap {rbp=Oop [32]=Oop }
                      ;*invokespecial renderNow {reexecute=0 rethrow=0 return_oop=0}
                      ; - org.gradle.internal.logging.console.WorkInProgressRenderer::onOutput@19 (line 71)
  0x00000212b07b4b60: 3cac feff | 488b dd48 | 8b74 2420 | 448b 4c24 | 2844 8b5b | 0c45 8b53 

  0x00000212b07b4b78: ;   {metadata('org/gradle/internal/logging/console/BuildLogLevelFilterRenderer')}
  0x00000212b07b4b78: 0841 81fa | 2094 0a01 | 0f85 3e0f | 0000 4489 | 4c24 2848 | 8974 2420 | 498b eb48 | 8bd6 6666 
  0x00000212b07b4b98: 9048 b8ff | ffff ffff 

  0x00000212b07b4ba0: ;   {virtual_call}
  0x00000212b07b4ba0: ffff ffe8 

  0x00000212b07b4ba4: ; ImmutableOopMap {rbp=Oop [32]=Oop }
                      ;*invokevirtual getLogLevel {reexecute=0 rethrow=0 return_oop=1}
                      ; - org.gradle.internal.logging.console.BuildLogLevelFilterRenderer::onOutput@1 (line 34)
                      ; - org.gradle.internal.logging.console.WorkInProgressRenderer::onOutput@47 (line 76)
  0x00000212b07b4ba4: 7893 a3ff | 4885 c074 | 3548 8b54 | 2420 6666 | 9048 b8ff | ffff ffff 

  0x00000212b07b4bbc: ;   {virtual_call}
  0x00000212b07b4bbc: ffff ffe8 

  0x00000212b07b4bc0: ; ImmutableOopMap {rbp=Oop [32]=Oop }
                      ;*invokevirtual getLogLevel {reexecute=0 rethrow=0 return_oop=1}
                      ; - org.gradle.internal.logging.console.BuildLogLevelFilterRenderer::onOutput@8 (line 34)
                      ; - org.gradle.internal.logging.console.WorkInProgressRenderer::onOutput@47 (line 76)
  0x00000212b07b4bc0: 5c93 a3ff | 448b 5d10 

  0x00000212b07b4bc8: ; implicit exception: dispatches to 0x00000212b07b5e3c
  0x00000212b07b4bc8: 448b 400c | 4585 db0f | 8413 0f00 | 0045 2b43 | 0c45 85c0 | 0f8c 340f | 0000 448b 

  0x00000212b07b4be4: ;   {metadata('org/gradle/internal/logging/events/LogLevelChangeEvent')}
  0x00000212b07b4be4: 5424 2841 | 81fa 4835 | 0101 0f84 | 900e 0000 | 448b 450c 

  0x00000212b07b4bf8: ; implicit exception: dispatches to 0x00000212b07b5e20
  0x00000212b07b4bf8: 458b 5808 

  0x00000212b07b4bfc: ;   {metadata('org/gradle/internal/logging/sink/GroupingProgressLogEventGenerator')}
  0x00000212b07b4bfc: 4181 fb48 | 960a 010f | 85cf 0e00 | 0049 8bc8 | 8b59 2048 

  0x00000212b07b4c10: ;   {metadata('org/gradle/internal/logging/events/ProgressStartEvent')}
  0x00000212b07b4c10: 8bd3 4181 | fae8 8a01 | 010f 8539 | 0300 0048 | 8b44 2420 | 448b 403c 

  0x00000212b07b4c28: ; implicit exception: dispatches to 0x00000212b07b5e30
  0x00000212b07b4c28: 450f b650 | 148b 6828 | 440f b658 | 208b 7824 | 488b f745 | 85db 0f84 | 4d03 0000 | 4585 d20f 
  0x00000212b07b4c48: 8441 0300 | 004d 8b9f | 0801 0000 | 4d8b cb49 | 83c1 404d | 3b8f 1801 | 0000 0f83 | 0c0d 0000 
  0x00000212b07b4c68: 4d89 8f08 | 0100 0041 | 0f18 8100 | 0100 0049 | c703 0100 

  0x00000212b07b4c7c: ;   {metadata('org/gradle/internal/logging/sink/GroupingProgressLogEventGenerator$OperationGroup')}
  0x00000212b07b4c7c: 0000 41c7 | 4308 a823 | 1501 4589 | 630c 4d89 | 6310 4d89 | 6318 4d89 | 6320 4d89 | 6328 4d89 
  0x00000212b07b4c9c: 6330 4d89 | 6338 4889 | 4c24 2889 | 5c24 2048 | 8954 2440 | 4889 4424 | 3044 8944 | 243c 4489 
  0x00000212b07b4cbc: 5424 3889 | 7c24 2448 | 8974 2448 | 4189 6b0c | 448b 4424 | 2445 8943 | 104c 895c | 2450 4c8b 
  0x00000212b07b4cdc: 5c24 3045 | 8b53 0c45 | 8b43 2c4d | 8b5b 104c | 895c 2460 | 4d8b da4c | 895c 2468 | 4489 5424 
  0x00000212b07b4cfc: 584d 8bd0 | 4c89 5424 | 7044 8944 | 245c 448b | 5424 3c49 | 8bea 4c8b | 5424 284c | 8b5c 2450 
  0x00000212b07b4d1c: 4589 5338 

  0x00000212b07b4d20: ;   {oop(""{0x00000000fc1494f0})}
  0x00000212b07b4d20: 41c7 432c | f094 14fc 

  0x00000212b07b4d28: ;   {oop(""{0x00000000fc1494f0})}
  0x00000212b07b4d28: 4d8b d348 | bbf0 9414 | fc00 0000 | 004c 8bdb | 4d33 da49 | c1eb 144d | 85db 741a | 49c1 ea09 
  0x00000212b07b4d48: 48b9 0000 | e89f 1202 | 0000 4903 | ca80 3904 | 0f85 120b | 0000 4180 | 7f38 000f | 85f9 0900 
  0x00000212b07b4d68: 004c 8b54 

  0x00000212b07b4d6c: ;   {oop(""{0x00000000fc1494f0})}
  0x00000212b07b4d6c: 2450 41c7 | 4230 f094 | 14fc 4c8b | d34c 8b5c | 2450 4d33 | d349 c1ea | 144d 85d2 | 741a 49c1 
  0x00000212b07b4d8c: eb09 48b9 | 0000 e89f | 1202 0000 | 4903 cb80 | 3904 0f85 | 400a 0000 | 4d8b 8708 | 0100 004d 
  0x00000212b07b4dac: 8bd0 4983 | c218 4d3b | 9718 0100 | 000f 839d | 0b00 004d | 8997 0801 | 0000 410f | 1882 0001 
  0x00000212b07b4dcc: 0000 49c7 | 0001 0000 

  0x00000212b07b4dd4: ;   {metadata('java/util/ArrayList')}
  0x00000212b07b4dd4: 0041 c740 | 0820 df00 | 0045 8960 | 0c45 8960 

  0x00000212b07b4de4: ;   {oop(a 'java/lang/Object'[0] {0x00000000fc13b538})}
  0x00000212b07b4de4: 1041 c740 | 1438 b513 | fc41 807f | 3800 0f85 | 3009 0000 | 4d8b d84c | 8b54 2450 | 4589 5a34 
  0x00000212b07b4e04: 4d8b d84d | 33da 49c1 | eb14 4d85 | db74 1a49 | c1ea 0948 | b900 00e8 | 9f12 0200 | 0049 03ca 
  0x00000212b07b4e24: 8039 040f | 85fd 0900 | 0041 807f | 3800 0f85 | b808 0000 | 488b 5c24 | 5044 8b4c | 2458 4489 
  0x00000212b07b4e44: 4b20 4c8b | 5424 684c | 8bdb 4d33 | d349 c1ea | 144d 85d2 | 741f 4585 | c974 1a49 | c1eb 0948 
  0x00000212b07b4e64: b900 00e8 | 9f12 0200 | 0049 03cb | 8039 040f | 853d 0a00 | 0041 807f | 3800 0f85 | 0608 0000 
  0x00000212b07b4e84: 448b 4424 | 5c44 8943 | 244c 8b54 | 2460 4c89 | 5318 4c8b | 5424 704c | 8bdb 4d33 | d349 c1ea 
  0x00000212b07b4ea4: 144d 85d2 | 741f 4585 | c074 1a49 | c1eb 0948 | b900 00e8 | 9f12 0200 | 0049 03cb | 8039 040f 
  0x00000212b07b4ec4: 8533 0a00 | 0041 807f | 3800 0f85 | e907 0000 | 448b 5c24 | 3c44 895b | 284c 8bd5 | 4c8b db4d 
  0x00000212b07b4ee4: 33d3 49c1 | ea14 4d85 | d274 1b49 | c1eb 0949 | b800 00e8 | 9f12 0200 | 004d 03c3 | 4180 3804 
  0x00000212b07b4f04: 0f85 9008 | 0000 488b | 5424 404c | 8b44 2448 | 4c8b cb66 | 9048 b8a0 | 480b bb12 

  0x00000212b07b4f20: ;   {virtual_call}
  0x00000212b07b4f20: 0200 00e8 

  0x00000212b07b4f24: ; ImmutableOopMap {[40]=Oop [48]=Oop }
                      ;*invokeinterface put {reexecute=0 rethrow=0 return_oop=1}
                      ; - org.gradle.internal.logging.sink.GroupingProgressLogEventGenerator::onStart@58 (line 91)
                      ; - org.gradle.internal.logging.sink.GroupingProgressLogEventGenerator::onOutput@12 (line 72)
                      ; - org.gradle.internal.logging.console.BuildLogLevelFilterRenderer::onOutput@47 (line 41)
                      ; - org.gradle.internal.logging.console.WorkInProgressRenderer::onOutput@47 (line 76)
  0x00000212b07b4f24: 9882 6ff8 | 4881 c4a0 | 0000 005d 

  0x00000212b07b4f30: ;   {poll_return}
  0x00000212b07b4f30: 493b a750 | 0300 000f | 8767 1000 

  0x00000212b07b4f3c: ;   {metadata('org/gradle/internal/logging/events/EndOutputEvent')}
  0x00000212b07b4f3c: 00c3 4181 | f958 3901 | 010f 8526 | fcff ffba | 45ff ffff 

  0x00000212b07b4f50: ;   {runtime_call UncommonTrapBlob}
  0x00000212b07b4f50: 488b ebe8 

  0x00000212b07b4f54: ; ImmutableOopMap {rbp=Oop [72]=Oop }
                      ;*ifeq {reexecute=1 rethrow=0 return_oop=0}
                      ; - (reexecute) org.gradle.internal.logging.console.WorkInProgressRenderer::onOutput@29 (line 72)
  0x00000212b07b4f54: a819 99ff | 49bb 0000 | 00bb 1202 | 0000 4d03 | da4d 8b5b 

  0x00000212b07b4f68: ;   {metadata('org/gradle/internal/logging/events/RenderableOutputEvent')}
  0x00000212b07b4f68: 4849 b8b8 | 8d01 bc12 | 0200 004d | 3bd8 0f85 | 9c01 0000 | 4c8b 4424 | 2048 8bd1 

  0x00000212b07b4f84: ;   {optimized virtual_call}
  0x00000212b07b4f84: 6666 90e8 

  0x00000212b07b4f88: ; ImmutableOopMap {}
                      ;*invokespecial handleOutput {reexecute=0 rethrow=0 return_oop=0}
                      ; - org.gradle.internal.logging.sink.GroupingProgressLogEventGenerator::onOutput@30 (line 74)
                      ; - org.gradle.internal.logging.console.BuildLogLevelFilterRenderer::onOutput@47 (line 41)
                      ; - org.gradle.internal.logging.console.WorkInProgressRenderer::onOutput@47 (line 76)
  0x00000212b07b4f88: 4310 0000 | eb9a 4533 | d24d 8b8f | 0801 0000 | 4d8b d949 | 83c3 184d | 3b9f 1801 | 0000 0f83 
  0x00000212b07b4fa8: 080a 0000 | 4d89 9f08 | 0100 0041 | 0f18 8300 | 0100 0049 | c701 0100 

  0x00000212b07b4fc0: ;   {metadata('org/gradle/internal/logging/sink/GroupingProgressLogEventGenerator$OperationState')}
  0x00000212b07b4fc0: 0000 41c7 | 4108 e05a | 1301 4589 | 610c 4d89 | 6110 4889 | 4c24 2048 | 8954 2428 | 4889 4424 
  0x00000212b07b4fe0: 3044 8954 | 2438 896c | 243c 897c | 2440 4889 | 7424 4844 | 8b54 243c | 4589 510c | 448b 5c24 
  0x00000212b07b5000: 4045 8959 | 1048 8b54 | 2428 4c8b | 4424 4866 | 9048 b8a0 | 480b bb12 

  0x00000212b07b5018: ;   {virtual_call}
  0x00000212b07b5018: 0200 00e8 

  0x00000212b07b501c: ; ImmutableOopMap {[32]=Oop [48]=Oop }
                      ;*invokeinterface put {reexecute=0 rethrow=0 return_oop=1}
                      ; - org.gradle.internal.logging.sink.GroupingProgressLogEventGenerator::onStart@84 (line 93)
                      ; - org.gradle.internal.logging.sink.GroupingProgressLogEventGenerator::onOutput@12 (line 72)
                      ; - org.gradle.internal.logging.console.BuildLogLevelFilterRenderer::onOutput@47 (line 41)
                      ; - org.gradle.internal.logging.console.WorkInProgressRenderer::onOutput@47 (line 76)
  0x00000212b07b501c: a081 6ff8 | 448b 5424 | 3845 85d2 | 0f85 fafe | ffff 4c8b | 5424 3045 | 8b52 3049 

  0x00000212b07b5038: ;   {static_call}
  0x00000212b07b5038: 8bd2 90e8 

  0x00000212b07b503c: ; ImmutableOopMap {[32]=Oop [48]=Oop }
                      ;*invokestatic isTrue {reexecute=0 rethrow=0 return_oop=0}
                      ; - org.gradle.internal.logging.sink.GroupingProgressLogEventGenerator::onStart@98 (line 98)
                      ; - org.gradle.internal.logging.sink.GroupingProgressLogEventGenerator::onOutput@12 (line 72)
                      ; - org.gradle.internal.logging.console.BuildLogLevelFilterRenderer::onOutput@47 (line 41)
                      ; - org.gradle.internal.logging.console.WorkInProgressRenderer::onOutput@47 (line 76)
  0x00000212b07b503c: e0d9 faff | 85c0 0f84 | e0fe ffff | 498b 8708 | 0100 004c | 8bd0 4983 | c228 4d3b | 9718 0100 
  0x00000212b07b505c: 000f 83f2 | 0900 004d | 8997 0801 | 0000 410f | 1882 0001 | 0000 48c7 | 0001 0000 

  0x00000212b07b5078: ;   {metadata('org/gradle/internal/logging/events/LogEvent')}
  0x00000212b07b5078: 00c7 4008 | 40f9 0801 | 4489 600c | 4c89 6010 | 4c89 6018 | 4c89 6020 | 488b e84c | 8b54 2430 
  0x00000212b07b5098: 458b 5a30 | 4d8b 4210 | 418b 5a18 | 458b 520c | 498b f34d | 8bca 488b | fb48 8bd5 | 33c9 4533 
  0x00000212b07b50b8: d24c 8914 

  0x00000212b07b50bc: ;   {optimized virtual_call}
  0x00000212b07b50bc: 2466 90e8 

  0x00000212b07b50c0: ; ImmutableOopMap {rbp=Oop [32]=Oop }
                      ;*invokespecial <init> {reexecute=0 rethrow=0 return_oop=0}
                      ; - org.gradle.internal.logging.sink.GroupingProgressLogEventGenerator::onStart@127 (line 99)
                      ; - org.gradle.internal.logging.sink.GroupingProgressLogEventGenerator::onOutput@12 (line 72)
                      ; - org.gradle.internal.logging.console.BuildLogLevelFilterRenderer::onOutput@47 (line 41)
                      ; - org.gradle.internal.logging.console.WorkInProgressRenderer::onOutput@47 (line 76)
  0x00000212b07b50c0: bcc2 98ff | 488b 5424 | 204c 8bc5 

  0x00000212b07b50cc: ;   {optimized virtual_call}
  0x00000212b07b50cc: 6666 90e8 

  0x00000212b07b50d0: ; ImmutableOopMap {}
                      ;*invokespecial onUngroupedOutput {reexecute=0 rethrow=0 return_oop=0}
                      ; - org.gradle.internal.logging.sink.GroupingProgressLogEventGenerator::onStart@130 (line 99)
                      ; - org.gradle.internal.logging.sink.GroupingProgressLogEventGenerator::onOutput@12 (line 72)
                      ; - org.gradle.internal.logging.console.BuildLogLevelFilterRenderer::onOutput@47 (line 41)
                      ; - org.gradle.internal.logging.console.WorkInProgressRenderer::onOutput@47 (line 76)
  0x00000212b07b50d0: acc2 98ff | e94f feff | ff89 7c24 | 304c 896c | 2428 4889 | 5424 2049 | 8bd5 448b | c74c 8b54 
  0x00000212b07b50f0: 2448 4c89 

  0x00000212b07b50f4: ;   {optimized virtual_call}
  0x00000212b07b50f4: 5424 40e8 

  0x00000212b07b50f8: ; ImmutableOopMap {[32]=Oop [40]=Oop [64]=Oop [72]=Oop }
                      ;*invokevirtual grow {reexecute=0 rethrow=0 return_oop=1}
                      ; - java.util.ArrayList::grow@7 (line 244)
                      ; - java.util.ArrayList::add@7 (line 454)
                      ; - java.util.ArrayList::add@20 (line 467)
                      ; - org.gradle.internal.logging.console.WorkInProgressRenderer::onOutput@5 (line 68)
  0x00000212b07b50f8: 84c2 98ff | 4885 c00f | 8410 0b00 | 0048 8b5c | 2420 4c8b | 6c24 288b | 7c24 30e9 | b7f9 ffff 
  0x00000212b07b5118: ;   {metadata('org/gradle/internal/logging/events/ProgressCompleteEvent')}
  0x00000212b07b5118: 4181 fa10 | 920b 010f | 85df 0000 | 0048 894c | 2428 4c8b | 5c24 204c | 895c 2420 | 458b 5b1c 
  0x00000212b07b5138: 4d8b c348 | 8be9 6666 | 9048 b8a0 | 480b bb12 

  0x00000212b07b5148: ;   {virtual_call}
  0x00000212b07b5148: 0200 00e8 

  0x00000212b07b514c: ; ImmutableOopMap {rbp=Oop [32]=Oop [40]=Oop }
                      ;*invokeinterface remove {reexecute=0 rethrow=0 return_oop=1}
                      ; - org.gradle.internal.logging.sink.GroupingProgressLogEventGenerator::onComplete@8 (line 113)
                      ; - org.gradle.internal.logging.sink.GroupingProgressLogEventGenerator::onOutput@48 (line 76)
                      ; - org.gradle.internal.logging.console.BuildLogLevelFilterRenderer::onOutput@47 (line 41)
                      ; - org.gradle.internal.logging.console.WorkInProgressRenderer::onOutput@47 (line 76)
  0x00000212b07b514c: 90cd 0000 

  0x00000212b07b5150: ; implicit exception: dispatches to 0x00000212b07b5e4c
  0x00000212b07b5150: 448b 5008 | 49bb 0000 | 00bb 1202 | 0000 4d03 | da4d 8b53 

  0x00000212b07b5164: ;   {metadata('org/gradle/internal/logging/sink/GroupingProgressLogEventGenerator$OperationState')}
  0x00000212b07b5164: 3849 bbe0 | 5a13 bc12 | 0200 004d | 3bd3 0f85 | a80a 0000 | 448b 5808 

  0x00000212b07b517c: ;   {metadata('org/gradle/internal/logging/sink/GroupingProgressLogEventGenerator$OperationGroup')}
  0x00000212b07b517c: 4181 fba8 | 2315 010f | 859f fdff | ff48 8be8 | 4c8b 5424 | 2045 0fb6 | 4a0c 458b | 5218 4d8b 
  0x00000212b07b519c: c248 8bd5 

  0x00000212b07b51a0: ;   {static_call}
  0x00000212b07b51a0: 6666 90e8 

  0x00000212b07b51a4: ; ImmutableOopMap {rbp=Oop [40]=Oop }
                      ;*invokestatic access$000 {reexecute=0 rethrow=0 return_oop=0}
                      ; - org.gradle.internal.logging.sink.GroupingProgressLogEventGenerator::onComplete@38 (line 116)
                      ; - org.gradle.internal.logging.sink.GroupingProgressLogEventGenerator::onOutput@48 (line 76)
                      ; - org.gradle.internal.logging.console.BuildLogLevelFilterRenderer::onOutput@47 (line 41)
                      ; - org.gradle.internal.logging.console.WorkInProgressRenderer::onOutput@47 (line 76)
  0x00000212b07b51a4: f808 84f8 

  0x00000212b07b51a8: ;   {optimized virtual_call}
  0x00000212b07b51a8: 488b d5e8 

  0x00000212b07b51ac: ; ImmutableOopMap {rbp=Oop [40]=Oop }
                      ;*invokevirtual flushOutput {reexecute=0 rethrow=0 return_oop=0}
                      ; - org.gradle.internal.logging.sink.GroupingProgressLogEventGenerator::onComplete@42 (line 117)
                      ; - org.gradle.internal.logging.sink.GroupingProgressLogEventGenerator::onOutput@48 (line 76)
                      ; - org.gradle.internal.logging.console.BuildLogLevelFilterRenderer::onOutput@47 (line 41)
                      ; - org.gradle.internal.logging.console.WorkInProgressRenderer::onOutput@47 (line 76)
  0x00000212b07b51ac: 50e8 81f8 | 448b 5538 

  0x00000212b07b51b4: ; implicit exception: dispatches to 0x00000212b07b5e58
  0x00000212b07b51b4: 458b 4224 | 8b4d 104c | 8b51 1041 | 3bc8 7427 | 4585 c00f | 845b fdff | ff45 8b58 

  0x00000212b07b51d0: ;   {metadata('org/gradle/internal/operations/OperationIdentifier')}
  0x00000212b07b51d0: 0841 81fb | a839 1301 | 0f85 5e0a | 0000 4d8b | d84d 3b53 | 100f 853d | fdff ff41 | 807f 3800 
  0x00000212b07b51f0: 0f85 2708 | 0000 488b | 5c24 2844 | 8963 24e9 | 24fd ffff 

  0x00000212b07b5204: ;   {metadata('org/gradle/internal/logging/events/EndOutputEvent')}
  0x00000212b07b5204: 4181 fa58 | 3901 010f | 8497 0a00 

  0x00000212b07b5210: ;   {metadata('org/gradle/internal/logging/events/UpdateNowEvent')}
  0x00000212b07b5210: 0041 81fa | 68ab 0a01 | 0f85 2407 | 0000 4c8b | 5424 204d | 8b5a 104c | 8959 1044 

  0x00000212b07b522c: ;   {metadata('java/util/LinkedHashMap')}
  0x00000212b07b522c: 8b43 0841 | 81f8 a048 | 0b00 0f85 | a40a 0000 | 4c8b c341 | 8b68 1044 

  0x00000212b07b5244: ;   {metadata('java/util/LinkedHashMap$LinkedValues')}
  0x00000212b07b5244: 8b5d 0841 | 81fb 60d6 | 0501 0f85 | a00a 0000 | 4c8b dd45 | 8b4b 0c41 | 8b59 3085 | db0f 84c1 
  0x00000212b07b5264: fcff ff45 | 8b41 1833 | c0eb 3741 | 8b6d 3444 

  0x00000212b07b5274: ;   {metadata('java/util/ArrayList')}
  0x00000212b07b5274: 8b5d 0841 | 81fb 20df | 0000 0f85 | 900a 0000 | 4c8b dd41 | 8b4b 1085 | c90f 8561 | 0800 0049 
  0x00000212b07b5294: 8b97 5803 

  0x00000212b07b5298: ; ImmutableOopMap {r10=Oop r9=NarrowOop rdi=NarrowOop rax=Oop }
                      ;*goto {reexecute=1 rethrow=0 return_oop=0}
                      ; - (reexecute) org.gradle.internal.logging.sink.GroupingProgressLogEventGenerator::onUpdateNow@50 (line 136)
                      ; - org.gradle.internal.logging.sink.GroupingProgressLogEventGenerator::onOutput@84 (line 80)
                      ; - org.gradle.internal.logging.console.BuildLogLevelFilterRenderer::onOutput@47 (line 41)
                      ; - org.gradle.internal.logging.console.WorkInProgressRenderer::onOutput@47 (line 76)
                      ;   {poll}
  0x00000212b07b5298: 0000 8502 | 85ff 0f84 | 84fc ffff | 8bdf 418b | 6918 413b | e80f 85d2 | 0900 008b | 7b20 8b6b 
  0x00000212b07b52b8: 1444 8b5d | 0848 b900 | 0000 bb12 | 0200 0049 | 03cb 4c8b 

  0x00000212b07b52cc: ;   {metadata('org/gradle/internal/logging/sink/GroupingProgressLogEventGenerator$OperationState')}
  0x00000212b07b52cc: 5938 48b9 | e05a 13bc | 1202 0000 | 4c3b d90f | 854f 0900 | 0048 8bcd | 448b 5908 

  0x00000212b07b52e8: ;   {metadata('org/gradle/internal/logging/sink/GroupingProgressLogEventGenerator$OperationState')}
  0x00000212b07b52e8: 488b c341 | 81fb e05a | 1301 749f | 498b 6a10 

  0x00000212b07b52f8: ;   {metadata('org/gradle/internal/logging/sink/GroupingProgressLogEventGenerator$OperationGroup')}
  0x00000212b07b52f8: 4181 fba8 | 2315 010f | 85b3 0900 | 004c 8be9 | 492b 6d18 | 4881 fd30 | 7500 007f | 4648 81fd 
  0x00000212b07b5318: d007 0000 | 0f8e 71ff | ffff 418b | 4d38 8b71 | 2441 8b4d | 1048 8b51 | 103b ce74 | 2685 f60f 
  0x00000212b07b5338: 8432 ffff | ff44 8b5e 

  0x00000212b07b5340: ;   {metadata('org/gradle/internal/operations/OperationIdentifier')}
  0x00000212b07b5340: 0841 81fb | a839 1301 | 0f85 ee09 | 0000 4c8b | de49 3b53 | 100f 8514 | ffff ff49 | 8bed 897c 
  0x00000212b07b5360: 2434 4889 | 4424 3844 | 8944 2430 | 895c 242c | 4489 4c24 | 284c 8954 | 2420 498b 

  0x00000212b07b537c: ;   {optimized virtual_call}
  0x00000212b07b537c: d566 90e8 

  0x00000212b07b5380: ; ImmutableOopMap {rbp=Oop [32]=Oop [40]=NarrowOop [44]=NarrowOop [52]=NarrowOop [56]=Oop }
                      ;*invokespecial shouldForward {reexecute=0 rethrow=0 return_oop=0}
                      ; - org.gradle.internal.logging.sink.GroupingProgressLogEventGenerator$OperationGroup::flushOutput@1 (line 226)
                      ; - org.gradle.internal.logging.sink.GroupingProgressLogEventGenerator$OperationGroup::maybeFlushOutput@30 (line 252)
                      ; - org.gradle.internal.logging.sink.GroupingProgressLogEventGenerator::onUpdateNow@47 (line 135)
                      ; - org.gradle.internal.logging.sink.GroupingProgressLogEventGenerator::onOutput@84 (line 80)
                      ; - org.gradle.internal.logging.console.BuildLogLevelFilterRenderer::onOutput@47 (line 41)
                      ; - org.gradle.internal.logging.console.WorkInProgressRenderer::onOutput@47 (line 76)
  0x00000212b07b5380: 9cdc 81f8 | 85c0 0f84 | 6802 0000 | 448b 5534 | 498b d266 | 9048 b820 | df00 bb12 

  0x00000212b07b539c: ;   {virtual_call}
  0x00000212b07b539c: 0200 00e8 

  0x00000212b07b53a0: ; ImmutableOopMap {rbp=Oop [32]=Oop [40]=NarrowOop [44]=NarrowOop [52]=NarrowOop [56]=Oop }
                      ;*invokeinterface isEmpty {reexecute=0 rethrow=0 return_oop=0}
                      ; - org.gradle.internal.logging.sink.GroupingProgressLogEventGenerator$OperationGroup::flushOutput@11 (line 227)
                      ; - org.gradle.internal.logging.sink.GroupingProgressLogEventGenerator$OperationGroup::maybeFlushOutput@30 (line 252)
                      ; - org.gradle.internal.logging.sink.GroupingProgressLogEventGenerator::onUpdateNow@47 (line 135)
                      ; - org.gradle.internal.logging.sink.GroupingProgressLogEventGenerator::onOutput@84 (line 80)
                      ; - org.gradle.internal.logging.console.BuildLogLevelFilterRenderer::onOutput@47 (line 41)
                      ; - org.gradle.internal.logging.console.WorkInProgressRenderer::onOutput@47 (line 76)
  0x00000212b07b53a0: dc9b faff | 8944 2440 | 488b cd44 | 8b51 3845 | 8b5a 2444 | 8b49 1049 | 8b59 1044 | 8bc0 4183 
  0x00000212b07b53c0: f001 453b | cb74 2f45 | 85db 7455 | 418b f841 | 8bf1 458b | c345 8b5b 

  0x00000212b07b53d8: ;   {metadata('org/gradle/internal/operations/OperationIdentifier')}
  0x00000212b07b53d8: 0841 81fb | a839 1301 | 0f85 cc09 | 0000 4d8b | d849 3b5b | 100f 851a | 0600 0044 | 8bc7 4489 
  0x00000212b07b53f8: 4424 4448 

  0x00000212b07b53fc: ;   {optimized virtual_call}
  0x00000212b07b53fc: 8bd1 90e8 

  0x00000212b07b5400: ; ImmutableOopMap {rbp=Oop [32]=Oop [40]=NarrowOop [44]=NarrowOop [52]=NarrowOop [56]=Oop }
                      ;*invokespecial statusHasChanged {reexecute=0 rethrow=0 return_oop=0}
                      ; - org.gradle.internal.logging.sink.GroupingProgressLogEventGenerator$OperationGroup::flushOutput@33 (line 228)
                      ; - org.gradle.internal.logging.sink.GroupingProgressLogEventGenerator$OperationGroup::maybeFlushOutput@30 (line 252)
                      ; - org.gradle.internal.logging.sink.GroupingProgressLogEventGenerator::onUpdateNow@47 (line 135)
                      ; - org.gradle.internal.logging.sink.GroupingProgressLogEventGenerator::onOutput@84 (line 80)
                      ; - org.gradle.internal.logging.console.BuildLogLevelFilterRenderer::onOutput@47 (line 41)
                      ; - org.gradle.internal.logging.console.WorkInProgressRenderer::onOutput@47 (line 76)
  0x00000212b07b5400: 7cbf 98ff | 85c0 0f84 | 0906 0000 | 488b cd44 | 8b51 3845 | 85d2 0f84 | 7009 0000 | 448b 4424 
  0x00000212b07b5420: 4445 0fb6 | 5a0d 4585 | db0f 84c1 | 0500 0044 | 8944 2444 | 418b 6a18 | 488b 5118 | 448b 5920 
  0x00000212b07b5440: 4889 4c24 | 484d 8bc3 

  0x00000212b07b5448: ;   {static_call}
  0x00000212b07b5448: 6666 90e8 

  0x00000212b07b544c: ; ImmutableOopMap {rbp=NarrowOop [32]=Oop [40]=NarrowOop [44]=NarrowOop [52]=NarrowOop [56]=Oop [72]=Oop }
                      ;*invokestatic spacerLine {reexecute=0 rethrow=0 return_oop=1}
                      ; - org.gradle.internal.logging.sink.GroupingProgressLogEventGenerator::access$700@2 (line 49)
                      ; - org.gradle.internal.logging.sink.GroupingProgressLogEventGenerator$OperationGroup::flushOutput@68 (line 230)
                      ; - org.gradle.internal.logging.sink.GroupingProgressLogEventGenerator$OperationGroup::maybeFlushOutput@30 (line 252)
                      ; - org.gradle.internal.logging.sink.GroupingProgressLogEventGenerator::onUpdateNow@47 (line 135)
                      ; - org.gradle.internal.logging.sink.GroupingProgressLogEventGenerator::onOutput@84 (line 80)
                      ; - org.gradle.internal.logging.console.BuildLogLevelFilterRenderer::onOutput@47 (line 41)
                      ; - org.gradle.internal.logging.console.WorkInProgressRenderer::onOutput@47 (line 76)
  0x00000212b07b544c: 060c 0000 | 488b d54c | 8bc0 488b | 6c24 2066 | 9048 b8d0 | 5bac 8012 

  0x00000212b07b5464: ;   {virtual_call}
  0x00000212b07b5464: 0200 00e8 

  0x00000212b07b5468: ; ImmutableOopMap {rbp=Oop [32]=Oop [40]=NarrowOop [44]=NarrowOop [52]=NarrowOop [56]=Oop [72]=Oop }
                      ;*invokeinterface onOutput {reexecute=0 rethrow=0 return_oop=0}
                      ; - org.gradle.internal.logging.sink.GroupingProgressLogEventGenerator$OperationGroup::flushOutput@71 (line 230)
                      ; - org.gradle.internal.logging.sink.GroupingProgressLogEventGenerator$OperationGroup::maybeFlushOutput@30 (line 252)
                      ; - org.gradle.internal.logging.sink.GroupingProgressLogEventGenerator::onUpdateNow@47 (line 135)
                      ; - org.gradle.internal.logging.sink.GroupingProgressLogEventGenerator::onOutput@84 (line 80)
                      ; - org.gradle.internal.logging.console.BuildLogLevelFilterRenderer::onOutput@47 (line 41)
                      ; - org.gradle.internal.logging.console.WorkInProgressRenderer::onOutput@47 (line 76)
  0x00000212b07b5468: bc11 99ff | 4c8b 5c24 | 4845 8b53 | 3845 85d2 | 0f84 0209 | 0000 418b | 6a18 488b 

  0x00000212b07b5484: ;   {optimized virtual_call}
  0x00000212b07b5484: 5424 48e8 

  0x00000212b07b5488: ; ImmutableOopMap {rbp=NarrowOop [32]=Oop [40]=NarrowOop [44]=NarrowOop [52]=NarrowOop [56]=Oop [72]=Oop }
                      ;*invokespecial header {reexecute=0 rethrow=0 return_oop=1}
                      ; - org.gradle.internal.logging.sink.GroupingProgressLogEventGenerator$OperationGroup::flushOutput@84 (line 232)
                      ; - org.gradle.internal.logging.sink.GroupingProgressLogEventGenerator$OperationGroup::maybeFlushOutput@30 (line 252)
                      ; - org.gradle.internal.logging.sink.GroupingProgressLogEventGenerator::onUpdateNow@47 (line 135)
                      ; - org.gradle.internal.logging.sink.GroupingProgressLogEventGenerator::onOutput@84 (line 80)
                      ; - org.gradle.internal.logging.console.BuildLogLevelFilterRenderer::onOutput@47 (line 41)
                      ; - org.gradle.internal.logging.console.WorkInProgressRenderer::onOutput@47 (line 76)
  0x00000212b07b5488: d90b 0000 | 488b d54c | 8bc0 488b | 6c24 2066 | 9048 b860 | 59ac 8012 

  0x00000212b07b54a0: ;   {virtual_call}
  0x00000212b07b54a0: 0200 00e8 

  0x00000212b07b54a4: ; ImmutableOopMap {rbp=Oop [32]=Oop [40]=NarrowOop [44]=NarrowOop [52]=NarrowOop [56]=Oop [72]=Oop }
                      ;*invokeinterface onOutput {reexecute=0 rethrow=0 return_oop=0}
                      ; - org.gradle.internal.logging.sink.GroupingProgressLogEventGenerator$OperationGroup::flushOutput@87 (line 232)
                      ; - org.gradle.internal.logging.sink.GroupingProgressLogEventGenerator$OperationGroup::maybeFlushOutput@30 (line 252)
                      ; - org.gradle.internal.logging.sink.GroupingProgressLogEventGenerator::onUpdateNow@47 (line 135)
                      ; - org.gradle.internal.logging.sink.GroupingProgressLogEventGenerator::onOutput@84 (line 80)
                      ; - org.gradle.internal.logging.console.BuildLogLevelFilterRenderer::onOutput@47 (line 41)
                      ; - org.gradle.internal.logging.console.WorkInProgressRenderer::onOutput@47 (line 76)
  0x00000212b07b54a4: 8011 99ff | 4180 7f38 | 000f 85de | 0600 004c | 8b4c 2448 | 41c6 4115 | 0145 8b59 | 2c45 8959 
  0x00000212b07b54c4: 304d 8bd1 | 4d8b c34d | 33c2 49c1 | e814 4d85 | c074 1f45 | 85db 741a | 49c1 ea09 | 48b9 0000 
  0x00000212b07b54e4: e89f 1202 | 0000 4903 | ca80 3904 | 0f85 d306 | 0000 458b | 5934 498b | e949 8bd3 | 9048 b820 
  0x00000212b07b5504: df00 bb12 

  0x00000212b07b5508: ;   {virtual_call}
  0x00000212b07b5508: 0200 00e8 

  0x00000212b07b550c: ; ImmutableOopMap {rbp=Oop [32]=Oop [40]=NarrowOop [44]=NarrowOop [52]=NarrowOop [56]=Oop }
                      ;*invokeinterface iterator {reexecute=0 rethrow=0 return_oop=1}
                      ; - org.gradle.internal.logging.sink.GroupingProgressLogEventGenerator$OperationGroup::flushOutput@109 (line 237)
                      ; - org.gradle.internal.logging.sink.GroupingProgressLogEventGenerator$OperationGroup::maybeFlushOutput@30 (line 252)
                      ; - org.gradle.internal.logging.sink.GroupingProgressLogEventGenerator::onUpdateNow@47 (line 135)
                      ; - org.gradle.internal.logging.sink.GroupingProgressLogEventGenerator::onOutput@84 (line 80)
                      ; - org.gradle.internal.logging.console.BuildLogLevelFilterRenderer::onOutput@47 (line 41)
                      ; - org.gradle.internal.logging.console.WorkInProgressRenderer::onOutput@47 (line 76)
  0x00000212b07b550c: 90b5 faff | 4889 4424 | 4848 8bd0 | 9048 b868 | cc1a bb12 

  0x00000212b07b5520: ;   {virtual_call}
  0x00000212b07b5520: 0200 00e8 

  0x00000212b07b5524: ; ImmutableOopMap {rbp=Oop [32]=Oop [40]=NarrowOop [44]=NarrowOop [52]=NarrowOop [56]=Oop [72]=Oop }
                      ;*invokeinterface hasNext {reexecute=0 rethrow=0 return_oop=0}
                      ; - org.gradle.internal.logging.sink.GroupingProgressLogEventGenerator$OperationGroup::flushOutput@116 (line 237)
                      ; - org.gradle.internal.logging.sink.GroupingProgressLogEventGenerator$OperationGroup::maybeFlushOutput@30 (line 252)
                      ; - org.gradle.internal.logging.sink.GroupingProgressLogEventGenerator::onUpdateNow@47 (line 135)
                      ; - org.gradle.internal.logging.sink.GroupingProgressLogEventGenerator::onOutput@84 (line 80)
                      ; - org.gradle.internal.logging.console.BuildLogLevelFilterRenderer::onOutput@47 (line 41)
                      ; - org.gradle.internal.logging.console.WorkInProgressRenderer::onOutput@47 (line 76)
  0x00000212b07b5524: d8c1 f8ff | 85c0 0f84 | 7800 0000 | 488b 5424 | 4848 b868 | cc1a bb12 

  0x00000212b07b553c: ;   {virtual_call}
  0x00000212b07b553c: 0200 00e8 

  0x00000212b07b5540: ; ImmutableOopMap {rbp=Oop [32]=Oop [40]=NarrowOop [44]=NarrowOop [52]=NarrowOop [56]=Oop [72]=Oop }
                      ;*invokeinterface next {reexecute=0 rethrow=0 return_oop=1}
                      ; - org.gradle.internal.logging.sink.GroupingProgressLogEventGenerator$OperationGroup::flushOutput@125 (line 237)
                      ; - org.gradle.internal.logging.sink.GroupingProgressLogEventGenerator$OperationGroup::maybeFlushOutput@30 (line 252)
                      ; - org.gradle.internal.logging.sink.GroupingProgressLogEventGenerator::onUpdateNow@47 (line 135)
                      ; - org.gradle.internal.logging.sink.GroupingProgressLogEventGenerator::onOutput@84 (line 80)
                      ; - org.gradle.internal.logging.console.BuildLogLevelFilterRenderer::onOutput@47 (line 41)
                      ; - org.gradle.internal.logging.console.WorkInProgressRenderer::onOutput@47 (line 76)
  0x00000212b07b5540: 5c1f faff | 4c8b c044 | 8b58 0849 | ba00 0000 | bb12 0200 | 004d 03d3 | 4d8b 5248 

  0x00000212b07b555c: ;   {metadata('org/gradle/internal/logging/events/RenderableOutputEvent')}
  0x00000212b07b555c: 49bb b88d | 01bc 1202 | 0000 4d3b | d30f 8595 | 0700 00c6 | 4516 0144 | 8b55 3845 | 8b5a 1849 
  0x00000212b07b557c: 8bd3 6666 | 9048 b8c0 | 5fac 8012 

  0x00000212b07b5588: ;   {virtual_call}
  0x00000212b07b5588: 0200 00e8 

  0x00000212b07b558c: ; ImmutableOopMap {rbp=Oop [32]=Oop [40]=NarrowOop [44]=NarrowOop [52]=NarrowOop [56]=Oop [72]=Oop }
                      ;*invokeinterface onOutput {reexecute=0 rethrow=0 return_oop=0}
                      ; - org.gradle.internal.logging.sink.GroupingProgressLogEventGenerator$OperationGroup::flushOutput@147 (line 239)
                      ; - org.gradle.internal.logging.sink.GroupingProgressLogEventGenerator$OperationGroup::maybeFlushOutput@30 (line 252)
                      ; - org.gradle.internal.logging.sink.GroupingProgressLogEventGenerator::onUpdateNow@47 (line 135)
                      ; - org.gradle.internal.logging.sink.GroupingProgressLogEventGenerator::onOutput@84 (line 80)
                      ; - org.gradle.internal.logging.console.BuildLogLevelFilterRenderer::onOutput@47 (line 41)
                      ; - org.gradle.internal.logging.console.WorkInProgressRenderer::onOutput@47 (line 76)
  0x00000212b07b558c: 9810 99ff | 488b 5424 | 4848 b868 | cc1a bb12 

  0x00000212b07b559c: ;   {virtual_call}
  0x00000212b07b559c: 0200 00e8 

  0x00000212b07b55a0: ; ImmutableOopMap {rbp=Oop [32]=Oop [40]=NarrowOop [44]=NarrowOop [52]=NarrowOop [56]=Oop [72]=Oop }
                      ;*invokeinterface hasNext {reexecute=0 rethrow=0 return_oop=0}
                      ; - org.gradle.internal.logging.sink.GroupingProgressLogEventGenerator$OperationGroup::flushOutput@116 (line 237)
                      ; - org.gradle.internal.logging.sink.GroupingProgressLogEventGenerator$OperationGroup::maybeFlushOutput@30 (line 252)
                      ; - org.gradle.internal.logging.sink.GroupingProgressLogEventGenerator::onUpdateNow@47 (line 135)
                      ; - org.gradle.internal.logging.sink.GroupingProgressLogEventGenerator::onOutput@84 (line 80)
                      ; - org.gradle.internal.logging.console.BuildLogLevelFilterRenderer::onOutput@47 (line 41)
                      ; - org.gradle.internal.logging.console.WorkInProgressRenderer::onOutput@47 (line 76)
  0x00000212b07b55a0: 5cc1 f8ff | 85c0 7588 | 448b 5538 | 498b d244 | 8b44 2444 

  0x00000212b07b55b4: ;   {static_call}
  0x00000212b07b55b4: 6666 90e8 

  0x00000212b07b55b8: ; ImmutableOopMap {rbp=Oop [32]=Oop [40]=NarrowOop [52]=NarrowOop [56]=Oop }
                      ;*invokestatic access$602 {reexecute=0 rethrow=0 return_oop=0}
                      ; - org.gradle.internal.logging.sink.GroupingProgressLogEventGenerator$OperationGroup::flushOutput@160 (line 241)
                      ; - org.gradle.internal.logging.sink.GroupingProgressLogEventGenerator$OperationGroup::maybeFlushOutput@30 (line 252)
                      ; - org.gradle.internal.logging.sink.GroupingProgressLogEventGenerator::onUpdateNow@47 (line 135)
                      ; - org.gradle.internal.logging.sink.GroupingProgressLogEventGenerator::onOutput@84 (line 80)
                      ; - org.gradle.internal.logging.console.BuildLogLevelFilterRenderer::onOutput@47 (line 41)
                      ; - org.gradle.internal.logging.console.WorkInProgressRenderer::onOutput@47 (line 76)
  0x00000212b07b55b8: b80a 0000 | 448b 5534 | 498b d266 | 9048 b820 | df00 bb12 

  0x00000212b07b55cc: ;   {virtual_call}
  0x00000212b07b55cc: 0200 00e8 

  0x00000212b07b55d0: ; ImmutableOopMap {rbp=Oop [32]=Oop [40]=NarrowOop [52]=NarrowOop [56]=Oop }
                      ;*invokeinterface clear {reexecute=0 rethrow=0 return_oop=0}
                      ; - org.gradle.internal.logging.sink.GroupingProgressLogEventGenerator$OperationGroup::flushOutput@168 (line 243)
                      ; - org.gradle.internal.logging.sink.GroupingProgressLogEventGenerator$OperationGroup::maybeFlushOutput@30 (line 252)
                      ; - org.gradle.internal.logging.sink.GroupingProgressLogEventGenerator::onUpdateNow@47 (line 135)
                      ; - org.gradle.internal.logging.sink.GroupingProgressLogEventGenerator::onOutput@84 (line 80)
                      ; - org.gradle.internal.logging.console.BuildLogLevelFilterRenderer::onOutput@47 (line 41)
                      ; - org.gradle.internal.logging.console.WorkInProgressRenderer::onOutput@47 (line 76)
  0x00000212b07b55d0: 2c5f feff | 448b 5538 

  0x00000212b07b55d8: ; implicit exception: dispatches to 0x00000212b07b5f44
  0x00000212b07b55d8: 4d8b 5a10 | 4c89 5d18 | 448b 4510 | 498b d248 | 8b6c 2420 

  0x00000212b07b55ec: ;   {static_call}
  0x00000212b07b55ec: 6666 90e8 

  0x00000212b07b55f0: ; ImmutableOopMap {rbp=Oop [32]=Oop [40]=NarrowOop [52]=NarrowOop [56]=Oop }
                      ;*invokestatic access$302 {reexecute=0 rethrow=0 return_oop=1}
                      ; - org.gradle.internal.logging.sink.GroupingProgressLogEventGenerator$OperationGroup::flushOutput@192 (line 245)
                      ; - org.gradle.internal.logging.sink.GroupingProgressLogEventGenerator$OperationGroup::maybeFlushOutput@30 (line 252)
                      ; - org.gradle.internal.logging.sink.GroupingProgressLogEventGenerator::onUpdateNow@47 (line 135)
                      ; - org.gradle.internal.logging.sink.GroupingProgressLogEventGenerator::onOutput@84 (line 80)
                      ; - org.gradle.internal.logging.console.BuildLogLevelFilterRenderer::onOutput@47 (line 41)
                      ; - org.gradle.internal.logging.console.WorkInProgressRenderer::onOutput@47 (line 76)
  0x00000212b07b55f0: 8f0a 0000 | 4c8b 5424 | 2044 8b4c | 2428 448b | 4424 3048 | 8b44 2438 | 8b7c 2434 | e982 fcff 
  0x00000212b07b5610: ff44 8b5d | 0045 85db | 0f84 dff4 | ffff 4d8b | 5720 498b | cb4d 85d2 | 0f84 d304 | 0000 4d8b 
  0x00000212b07b5630: 5f30 4b89 | 4c13 f849 | 83c2 f84d | 8957 20e9 | b9f4 ffff | 4d8b 5740 | 4d8b 5f50 | f083 4424 
  0x00000212b07b5650: c000 8039 | 000f 84df | f4ff ff44 | 8821 4d85 | d275 1549 | 8bd7 49ba | b082 56fe | fe7f 0000 
  0x00000212b07b5670: 41ff d2e9 | c2f4 ffff | 4b89 4c13 | f849 83c2 | f84d 8957 | 40e9 b0f4 | ffff 448b | 5b24 4585 
  0x00000212b07b5690: db0f 84ed | f7ff ff4d | 8b57 2049 | 8bcb 4d85 | d20f 8481 | 0400 004d | 8b5f 304b | 894c 13f8 
  0x00000212b07b56b0: 4983 c2f8 | 4d89 5720 | e9c7 f7ff | ff44 8b53 | 2845 85d2 | 0f84 0af8 | ffff 4d8b | 5f20 498b 
  0x00000212b07b56d0: ca4d 85db | 0f84 6304 | 0000 4d8b | 5730 4b89 | 4c1a f849 | 83c3 f84d | 895f 20e9 | e4f7 ffff 
  0x00000212b07b56f0: 488b 5c24 | 5044 8b53 | 2045 85d2 | 0f84 3bf7 | ffff 4d8b | 5f20 498b | ca4d 85db | 0f84 4004 
  0x00000212b07b5710: 0000 4d8b | 5730 4b89 | 4c1a f849 | 83c3 f84d | 895f 20e9 | 15f7 ffff | 498b d84c | 8b54 2450 
  0x00000212b07b5730: 458b 5234 | 4585 d274 | 214d 8b5f | 2049 8bca | 4d85 db0f | 8433 0400 | 004d 8b57 | 304b 894c 
  0x00000212b07b5750: 1af8 4983 | c3f8 4d89 | 5f20 4c8b | c3e9 96f6 | ffff 4c8b | 5424 5045 | 8b52 3045 | 85d2 0f84 
  0x00000212b07b5770: f5f5 ffff | 4d8b 5f20 | 498b ca4d | 85db 0f84 | e303 0000 | 4d8b 5730 | 4b89 4c1a | f849 83c3 
  0x00000212b07b5790: f84d 895f | 20e9 cff5 | ffff 4d8b | 5740 4d8b | 5f50 f083 | 4424 c000 | 4180 3800 | 0f84 58f7 
  0x00000212b07b57b0: ffff 4588 | 204d 85d2 | 7518 498b | c849 8bd7 | 49ba b082 | 56fe fe7f | 0000 41ff | d2e9 38f7 
  0x00000212b07b57d0: ffff 4f89 | 4413 f849 | 83c2 f84d | 8957 40e9 | 26f7 ffff | 4d8b 5750 | 4d8b 5f40 | f083 4424 
  0x00000212b07b57f0: c000 8039 | 000f 84a9 | f5ff ff44 | 8821 4d85 | db75 1549 | 8bd7 49ba | b082 56fe | fe7f 0000 
  0x00000212b07b5810: 41ff d2e9 | 8cf5 ffff | 4b89 4c1a | f849 83c3 | f84d 895f | 40e9 7af5 | ffff 4d8b | 5750 4d8b 
  0x00000212b07b5830: 5f40 f083 | 4424 c000 | 8039 000f | 84ec f5ff | ff44 8821 | 4d85 db75 | 1549 8bd7 | 49ba b082 
  0x00000212b07b5850: 56fe fe7f | 0000 41ff | d2e9 cff5 | ffff 4b89 | 4c1a f849 | 83c3 f84d | 895f 40e9 | bdf5 ffff 
  0x00000212b07b5870: 4d8b 5750 | 4d8b 5f40 | f083 4424 | c000 8039 | 000f 84d7 | f4ff ff44 | 8821 4d85 | db75 1549 
  0x00000212b07b5890: 8bd7 49ba | b082 56fe | fe7f 0000 | 41ff d2e9 | baf4 ffff | 4b89 4c1a | f849 83c3 | f84d 895f 
  0x00000212b07b58b0: 40e9 a8f4 | ffff 4d8b | 5740 4d8b | 5f50 f083 | 4424 c000 | 8039 000f | 84ac f5ff | ff44 8821 
  0x00000212b07b58d0: 4d85 d275 | 1549 8bd7 | 49ba b082 | 56fe fe7f | 0000 41ff | d2e9 8ff5 | ffff 4b89 | 4c13 f849 
  0x00000212b07b58f0: 83c2 f84d | 8957 40e9 | 7df5 ffff | 4d8b 5740 | 4d8b 5f50 | f083 4424 | c000 8039 | 000f 84b6 
  0x00000212b07b5910: f5ff ff44 | 8821 4d85 | d275 1549 | 8bd7 49ba | b082 56fe | fe7f 0000 | 41ff d2e9 | 99f5 ffff 
  0x00000212b07b5930: 4b89 4c13 | f849 83c2 | f84d 8957 | 40e9 87f5 

  0x00000212b07b5940: ;   {metadata('org/gradle/internal/logging/events/ProgressEvent')}
  0x00000212b07b5940: ffff 4181 | fa38 960b | 010f 84d9 | f5ff ffba | deff ffff 

  0x00000212b07b5954: ;   {runtime_call UncommonTrapBlob}
  0x00000212b07b5954: 488b e9e8 

  0x00000212b07b5958: ; ImmutableOopMap {rbp=Oop [32]=Oop }
                      ;*instanceof {reexecute=0 rethrow=0 return_oop=0}
                      ; - org.gradle.internal.logging.sink.GroupingProgressLogEventGenerator::onOutput@91 (line 81)
                      ; - org.gradle.internal.logging.console.BuildLogLevelFilterRenderer::onOutput@47 (line 41)
                      ; - org.gradle.internal.logging.console.WorkInProgressRenderer::onOutput@47 (line 76)
  0x00000212b07b5958: a40f 99ff 

  0x00000212b07b595c: ;   {metadata('java/util/ArrayList')}
  0x00000212b07b595c: 48ba 20df | 00bb 1202 

  0x00000212b07b5964: ;   {runtime_call _new_instance_Java}
  0x00000212b07b5964: 0000 90e8 

  0x00000212b07b5968: ; ImmutableOopMap {rbp=Oop [32]=NarrowOop [36]=NarrowOop [40]=Oop [48]=Oop [60]=NarrowOop [64]=Oop [72]=Oop [80]=Oop [88]=NarrowOop [92]=NarrowOop [104]=Oop [112]=Oop }
                      ;*new {reexecute=0 rethrow=0 return_oop=1}
                      ; - org.gradle.internal.logging.sink.GroupingProgressLogEventGenerator$OperationGroup::<init>@26 (line 199)
                      ; - org.gradle.internal.logging.sink.GroupingProgressLogEventGenerator::onStart@55 (line 91)
                      ; - org.gradle.internal.logging.sink.GroupingProgressLogEventGenerator::onOutput@12 (line 72)
                      ; - org.gradle.internal.logging.console.BuildLogLevelFilterRenderer::onOutput@47 (line 41)
                      ; - org.gradle.internal.logging.console.WorkInProgressRenderer::onOutput@47 (line 76)
  0x00000212b07b5968: 949b a3ff | 4c8b c0e9 | 71f4 ffff | 4889 7424 | 4889 7c24 | 2444 8954 | 2438 4489 | 4424 3c48 
  0x00000212b07b5988: 8944 2430 | 4889 5424 | 4089 5c24 | 2048 894c 

  0x00000212b07b5998: ;   {metadata('org/gradle/internal/logging/sink/GroupingProgressLogEventGenerator$OperationGroup')}
  0x00000212b07b5998: 2428 48ba | a823 15bc | 1202 0000 

  0x00000212b07b59a4: ;   {runtime_call _new_instance_Java}
  0x00000212b07b59a4: 6666 90e8 

  0x00000212b07b59a8: ; ImmutableOopMap {rbp=NarrowOop [32]=NarrowOop [36]=NarrowOop [40]=Oop [48]=Oop [60]=NarrowOop [64]=Oop [72]=Oop }
                      ;*new {reexecute=0 rethrow=0 return_oop=1}
                      ; - org.gradle.internal.logging.sink.GroupingProgressLogEventGenerator::onStart@29 (line 91)
                      ; - org.gradle.internal.logging.sink.GroupingProgressLogEventGenerator::onOutput@12 (line 72)
                      ; - org.gradle.internal.logging.console.BuildLogLevelFilterRenderer::onOutput@47 (line 41)
                      ; - org.gradle.internal.logging.console.WorkInProgressRenderer::onOutput@47 (line 76)
  0x00000212b07b59a8: 549b a3ff | 4c8b d8e9 | 14f3 ffff | 4889 7424 | 4889 7c24 | 4089 6c24 | 3c44 8954 | 2438 4889 
  0x00000212b07b59c8: 4424 3048 | 8954 2428 | 4889 4c24 

  0x00000212b07b59d4: ;   {metadata('org/gradle/internal/logging/sink/GroupingProgressLogEventGenerator$OperationState')}
  0x00000212b07b59d4: 2048 bae0 | 5a13 bc12 | 0200 008b 

  0x00000212b07b59e0: ;   {runtime_call _new_instance_Java}
  0x00000212b07b59e0: eb66 90e8 

  0x00000212b07b59e4: ; ImmutableOopMap {rbp=NarrowOop [32]=Oop [40]=Oop [48]=Oop [60]=NarrowOop [64]=NarrowOop [72]=Oop }
                      ;*new {reexecute=0 rethrow=0 return_oop=1}
                      ; - org.gradle.internal.logging.sink.GroupingProgressLogEventGenerator::onStart@72 (line 93)
                      ; - org.gradle.internal.logging.sink.GroupingProgressLogEventGenerator::onOutput@12 (line 72)
                      ; - org.gradle.internal.logging.console.BuildLogLevelFilterRenderer::onOutput@47 (line 41)
                      ; - org.gradle.internal.logging.console.WorkInProgressRenderer::onOutput@47 (line 76)
  0x00000212b07b59e4: 189b a3ff | 4c8b c8e9 | 03f6 ffff | 448b 4c24 | 4045 85c9 | 0f84 31fa | ffff 4889 | 4c24 4844 
  0x00000212b07b5a04: 8944 2444 | e971 faff | ff44 8bc7 | e90c faff | ff4c 8bcd | e9d9 faff | ff48 8b5c | 2428 448b 
  0x00000212b07b5a24: 5b24 4585 | db0f 84cc | f7ff ff4d | 8b57 2049 | 8bcb 4d85 | d20f 8431 | 0200 004d | 8b5f 304b 
  0x00000212b07b5a44: 894c 13f8 | 4983 c2f8 | 4d89 5720 | e9a6 f7ff 

  0x00000212b07b5a54: ;   {metadata('org/gradle/internal/logging/events/LogEvent')}
  0x00000212b07b5a54: ff48 ba40 | f908 bc12 

  0x00000212b07b5a5c: ;   {runtime_call _new_instance_Java}
  0x00000212b07b5a5c: 0200 00e8 

  0x00000212b07b5a60: ; ImmutableOopMap {[32]=Oop [48]=Oop }
                      ;*new {reexecute=0 rethrow=0 return_oop=1}
                      ; - org.gradle.internal.logging.sink.GroupingProgressLogEventGenerator::onStart@105 (line 99)
                      ; - org.gradle.internal.logging.sink.GroupingProgressLogEventGenerator::onOutput@12 (line 72)
                      ; - org.gradle.internal.logging.console.BuildLogLevelFilterRenderer::onOutput@47 (line 41)
                      ; - org.gradle.internal.logging.console.WorkInProgressRenderer::onOutput@47 (line 76)
  0x00000212b07b5a60: 9c9a a3ff | e927 f6ff | ffba e4ff | ffff 4889 | 5c24 204c | 896c 2430 | 4889 4424 

  0x00000212b07b5a7c: ;   {runtime_call UncommonTrapBlob}
  0x00000212b07b5a7c: 3866 90e8 

  0x00000212b07b5a80: ; ImmutableOopMap {[32]=Oop [48]=Oop [56]=Oop [72]=Oop }
                      ;*aastore {reexecute=1 rethrow=0 return_oop=0}
                      ; - (reexecute) java.util.ArrayList::add@14 (line 455)
                      ; - java.util.ArrayList::add@20 (line 467)
                      ; - org.gradle.internal.logging.console.WorkInProgressRenderer::onOutput@5 (line 68)
  0x00000212b07b5a80: 7c0e 99ff | ba45 ffff 

  0x00000212b07b5a88: ;   {runtime_call UncommonTrapBlob}
  0x00000212b07b5a88: ff66 90e8 

  0x00000212b07b5a8c: ; ImmutableOopMap {rbp=Oop [32]=Oop }
                      ;*ifeq {reexecute=1 rethrow=0 return_oop=0}
                      ; - (reexecute) org.gradle.internal.logging.console.BuildLogLevelFilterRenderer::onOutput@26 (line 37)
                      ; - org.gradle.internal.logging.console.WorkInProgressRenderer::onOutput@47 (line 76)
  0x00000212b07b5a8c: 700e 99ff | bade ffff | ff48 8beb | 4489 5c24 | 284c 8944 

  0x00000212b07b5aa0: ;   {runtime_call UncommonTrapBlob}
  0x00000212b07b5aa0: 2430 90e8 

  0x00000212b07b5aa4: ; ImmutableOopMap {rbp=Oop [40]=NarrowOop [48]=Oop [72]=Oop }
                      ;*invokeinterface add {reexecute=0 rethrow=0 return_oop=0}
                      ; - org.gradle.internal.logging.console.WorkInProgressRenderer::onOutput@5 (line 68)
  0x00000212b07b5aa4: 580e 99ff | bad6 ffff | ff48 895c | 2420 4c89 | 6c24 3048 | 8944 2438 

  0x00000212b07b5abc: ;   {runtime_call UncommonTrapBlob}
  0x00000212b07b5abc: 6666 90e8 

  0x00000212b07b5ac0: ; ImmutableOopMap {[32]=Oop [48]=Oop [56]=Oop [72]=Oop }
                      ;*aastore {reexecute=1 rethrow=0 return_oop=0}
                      ; - (reexecute) java.util.ArrayList::add@14 (line 455)
                      ; - java.util.ArrayList::add@20 (line 467)
                      ; - org.gradle.internal.logging.console.WorkInProgressRenderer::onOutput@5 (line 68)
  0x00000212b07b5ac0: 3c0e 99ff | bade ffff | ff41 8beb | 4889 7424 

  0x00000212b07b5ad0: ;   {runtime_call UncommonTrapBlob}
  0x00000212b07b5ad0: 2066 90e8 

  0x00000212b07b5ad4: ; ImmutableOopMap {rbp=NarrowOop [32]=Oop }
                      ;*invokeinterface onOutput {reexecute=0 rethrow=0 return_oop=0}
                      ; - org.gradle.internal.logging.console.WorkInProgressRenderer::onOutput@47 (line 76)
  0x00000212b07b5ad4: 280e 99ff | bade ffff | ff41 8be8 

  0x00000212b07b5ae0: ;   {runtime_call UncommonTrapBlob}
  0x00000212b07b5ae0: 6666 90e8 

  0x00000212b07b5ae4: ; ImmutableOopMap {rbp=NarrowOop [32]=Oop }
                      ;*invokeinterface onOutput {reexecute=0 rethrow=0 return_oop=0}
                      ; - org.gradle.internal.logging.console.BuildLogLevelFilterRenderer::onOutput@47 (line 41)
                      ; - org.gradle.internal.logging.console.WorkInProgressRenderer::onOutput@47 (line 76)
  0x00000212b07b5ae4: 180e 99ff | baf6 ffff 

  0x00000212b07b5aec: ;   {runtime_call UncommonTrapBlob}
  0x00000212b07b5aec: ff66 90e8 

  0x00000212b07b5af0: ; ImmutableOopMap {}
                      ;*invokevirtual getClass {reexecute=0 rethrow=0 return_oop=0}
                      ; - java.lang.Enum::compareTo@9 (line 198)
                      ; - org.gradle.internal.logging.console.BuildLogLevelFilterRenderer::onOutput@15 (line 34)
                      ; - org.gradle.internal.logging.console.WorkInProgressRenderer::onOutput@47 (line 76)
  0x00000212b07b5af0: 0c0e 99ff | 85f6 0f85 | 97f7 ffff | e95a f8ff | ff49 8bd7 | 49ba d082 | 56fe fe7f | 0000 41ff 
  0x00000212b07b5b10: d2e9 e7ef | ffff ba45 | ffff ff44 | 8944 2428 

  0x00000212b07b5b20: ;   {runtime_call UncommonTrapBlob}
  0x00000212b07b5b20: 6666 90e8 

  0x00000212b07b5b24: ; ImmutableOopMap {rbp=Oop [32]=Oop }
                      ;*ifge {reexecute=1 rethrow=0 return_oop=0}
                      ; - (reexecute) org.gradle.internal.logging.console.BuildLogLevelFilterRenderer::onOutput@18 (line 34)
                      ; - org.gradle.internal.logging.console.WorkInProgressRenderer::onOutput@47 (line 76)
  0x00000212b07b5b24: d80d 99ff | 498b d749 | bad0 8256 | fefe 7f00 | 0041 ffd2 | e947 f3ff | ff49 8bd7 | 49ba d082 
  0x00000212b07b5b44: 56fe fe7f | 0000 41ff | d2e9 82f3 | ffff 498b | d749 bad0 | 8256 fefe | 7f00 0041 | ffd2 e9d6 
  0x00000212b07b5b64: f2ff ff49 | 8bd7 49ba | d082 56fe | fe7f 0000 | 41ff d2e9 | edf1 ffff | 498b d749 | bad0 8256 
  0x00000212b07b5b84: fefe 7f00 | 0041 ffd2 | e9c9 fbff | ff4c 8b4c | 2448 458b | 5130 4585 | d20f 8415 | f9ff ff4d 
  0x00000212b07b5ba4: 8b5f 2049 | 8bca 4d85 | db0f 84e5 | 0100 004d | 8b57 304b | 894c 1af8 | 4983 c3f8 | 4d89 5f20 
  0x00000212b07b5bc4: e9ef f8ff | ff4d 8b57 | 404d 8b5f | 50f0 8344 | 24c0 0080 | 3900 0f84 | 16f9 ffff | 4488 214d 
  0x00000212b07b5be4: 85d2 751b | 498b d949 | 8bd7 49ba | b082 56fe | fe7f 0000 | 41ff d24c | 8bcb e9f3 | f8ff ff4b 
  0x00000212b07b5c04: 894c 13f8 | 4983 c2f8 | 4d89 5740 | e9e1 f8ff | ffba f6ff 

  0x00000212b07b5c18: ;   {runtime_call UncommonTrapBlob}
  0x00000212b07b5c18: ffff 90e8 

  0x00000212b07b5c1c: ; ImmutableOopMap {[64]=Oop }
                      ;*aastore {reexecute=1 rethrow=0 return_oop=0}
                      ; - (reexecute) java.util.ArrayList::add@14 (line 455)
                      ; - java.util.ArrayList::add@20 (line 467)
                      ; - org.gradle.internal.logging.console.WorkInProgressRenderer::onOutput@5 (line 68)
  0x00000212b07b5c1c: e00c 99ff | bade ffff | ff48 8be8 

  0x00000212b07b5c28: ;   {runtime_call UncommonTrapBlob}
  0x00000212b07b5c28: 6666 90e8 

  0x00000212b07b5c2c: ; ImmutableOopMap {rbp=Oop }
                      ;*checkcast {reexecute=0 rethrow=0 return_oop=0}
                      ; - org.gradle.internal.logging.sink.GroupingProgressLogEventGenerator::onComplete@13 (line 113)
                      ; - org.gradle.internal.logging.sink.GroupingProgressLogEventGenerator::onOutput@48 (line 76)
                      ; - org.gradle.internal.logging.console.BuildLogLevelFilterRenderer::onOutput@47 (line 41)
                      ; - org.gradle.internal.logging.console.WorkInProgressRenderer::onOutput@47 (line 76)
  0x00000212b07b5c2c: d00c 99ff | bade ffff 

  0x00000212b07b5c34: ;   {runtime_call UncommonTrapBlob}
  0x00000212b07b5c34: ff66 90e8 

  0x00000212b07b5c38: ; ImmutableOopMap {rbp=NarrowOop }
                      ;*checkcast {reexecute=0 rethrow=0 return_oop=0}
                      ; - org.gradle.internal.logging.sink.GroupingProgressLogEventGenerator::onUpdateNow@38 (line 134)
                      ; - org.gradle.internal.logging.sink.GroupingProgressLogEventGenerator::onOutput@84 (line 80)
                      ; - org.gradle.internal.logging.console.BuildLogLevelFilterRenderer::onOutput@47 (line 41)
                      ; - org.gradle.internal.logging.console.WorkInProgressRenderer::onOutput@47 (line 76)
  0x00000212b07b5c38: c40c 99ff | ba45 ffff | ff49 ba00 | 0000 bb12 | 0200 004d | 03d3 4d8b | 5270 498b | 2a4c 8b54 
  0x00000212b07b5c58: 2428 4c89 | 5424 2089 | 4c24 2844 | 8944 242c 

  0x00000212b07b5c68: ;   {runtime_call UncommonTrapBlob}
  0x00000212b07b5c68: 6666 90e8 

  0x00000212b07b5c6c: ; ImmutableOopMap {rbp=Oop [32]=Oop [40]=NarrowOop [44]=NarrowOop }
                      ;*if_acmpeq {reexecute=1 rethrow=0 return_oop=0}
                      ; - (reexecute) org.gradle.internal.operations.OperationIdentifier::equals@19 (line 46)
                      ; - org.gradle.internal.logging.sink.GroupingProgressLogEventGenerator$OperationGroup::hasForeground@11 (line 265)
                      ; - org.gradle.internal.logging.sink.GroupingProgressLogEventGenerator$OperationGroup::access$100@1 (line 187)
                      ; - org.gradle.internal.logging.sink.GroupingProgressLogEventGenerator::onComplete@46 (line 118)
                      ; - org.gradle.internal.logging.sink.GroupingProgressLogEventGenerator::onOutput@48 (line 76)
                      ; - org.gradle.internal.logging.console.BuildLogLevelFilterRenderer::onOutput@47 (line 41)
                      ; - org.gradle.internal.logging.console.WorkInProgressRenderer::onOutput@47 (line 76)
  0x00000212b07b5c6c: 900c 99ff | 498b d749 | bad0 8256 | fefe 7f00 | 0041 ffd2 | e976 f5ff | ffba 45ff | ffff 4c89 
  0x00000212b07b5c8c: 5424 2044 | 8944 2430 | 895c 2434 | 4889 4424 | 3844 894c 

  0x00000212b07b5ca0: ;   {runtime_call UncommonTrapBlob}
  0x00000212b07b5ca0: 2444 90e8 

  0x00000212b07b5ca4: ; ImmutableOopMap {[32]=Oop [52]=NarrowOop [56]=Oop [68]=NarrowOop }
                      ;*if_icmpeq {reexecute=1 rethrow=0 return_oop=0}
                      ; - (reexecute) java.util.LinkedHashMap$LinkedHashIterator::nextNode@16 (line 755)
                      ; - java.util.LinkedHashMap$LinkedValueIterator::next@1 (line 783)
                      ; - org.gradle.internal.logging.sink.GroupingProgressLogEventGenerator::onUpdateNow@33 (line 134)
                      ; - org.gradle.internal.logging.sink.GroupingProgressLogEventGenerator::onOutput@84 (line 80)
                      ; - org.gradle.internal.logging.console.BuildLogLevelFilterRenderer::onOutput@47 (line 41)
                      ; - org.gradle.internal.logging.console.WorkInProgressRenderer::onOutput@47 (line 76)
  0x00000212b07b5ca4: 580c 99ff | ba45 ffff | ff48 8be9 

  0x00000212b07b5cb0: ;   {runtime_call UncommonTrapBlob}
  0x00000212b07b5cb0: 6666 90e8 

  0x00000212b07b5cb4: ; ImmutableOopMap {rbp=Oop [32]=Oop }
                      ;*ifeq {reexecute=1 rethrow=0 return_oop=0}
                      ; - (reexecute) org.gradle.internal.logging.sink.GroupingProgressLogEventGenerator::onOutput@58 (line 77)
                      ; - org.gradle.internal.logging.console.BuildLogLevelFilterRenderer::onOutput@47 (line 41)
                      ; - org.gradle.internal.logging.console.WorkInProgressRenderer::onOutput@47 (line 76)
  0x00000212b07b5cb4: 480c 99ff | bac6 ffff | ff4c 8954 | 2420 4889 | 4c24 2844 | 8944 2430 | 897c 2434 | 895c 2438 
  0x00000212b07b5cd4: 4489 4c24 

  0x00000212b07b5cd8: ;   {runtime_call UncommonTrapBlob}
  0x00000212b07b5cd8: 4066 90e8 

  0x00000212b07b5cdc: ; ImmutableOopMap {[32]=Oop [40]=Oop [52]=NarrowOop [56]=NarrowOop [64]=NarrowOop }
                      ;*invokevirtual maybeFlushOutput {reexecute=0 rethrow=0 return_oop=0}
                      ; - org.gradle.internal.logging.sink.GroupingProgressLogEventGenerator::onUpdateNow@47 (line 135)
                      ; - org.gradle.internal.logging.sink.GroupingProgressLogEventGenerator::onOutput@84 (line 80)
                      ; - org.gradle.internal.logging.console.BuildLogLevelFilterRenderer::onOutput@47 (line 41)
                      ; - org.gradle.internal.logging.console.WorkInProgressRenderer::onOutput@47 (line 76)
  0x00000212b07b5cdc: 200c 99ff | bade ffff | ff8b eb4c | 8954 2420 

  0x00000212b07b5cec: ;   {runtime_call UncommonTrapBlob}
  0x00000212b07b5cec: 6666 90e8 

  0x00000212b07b5cf0: ; ImmutableOopMap {rbp=NarrowOop [32]=Oop }
                      ;*invokeinterface values {reexecute=0 rethrow=0 return_oop=0}
                      ; - org.gradle.internal.logging.sink.GroupingProgressLogEventGenerator::onUpdateNow@12 (line 134)
                      ; - org.gradle.internal.logging.sink.GroupingProgressLogEventGenerator::onOutput@84 (line 80)
                      ; - org.gradle.internal.logging.console.BuildLogLevelFilterRenderer::onOutput@47 (line 41)
                      ; - org.gradle.internal.logging.console.WorkInProgressRenderer::onOutput@47 (line 76)
  0x00000212b07b5cf0: 0c0c 99ff | bade ffff | ff4c 8954 

  0x00000212b07b5cfc: ;   {runtime_call UncommonTrapBlob}
  0x00000212b07b5cfc: 2420 90e8 

  0x00000212b07b5d00: ; ImmutableOopMap {rbp=NarrowOop [32]=Oop }
                      ;*invokeinterface iterator {reexecute=0 rethrow=0 return_oop=0}
                      ; - org.gradle.internal.logging.sink.GroupingProgressLogEventGenerator::onUpdateNow@17 (line 134)
                      ; - org.gradle.internal.logging.sink.GroupingProgressLogEventGenerator::onOutput@84 (line 80)
                      ; - org.gradle.internal.logging.console.BuildLogLevelFilterRenderer::onOutput@47 (line 41)
                      ; - org.gradle.internal.logging.console.WorkInProgressRenderer::onOutput@47 (line 76)
  0x00000212b07b5d00: fc0b 99ff | bade ffff | ff48 8be8 

  0x00000212b07b5d0c: ;   {runtime_call UncommonTrapBlob}
  0x00000212b07b5d0c: 6666 90e8 

  0x00000212b07b5d10: ; ImmutableOopMap {rbp=Oop }
                      ;*checkcast {reexecute=0 rethrow=0 return_oop=0}
                      ; - org.gradle.internal.logging.sink.GroupingProgressLogEventGenerator$OperationGroup::flushOutput@130 (line 237)
                      ; - org.gradle.internal.logging.sink.GroupingProgressLogEventGenerator$OperationGroup::maybeFlushOutput@30 (line 252)
                      ; - org.gradle.internal.logging.sink.GroupingProgressLogEventGenerator::onUpdateNow@47 (line 135)
                      ; - org.gradle.internal.logging.sink.GroupingProgressLogEventGenerator::onOutput@84 (line 80)
                      ; - org.gradle.internal.logging.console.BuildLogLevelFilterRenderer::onOutput@47 (line 41)
                      ; - org.gradle.internal.logging.console.WorkInProgressRenderer::onOutput@47 (line 76)
  0x00000212b07b5d10: ec0b 99ff | bade ffff | ff4c 8954 | 2420 4c89 | 6c24 3044 | 8944 2438 | 897c 243c | 895c 2440 
  0x00000212b07b5d30: 4489 4c24 

  0x00000212b07b5d34: ;   {runtime_call UncommonTrapBlob}
  0x00000212b07b5d34: 4866 90e8 

  0x00000212b07b5d38: ; ImmutableOopMap {rbp=NarrowOop [32]=Oop [48]=Oop [60]=NarrowOop [64]=NarrowOop [72]=NarrowOop }
                      ;*invokeinterface isEmpty {reexecute=0 rethrow=0 return_oop=0}
                      ; - org.gradle.internal.logging.sink.GroupingProgressLogEventGenerator$OperationGroup::canClaimForeground@11 (line 261)
                      ; - org.gradle.internal.logging.sink.GroupingProgressLogEventGenerator$OperationGroup::maybeFlushOutput@23 (line 251)
                      ; - org.gradle.internal.logging.sink.GroupingProgressLogEventGenerator::onUpdateNow@47 (line 135)
                      ; - org.gradle.internal.logging.sink.GroupingProgressLogEventGenerator::onOutput@84 (line 80)
                      ; - org.gradle.internal.logging.console.BuildLogLevelFilterRenderer::onOutput@47 (line 41)
                      ; - org.gradle.internal.logging.console.WorkInProgressRenderer::onOutput@47 (line 76)
  0x00000212b07b5d38: c40b 99ff | ba45 ffff | ff48 b800 | 0000 bb12 | 0200 0049 | 03c3 4c8b | 5870 498b | 2b4c 8954 
  0x00000212b07b5d58: 2420 4c89 | 6c24 3089 | 4c24 3889 | 7424 3c44 | 8944 2440 | 897c 2444 | 895c 2448 | 4489 4c24 
  0x00000212b07b5d78: ;   {runtime_call UncommonTrapBlob}
  0x00000212b07b5d78: 5066 90e8 

  0x00000212b07b5d7c: ; ImmutableOopMap {rbp=Oop [32]=Oop [48]=Oop [56]=NarrowOop [60]=NarrowOop [68]=NarrowOop [72]=NarrowOop [80]=NarrowOop }
                      ;*if_acmpeq {reexecute=1 rethrow=0 return_oop=0}
                      ; - (reexecute) org.gradle.internal.operations.OperationIdentifier::equals@19 (line 46)
                      ; - org.gradle.internal.logging.sink.GroupingProgressLogEventGenerator$OperationGroup::hasForeground@11 (line 265)
                      ; - org.gradle.internal.logging.sink.GroupingProgressLogEventGenerator$OperationGroup::canClaimForeground@1 (line 261)
                      ; - org.gradle.internal.logging.sink.GroupingProgressLogEventGenerator$OperationGroup::maybeFlushOutput@23 (line 251)
                      ; - org.gradle.internal.logging.sink.GroupingProgressLogEventGenerator::onUpdateNow@47 (line 135)
                      ; - org.gradle.internal.logging.sink.GroupingProgressLogEventGenerator::onOutput@84 (line 80)
                      ; - org.gradle.internal.logging.console.BuildLogLevelFilterRenderer::onOutput@47 (line 41)
                      ; - org.gradle.internal.logging.console.WorkInProgressRenderer::onOutput@47 (line 76)
  0x00000212b07b5d7c: 800b 99ff | baf6 ffff 

  0x00000212b07b5d84: ;   {runtime_call UncommonTrapBlob}
  0x00000212b07b5d84: ff66 90e8 

  0x00000212b07b5d88: ; ImmutableOopMap {}
                      ;*getfield listener {reexecute=1 rethrow=0 return_oop=0}
                      ; - (reexecute) org.gradle.internal.logging.sink.GroupingProgressLogEventGenerator::access$400@1 (line 49)
                      ; - org.gradle.internal.logging.sink.GroupingProgressLogEventGenerator$OperationGroup::flushOutput@80 (line 232)
                      ; - org.gradle.internal.logging.sink.GroupingProgressLogEventGenerator$OperationGroup::maybeFlushOutput@30 (line 252)
                      ; - org.gradle.internal.logging.sink.GroupingProgressLogEventGenerator::onUpdateNow@47 (line 135)
                      ; - org.gradle.internal.logging.sink.GroupingProgressLogEventGenerator::onOutput@84 (line 80)
                      ; - org.gradle.internal.logging.console.BuildLogLevelFilterRenderer::onOutput@47 (line 41)
                      ; - org.gradle.internal.logging.console.WorkInProgressRenderer::onOutput@47 (line 76)
  0x00000212b07b5d88: 740b 99ff | baf6 ffff 

  0x00000212b07b5d90: ;   {runtime_call UncommonTrapBlob}
  0x00000212b07b5d90: ff66 90e8 

  0x00000212b07b5d94: ; ImmutableOopMap {}
                      ;*getfield needHeaderSeparator {reexecute=1 rethrow=0 return_oop=0}
                      ; - (reexecute) org.gradle.internal.logging.sink.GroupingProgressLogEventGenerator::access$600@1 (line 49)
                      ; - org.gradle.internal.logging.sink.GroupingProgressLogEventGenerator$OperationGroup::flushOutput@43 (line 229)
                      ; - org.gradle.internal.logging.sink.GroupingProgressLogEventGenerator$OperationGroup::maybeFlushOutput@30 (line 252)
                      ; - org.gradle.internal.logging.sink.GroupingProgressLogEventGenerator::onUpdateNow@47 (line 135)
                      ; - org.gradle.internal.logging.sink.GroupingProgressLogEventGenerator::onOutput@84 (line 80)
                      ; - org.gradle.internal.logging.console.BuildLogLevelFilterRenderer::onOutput@47 (line 41)
                      ; - org.gradle.internal.logging.console.WorkInProgressRenderer::onOutput@47 (line 76)
  0x00000212b07b5d94: 680b 99ff | 498b d749 | bad0 8256 | fefe 7f00 | 0041 ffd2 | 4c8b 4c24 | 48e9 06f7 | ffff ba45 
  0x00000212b07b5db4: ffff ff49 | ba00 0000 | bb12 0200 | 004d 03d3 | 4d8b 5270 | 498b 2a48 | 894c 2438 | 897c 2440 
  0x00000212b07b5dd4: 8974 2444 | 4489 4424 

  0x00000212b07b5ddc: ;   {runtime_call UncommonTrapBlob}
  0x00000212b07b5ddc: 4866 90e8 

  0x00000212b07b5de0: ; ImmutableOopMap {rbp=Oop [32]=Oop [40]=NarrowOop [44]=NarrowOop [52]=NarrowOop [56]=Oop [68]=NarrowOop [72]=NarrowOop }
                      ;*if_acmpeq {reexecute=1 rethrow=0 return_oop=0}
                      ; - (reexecute) org.gradle.internal.operations.OperationIdentifier::equals@19 (line 46)
                      ; - org.gradle.internal.logging.sink.GroupingProgressLogEventGenerator$OperationGroup::hasForeground@11 (line 265)
                      ; - org.gradle.internal.logging.sink.GroupingProgressLogEventGenerator$OperationGroup::flushOutput@26 (line 228)
                      ; - org.gradle.internal.logging.sink.GroupingProgressLogEventGenerator$OperationGroup::maybeFlushOutput@30 (line 252)
                      ; - org.gradle.internal.logging.sink.GroupingProgressLogEventGenerator::onUpdateNow@47 (line 135)
                      ; - org.gradle.internal.logging.sink.GroupingProgressLogEventGenerator::onOutput@84 (line 80)
                      ; - org.gradle.internal.logging.console.BuildLogLevelFilterRenderer::onOutput@47 (line 41)
                      ; - org.gradle.internal.logging.console.WorkInProgressRenderer::onOutput@47 (line 76)
  0x00000212b07b5de0: 1c0b 99ff | baf6 ffff | ff49 8be8 

  0x00000212b07b5dec: ;   {runtime_call UncommonTrapBlob}
  0x00000212b07b5dec: 6666 90e8 

  0x00000212b07b5df0: ; ImmutableOopMap {rbp=Oop }
                      ;*invokeinterface add {reexecute=0 rethrow=0 return_oop=0}
                      ; - org.gradle.internal.logging.console.WorkInProgressRenderer::onOutput@5 (line 68)
  0x00000212b07b5df0: 0c0b 99ff | baf6 ffff 

  0x00000212b07b5df8: ;   {runtime_call UncommonTrapBlob}
  0x00000212b07b5df8: ff66 90e8 

  0x00000212b07b5dfc: ; ImmutableOopMap {}
                      ;*arraylength {reexecute=0 rethrow=0 return_oop=0}
                      ; - java.util.ArrayList::add@2 (line 453)
                      ; - java.util.ArrayList::add@20 (line 467)
                      ; - org.gradle.internal.logging.console.WorkInProgressRenderer::onOutput@5 (line 68)
  0x00000212b07b5dfc: 000b 99ff | baf4 ffff | ff48 8beb 

  0x00000212b07b5e08: ;   {runtime_call UncommonTrapBlob}
  0x00000212b07b5e08: 6666 90e8 

  0x00000212b07b5e0c: ; ImmutableOopMap {rbp=Oop }
                      ;*instanceof {reexecute=0 rethrow=0 return_oop=0}
                      ; - org.gradle.internal.logging.console.WorkInProgressRenderer::onOutput@12 (line 70)
  0x00000212b07b5e0c: f00a 99ff | baf6 ffff | ff48 8bee 

  0x00000212b07b5e18: ;   {runtime_call UncommonTrapBlob}
  0x00000212b07b5e18: 6666 90e8 

  0x00000212b07b5e1c: ; ImmutableOopMap {rbp=Oop }
                      ;*invokeinterface onOutput {reexecute=0 rethrow=0 return_oop=0}
                      ; - org.gradle.internal.logging.console.WorkInProgressRenderer::onOutput@47 (line 76)
  0x00000212b07b5e1c: e00a 99ff | baf6 ffff | ff48 8b6c 

  0x00000212b07b5e28: ;   {runtime_call UncommonTrapBlob}
  0x00000212b07b5e28: 2420 90e8 

  0x00000212b07b5e2c: ; ImmutableOopMap {rbp=Oop }
                      ;*invokeinterface onOutput {reexecute=0 rethrow=0 return_oop=0}
                      ; - org.gradle.internal.logging.console.BuildLogLevelFilterRenderer::onOutput@47 (line 41)
                      ; - org.gradle.internal.logging.console.WorkInProgressRenderer::onOutput@47 (line 76)
  0x00000212b07b5e2c: d00a 99ff | baf6 ffff 

  0x00000212b07b5e34: ;   {runtime_call UncommonTrapBlob}
  0x00000212b07b5e34: ff66 90e8 

  0x00000212b07b5e38: ; ImmutableOopMap {}
                      ;*invokevirtual isGrouped {reexecute=0 rethrow=0 return_oop=0}
                      ; - org.gradle.internal.logging.sink.GroupingProgressLogEventGenerator::onStart@4 (line 87)
                      ; - org.gradle.internal.logging.sink.GroupingProgressLogEventGenerator::onOutput@12 (line 72)
                      ; - org.gradle.internal.logging.console.BuildLogLevelFilterRenderer::onOutput@47 (line 41)
                      ; - org.gradle.internal.logging.console.WorkInProgressRenderer::onOutput@47 (line 76)
  0x00000212b07b5e38: c40a 99ff | baf6 ffff | ff41 8beb 

  0x00000212b07b5e44: ;   {runtime_call UncommonTrapBlob}
  0x00000212b07b5e44: 6666 90e8 

  0x00000212b07b5e48: ; ImmutableOopMap {rbp=NarrowOop }
                      ;*invokevirtual compareTo {reexecute=0 rethrow=0 return_oop=0}
                      ; - org.gradle.internal.logging.console.BuildLogLevelFilterRenderer::onOutput@15 (line 34)
                      ; - org.gradle.internal.logging.console.WorkInProgressRenderer::onOutput@47 (line 76)
  0x00000212b07b5e48: b40a 99ff | baf4 ffff 

  0x00000212b07b5e50: ;   {runtime_call UncommonTrapBlob}
  0x00000212b07b5e50: ff66 90e8 

  0x00000212b07b5e54: ; ImmutableOopMap {rbp=Oop [32]=Oop }
                      ;*checkcast {reexecute=0 rethrow=0 return_oop=0}
                      ; - org.gradle.internal.logging.sink.GroupingProgressLogEventGenerator::onComplete@13 (line 113)
                      ; - org.gradle.internal.logging.sink.GroupingProgressLogEventGenerator::onOutput@48 (line 76)
                      ; - org.gradle.internal.logging.console.BuildLogLevelFilterRenderer::onOutput@47 (line 41)
                      ; - org.gradle.internal.logging.console.WorkInProgressRenderer::onOutput@47 (line 76)
  0x00000212b07b5e54: a80a 99ff | baf6 ffff 

  0x00000212b07b5e5c: ;   {runtime_call UncommonTrapBlob}
  0x00000212b07b5e5c: ff66 90e8 

  0x00000212b07b5e60: ; ImmutableOopMap {}
                      ;*getfield lastRenderedBuildOpId {reexecute=1 rethrow=0 return_oop=0}
                      ; - (reexecute) org.gradle.internal.logging.sink.GroupingProgressLogEventGenerator::access$300@1 (line 49)
                      ; - org.gradle.internal.logging.sink.GroupingProgressLogEventGenerator$OperationGroup::hasForeground@8 (line 265)
                      ; - org.gradle.internal.logging.sink.GroupingProgressLogEventGenerator$OperationGroup::access$100@1 (line 187)
                      ; - org.gradle.internal.logging.sink.GroupingProgressLogEventGenerator::onComplete@46 (line 118)
                      ; - org.gradle.internal.logging.sink.GroupingProgressLogEventGenerator::onOutput@48 (line 76)
                      ; - org.gradle.internal.logging.console.BuildLogLevelFilterRenderer::onOutput@47 (line 41)
                      ; - org.gradle.internal.logging.console.WorkInProgressRenderer::onOutput@47 (line 76)
  0x00000212b07b5e60: 9c0a 99ff | baf6 ffff | ff41 8be8 

  0x00000212b07b5e6c: ;   {runtime_call UncommonTrapBlob}
  0x00000212b07b5e6c: 6666 90e8 

  0x00000212b07b5e70: ; ImmutableOopMap {rbp=NarrowOop }
                      ;*invokevirtual equals {reexecute=0 rethrow=0 return_oop=0}
                      ; - org.gradle.internal.logging.sink.GroupingProgressLogEventGenerator$OperationGroup::hasForeground@11 (line 265)
                      ; - org.gradle.internal.logging.sink.GroupingProgressLogEventGenerator$OperationGroup::access$100@1 (line 187)
                      ; - org.gradle.internal.logging.sink.GroupingProgressLogEventGenerator::onComplete@46 (line 118)
                      ; - org.gradle.internal.logging.sink.GroupingProgressLogEventGenerator::onOutput@48 (line 76)
                      ; - org.gradle.internal.logging.console.BuildLogLevelFilterRenderer::onOutput@47 (line 41)
                      ; - org.gradle.internal.logging.console.WorkInProgressRenderer::onOutput@47 (line 76)
  0x00000212b07b5e70: 8c0a 99ff | baf4 ffff | ff49 8bea | 4489 4424 | 2089 7c24 | 2489 5c24 | 2844 894c 

  0x00000212b07b5e8c: ;   {runtime_call UncommonTrapBlob}
  0x00000212b07b5e8c: 2430 90e8 

  0x00000212b07b5e90: ; ImmutableOopMap {rbp=Oop [36]=NarrowOop [40]=NarrowOop [48]=NarrowOop }
                      ;*checkcast {reexecute=0 rethrow=0 return_oop=0}
                      ; - org.gradle.internal.logging.sink.GroupingProgressLogEventGenerator::onUpdateNow@38 (line 134)
                      ; - org.gradle.internal.logging.sink.GroupingProgressLogEventGenerator::onOutput@84 (line 80)
                      ; - org.gradle.internal.logging.console.BuildLogLevelFilterRenderer::onOutput@47 (line 41)
                      ; - org.gradle.internal.logging.console.WorkInProgressRenderer::onOutput@47 (line 76)
  0x00000212b07b5e90: 6c0a 99ff | ba45 ffff | ff49 8bea | 895c 2424 | 4489 4424 | 2889 5c24 | 2c48 8944 | 2430 4489 
  0x00000212b07b5eb0: ;   {runtime_call UncommonTrapBlob}
  0x00000212b07b5eb0: 4c24 3ce8 

  0x00000212b07b5eb4: ; ImmutableOopMap {rbp=Oop [36]=NarrowOop [44]=NarrowOop [48]=Oop [60]=NarrowOop }
                      ;*ifnonnull {reexecute=1 rethrow=0 return_oop=0}
                      ; - (reexecute) java.util.LinkedHashMap$LinkedHashIterator::nextNode@28 (line 757)
                      ; - java.util.LinkedHashMap$LinkedValueIterator::next@1 (line 783)
                      ; - org.gradle.internal.logging.sink.GroupingProgressLogEventGenerator::onUpdateNow@33 (line 134)
                      ; - org.gradle.internal.logging.sink.GroupingProgressLogEventGenerator::onOutput@84 (line 80)
                      ; - org.gradle.internal.logging.console.BuildLogLevelFilterRenderer::onOutput@47 (line 41)
                      ; - org.gradle.internal.logging.console.WorkInProgressRenderer::onOutput@47 (line 76)
  0x00000212b07b5eb4: 480a 99ff | baf6 ffff 

  0x00000212b07b5ebc: ;   {runtime_call UncommonTrapBlob}
  0x00000212b07b5ebc: ff66 90e8 

  0x00000212b07b5ec0: ; ImmutableOopMap {}
                      ;*invokeinterface values {reexecute=0 rethrow=0 return_oop=0}
                      ; - org.gradle.internal.logging.sink.GroupingProgressLogEventGenerator::onUpdateNow@12 (line 134)
                      ; - org.gradle.internal.logging.sink.GroupingProgressLogEventGenerator::onOutput@84 (line 80)
                      ; - org.gradle.internal.logging.console.BuildLogLevelFilterRenderer::onOutput@47 (line 41)
                      ; - org.gradle.internal.logging.console.WorkInProgressRenderer::onOutput@47 (line 76)
  0x00000212b07b5ec0: 3c0a 99ff | baf6 ffff 

  0x00000212b07b5ec8: ;   {runtime_call UncommonTrapBlob}
  0x00000212b07b5ec8: ff66 90e8 

  0x00000212b07b5ecc: ; ImmutableOopMap {}
                      ;*getfield head {reexecute=1 rethrow=0 return_oop=0}
                      ; - (reexecute) java.util.LinkedHashMap$LinkedHashIterator::<init>@11 (line 744)
                      ; - java.util.LinkedHashMap$LinkedValueIterator::<init>@7 (line 781)
                      ; - java.util.LinkedHashMap$LinkedValues::iterator@8 (line 626)
                      ; - org.gradle.internal.logging.sink.GroupingProgressLogEventGenerator::onUpdateNow@17 (line 134)
                      ; - org.gradle.internal.logging.sink.GroupingProgressLogEventGenerator::onOutput@84 (line 80)
                      ; - org.gradle.internal.logging.console.BuildLogLevelFilterRenderer::onOutput@47 (line 41)
                      ; - org.gradle.internal.logging.console.WorkInProgressRenderer::onOutput@47 (line 76)
  0x00000212b07b5ecc: 300a 99ff | baf4 ffff | ff44 8b5c | 2444 4489 

  0x00000212b07b5edc: ;   {runtime_call UncommonTrapBlob}
  0x00000212b07b5edc: 5c24 38e8 

  0x00000212b07b5ee0: ; ImmutableOopMap {rbp=Oop [32]=Oop [40]=NarrowOop [44]=NarrowOop [52]=NarrowOop [72]=Oop }
                      ;*checkcast {reexecute=0 rethrow=0 return_oop=0}
                      ; - org.gradle.internal.logging.sink.GroupingProgressLogEventGenerator$OperationGroup::flushOutput@130 (line 237)
                      ; - org.gradle.internal.logging.sink.GroupingProgressLogEventGenerator$OperationGroup::maybeFlushOutput@30 (line 252)
                      ; - org.gradle.internal.logging.sink.GroupingProgressLogEventGenerator::onUpdateNow@47 (line 135)
                      ; - org.gradle.internal.logging.sink.GroupingProgressLogEventGenerator::onOutput@84 (line 80)
                      ; - org.gradle.internal.logging.console.BuildLogLevelFilterRenderer::onOutput@47 (line 41)
                      ; - org.gradle.internal.logging.console.WorkInProgressRenderer::onOutput@47 (line 76)
  0x00000212b07b5ee0: 1c0a 99ff | baf6 ffff 

  0x00000212b07b5ee8: ;   {runtime_call UncommonTrapBlob}
  0x00000212b07b5ee8: ff66 90e8 

  0x00000212b07b5eec: ; ImmutableOopMap {}
                      ;*getfield listener {reexecute=1 rethrow=0 return_oop=0}
                      ; - (reexecute) org.gradle.internal.logging.sink.GroupingProgressLogEventGenerator::access$400@1 (line 49)
                      ; - org.gradle.internal.logging.sink.GroupingProgressLogEventGenerator$OperationGroup::flushOutput@143 (line 239)
                      ; - org.gradle.internal.logging.sink.GroupingProgressLogEventGenerator$OperationGroup::maybeFlushOutput@30 (line 252)
                      ; - org.gradle.internal.logging.sink.GroupingProgressLogEventGenerator::onUpdateNow@47 (line 135)
                      ; - org.gradle.internal.logging.sink.GroupingProgressLogEventGenerator::onOutput@84 (line 80)
                      ; - org.gradle.internal.logging.console.BuildLogLevelFilterRenderer::onOutput@47 (line 41)
                      ; - org.gradle.internal.logging.console.WorkInProgressRenderer::onOutput@47 (line 76)
  0x00000212b07b5eec: 100a 99ff | baf6 ffff 

  0x00000212b07b5ef4: ;   {runtime_call UncommonTrapBlob}
  0x00000212b07b5ef4: ff66 90e8 

  0x00000212b07b5ef8: ; ImmutableOopMap {}
                      ;*getfield lastRenderedBuildOpId {reexecute=1 rethrow=0 return_oop=0}
                      ; - (reexecute) org.gradle.internal.logging.sink.GroupingProgressLogEventGenerator::access$300@1 (line 49)
                      ; - org.gradle.internal.logging.sink.GroupingProgressLogEventGenerator$OperationGroup::hasForeground@8 (line 265)
                      ; - org.gradle.internal.logging.sink.GroupingProgressLogEventGenerator$OperationGroup::canClaimForeground@1 (line 261)
                      ; - org.gradle.internal.logging.sink.GroupingProgressLogEventGenerator$OperationGroup::maybeFlushOutput@23 (line 251)
                      ; - org.gradle.internal.logging.sink.GroupingProgressLogEventGenerator::onUpdateNow@47 (line 135)
                      ; - org.gradle.internal.logging.sink.GroupingProgressLogEventGenerator::onOutput@84 (line 80)
                      ; - org.gradle.internal.logging.console.BuildLogLevelFilterRenderer::onOutput@47 (line 41)
                      ; - org.gradle.internal.logging.console.WorkInProgressRenderer::onOutput@47 (line 76)
  0x00000212b07b5ef8: 040a 99ff | baf6 ffff 

  0x00000212b07b5f00: ;   {runtime_call UncommonTrapBlob}
  0x00000212b07b5f00: ff8b eee8 

  0x00000212b07b5f04: ; ImmutableOopMap {rbp=NarrowOop }
                      ;*invokevirtual equals {reexecute=0 rethrow=0 return_oop=0}
                      ; - org.gradle.internal.logging.sink.GroupingProgressLogEventGenerator$OperationGroup::hasForeground@11 (line 265)
                      ; - org.gradle.internal.logging.sink.GroupingProgressLogEventGenerator$OperationGroup::canClaimForeground@1 (line 261)
                      ; - org.gradle.internal.logging.sink.GroupingProgressLogEventGenerator$OperationGroup::maybeFlushOutput@23 (line 251)
                      ; - org.gradle.internal.logging.sink.GroupingProgressLogEventGenerator::onUpdateNow@47 (line 135)
                      ; - org.gradle.internal.logging.sink.GroupingProgressLogEventGenerator::onOutput@84 (line 80)
                      ; - org.gradle.internal.logging.console.BuildLogLevelFilterRenderer::onOutput@47 (line 41)
                      ; - org.gradle.internal.logging.console.WorkInProgressRenderer::onOutput@47 (line 76)
  0x00000212b07b5f04: f809 99ff | baf6 ffff 

  0x00000212b07b5f0c: ;   {runtime_call UncommonTrapBlob}
  0x00000212b07b5f0c: ff66 90e8 

  0x00000212b07b5f10: ; ImmutableOopMap {}
                      ;*invokeinterface isEmpty {reexecute=0 rethrow=0 return_oop=0}
                      ; - org.gradle.internal.logging.sink.GroupingProgressLogEventGenerator$OperationGroup::canClaimForeground@11 (line 261)
                      ; - org.gradle.internal.logging.sink.GroupingProgressLogEventGenerator$OperationGroup::maybeFlushOutput@23 (line 251)
                      ; - org.gradle.internal.logging.sink.GroupingProgressLogEventGenerator::onUpdateNow@47 (line 135)
                      ; - org.gradle.internal.logging.sink.GroupingProgressLogEventGenerator::onOutput@84 (line 80)
                      ; - org.gradle.internal.logging.console.BuildLogLevelFilterRenderer::onOutput@47 (line 41)
                      ; - org.gradle.internal.logging.console.WorkInProgressRenderer::onOutput@47 (line 76)
  0x00000212b07b5f10: ec09 99ff | ba45 ffff | ff4c 8954 | 2420 4c89 

  0x00000212b07b5f20: ;   {runtime_call UncommonTrapBlob}
  0x00000212b07b5f20: 4424 28e8 

  0x00000212b07b5f24: ; ImmutableOopMap {rbp=NarrowOop [32]=Oop [40]=Oop }
                      ;*ifnonnull {reexecute=1 rethrow=0 return_oop=0}
                      ; - (reexecute) java.util.LinkedHashMap::values@6 (line 615)
                      ; - org.gradle.internal.logging.sink.GroupingProgressLogEventGenerator::onUpdateNow@12 (line 134)
                      ; - org.gradle.internal.logging.sink.GroupingProgressLogEventGenerator::onOutput@84 (line 80)
                      ; - org.gradle.internal.logging.console.BuildLogLevelFilterRenderer::onOutput@47 (line 41)
                      ; - org.gradle.internal.logging.console.WorkInProgressRenderer::onOutput@47 (line 76)
  0x00000212b07b5f24: d809 99ff | baf6 ffff 

  0x00000212b07b5f2c: ;   {runtime_call UncommonTrapBlob}
  0x00000212b07b5f2c: ff66 90e8 

  0x00000212b07b5f30: ; ImmutableOopMap {}
                      ;*getfield lastRenderedBuildOpId {reexecute=1 rethrow=0 return_oop=0}
                      ; - (reexecute) org.gradle.internal.logging.sink.GroupingProgressLogEventGenerator::access$300@1 (line 49)
                      ; - org.gradle.internal.logging.sink.GroupingProgressLogEventGenerator$OperationGroup::hasForeground@8 (line 265)
                      ; - org.gradle.internal.logging.sink.GroupingProgressLogEventGenerator$OperationGroup::flushOutput@26 (line 228)
                      ; - org.gradle.internal.logging.sink.GroupingProgressLogEventGenerator$OperationGroup::maybeFlushOutput@30 (line 252)
                      ; - org.gradle.internal.logging.sink.GroupingProgressLogEventGenerator::onUpdateNow@47 (line 135)
                      ; - org.gradle.internal.logging.sink.GroupingProgressLogEventGenerator::onOutput@84 (line 80)
                      ; - org.gradle.internal.logging.console.BuildLogLevelFilterRenderer::onOutput@47 (line 41)
                      ; - org.gradle.internal.logging.console.WorkInProgressRenderer::onOutput@47 (line 76)
  0x00000212b07b5f30: cc09 99ff | baf6 ffff | ff41 8beb 

  0x00000212b07b5f3c: ;   {runtime_call UncommonTrapBlob}
  0x00000212b07b5f3c: 6666 90e8 

  0x00000212b07b5f40: ; ImmutableOopMap {rbp=NarrowOop }
                      ;*invokevirtual equals {reexecute=0 rethrow=0 return_oop=0}
                      ; - org.gradle.internal.logging.sink.GroupingProgressLogEventGenerator$OperationGroup::hasForeground@11 (line 265)
                      ; - org.gradle.internal.logging.sink.GroupingProgressLogEventGenerator$OperationGroup::flushOutput@26 (line 228)
                      ; - org.gradle.internal.logging.sink.GroupingProgressLogEventGenerator$OperationGroup::maybeFlushOutput@30 (line 252)
                      ; - org.gradle.internal.logging.sink.GroupingProgressLogEventGenerator::onUpdateNow@47 (line 135)
                      ; - org.gradle.internal.logging.sink.GroupingProgressLogEventGenerator::onOutput@84 (line 80)
                      ; - org.gradle.internal.logging.console.BuildLogLevelFilterRenderer::onOutput@47 (line 41)
                      ; - org.gradle.internal.logging.console.WorkInProgressRenderer::onOutput@47 (line 76)
  0x00000212b07b5f40: bc09 99ff | baf6 ffff 

  0x00000212b07b5f48: ;   {runtime_call UncommonTrapBlob}
  0x00000212b07b5f48: ff66 90e8 

  0x00000212b07b5f4c: ; ImmutableOopMap {}
                      ;*getfield currentTimePeriod {reexecute=1 rethrow=0 return_oop=0}
                      ; - (reexecute) org.gradle.internal.logging.sink.GroupingProgressLogEventGenerator::access$500@1 (line 49)
                      ; - org.gradle.internal.logging.sink.GroupingProgressLogEventGenerator$OperationGroup::flushOutput@178 (line 244)
                      ; - org.gradle.internal.logging.sink.GroupingProgressLogEventGenerator$OperationGroup::maybeFlushOutput@30 (line 252)
                      ; - org.gradle.internal.logging.sink.GroupingProgressLogEventGenerator::onUpdateNow@47 (line 135)
                      ; - org.gradle.internal.logging.sink.GroupingProgressLogEventGenerator::onOutput@84 (line 80)
                      ; - org.gradle.internal.logging.console.BuildLogLevelFilterRenderer::onOutput@47 (line 41)
                      ; - org.gradle.internal.logging.console.WorkInProgressRenderer::onOutput@47 (line 76)
  0x00000212b07b5f4c: b009 99ff | eb3d eb3b | eb39 eb37 | eb35 eb33 | eb31 eb2f | eb2d eb2b | eb29 eb27 | eb25 eb23 
  0x00000212b07b5f6c: eb21 eb1f | eb1d eb1b | eb19 eb17 | eb15 eb13 | eb11 eb0f | eb0d 488b | d0eb 10eb | 06eb 04eb 
  0x00000212b07b5f8c: 02eb 0048 | 8bd0 eb03 | 488b d048 | 81c4 a000 

  0x00000212b07b5f9c: ;   {runtime_call _rethrow_Java}
  0x00000212b07b5f9c: 0000 5de9 | dc6e a3ff 

  0x00000212b07b5fa4: ;   {internal_word}
  0x00000212b07b5fa4: 49ba 304f | 7bb0 1202 | 0000 4d89 | 9768 0300 

  0x00000212b07b5fb4: ;   {runtime_call SafepointBlob}
  0x00000212b07b5fb4: 00e9 461a | 99ff f4f4 | f4f4 f4f4 
[Stub Code]
  0x00000212b07b5fc0: ;   {no_reloc}
  0x00000212b07b5fc0: 48bb 0000 | 0000 0000 

  0x00000212b07b5fc8: ;   {runtime_call}
  0x00000212b07b5fc8: 0000 e9fb 

  0x00000212b07b5fcc: ;   {static_stub}
  0x00000212b07b5fcc: ffff ff48 | bb08 505e | fc12 0200 

  0x00000212b07b5fd8: ;   {runtime_call I2C/C2I adapters}
  0x00000212b07b5fd8: 00e9 7f06 

  0x00000212b07b5fdc: ;   {static_stub}
  0x00000212b07b5fdc: 99ff 48bb | 0000 0000 | 0000 0000 

  0x00000212b07b5fe8: ;   {runtime_call}
  0x00000212b07b5fe8: e9fb ffff 

  0x00000212b07b5fec: ;   {static_stub}
  0x00000212b07b5fec: ff48 bb00 | 0000 0000 

  0x00000212b07b5ff4: ;   {runtime_call}
  0x00000212b07b5ff4: 0000 00e9 | fbff ffff 

  0x00000212b07b5ffc: ;   {static_stub}
  0x00000212b07b5ffc: 48bb 0000 | 0000 0000 

  0x00000212b07b6004: ;   {runtime_call}
  0x00000212b07b6004: 0000 e9fb 

  0x00000212b07b6008: ;   {static_stub}
  0x00000212b07b6008: ffff ff48 | bb00 0000 | 0000 0000 

  0x00000212b07b6014: ;   {runtime_call}
  0x00000212b07b6014: 00e9 fbff 

  0x00000212b07b6018: ;   {static_stub}
  0x00000212b07b6018: ffff 48bb | d8b1 8cfc | 1202 0000 

  0x00000212b07b6024: ;   {runtime_call I2C/C2I adapters}
  0x00000212b07b6024: e9b8 5e98 

  0x00000212b07b6028: ;   {static_stub}
  0x00000212b07b6028: ff48 bb00 | 0000 0000 

  0x00000212b07b6030: ;   {runtime_call}
  0x00000212b07b6030: 0000 00e9 | fbff ffff 

  0x00000212b07b6038: ;   {static_stub}
  0x00000212b07b6038: 48bb 0000 | 0000 0000 

  0x00000212b07b6040: ;   {runtime_call}
  0x00000212b07b6040: 0000 e9fb 

  0x00000212b07b6044: ;   {static_stub}
  0x00000212b07b6044: ffff ff48 | bb00 0000 | 0000 0000 

  0x00000212b07b6050: ;   {runtime_call}
  0x00000212b07b6050: 00e9 fbff 

  0x00000212b07b6054: ;   {static_stub}
  0x00000212b07b6054: ffff 48bb | 2056 5efc | 1202 0000 

  0x00000212b07b6060: ;   {runtime_call I2C/C2I adapters}
  0x00000212b07b6060: e978 6499 

  0x00000212b07b6064: ;   {static_stub}
  0x00000212b07b6064: ff48 bb18 | a78c fc12 

  0x00000212b07b606c: ;   {runtime_call I2C/C2I adapters}
  0x00000212b07b606c: 0200 00e9 | e5fc 98ff 

  0x00000212b07b6074: ;   {static_stub}
  0x00000212b07b6074: 48bb 5059 | 5efc 1202 

  0x00000212b07b607c: ;   {runtime_call I2C/C2I adapters}
  0x00000212b07b607c: 0000 e9da 

  0x00000212b07b6080: ;   {static_stub}
  0x00000212b07b6080: 0299 ff48 | bb50 5b5e | fc12 0200 

  0x00000212b07b608c: ;   {runtime_call I2C/C2I adapters}
  0x00000212b07b608c: 00e9 cb05 

  0x00000212b07b6090: ;   {runtime_call ExceptionBlob}
  0x00000212b07b6090: 99ff e9e9 | dfa2 ffe8 | 0000 0000 | 4883 2c24 

  0x00000212b07b60a0: ;   {runtime_call DeoptimizationBlob}
  0x00000212b07b60a0: 05e9 fa0b | 99ff f4f4 
[/MachCode]


---------------  P R O C E S S  ---------------

Threads class SMR info:
_java_thread_list=0x0000021280ac37d0, length=13, elements={
0x00000212a10997f0, 0x00000212a114c210, 0x00000212baaadf40, 0x00000212baac4ce0,
0x00000212baac56a0, 0x00000212baac6060, 0x00000212baac6a20, 0x00000212baad1730,
0x00000212baade2a0, 0x00000212baaf17c0, 0x00000212bac2f7a0, 0x00000212bac420f0,
0x00000212802a2cc0
}

Java Threads: ( => current thread )
  0x00000212a10997f0 JavaThread "main" [_thread_blocked, id=5056, stack(0x00000051d8000000,0x00000051d8100000)]
  0x00000212a114c210 JavaThread "Reference Handler" daemon [_thread_blocked, id=20840, stack(0x00000051d8700000,0x00000051d8800000)]
  0x00000212baaadf40 JavaThread "Finalizer" daemon [_thread_blocked, id=7732, stack(0x00000051d8800000,0x00000051d8900000)]
  0x00000212baac4ce0 JavaThread "Signal Dispatcher" daemon [_thread_blocked, id=20884, stack(0x00000051d8900000,0x00000051d8a00000)]
  0x00000212baac56a0 JavaThread "Attach Listener" daemon [_thread_blocked, id=7656, stack(0x00000051d8a00000,0x00000051d8b00000)]
  0x00000212baac6060 JavaThread "Service Thread" daemon [_thread_blocked, id=4640, stack(0x00000051d8b00000,0x00000051d8c00000)]
  0x00000212baac6a20 JavaThread "Monitor Deflation Thread" daemon [_thread_blocked, id=17400, stack(0x00000051d8c00000,0x00000051d8d00000)]
  0x00000212baad1730 JavaThread "C2 CompilerThread0" daemon [_thread_blocked, id=17712, stack(0x00000051d8d00000,0x00000051d8e00000)]
  0x00000212baade2a0 JavaThread "C1 CompilerThread0" daemon [_thread_blocked, id=17900, stack(0x00000051d8e00000,0x00000051d8f00000)]
  0x00000212baaf17c0 JavaThread "Sweeper thread" daemon [_thread_blocked, id=19380, stack(0x00000051d8f00000,0x00000051d9000000)]
  0x00000212bac2f7a0 JavaThread "Notification Thread" daemon [_thread_blocked, id=20300, stack(0x00000051d9000000,0x00000051d9100000)]
  0x00000212bac420f0 JavaThread "Common-Cleaner" daemon [_thread_blocked, id=15380, stack(0x00000051d9200000,0x00000051d9300000)]
=>0x00000212802a2cc0 JavaThread "pool-1-thread-1" [_thread_in_Java, id=6152, stack(0x00000051d9700000,0x00000051d9800000)]

Other Threads:
  0x00000212a1140020 VMThread "VM Thread" [stack: 0x00000051d8600000,0x00000051d8700000] [id=17588]
  0x00000212bac2fc80 WatcherThread [stack: 0x00000051d9100000,0x00000051d9200000] [id=12520]
  0x00000212a10bb610 GCTaskThread "GC Thread#0" [stack: 0x00000051d8100000,0x00000051d8200000] [id=15188]
  0x00000212baf2d450 GCTaskThread "GC Thread#1" [stack: 0x00000051d9400000,0x00000051d9500000] [id=1140]
  0x0000021280308cb0 GCTaskThread "GC Thread#2" [stack: 0x00000051d9500000,0x00000051d9600000] [id=17176]
  0x0000021280567b70 GCTaskThread "GC Thread#3" [stack: 0x00000051d9600000,0x00000051d9700000] [id=20520]
  0x000002128103cd00 GCTaskThread "GC Thread#4" [stack: 0x00000051d9300000,0x00000051d9400000] [id=4836]
  0x0000021280a44840 GCTaskThread "GC Thread#5" [stack: 0x00000051d9800000,0x00000051d9900000] [id=9812]
  0x000002128080ed70 GCTaskThread "GC Thread#6" [stack: 0x00000051d9900000,0x00000051d9a00000] [id=19736]
  0x00000212808cd7c0 GCTaskThread "GC Thread#7" [stack: 0x00000051d7f00000,0x00000051d8000000] [id=20036]
  0x00000212a10bdc70 ConcurrentGCThread "G1 Main Marker" [stack: 0x00000051d8200000,0x00000051d8300000] [id=10480]
  0x00000212a10bfa00 ConcurrentGCThread "G1 Conc#0" [stack: 0x00000051d8300000,0x00000051d8400000] [id=17160]
  0x00000212a1128080 ConcurrentGCThread "G1 Refine#0" [stack: 0x00000051d8400000,0x00000051d8500000] [id=21272]
  0x00000212a1128850 ConcurrentGCThread "G1 Service" [stack: 0x00000051d8500000,0x00000051d8600000] [id=6300]

Threads with active compile tasks:

VM state: not at safepoint (normal execution)

VM Mutex/Monitor currently owned by a thread: None

Heap address: 0x00000000fc000000, size: 64 MB, Compressed Oops mode: 32-bit

CDS archive(s) mapped at: [0x00000212bb000000-0x00000212bbbb0000-0x00000212bbbb0000), size 12255232, SharedBaseAddress: 0x00000212bb000000, ArchiveRelocationMode: 1.
Compressed class space mapped at: 0x00000212bc000000-0x00000212fc000000, reserved size: 1073741824
Narrow klass base: 0x00000212bb000000, Narrow klass shift: 0, Narrow klass range: 0x100000000

GC Precious Log:
 CPUs: 8 total, 8 available
 Memory: 7502M
 Large Page Support: Disabled
 NUMA Support: Disabled
 Compressed Oops: Enabled (32-bit)
 Heap Region Size: 1M
 Heap Min Capacity: 64M
 Heap Initial Capacity: 64M
 Heap Max Capacity: 64M
 Pre-touch: Disabled
 Parallel Workers: 8
 Concurrent Workers: 2
 Concurrent Refinement Workers: 8
 Periodic GC: Disabled

Heap:
 garbage-first heap   total 65536K, used 17429K [0x00000000fc000000, 0x0000000100000000)
  region size 1024K, 6 young (6144K), 2 survivors (2048K)
 Metaspace       used 10886K, committed 11072K, reserved 1114112K
  class space    used 1400K, committed 1472K, reserved 1048576K

Heap Regions: E=young(eden), S=young(survivor), O=old, HS=humongous(starts), HC=humongous(continues), CS=collection set, F=free, OA=open archive, CA=closed archive, TAMS=top-at-mark-start (previous, next)
|   0|0x00000000fc000000, 0x00000000fc100000, 0x00000000fc100000|100%| O|  |TAMS 0x00000000fc000000, 0x00000000fc000000| Untracked 
|   1|0x00000000fc100000, 0x00000000fc200000, 0x00000000fc200000|100%| O|  |TAMS 0x00000000fc100000, 0x00000000fc100000| Untracked 
|   2|0x00000000fc200000, 0x00000000fc300000, 0x00000000fc300000|100%|HS|  |TAMS 0x00000000fc200000, 0x00000000fc200000| Complete 
|   3|0x00000000fc300000, 0x00000000fc400000, 0x00000000fc400000|100%|HC|  |TAMS 0x00000000fc300000, 0x00000000fc300000| Complete 
|   4|0x00000000fc400000, 0x00000000fc500000, 0x00000000fc500000|100%|HC|  |TAMS 0x00000000fc400000, 0x00000000fc400000| Complete 
|   5|0x00000000fc500000, 0x00000000fc600000, 0x00000000fc600000|100%|HC|  |TAMS 0x00000000fc500000, 0x00000000fc500000| Complete 
|   6|0x00000000fc600000, 0x00000000fc700000, 0x00000000fc700000|100%| O|  |TAMS 0x00000000fc600000, 0x00000000fc600000| Untracked 
|   7|0x00000000fc700000, 0x00000000fc800000, 0x00000000fc800000|100%| O|  |TAMS 0x00000000fc700000, 0x00000000fc700000| Untracked 
|   8|0x00000000fc800000, 0x00000000fc900000, 0x00000000fc900000|100%| O|  |TAMS 0x00000000fc800000, 0x00000000fc800000| Untracked 
|   9|0x00000000fc900000, 0x00000000fca00000, 0x00000000fca00000|100%| O|  |TAMS 0x00000000fc900000, 0x00000000fc900000| Untracked 
|  10|0x00000000fca00000, 0x00000000fcb00000, 0x00000000fcb00000|100%| O|  |TAMS 0x00000000fca00000, 0x00000000fca00000| Untracked 
|  11|0x00000000fcb00000, 0x00000000fcc00000, 0x00000000fcc00000|100%| O|  |TAMS 0x00000000fcb00000, 0x00000000fcb00000| Untracked 
|  12|0x00000000fcc00000, 0x00000000fcc27e00, 0x00000000fcd00000| 15%| O|  |TAMS 0x00000000fcc00000, 0x00000000fcc00000| Untracked 
|  13|0x00000000fcd00000, 0x00000000fcd00000, 0x00000000fce00000|  0%| F|  |TAMS 0x00000000fcd00000, 0x00000000fcd00000| Untracked 
|  14|0x00000000fce00000, 0x00000000fce00000, 0x00000000fcf00000|  0%| F|  |TAMS 0x00000000fce00000, 0x00000000fce00000| Untracked 
|  15|0x00000000fcf00000, 0x00000000fcf00000, 0x00000000fd000000|  0%| F|  |TAMS 0x00000000fcf00000, 0x00000000fcf00000| Untracked 
|  16|0x00000000fd000000, 0x00000000fd000000, 0x00000000fd100000|  0%| F|  |TAMS 0x00000000fd000000, 0x00000000fd000000| Untracked 
|  17|0x00000000fd100000, 0x00000000fd100000, 0x00000000fd200000|  0%| F|  |TAMS 0x00000000fd100000, 0x00000000fd100000| Untracked 
|  18|0x00000000fd200000, 0x00000000fd200000, 0x00000000fd300000|  0%| F|  |TAMS 0x00000000fd200000, 0x00000000fd200000| Untracked 
|  19|0x00000000fd300000, 0x00000000fd300000, 0x00000000fd400000|  0%| F|  |TAMS 0x00000000fd300000, 0x00000000fd300000| Untracked 
|  20|0x00000000fd400000, 0x00000000fd400000, 0x00000000fd500000|  0%| F|  |TAMS 0x00000000fd400000, 0x00000000fd400000| Untracked 
|  21|0x00000000fd500000, 0x00000000fd500000, 0x00000000fd600000|  0%| F|  |TAMS 0x00000000fd500000, 0x00000000fd500000| Untracked 
|  22|0x00000000fd600000, 0x00000000fd600000, 0x00000000fd700000|  0%| F|  |TAMS 0x00000000fd600000, 0x00000000fd600000| Untracked 
|  23|0x00000000fd700000, 0x00000000fd700000, 0x00000000fd800000|  0%| F|  |TAMS 0x00000000fd700000, 0x00000000fd700000| Untracked 
|  24|0x00000000fd800000, 0x00000000fd800000, 0x00000000fd900000|  0%| F|  |TAMS 0x00000000fd800000, 0x00000000fd800000| Untracked 
|  25|0x00000000fd900000, 0x00000000fd900000, 0x00000000fda00000|  0%| F|  |TAMS 0x00000000fd900000, 0x00000000fd900000| Untracked 
|  26|0x00000000fda00000, 0x00000000fda00000, 0x00000000fdb00000|  0%| F|  |TAMS 0x00000000fda00000, 0x00000000fda00000| Untracked 
|  27|0x00000000fdb00000, 0x00000000fdb00000, 0x00000000fdc00000|  0%| F|  |TAMS 0x00000000fdb00000, 0x00000000fdb00000| Untracked 
|  28|0x00000000fdc00000, 0x00000000fdc00000, 0x00000000fdd00000|  0%| F|  |TAMS 0x00000000fdc00000, 0x00000000fdc00000| Untracked 
|  29|0x00000000fdd00000, 0x00000000fdd00000, 0x00000000fde00000|  0%| F|  |TAMS 0x00000000fdd00000, 0x00000000fdd00000| Untracked 
|  30|0x00000000fde00000, 0x00000000fde00000, 0x00000000fdf00000|  0%| F|  |TAMS 0x00000000fde00000, 0x00000000fde00000| Untracked 
|  31|0x00000000fdf00000, 0x00000000fdf00000, 0x00000000fe000000|  0%| F|  |TAMS 0x00000000fdf00000, 0x00000000fdf00000| Untracked 
|  32|0x00000000fe000000, 0x00000000fe000000, 0x00000000fe100000|  0%| F|  |TAMS 0x00000000fe000000, 0x00000000fe000000| Untracked 
|  33|0x00000000fe100000, 0x00000000fe100000, 0x00000000fe200000|  0%| F|  |TAMS 0x00000000fe100000, 0x00000000fe100000| Untracked 
|  34|0x00000000fe200000, 0x00000000fe200000, 0x00000000fe300000|  0%| F|  |TAMS 0x00000000fe200000, 0x00000000fe200000| Untracked 
|  35|0x00000000fe300000, 0x00000000fe300000, 0x00000000fe400000|  0%| F|  |TAMS 0x00000000fe300000, 0x00000000fe300000| Untracked 
|  36|0x00000000fe400000, 0x00000000fe400000, 0x00000000fe500000|  0%| F|  |TAMS 0x00000000fe400000, 0x00000000fe400000| Untracked 
|  37|0x00000000fe500000, 0x00000000fe5dd6a0, 0x00000000fe600000| 86%| S|CS|TAMS 0x00000000fe500000, 0x00000000fe500000| Complete 
|  38|0x00000000fe600000, 0x00000000fe700000, 0x00000000fe700000|100%| S|CS|TAMS 0x00000000fe600000, 0x00000000fe600000| Complete 
|  39|0x00000000fe700000, 0x00000000fe700000, 0x00000000fe800000|  0%| F|  |TAMS 0x00000000fe700000, 0x00000000fe700000| Untracked 
|  40|0x00000000fe800000, 0x00000000fe800000, 0x00000000fe900000|  0%| F|  |TAMS 0x00000000fe800000, 0x00000000fe800000| Untracked 
|  41|0x00000000fe900000, 0x00000000fe900000, 0x00000000fea00000|  0%| F|  |TAMS 0x00000000fe900000, 0x00000000fe900000| Untracked 
|  42|0x00000000fea00000, 0x00000000fea00000, 0x00000000feb00000|  0%| F|  |TAMS 0x00000000fea00000, 0x00000000fea00000| Untracked 
|  43|0x00000000feb00000, 0x00000000feb00000, 0x00000000fec00000|  0%| F|  |TAMS 0x00000000feb00000, 0x00000000feb00000| Untracked 
|  44|0x00000000fec00000, 0x00000000fec00000, 0x00000000fed00000|  0%| F|  |TAMS 0x00000000fec00000, 0x00000000fec00000| Untracked 
|  45|0x00000000fed00000, 0x00000000fed00000, 0x00000000fee00000|  0%| F|  |TAMS 0x00000000fed00000, 0x00000000fed00000| Untracked 
|  46|0x00000000fee00000, 0x00000000fee00000, 0x00000000fef00000|  0%| F|  |TAMS 0x00000000fee00000, 0x00000000fee00000| Untracked 
|  47|0x00000000fef00000, 0x00000000fef00000, 0x00000000ff000000|  0%| F|  |TAMS 0x00000000fef00000, 0x00000000fef00000| Untracked 
|  48|0x00000000ff000000, 0x00000000ff000000, 0x00000000ff100000|  0%| F|  |TAMS 0x00000000ff000000, 0x00000000ff000000| Untracked 
|  49|0x00000000ff100000, 0x00000000ff100000, 0x00000000ff200000|  0%| F|  |TAMS 0x00000000ff100000, 0x00000000ff100000| Untracked 
|  50|0x00000000ff200000, 0x00000000ff200000, 0x00000000ff300000|  0%| F|  |TAMS 0x00000000ff200000, 0x00000000ff200000| Untracked 
|  51|0x00000000ff300000, 0x00000000ff300000, 0x00000000ff400000|  0%| F|  |TAMS 0x00000000ff300000, 0x00000000ff300000| Untracked 
|  52|0x00000000ff400000, 0x00000000ff400000, 0x00000000ff500000|  0%| F|  |TAMS 0x00000000ff400000, 0x00000000ff400000| Untracked 
|  53|0x00000000ff500000, 0x00000000ff500000, 0x00000000ff600000|  0%| F|  |TAMS 0x00000000ff500000, 0x00000000ff500000| Untracked 
|  54|0x00000000ff600000, 0x00000000ff600000, 0x00000000ff700000|  0%| F|  |TAMS 0x00000000ff600000, 0x00000000ff600000| Untracked 
|  55|0x00000000ff700000, 0x00000000ff700000, 0x00000000ff800000|  0%| F|  |TAMS 0x00000000ff700000, 0x00000000ff700000| Untracked 
|  56|0x00000000ff800000, 0x00000000ff800000, 0x00000000ff900000|  0%| F|  |TAMS 0x00000000ff800000, 0x00000000ff800000| Untracked 
|  57|0x00000000ff900000, 0x00000000ff900000, 0x00000000ffa00000|  0%| F|  |TAMS 0x00000000ff900000, 0x00000000ff900000| Untracked 
|  58|0x00000000ffa00000, 0x00000000ffa00000, 0x00000000ffb00000|  0%| F|  |TAMS 0x00000000ffa00000, 0x00000000ffa00000| Untracked 
|  59|0x00000000ffb00000, 0x00000000ffb00000, 0x00000000ffc00000|  0%| F|  |TAMS 0x00000000ffb00000, 0x00000000ffb00000| Untracked 
|  60|0x00000000ffc00000, 0x00000000ffcf6990, 0x00000000ffd00000| 96%| E|  |TAMS 0x00000000ffc00000, 0x00000000ffc00000| Complete 
|  61|0x00000000ffd00000, 0x00000000ffe00000, 0x00000000ffe00000|100%| E|CS|TAMS 0x00000000ffd00000, 0x00000000ffd00000| Complete 
|  62|0x00000000ffe00000, 0x00000000fff00000, 0x00000000fff00000|100%| E|CS|TAMS 0x00000000ffe00000, 0x00000000ffe00000| Complete 
|  63|0x00000000fff00000, 0x0000000100000000, 0x0000000100000000|100%| E|CS|TAMS 0x00000000fff00000, 0x00000000fff00000| Complete 

Card table byte_map: [0x00000212a0660000,0x00000212a0680000] _byte_map_base: 0x000002129fe80000

Marking Bits (Prev, Next): (CMBitMap*) 0x00000212a10bcb40, (CMBitMap*) 0x00000212a10bcb80
 Prev Bits: [0x00000212b7ef0000, 0x00000212b7ff0000)
 Next Bits: [0x00000212b7ff0000, 0x00000212b80f0000)

Polling page: 0x000002129ee60000

Metaspace:

Usage:
  Non-class:      9.26 MB used.
      Class:      1.37 MB used.
       Both:     10.63 MB used.

Virtual space:
  Non-class space:       64.00 MB reserved,       9.38 MB ( 15%) committed,  1 nodes.
      Class space:        1.00 GB reserved,       1.44 MB ( <1%) committed,  1 nodes.
             Both:        1.06 GB reserved,      10.81 MB ( <1%) committed. 

Chunk freelists:
   Non-Class:  6.41 MB
       Class:  14.51 MB
        Both:  20.92 MB

MaxMetaspaceSize: unlimited
CompressedClassSpaceSize: 1.00 GB
Initial GC threshold: 21.00 MB
Current GC threshold: 21.00 MB
CDS: on
MetaspaceReclaimPolicy: balanced
 - commit_granule_bytes: 65536.
 - commit_granule_words: 8192.
 - virtual_space_node_default_size: 8388608.
 - enlarge_chunks_in_place: 1.
 - new_chunks_are_fully_committed: 0.
 - uncommit_free_chunks: 1.
 - use_allocation_guard: 0.
 - handle_deallocations: 1.


Internal statistics:

num_allocs_failed_limit: 0.
num_arena_births: 86.
num_arena_deaths: 0.
num_vsnodes_births: 2.
num_vsnodes_deaths: 0.
num_space_committed: 173.
num_space_uncommitted: 0.
num_chunks_returned_to_freelist: 0.
num_chunks_taken_from_freelist: 387.
num_chunk_merges: 0.
num_chunk_splits: 255.
num_chunks_enlarged: 209.
num_inconsistent_stats: 0.

CodeHeap 'non-profiled nmethods': size=120000Kb used=1258Kb max_used=1258Kb free=118741Kb
 bounds [0x00000212b0690000, 0x00000212b0900000, 0x00000212b7bc0000]
CodeHeap 'profiled nmethods': size=120000Kb used=4359Kb max_used=4359Kb free=115640Kb
 bounds [0x00000212a8bc0000, 0x00000212a9010000, 0x00000212b00f0000]
CodeHeap 'non-nmethods': size=5760Kb used=1189Kb max_used=1244Kb free=4570Kb
 bounds [0x00000212b00f0000, 0x00000212b0360000, 0x00000212b0690000]
 total_blobs=2806 nmethods=2317 adapters=401
 compilation: enabled
              stopped_count=0, restarted_count=0
 full_count=0

Compilation events (20 events):
Event: 474.184 Thread 0x00000212baade2a0 2308       3       org.gradle.internal.logging.console.DefaultAnsiExecutor::newLineWritten (51 bytes)
Event: 474.186 Thread 0x00000212baade2a0 nmethod 2308 0x00000212a8ffe390 code [0x00000212a8ffe540, 0x00000212a8ffe758]
Event: 481.786 Thread 0x00000212baade2a0 2309       3       org.gradle.internal.logging.console.DefaultColorMap$ForegroundColor::off (9 bytes)
Event: 481.796 Thread 0x00000212baade2a0 nmethod 2309 0x00000212a8ffe890 code [0x00000212a8ffea80, 0x00000212a8fff0d8]
Event: 482.670 Thread 0x00000212baade2a0 2310       3       com.google.common.collect.Lists$ReverseList::listIterator (27 bytes)
Event: 482.677 Thread 0x00000212baade2a0 nmethod 2310 0x00000212a8fff410 code [0x00000212a8fff600, 0x00000212a8fffc88]
Event: 482.677 Thread 0x00000212baade2a0 2311       3       com.google.common.collect.Lists$ReverseList::reversePosition (15 bytes)
Event: 482.677 Thread 0x00000212baade2a0 nmethod 2311 0x00000212a8ffff10 code [0x00000212a90000e0, 0x00000212a9000438]
Event: 482.677 Thread 0x00000212baade2a0 2312       3       com.google.common.collect.Lists$ReverseList::size (10 bytes)
Event: 482.677 Thread 0x00000212baade2a0 nmethod 2312 0x00000212a9000590 code [0x00000212a9000740, 0x00000212a9000908]
Event: 482.677 Thread 0x00000212baade2a0 2313       3       java.util.ArrayList::listIterator (15 bytes)
Event: 482.680 Thread 0x00000212baade2a0 nmethod 2313 0x00000212a9000a10 code [0x00000212a9000c00, 0x00000212a9001158]
Event: 482.680 Thread 0x00000212baade2a0 2314       3       java.util.ArrayList$ListItr::<init> (16 bytes)
Event: 482.680 Thread 0x00000212baade2a0 nmethod 2314 0x00000212a9001390 code [0x00000212a9001540, 0x00000212a90017d8]
Event: 482.680 Thread 0x00000212baade2a0 2315       3       com.google.common.collect.Lists$ReverseList$1::<init> (15 bytes)
Event: 482.681 Thread 0x00000212baade2a0 nmethod 2315 0x00000212a9001910 code [0x00000212a9001ac0, 0x00000212a9001cd8]
Event: 485.793 Thread 0x00000212baade2a0 2316       1       java.util.logging.Level::intValue (5 bytes)
Event: 485.796 Thread 0x00000212baade2a0 nmethod 2316 0x00000212b07ca390 code [0x00000212b07ca520, 0x00000212b07ca5f8]
Event: 485.798 Thread 0x00000212baade2a0 2317       1       org.gradle.internal.logging.events.RenderableOutputEvent::getBuildOperationId (5 bytes)
Event: 485.800 Thread 0x00000212baade2a0 nmethod 2317 0x00000212b07ca690 code [0x00000212b07ca820, 0x00000212b07ca8f8]

GC Heap History (6 events):
Event: 2.093 GC heap before
{Heap before GC invocations=0 (full 0):
 garbage-first heap   total 65536K, used 22528K [0x00000000fc000000, 0x0000000100000000)
  region size 1024K, 23 young (23552K), 0 survivors (0K)
 Metaspace       used 1833K, committed 1920K, reserved 1114112K
  class space    used 159K, committed 192K, reserved 1048576K
}
Event: 2.103 GC heap after
{Heap after GC invocations=1 (full 0):
 garbage-first heap   total 65536K, used 4276K [0x00000000fc000000, 0x0000000100000000)
  region size 1024K, 3 young (3072K), 3 survivors (3072K)
 Metaspace       used 1833K, committed 1920K, reserved 1114112K
  class space    used 159K, committed 192K, reserved 1048576K
}
Event: 4.077 GC heap before
{Heap before GC invocations=1 (full 0):
 garbage-first heap   total 65536K, used 34996K [0x00000000fc000000, 0x0000000100000000)
  region size 1024K, 30 young (30720K), 3 survivors (3072K)
 Metaspace       used 8116K, committed 8320K, reserved 1114112K
  class space    used 1107K, committed 1216K, reserved 1048576K
}
Event: 4.083 GC heap after
{Heap after GC invocations=2 (full 0):
 garbage-first heap   total 65536K, used 12513K [0x00000000fc000000, 0x0000000100000000)
  region size 1024K, 4 young (4096K), 4 survivors (4096K)
 Metaspace       used 8116K, committed 8320K, reserved 1114112K
  class space    used 1107K, committed 1216K, reserved 1048576K
}
Event: 396.061 GC heap before
{Heap before GC invocations=2 (full 0):
 garbage-first heap   total 65536K, used 38113K [0x00000000fc000000, 0x0000000100000000)
  region size 1024K, 29 young (29696K), 4 survivors (4096K)
 Metaspace       used 10875K, committed 11072K, reserved 1114112K
  class space    used 1400K, committed 1472K, reserved 1048576K
}
Event: 396.146 GC heap after
{Heap after GC invocations=3 (full 0):
 garbage-first heap   total 65536K, used 14357K [0x00000000fc000000, 0x0000000100000000)
  region size 1024K, 2 young (2048K), 2 survivors (2048K)
 Metaspace       used 10875K, committed 11072K, reserved 1114112K
  class space    used 1400K, committed 1472K, reserved 1048576K
}

Dll operation events (13 events):
Event: 0.019 Loaded shared library C:\Program Files\Microsoft\jdk-17.0.12.7-hotspot\bin\java.dll
Event: 0.043 Loaded shared library C:\Program Files\Microsoft\jdk-17.0.12.7-hotspot\bin\jsvml.dll
Event: 0.101 Loaded shared library C:\Program Files\Microsoft\jdk-17.0.12.7-hotspot\bin\net.dll
Event: 0.106 Loaded shared library C:\Program Files\Microsoft\jdk-17.0.12.7-hotspot\bin\nio.dll
Event: 1.004 Loaded shared library C:\Program Files\Microsoft\jdk-17.0.12.7-hotspot\bin\zip.dll
Event: 1.013 Loaded shared library C:\Program Files\Microsoft\jdk-17.0.12.7-hotspot\bin\verify.dll
Event: 1.834 Loaded shared library C:\Program Files\Microsoft\jdk-17.0.12.7-hotspot\bin\jimage.dll
Event: 2.850 Loaded shared library C:\Users\Abutalib\.gradle\native\c067742578af261105cb4f569cf0c3c89f3d7b1fecec35dd04571415982c5e48\windows-amd64\native-platform.dll
Event: 2.902 Loaded shared library C:\Users\Abutalib\.gradle\native\jansi\1.18\windows64\jansi.dll
Event: 3.281 Loaded shared library C:\Program Files\Microsoft\jdk-17.0.12.7-hotspot\bin\management.dll
Event: 3.293 Loaded shared library C:\Program Files\Microsoft\jdk-17.0.12.7-hotspot\bin\management_ext.dll
Event: 4.059 Loaded shared library C:\Program Files\Microsoft\jdk-17.0.12.7-hotspot\bin\extnet.dll
Event: 12.737 Loaded shared library C:\Program Files\Microsoft\jdk-17.0.12.7-hotspot\bin\sunmscapi.dll

Deoptimization events (20 events):
Event: 316.441 Thread 0x00000212802a2cc0 DEOPT UNPACKING pc=0x00000212b01469a3 sp=0x00000051d97fefd0 mode 2
Event: 316.457 Thread 0x00000212802a2cc0 Uncommon trap: trap_request=0xffffffde fr.pc=0x00000212b0775ee8 relative=0x0000000000001008
Event: 316.457 Thread 0x00000212802a2cc0 Uncommon trap: reason=class_check action=maybe_recompile pc=0x00000212b0775ee8 method=org.gradle.internal.logging.sink.GroupingProgressLogEventGenerator.onOutput(Lorg/gradle/internal/logging/events/OutputEvent;)V @ 27 c2
Event: 316.457 Thread 0x00000212802a2cc0 DEOPT PACKING pc=0x00000212b0775ee8 sp=0x00000051d97ff0a0
Event: 316.457 Thread 0x00000212802a2cc0 DEOPT UNPACKING pc=0x00000212b01469a3 sp=0x00000051d97fefd0 mode 2
Event: 316.458 Thread 0x00000212802a2cc0 Uncommon trap: trap_request=0xffffffde fr.pc=0x00000212b0775ee8 relative=0x0000000000001008
Event: 316.458 Thread 0x00000212802a2cc0 Uncommon trap: reason=class_check action=maybe_recompile pc=0x00000212b0775ee8 method=org.gradle.internal.logging.sink.GroupingProgressLogEventGenerator.onOutput(Lorg/gradle/internal/logging/events/OutputEvent;)V @ 27 c2
Event: 316.458 Thread 0x00000212802a2cc0 DEOPT PACKING pc=0x00000212b0775ee8 sp=0x00000051d97ff0a0
Event: 316.458 Thread 0x00000212802a2cc0 DEOPT UNPACKING pc=0x00000212b01469a3 sp=0x00000051d97fefd0 mode 2
Event: 424.700 Thread 0x00000212802a2cc0 DEOPT PACKING pc=0x00000212a8fe1bf4 sp=0x00000051d97fee70
Event: 424.701 Thread 0x00000212802a2cc0 DEOPT UNPACKING pc=0x00000212b0147143 sp=0x00000051d97fe340 mode 0
Event: 424.715 Thread 0x00000212802a2cc0 DEOPT PACKING pc=0x00000212a8fe1bf4 sp=0x00000051d97fee70
Event: 424.715 Thread 0x00000212802a2cc0 DEOPT UNPACKING pc=0x00000212b0147143 sp=0x00000051d97fe340 mode 0
Event: 424.727 Thread 0x00000212802a2cc0 DEOPT PACKING pc=0x00000212a8fe1bf4 sp=0x00000051d97fee70
Event: 424.727 Thread 0x00000212802a2cc0 DEOPT UNPACKING pc=0x00000212b0147143 sp=0x00000051d97fe340 mode 0
Event: 424.744 Thread 0x00000212802a2cc0 DEOPT PACKING pc=0x00000212a8fe1bf4 sp=0x00000051d97fee70
Event: 424.744 Thread 0x00000212802a2cc0 DEOPT UNPACKING pc=0x00000212b0147143 sp=0x00000051d97fe340 mode 0
Event: 490.576 Thread 0x00000212802a2cc0 Uncommon trap: trap_request=0xffffff45 fr.pc=0x00000212b07a48dc relative=0x000000000000515c
Event: 490.576 Thread 0x00000212802a2cc0 Uncommon trap: reason=unstable_if action=reinterpret pc=0x00000212b07a48dc method=net.rubygrapefruit.platform.internal.FunctionResult.isFailed()Z @ 4 c2
Event: 490.578 Thread 0x00000212802a2cc0 DEOPT PACKING pc=0x00000212b07a48dc sp=0x00000051d97fefa0

Classes loaded (20 events):
Event: 316.211 Loading class jdk/internal/logger/LazyLoggers$LazyLoggerFactories
Event: 316.212 Loading class jdk/internal/logger/LazyLoggers$LazyLoggerFactories done
Event: 316.249 Loading class jdk/internal/logger/LoggerFinderLoader
Event: 316.251 Loading class jdk/internal/logger/LoggerFinderLoader done
Event: 316.275 Loading class jdk/internal/logger/LoggerFinderLoader$TemporaryLoggerFinder
Event: 316.275 Loading class jdk/internal/logger/LoggerFinderLoader$TemporaryLoggerFinder done
Event: 316.286 Loading class sun/util/logging/internal/LoggingProviderImpl$JULWrapper
Event: 316.288 Loading class sun/util/logging/PlatformLogger$ConfigurableBridge$LoggerConfiguration
Event: 316.290 Loading class sun/util/logging/PlatformLogger$ConfigurableBridge$LoggerConfiguration done
Event: 316.290 Loading class sun/util/logging/internal/LoggingProviderImpl$JULWrapper done
Event: 316.291 Loading class java/io/ObjectInputFilter
Event: 316.291 Loading class java/io/ObjectInputFilter done
Event: 316.293 Loading class java/io/ObjectInputFilter$Config$BuiltinFilterFactory
Event: 316.294 Loading class java/io/ObjectInputFilter$Config$BuiltinFilterFactory done
Event: 316.294 Loading class jdk/internal/access/JavaObjectInputFilterAccess
Event: 316.294 Loading class jdk/internal/access/JavaObjectInputFilterAccess done
Event: 316.297 Loading class java/lang/System$Logger$Level
Event: 316.298 Loading class java/lang/System$Logger$Level done
Event: 316.300 Loading class java/io/Bits
Event: 316.311 Loading class java/io/Bits done

Classes unloaded (0 events):
No events

Classes redefined (0 events):
No events

Internal exceptions (20 events):
Event: 2.785 Thread 0x00000212a10997f0 Exception <a 'java/lang/NoSuchMethodError'{0x00000000ff465a08}: 'java.lang.Object java.lang.invoke.DirectMethodHandle$Holder.invokeStatic(java.lang.Object, java.lang.Object, int)'> (0x00000000ff465a08) 
thrown [s\src\hotspot\share\interpreter\linkResolver.cpp, line 759]
Event: 2.788 Thread 0x00000212a10997f0 Exception <a 'java/lang/NoSuchMethodError'{0x00000000ff4716f8}: 'void java.lang.invoke.DelegatingMethodHandle$Holder.delegate(java.lang.Object, java.lang.Object, int, java.lang.Object)'> (0x00000000ff4716f8) 
thrown [s\src\hotspot\share\interpreter\linkResolver.cpp, line 759]
Event: 2.789 Thread 0x00000212a10997f0 Exception <a 'java/lang/NoSuchMethodError'{0x00000000ff475730}: 'int java.lang.invoke.DirectMethodHandle$Holder.invokeSpecial(java.lang.Object, java.lang.Object, java.lang.Object)'> (0x00000000ff475730) 
thrown [s\src\hotspot\share\interpreter\linkResolver.cpp, line 759]
Event: 2.795 Thread 0x00000212a10997f0 Exception <a 'java/lang/NoSuchMethodError'{0x00000000ff488b88}: 'java.lang.Object java.lang.invoke.Invokers$Holder.invokeExact_MT(java.lang.Object, java.lang.Object, java.lang.Object, java.lang.Object)'> (0x00000000ff488b88) 
thrown [s\src\hotspot\share\interpreter\linkResolver.cpp, line 759]
Event: 2.806 Thread 0x00000212a10997f0 Exception <a 'java/lang/NoSuchMethodError'{0x00000000ff4baed8}: 'java.lang.Object java.lang.invoke.DirectMethodHandle$Holder.invokeVirtual(java.lang.Object, java.lang.Object, java.lang.Object)'> (0x00000000ff4baed8) 
thrown [s\src\hotspot\share\interpreter\linkResolver.cpp, line 759]
Event: 3.056 Thread 0x00000212a10997f0 Exception <a 'java/lang/NoSuchMethodError'{0x00000000fef15028}: 'java.lang.Object java.lang.invoke.DirectMethodHandle$Holder.newInvokeSpecial(java.lang.Object, java.lang.Object, java.lang.Object, java.lang.Object, java.lang.Object)'> (0x00000000fef15028) 
thrown [s\src\hotspot\share\interpreter\linkResolver.cpp, line 759]
Event: 3.195 Thread 0x00000212a10997f0 Exception <a 'java/lang/NoSuchMethodError'{0x00000000fec2cd80}: 'void java.lang.invoke.DirectMethodHandle$Holder.invokeSpecial(java.lang.Object, java.lang.Object, java.lang.Object)'> (0x00000000fec2cd80) 
thrown [s\src\hotspot\share\interpreter\linkResolver.cpp, line 759]
Event: 3.221 Thread 0x00000212a10997f0 Implicit null exception at 0x00000212b06f3a0f to 0x00000212b06f3f64
Event: 3.221 Thread 0x00000212a10997f0 Implicit null exception at 0x00000212b06db58c to 0x00000212b06dbae4
Event: 3.275 Thread 0x00000212a10997f0 Exception <a 'java/lang/NoSuchMethodError'{0x00000000feba4c18}: 'java.lang.Object java.lang.invoke.DirectMethodHandle$Holder.invokeStaticInit(java.lang.Object)'> (0x00000000feba4c18) 
thrown [s\src\hotspot\share\interpreter\linkResolver.cpp, line 759]
Event: 3.356 Thread 0x00000212a10997f0 Exception <a 'java/lang/NoSuchMethodError'{0x00000000fea47958}: 'int java.lang.invoke.DirectMethodHandle$Holder.invokeVirtual(java.lang.Object, java.lang.Object, java.lang.Object)'> (0x00000000fea47958) 
thrown [s\src\hotspot\share\interpreter\linkResolver.cpp, line 759]
Event: 3.493 Thread 0x00000212a10997f0 Exception <a 'java/lang/NoSuchMethodError'{0x00000000fe59b850}: 'java.lang.Object java.lang.invoke.DirectMethodHandle$Holder.invokeSpecialIFC(java.lang.Object, java.lang.Object, java.lang.Object, java.lang.Object)'> (0x00000000fe59b850) 
thrown [s\src\hotspot\share\interpreter\linkResolver.cpp, line 759]
Event: 3.641 Thread 0x00000212a10997f0 Exception <a 'java/lang/NoSuchMethodError'{0x00000000fe2662c0}: 'java.lang.Object java.lang.invoke.DirectMethodHandle$Holder.invokeStaticInit(java.lang.Object, int, int, int, int)'> (0x00000000fe2662c0) 
thrown [s\src\hotspot\share\interpreter\linkResolver.cpp, line 759]
Event: 3.719 Thread 0x00000212a10997f0 Exception <a 'java/lang/NoSuchMethodError'{0x00000000fe2b4328}: 'java.lang.Object java.lang.invoke.DirectMethodHandle$Holder.invokeStaticInit(java.lang.Object, java.lang.Object, int, int, int, int)'> (0x00000000fe2b4328) 
thrown [s\src\hotspot\share\interpreter\linkResolver.cpp, line 759]
Event: 4.066 Thread 0x00000212a10997f0 Exception <a 'java/lang/NoSuchMethodError'{0x00000000fe2e87f0}: 'void java.lang.invoke.DirectMethodHandle$Holder.invokeStatic(java.lang.Object, java.lang.Object, java.lang.Object)'> (0x00000000fe2e87f0) 
thrown [s\src\hotspot\share\interpreter\linkResolver.cpp, line 759]
Event: 4.520 Thread 0x0000021280f7a4d0 Exception <a 'java/lang/NoSuchMethodError'{0x00000000ff7102a8}: 'void java.lang.invoke.DirectMethodHandle$Holder.invokeStatic(java.lang.Object, long)'> (0x00000000ff7102a8) 
thrown [s\src\hotspot\share\interpreter\linkResolver.cpp, line 759]
Event: 4.522 Thread 0x0000021280f7a4d0 Exception <a 'java/lang/NoSuchMethodError'{0x00000000ff715c00}: 'java.lang.Object java.lang.invoke.DirectMethodHandle$Holder.newInvokeSpecial(java.lang.Object, long)'> (0x00000000ff715c00) 
thrown [s\src\hotspot\share\interpreter\linkResolver.cpp, line 759]
Event: 4.526 Thread 0x0000021280f7a4d0 Exception <a 'java/lang/NoSuchMethodError'{0x00000000ff720818}: 'java.lang.Object java.lang.invoke.DirectMethodHandle$Holder.invokeStaticInit(java.lang.Object, java.lang.Object, long, java.lang.Object)'> (0x00000000ff720818) 
thrown [s\src\hotspot\share\interpreter\linkResolver.cpp, line 759]
Event: 4.528 Thread 0x0000021280f7a4d0 Exception <a 'java/lang/NoSuchMethodError'{0x00000000ff726ea0}: 'java.lang.Object java.lang.invoke.DirectMethodHandle$Holder.newInvokeSpecial(java.lang.Object, java.lang.Object, long)'> (0x00000000ff726ea0) 
thrown [s\src\hotspot\share\interpreter\linkResolver.cpp, line 759]
Event: 4.529 Thread 0x0000021280f7a4d0 Exception <a 'java/lang/NoSuchMethodError'{0x00000000ff72b190}: 'java.lang.Object java.lang.invoke.Invokers$Holder.linkToTargetMethod(java.lang.Object, long, java.lang.Object)'> (0x00000000ff72b190) 
thrown [s\src\hotspot\share\interpreter\linkResolver.cpp, line 759]

VM Operations (20 events):
Event: 393.266 Executing VM operation: Cleanup
Event: 393.391 Executing VM operation: Cleanup done
Event: 396.059 Executing VM operation: G1CollectForAllocation
Event: 396.146 Executing VM operation: G1CollectForAllocation done
Event: 401.198 Executing VM operation: Cleanup
Event: 401.198 Executing VM operation: Cleanup done
Event: 421.220 Executing VM operation: HandshakeAllThreads
Event: 421.220 Executing VM operation: HandshakeAllThreads done
Event: 425.245 Executing VM operation: Cleanup
Event: 425.245 Executing VM operation: Cleanup done
Event: 426.260 Executing VM operation: Cleanup
Event: 426.260 Executing VM operation: Cleanup done
Event: 435.316 Executing VM operation: Cleanup
Event: 435.316 Executing VM operation: Cleanup done
Event: 473.698 Executing VM operation: Cleanup
Event: 473.698 Executing VM operation: Cleanup done
Event: 475.708 Executing VM operation: Cleanup
Event: 475.708 Executing VM operation: Cleanup done
Event: 481.331 Executing VM operation: HandshakeAllThreads
Event: 481.331 Executing VM operation: HandshakeAllThreads done

Events (20 events):
Event: 2.157 Thread 0x00000212baf504c0 Thread exited: 0x00000212baf504c0
Event: 2.294 Thread 0x00000212809bfb60 Thread added: 0x00000212809bfb60
Event: 2.396 Thread 0x00000212809f8160 Thread added: 0x00000212809f8160
Event: 2.623 Thread 0x00000212809f8160 Thread exited: 0x00000212809f8160
Event: 2.647 Thread 0x00000212809bfb60 Thread exited: 0x00000212809bfb60
Event: 2.725 Thread 0x00000212805f11d0 Thread added: 0x00000212805f11d0
Event: 2.963 Thread 0x00000212802a2cc0 Thread added: 0x00000212802a2cc0
Event: 3.206 Thread 0x00000212805f11d0 Thread exited: 0x00000212805f11d0
Event: 4.180 Thread 0x00000212805f0c80 Thread added: 0x00000212805f0c80
Event: 4.503 Thread 0x0000021280f7a4d0 Thread added: 0x0000021280f7a4d0
Event: 4.532 Thread 0x0000021280f7a9b0 Thread added: 0x0000021280f7a9b0
Event: 4.535 Thread 0x0000021280f20d70 Thread added: 0x0000021280f20d70
Event: 4.543 Thread 0x0000021280f7a9b0 Thread exited: 0x0000021280f7a9b0
Event: 4.676 Thread 0x00000212805f0c80 Thread exited: 0x00000212805f0c80
Event: 12.318 Thread 0x0000021280f20d70 Thread exited: 0x0000021280f20d70
Event: 12.318 Thread 0x0000021280f7a4d0 Thread exited: 0x0000021280f7a4d0
Event: 225.099 Thread 0x00000212805f21c0 Thread added: 0x00000212805f21c0
Event: 226.131 Thread 0x00000212805f21c0 Thread exited: 0x00000212805f21c0
Event: 226.290 Thread 0x00000212805f2c60 Thread added: 0x00000212805f2c60
Event: 228.914 Thread 0x00000212805f2c60 Thread exited: 0x00000212805f2c60


Dynamic libraries:
0x00007ff6eccd0000 - 0x00007ff6eccde000 	C:\Program Files\Microsoft\jdk-17.0.12.7-hotspot\bin\java.exe
0x00007fff74ec0000 - 0x00007fff75120000 	C:\WINDOWS\SYSTEM32\ntdll.dll
0x00007fff73cf0000 - 0x00007fff73db7000 	C:\WINDOWS\System32\KERNEL32.DLL
0x00007fff720a0000 - 0x00007fff7246a000 	C:\WINDOWS\System32\KERNELBASE.dll
0x00007fff72680000 - 0x00007fff727cb000 	C:\WINDOWS\System32\ucrtbase.dll
0x00007fff4c210000 - 0x00007fff4c22d000 	C:\Program Files\Microsoft\jdk-17.0.12.7-hotspot\bin\VCRUNTIME140.dll
0x00007fff4c1d0000 - 0x00007fff4c1e7000 	C:\Program Files\Microsoft\jdk-17.0.12.7-hotspot\bin\jli.dll
0x00007fff74ac0000 - 0x00007fff74c8c000 	C:\WINDOWS\System32\USER32.dll
0x00007fff725b0000 - 0x00007fff725d7000 	C:\WINDOWS\System32\win32u.dll
0x00007fff5b990000 - 0x00007fff5bc27000 	C:\WINDOWS\WinSxS\amd64_microsoft.windows.common-controls_6595b64144ccf1df_6.0.26100.3624_none_3e086962e3345f24\COMCTL32.dll
0x00007fff73240000 - 0x00007fff732e9000 	C:\WINDOWS\System32\msvcrt.dll
0x00007fff732f0000 - 0x00007fff7331a000 	C:\WINDOWS\System32\GDI32.dll
0x00007fff72470000 - 0x00007fff725a1000 	C:\WINDOWS\System32\gdi32full.dll
0x00007fff72b50000 - 0x00007fff72bf3000 	C:\WINDOWS\System32\msvcp_win.dll
0x00007fff72dc0000 - 0x00007fff72def000 	C:\WINDOWS\System32\IMM32.DLL
0x00007fff58940000 - 0x00007fff5894c000 	C:\Program Files\Microsoft\jdk-17.0.12.7-hotspot\bin\vcruntime140_1.dll
0x00007fff17c80000 - 0x00007fff17d0d000 	C:\Program Files\Microsoft\jdk-17.0.12.7-hotspot\bin\msvcp140.dll
0x00007ffefe290000 - 0x00007ffefef00000 	C:\Program Files\Microsoft\jdk-17.0.12.7-hotspot\bin\server\jvm.dll
0x00007fff730d0000 - 0x00007fff73182000 	C:\WINDOWS\System32\ADVAPI32.dll
0x00007fff73320000 - 0x00007fff733c6000 	C:\WINDOWS\System32\sechost.dll
0x00007fff73400000 - 0x00007fff73516000 	C:\WINDOWS\System32\RPCRT4.dll
0x00007fff72e00000 - 0x00007fff72e74000 	C:\WINDOWS\System32\WS2_32.dll
0x00007fff6acc0000 - 0x00007fff6acf6000 	C:\WINDOWS\SYSTEM32\WINMM.dll
0x00007fff71ef0000 - 0x00007fff71f4e000 	C:\WINDOWS\SYSTEM32\POWRPROF.dll
0x00007fff6ad00000 - 0x00007fff6ad0b000 	C:\WINDOWS\SYSTEM32\VERSION.dll
0x00007fff71ed0000 - 0x00007fff71ee4000 	C:\WINDOWS\SYSTEM32\UMPDC.dll
0x00007fff70eb0000 - 0x00007fff70eca000 	C:\WINDOWS\SYSTEM32\kernel.appcore.dll
0x00007fff582a0000 - 0x00007fff582aa000 	C:\Program Files\Microsoft\jdk-17.0.12.7-hotspot\bin\jimage.dll
0x00007fff65020000 - 0x00007fff65261000 	C:\WINDOWS\SYSTEM32\DBGHELP.DLL
0x00007fff737d0000 - 0x00007fff73b52000 	C:\WINDOWS\System32\combase.dll
0x00007fff744f0000 - 0x00007fff745c6000 	C:\WINDOWS\System32\OLEAUT32.dll
0x00007fff54af0000 - 0x00007fff54b29000 	C:\WINDOWS\SYSTEM32\dbgcore.DLL
0x00007fff725e0000 - 0x00007fff72679000 	C:\WINDOWS\System32\bcryptPrimitives.dll
0x00007fff41a50000 - 0x00007fff41a75000 	C:\Program Files\Microsoft\jdk-17.0.12.7-hotspot\bin\java.dll
0x00007fff08c40000 - 0x00007fff08d17000 	C:\Program Files\Microsoft\jdk-17.0.12.7-hotspot\bin\jsvml.dll
0x00007fff73dc0000 - 0x00007fff744e9000 	C:\WINDOWS\System32\SHELL32.dll
0x00007fff72860000 - 0x00007fff729c8000 	C:\WINDOWS\System32\wintypes.dll
0x00007fff6fd20000 - 0x00007fff70572000 	C:\WINDOWS\SYSTEM32\windows.storage.dll
0x00007fff72e80000 - 0x00007fff72f6d000 	C:\WINDOWS\System32\SHCORE.dll
0x00007fff72cc0000 - 0x00007fff72d24000 	C:\WINDOWS\System32\shlwapi.dll
0x00007fff71fb0000 - 0x00007fff71fdf000 	C:\WINDOWS\SYSTEM32\profapi.dll
0x00007fff4a6f0000 - 0x00007fff4a70a000 	C:\Program Files\Microsoft\jdk-17.0.12.7-hotspot\bin\net.dll
0x00007fff68420000 - 0x00007fff6853d000 	C:\WINDOWS\SYSTEM32\WINHTTP.dll
0x00007fff713d0000 - 0x00007fff7143a000 	C:\WINDOWS\system32\mswsock.dll
0x00007fff3dc30000 - 0x00007fff3dc46000 	C:\Program Files\Microsoft\jdk-17.0.12.7-hotspot\bin\nio.dll
0x00007fff3aa10000 - 0x00007fff3aa28000 	C:\Program Files\Microsoft\jdk-17.0.12.7-hotspot\bin\zip.dll
0x00007fff57b90000 - 0x00007fff57ba0000 	C:\Program Files\Microsoft\jdk-17.0.12.7-hotspot\bin\verify.dll
0x00007fff67130000 - 0x00007fff67157000 	C:\Users\Abutalib\.gradle\native\c067742578af261105cb4f569cf0c3c89f3d7b1fecec35dd04571415982c5e48\windows-amd64\native-platform.dll
0x00007fff56f10000 - 0x00007fff56f1a000 	C:\Users\Abutalib\.gradle\native\jansi\1.18\windows64\jansi.dll
0x00007fff53d00000 - 0x00007fff53d0a000 	C:\Program Files\Microsoft\jdk-17.0.12.7-hotspot\bin\management.dll
0x00007fff53570000 - 0x00007fff5357b000 	C:\Program Files\Microsoft\jdk-17.0.12.7-hotspot\bin\management_ext.dll
0x00007fff737c0000 - 0x00007fff737c8000 	C:\WINDOWS\System32\PSAPI.DLL
0x00007fff71670000 - 0x00007fff7168c000 	C:\WINDOWS\SYSTEM32\CRYPTSP.dll
0x00007fff70e10000 - 0x00007fff70e4a000 	C:\WINDOWS\system32\rsaenh.dll
0x00007fff71470000 - 0x00007fff7149b000 	C:\WINDOWS\SYSTEM32\USERENV.dll
0x00007fff71f80000 - 0x00007fff71fa6000 	C:\WINDOWS\SYSTEM32\bcrypt.dll
0x00007fff71690000 - 0x00007fff7169c000 	C:\WINDOWS\SYSTEM32\CRYPTBASE.dll
0x00007fff708c0000 - 0x00007fff708f3000 	C:\WINDOWS\SYSTEM32\IPHLPAPI.DLL
0x00007fff733d0000 - 0x00007fff733da000 	C:\WINDOWS\System32\NSI.dll
0x00007fff6a610000 - 0x00007fff6a62f000 	C:\WINDOWS\SYSTEM32\dhcpcsvc6.DLL
0x00007fff68620000 - 0x00007fff68645000 	C:\WINDOWS\SYSTEM32\dhcpcsvc.DLL
0x00007fff70950000 - 0x00007fff70a75000 	C:\WINDOWS\SYSTEM32\DNSAPI.dll
0x00007fff45790000 - 0x00007fff45799000 	C:\Program Files\Microsoft\jdk-17.0.12.7-hotspot\bin\extnet.dll
0x00007fff426e0000 - 0x00007fff426ee000 	C:\Program Files\Microsoft\jdk-17.0.12.7-hotspot\bin\sunmscapi.dll
0x00007fff729d0000 - 0x00007fff72b47000 	C:\WINDOWS\System32\CRYPT32.dll
0x00007fff71870000 - 0x00007fff718a0000 	C:\WINDOWS\SYSTEM32\ncrypt.dll
0x00007fff71820000 - 0x00007fff7185f000 	C:\WINDOWS\SYSTEM32\NTASN1.dll
0x00007fff217f0000 - 0x00007fff217f8000 	C:\WINDOWS\system32\wshunix.dll

dbghelp: loaded successfully - version: 4.0.5 - missing functions: none
symbol engine: initialized successfully - sym options: 0x614 - pdb path: .;C:\Program Files\Microsoft\jdk-17.0.12.7-hotspot\bin;C:\WINDOWS\SYSTEM32;C:\WINDOWS\WinSxS\amd64_microsoft.windows.common-controls_6595b64144ccf1df_6.0.26100.3624_none_3e086962e3345f24;C:\Program Files\Microsoft\jdk-17.0.12.7-hotspot\bin\server;C:\Users\Abutalib\.gradle\native\c067742578af261105cb4f569cf0c3c89f3d7b1fecec35dd04571415982c5e48\windows-amd64;C:\Users\Abutalib\.gradle\native\jansi\1.18\windows64

VM Arguments:
jvm_args: -Xmx64m -Xms64m -Dorg.gradle.appname=gradlew 
java_command: org.gradle.wrapper.GradleWrapperMain app:installDebug -PreactNativeDevServerPort=8081
java_class_path (initial): C:\NexgenLMS\NexGenMobile\android\\gradle\wrapper\gradle-wrapper.jar
Launcher Type: SUN_STANDARD

[Global flags]
     intx CICompilerCount                          = 4                                         {product} {ergonomic}
     uint ConcGCThreads                            = 2                                         {product} {ergonomic}
     uint G1ConcRefinementThreads                  = 8                                         {product} {ergonomic}
   size_t G1HeapRegionSize                         = 1048576                                   {product} {ergonomic}
    uintx GCDrainStackTargetSize                   = 64                                        {product} {ergonomic}
   size_t InitialHeapSize                          = 67108864                                  {product} {command line}
   size_t MarkStackSize                            = 4194304                                   {product} {ergonomic}
   size_t MaxHeapSize                              = 67108864                                  {product} {command line}
   size_t MaxNewSize                               = 39845888                                  {product} {ergonomic}
   size_t MinHeapDeltaBytes                        = 1048576                                   {product} {ergonomic}
   size_t MinHeapSize                              = 67108864                                  {product} {command line}
    uintx NonNMethodCodeHeapSize                   = 5839372                                {pd product} {ergonomic}
    uintx NonProfiledCodeHeapSize                  = 122909434                              {pd product} {ergonomic}
    uintx ProfiledCodeHeapSize                     = 122909434                              {pd product} {ergonomic}
    uintx ReservedCodeCacheSize                    = 251658240                              {pd product} {ergonomic}
     bool SegmentedCodeCache                       = true                                      {product} {ergonomic}
   size_t SoftMaxHeapSize                          = 67108864                               {manageable} {ergonomic}
     bool UseCompressedClassPointers               = true                           {product lp64_product} {ergonomic}
     bool UseCompressedOops                        = true                           {product lp64_product} {ergonomic}
     bool UseG1GC                                  = true                                      {product} {ergonomic}
     bool UseLargePagesIndividualAllocation        = false                                  {pd product} {ergonomic}

Logging:
Log output configuration:
 #0: stdout all=warning uptime,level,tags
 #1: stderr all=off uptime,level,tags

Environment Variables:
JAVA_HOME=C:\Program Files\Microsoft\jdk-17.0.12.7-hotspot
CLASSPATH=C:\NexgenLMS\NexGenMobile\android\\gradle\wrapper\gradle-wrapper.jar
PATH=C:\NexgenLMS\NexGenMobile\node_modules\.bin;C:\NexgenLMS\node_modules\.bin;C:\node_modules\.bin;C:\Users\Abutalib\AppData\Roaming\npm\node_modules\npm\node_modules\@npmcli\run-script\lib\node-gyp-bin;C:\Program Files\Microsoft\jdk-17.0.12.7-hotspot\bin;C:\Users\Abutalib\AppData\Local\Programs\Python\Python311\Scripts\;C:\Users\Abutalib\AppData\Local\Programs\Python\Python311\;C:\Ruby32-x64\bin;C:\Program Files\Common Files\Oracle\Java\javapath;C:\Users\Abutalib\AppData\Local\Programs\Python\Python311;c:\users\abutalib\appdata\local\programs\python\python311\lib\site-packages\pip\__init__.py;C:\WINDOWS\system32;C:\WINDOWS;C:\WINDOWS\System32\OpenSSH\;C:\WINDOWS\System32\Wbem;C:\WINDOWS\System32\WindowsPowerShell\v1.0\;C:\Program Files (x86)\Yarn\bin\;C:\Program Files\Git\cmd;C:\ProgramData\chocolatey\bin;C:\php;C:\ProgramData\ComposerSetup\bin;C:\Program Files\nodejs\;C:\Program Files\Amazon\AWSCLIV2\;C:\Program Files\nodejs;C:\Users\Abutalib\AppData\Local\Microsoft\WindowsApps;C:\Users\Abutalib\AppData\Local\Android\Sdk\emulator;C:\Users\Abutalib\AppData\Local\Android\Sdk\platform-tools;C:\Users\Abutalib\AppData\Local\Android\Sdk\cmdline-tools\13.0\bin;C:\java programs\Microsoft VS Code\bin;C:\Users\Abutalib\PyCharm Community Edition 2022.3\bin;;C:\MinGW\bin;C:\MinGW\bin\gcc.exe;C:\Users\Abutalib\AppData\Local\Yarn\bin;C:\Program Files\Microsoft\jdk-17.0.12.7-hotspot\bin;C:\Users\Abutalib\AppData\Local\Microsoft\WinGet\Packages\Schniz.fnm_Microsoft.Winget.Source_8wekyb3d8bbwe;C:\Users\Abutalib\AppData\Local\Android\Sdk\system-images\android-34-ext12\google_apis_playstore\x86_64;
USERNAME=Abutalib
OS=Windows_NT
PROCESSOR_IDENTIFIER=AMD64 Family 23 Model 104 Stepping 1, AuthenticAMD
TMP=C:\Users\Abutalib\AppData\Local\Temp
TEMP=C:\Users\Abutalib\AppData\Local\Temp



Periodic native trim disabled


---------------  S Y S T E M  ---------------

OS:
 Windows 11 , 64 bit Build 26100 (10.0.26100.3775)
OS uptime: 0 days 1:11 hours
Hyper-V role detected

CPU: total 8 (initial active 8) (8 cores per cpu, 2 threads per core) family 23 model 104 stepping 1 microcode 0x8608107, cx8, cmov, fxsr, ht, mmx, 3dnowpref, sse, sse2, sse3, ssse3, sse4a, sse4.1, sse4.2, popcnt, lzcnt, tsc, tscinvbit, avx, avx2, aes, clmul, bmi1, bmi2, adx, sha, fma, vzeroupper, clflush, clflushopt, hv
Processor Information for processor 0
  Max Mhz: 2600, Current Mhz: 2600, Mhz Limit: 2600
Processor Information for processor 1
  Max Mhz: 2600, Current Mhz: 1789, Mhz Limit: 2600
Processor Information for processor 2
  Max Mhz: 2600, Current Mhz: 2600, Mhz Limit: 2600
Processor Information for processor 3
  Max Mhz: 2600, Current Mhz: 2600, Mhz Limit: 2600
Processor Information for processor 4
  Max Mhz: 2600, Current Mhz: 1789, Mhz Limit: 2600
Processor Information for processor 5
  Max Mhz: 2600, Current Mhz: 1789, Mhz Limit: 2600
Processor Information for processor 6
  Max Mhz: 2600, Current Mhz: 1789, Mhz Limit: 2600
Processor Information for processor 7
  Max Mhz: 2600, Current Mhz: 1789, Mhz Limit: 2600

Memory: 4k page, system-wide physical 7502M (431M free)
TotalPageFile size 30030M (AvailPageFile size 35M)
current process WorkingSet (physical memory assigned to process): 17M, peak: 111M
current process commit charge ("private bytes"): 169M, peak: 191M

vm_info: OpenJDK 64-Bit Server VM (17.0.12+7-LTS) for windows-amd64 JRE (17.0.12+7-LTS), built on Jul 16 2024 18:11:44 by "MicrosoftCorporation" with unknown MS VC++:1939

END.
