#
# There is insufficient memory for the Java Runtime Environment to continue.
# Native memory allocation (malloc) failed to allocate 1045056 bytes. Error detail: Chunk::new
# Possible reasons:
#   The system is out of physical RAM or swap space
#   This process is running with CompressedOops enabled, and the Java Heap may be blocking the growth of the native heap
# Possible solutions:
#   Reduce memory load on the system
#   Increase physical memory or swap space
#   Check if swap backing store is full
#   Decrease Java heap size (-Xmx/-Xms)
#   Decrease number of Java threads
#   Decrease Java thread stack sizes (-Xss)
#   Set larger code cache with -XX:ReservedCodeCacheSize=
#   JVM is running with Unscaled Compressed Oops mode in which the Java heap is
#     placed in the first 4GB address space. The Java Heap base address is the
#     maximum limit for the native heap growth. Please use -XX:HeapBaseMinAddress
#     to set the Java Heap base and to place the Java Heap above 4GB virtual address.
# This output file may be truncated or incomplete.
#
#  Out of Memory Error (arena.cpp:191), pid=27704, tid=8996
#
# JRE version: OpenJDK Runtime Environment Microsoft-9889599 (17.0.12+7) (build 17.0.12+7-LTS)
# Java VM: OpenJDK 64-Bit Server VM Microsoft-9889599 (17.0.12+7-LTS, mixed mode, sharing, tiered, compressed oops, compressed class ptrs, g1 gc, windows-amd64)
# No core dump will be written. Minidumps are not enabled by default on client versions of Windows
#

---------------  S U M M A R Y ------------

Command Line: -XX:+HeapDumpOnOutOfMemoryError --add-opens=java.base/java.util=ALL-UNNAMED --add-opens=java.base/java.lang=ALL-UNNAMED --add-opens=java.base/java.lang.invoke=ALL-UNNAMED --add-opens=java.prefs/java.util.prefs=ALL-UNNAMED --add-exports=jdk.compiler/com.sun.tools.javac.api=ALL-UNNAMED --add-exports=jdk.compiler/com.sun.tools.javac.util=ALL-UNNAMED --add-opens=java.base/java.nio.charset=ALL-UNNAMED --add-opens=java.base/java.net=ALL-UNNAMED --add-opens=java.base/java.util.concurrent.atomic=ALL-UNNAMED -Xmx2048m -Dfile.encoding=UTF-8 -Duser.country=IN -Duser.language=en -Duser.variant -javaagent:C:\Users\Abutalib\.gradle\wrapper\dists\gradle-8.10.2-all\7iv73wktx1xtkvlq19urqw1wm\gradle-8.10.2\lib\agents\gradle-instrumentation-agent-8.10.2.jar org.gradle.launcher.daemon.bootstrap.GradleDaemon 8.10.2

Host: AMD Ryzen 3 5300U with Radeon Graphics         , 8 cores, 7G,  Windows 11 , 64 bit Build 26100 (10.0.26100.3912)
Time: Wed Jun  4 09:32:33 2025 India Standard Time elapsed time: 8238.399699 seconds (0d 2h 17m 18s)

---------------  T H R E A D  ---------------

Current thread (0x0000014a1f185ba0):  JavaThread "C2 CompilerThread0" daemon [_thread_in_native, id=8996, stack(0x00000031b6900000,0x00000031b6a00000)]


Current CompileTask:
C2:8238400 25211       4       com.android.build.gradle.internal.cxx.settings.NameTable::environments (604 bytes)

Stack: [0x00000031b6900000,0x00000031b6a00000]
Native frames: (J=compiled Java code, j=interpreted, Vv=VM code, C=native code)
V  [jvm.dll+0x686d99]
V  [jvm.dll+0x83daf8]
V  [jvm.dll+0x83f5a3]
V  [jvm.dll+0x83fc13]
V  [jvm.dll+0x2492ef]
V  [jvm.dll+0xad0a4]
V  [jvm.dll+0xad73c]
V  [jvm.dll+0x2b09af]
V  [jvm.dll+0x58d829]
V  [jvm.dll+0x223592]
V  [jvm.dll+0x22398f]
V  [jvm.dll+0x21c740]
V  [jvm.dll+0x21986b]
V  [jvm.dll+0x1a53e6]
V  [jvm.dll+0x229faa]
V  [jvm.dll+0x2280fb]
V  [jvm.dll+0x7f3508]
V  [jvm.dll+0x7ed87c]
V  [jvm.dll+0x685c77]
C  [ucrtbase.dll+0x37b0]
C  [KERNEL32.DLL+0x2e8d7]
C  [ntdll.dll+0x9c5dc]


---------------  P R O C E S S  ---------------

Threads class SMR info:
_java_thread_list=0x0000014a72374ae0, length=132, elements={
0x0000014a7f8d6330, 0x0000014a1f163b50, 0x0000014a1f165730, 0x0000014a1f17be30,
0x0000014a1f17c700, 0x0000014a1f17db40, 0x0000014a1f180f90, 0x0000014a1f185ba0,
0x0000014a1f188700, 0x0000014a1f18c330, 0x0000014a1f26bb40, 0x0000014a1f34a460,
0x0000014a1f8fa040, 0x0000014a65bcbd20, 0x0000014a659c95f0, 0x0000014a1f291310,
0x0000014a1f291820, 0x0000014a1f28e580, 0x0000014a1f28fed0, 0x0000014a1f2903e0,
0x0000014a67fd7630, 0x0000014a67fd61f0, 0x0000014a69173420, 0x0000014a68eab2f0,
0x0000014a68cb0260, 0x0000014a68cb4430, 0x0000014a68cb3a10, 0x0000014a68cb20c0,
0x0000014a1f291d30, 0x0000014a67fd8f80, 0x0000014a677aaff0, 0x0000014a677ad360,
0x0000014a1f2908f0, 0x0000014a67fda3c0, 0x0000014a67fd9490, 0x0000014a67fdb2f0,
0x0000014a67fda8d0, 0x0000014a677ac940, 0x0000014a6916cee0, 0x0000014a6916ed40,
0x0000014a68ea8560, 0x0000014a68ea5ce0, 0x0000014a71316ef0, 0x0000014a71315090,
0x0000014a71317400, 0x0000014a713164d0, 0x0000014a71318d50, 0x0000014a713169e0,
0x0000014a71317910, 0x0000014a71317e20, 0x0000014a713155a0, 0x0000014a71315fc0,
0x0000014a71319260, 0x0000014a71318330, 0x0000014a71318840, 0x0000014a71315ab0,
0x0000014a7131bae0, 0x0000014a7131a6a0, 0x0000014a7131a190, 0x0000014a71319770,
0x0000014a7131b0c0, 0x0000014a7131abb0, 0x0000014a7131b5d0, 0x0000014a7131c500,
0x0000014a7131bff0, 0x0000014a7131ca10, 0x0000014a71319c80, 0x0000014a68ea7630,
0x0000014a68ea61f0, 0x0000014a68ea57d0, 0x0000014a68ea7120, 0x0000014a68ea3e80,
0x0000014a68ea6700, 0x0000014a68ea7b40, 0x0000014a68ea4390, 0x0000014a68ea8050,
0x0000014a68ea4db0, 0x0000014a68ea6c10, 0x0000014a68ea48a0, 0x0000014a68eab800,
0x0000014a68ea8a70, 0x0000014a68ea8f80, 0x0000014a68ea9490, 0x0000014a68ea9eb0,
0x0000014a68ea99a0, 0x0000014a68eaa3c0, 0x0000014a68eaa8d0, 0x0000014a68eaade0,
0x0000014a713bd070, 0x0000014a713c0310, 0x0000014a713beed0, 0x0000014a713c0820,
0x0000014a713bf3e0, 0x0000014a713bdfa0, 0x0000014a713be4b0, 0x0000014a713bf8f0,
0x0000014a713bfe00, 0x0000014a713c0d30, 0x0000014a713bd580, 0x0000014a713c1240,
0x0000014a713bda90, 0x0000014a713c1c60, 0x0000014a713c1750, 0x0000014a713c2170,
0x0000014a713be9c0, 0x0000014a713c2680, 0x0000014a713c2b90, 0x0000014a713c30a0,
0x0000014a713c35b0, 0x0000014a713c3ac0, 0x0000014a6916d3f0, 0x0000014a6916d900,
0x0000014a6916de10, 0x0000014a6916e830, 0x0000014a6916f250, 0x0000014a6916f760,
0x0000014a6916fc70, 0x0000014a6916c4c0, 0x0000014a6916c9d0, 0x0000014a691724f0,
0x0000014a69172f10, 0x0000014a69173e40, 0x0000014a691710b0, 0x0000014a69170690,
0x0000014a69170ba0, 0x0000014a69171ad0, 0x0000014a69172a00, 0x0000014a69171fe0,
0x0000014a68cadef0, 0x0000014a68caf330, 0x0000014a68cae910, 0x0000014a6b399490
}

Java Threads: ( => current thread )
  0x0000014a7f8d6330 JavaThread "main" [_thread_blocked, id=17628, stack(0x00000031b5c00000,0x00000031b5d00000)]
  0x0000014a1f163b50 JavaThread "Reference Handler" daemon [_thread_blocked, id=9152, stack(0x00000031b6300000,0x00000031b6400000)]
  0x0000014a1f165730 JavaThread "Finalizer" daemon [_thread_blocked, id=22852, stack(0x00000031b6400000,0x00000031b6500000)]
  0x0000014a1f17be30 JavaThread "Signal Dispatcher" daemon [_thread_blocked, id=24240, stack(0x00000031b6500000,0x00000031b6600000)]
  0x0000014a1f17c700 JavaThread "Attach Listener" daemon [_thread_blocked, id=10172, stack(0x00000031b6600000,0x00000031b6700000)]
  0x0000014a1f17db40 JavaThread "Service Thread" daemon [_thread_blocked, id=26680, stack(0x00000031b6700000,0x00000031b6800000)]
  0x0000014a1f180f90 JavaThread "Monitor Deflation Thread" daemon [_thread_blocked, id=23576, stack(0x00000031b6800000,0x00000031b6900000)]
=>0x0000014a1f185ba0 JavaThread "C2 CompilerThread0" daemon [_thread_in_native, id=8996, stack(0x00000031b6900000,0x00000031b6a00000)]
  0x0000014a1f188700 JavaThread "C1 CompilerThread0" daemon [_thread_blocked, id=22196, stack(0x00000031b6a00000,0x00000031b6b00000)]
  0x0000014a1f18c330 JavaThread "Sweeper thread" daemon [_thread_blocked, id=10064, stack(0x00000031b6b00000,0x00000031b6c00000)]
  0x0000014a1f26bb40 JavaThread "Common-Cleaner" daemon [_thread_blocked, id=29584, stack(0x00000031b6c00000,0x00000031b6d00000)]
  0x0000014a1f34a460 JavaThread "Notification Thread" daemon [_thread_blocked, id=24100, stack(0x00000031b6d00000,0x00000031b6e00000)]
  0x0000014a1f8fa040 JavaThread "Daemon health stats" [_thread_blocked, id=8848, stack(0x00000031b7400000,0x00000031b7500000)]
  0x0000014a65bcbd20 JavaThread "Incoming local TCP Connector on port 50612" [_thread_in_native, id=5788, stack(0x00000031b7300000,0x00000031b7400000)]
  0x0000014a659c95f0 JavaThread "Daemon periodic checks" [_thread_blocked, id=14048, stack(0x00000031b7500000,0x00000031b7600000)]
  0x0000014a1f291310 JavaThread "Cache worker for journal cache (C:\Users\Abutalib\.gradle\caches\journal-1)" [_thread_blocked, id=27916, stack(0x00000031b7d00000,0x00000031b7e00000)]
  0x0000014a1f291820 JavaThread "File lock request listener" [_thread_in_native, id=31460, stack(0x00000031b7e00000,0x00000031b7f00000)]
  0x0000014a1f28e580 JavaThread "Cache worker for file hash cache (C:\Users\Abutalib\.gradle\caches\8.10.2\fileHashes)" [_thread_blocked, id=21112, stack(0x00000031b7f00000,0x00000031b8000000)]
  0x0000014a1f28fed0 JavaThread "File watcher server" daemon [_thread_in_native, id=2968, stack(0x00000031b8700000,0x00000031b8800000)]
  0x0000014a1f2903e0 JavaThread "File watcher consumer" daemon [_thread_blocked, id=3216, stack(0x00000031b8800000,0x00000031b8900000)]
  0x0000014a67fd7630 JavaThread "Cache worker for file content cache (C:\Users\Abutalib\.gradle\caches\8.10.2\fileContent)" [_thread_blocked, id=31672, stack(0x00000031b8a00000,0x00000031b8b00000)]
  0x0000014a67fd61f0 JavaThread "jar transforms" [_thread_blocked, id=29476, stack(0x00000031b8e00000,0x00000031b8f00000)]
  0x0000014a69173420 JavaThread "Memory manager" [_thread_blocked, id=23824, stack(0x00000031b5b00000,0x00000031b5c00000)]
  0x0000014a68eab2f0 JavaThread "jar transforms Thread 2" [_thread_blocked, id=14888, stack(0x00000031be100000,0x00000031be200000)]
  0x0000014a68cb0260 JavaThread "jar transforms Thread 3" [_thread_blocked, id=7132, stack(0x00000031be200000,0x00000031be300000)]
  0x0000014a68cb4430 JavaThread "jar transforms Thread 4" [_thread_blocked, id=20680, stack(0x00000031bf300000,0x00000031bf400000)]
  0x0000014a68cb3a10 JavaThread "jar transforms Thread 5" [_thread_blocked, id=21228, stack(0x00000031bf400000,0x00000031bf500000)]
  0x0000014a68cb20c0 JavaThread "jar transforms Thread 6" [_thread_blocked, id=16996, stack(0x00000031bf500000,0x00000031bf600000)]
  0x0000014a1f291d30 JavaThread "jar transforms Thread 7" [_thread_blocked, id=31524, stack(0x00000031ba700000,0x00000031ba800000)]
  0x0000014a67fd8f80 JavaThread "jar transforms Thread 8" [_thread_blocked, id=17564, stack(0x00000031ba800000,0x00000031ba900000)]
  0x0000014a677aaff0 JavaThread "pool-3-thread-1" [_thread_blocked, id=18184, stack(0x00000031ba900000,0x00000031baa00000)]
  0x0000014a677ad360 JavaThread "Monitor" [_thread_in_native, id=1456, stack(0x00000031bfc00000,0x00000031bfd00000)]
  0x0000014a1f2908f0 JavaThread "Device List Monitor" [_thread_in_native, id=14772, stack(0x00000031bfd00000,0x00000031bfe00000)]
  0x0000014a67fda3c0 JavaThread "ForkJoinPool.commonPool-worker-9" daemon [_thread_blocked, id=6104, stack(0x00000031ba100000,0x00000031ba200000)]
  0x0000014a67fd9490 JavaThread "ForkJoinPool.commonPool-worker-10" daemon [_thread_blocked, id=900, stack(0x00000031ba200000,0x00000031ba300000)]
  0x0000014a67fdb2f0 JavaThread "ForkJoinPool.commonPool-worker-13" daemon [_thread_blocked, id=30736, stack(0x00000031ba500000,0x00000031ba600000)]
  0x0000014a67fda8d0 JavaThread "ForkJoinPool.commonPool-worker-15" daemon [_thread_blocked, id=16188, stack(0x00000031baa00000,0x00000031bab00000)]
  0x0000014a677ac940 JavaThread "pool-6-thread-1" [_thread_blocked, id=4336, stack(0x00000031bf800000,0x00000031bf900000)]
  0x0000014a6916cee0 JavaThread "Daemon Thread 3" [_thread_blocked, id=10000, stack(0x00000031b5900000,0x00000031b5a00000)]
  0x0000014a6916ed40 JavaThread "Daemon worker Thread 3" [_thread_in_Java, id=23036, stack(0x00000031b7700000,0x00000031b7800000)]
  0x0000014a68ea8560 JavaThread "ForkJoinPool.commonPool-worker-16" daemon [_thread_blocked, id=21884, stack(0x00000031ba000000,0x00000031ba100000)]
  0x0000014a68ea5ce0 JavaThread "included builds" [_thread_blocked, id=31368, stack(0x00000031ba600000,0x00000031ba700000)]
  0x0000014a71316ef0 JavaThread "pool-9-thread-1" [_thread_blocked, id=20128, stack(0x00000031c0000000,0x00000031c0100000)]
  0x0000014a71315090 JavaThread "VFS cleanup Thread 4" [_thread_blocked, id=31328, stack(0x00000031b7800000,0x00000031b7900000)]
  0x0000014a71317400 JavaThread "Handler for socket connection from /127.0.0.1:50612 to /127.0.0.1:61683" [_thread_in_native, id=5036, stack(0x00000031b5a00000,0x00000031b5b00000)]
  0x0000014a713164d0 JavaThread "Cancel handler" [_thread_blocked, id=22084, stack(0x00000031b7600000,0x00000031b7700000)]
  0x0000014a71318d50 JavaThread "Asynchronous log dispatcher for DefaultDaemonConnection: socket connection from /127.0.0.1:50612 to /127.0.0.1:61683" [_thread_blocked, id=10380, stack(0x00000031b7900000,0x00000031b7a00000)]
  0x0000014a713169e0 JavaThread "Stdin handler" [_thread_blocked, id=26828, stack(0x00000031b7a00000,0x00000031b7b00000)]
  0x0000014a71317910 JavaThread "Daemon client event forwarder" [_thread_blocked, id=30144, stack(0x00000031b7b00000,0x00000031b7c00000)]
  0x0000014a71317e20 JavaThread "Cache worker for file hash cache (C:\NexgenLMS\NexGenMobile\android\.gradle\8.10.2\fileHashes)" [_thread_blocked, id=15608, stack(0x00000031b7c00000,0x00000031b7d00000)]
  0x0000014a713155a0 JavaThread "Cache worker for Build Output Cleanup Cache (C:\NexgenLMS\NexGenMobile\android\.gradle\buildOutputCleanup)" [_thread_blocked, id=8068, stack(0x00000031b8300000,0x00000031b8400000)]
  0x0000014a71315fc0 JavaThread "Cache worker for checksums cache (C:\NexgenLMS\NexGenMobile\android\.gradle\8.10.2\checksums)" [_thread_blocked, id=24516, stack(0x00000031b8400000,0x00000031b8500000)]
  0x0000014a71319260 JavaThread "Cache worker for cache directory md-rule (C:\Users\Abutalib\.gradle\caches\8.10.2\md-rule)" [_thread_blocked, id=21308, stack(0x00000031b8500000,0x00000031b8600000)]
  0x0000014a71318330 JavaThread "Cache worker for cache directory md-supplier (C:\Users\Abutalib\.gradle\caches\8.10.2\md-supplier)" [_thread_blocked, id=22484, stack(0x00000031b8900000,0x00000031b8a00000)]
  0x0000014a71318840 JavaThread "Cache worker for Build Output Cleanup Cache (C:\NexgenLMS\NexGenMobile\node_modules\@react-native\gradle-plugin\.gradle\buildOutputCleanup)" [_thread_blocked, id=20820, stack(0x00000031b8b00000,0x00000031b8c00000)]
  0x0000014a71315ab0 JavaThread "Unconstrained build operations" [_thread_blocked, id=24848, stack(0x00000031b8c00000,0x00000031b8d00000)]
  0x0000014a7131bae0 JavaThread "Unconstrained build operations Thread 2" [_thread_blocked, id=3796, stack(0x00000031b8d00000,0x00000031b8e00000)]
  0x0000014a7131a6a0 JavaThread "Unconstrained build operations Thread 3" [_thread_blocked, id=16672, stack(0x00000031b9000000,0x00000031b9100000)]
  0x0000014a7131a190 JavaThread "Unconstrained build operations Thread 4" [_thread_blocked, id=24084, stack(0x00000031b9100000,0x00000031b9200000)]
  0x0000014a71319770 JavaThread "Unconstrained build operations Thread 5" [_thread_blocked, id=27920, stack(0x00000031b9200000,0x00000031b9300000)]
  0x0000014a7131b0c0 JavaThread "Unconstrained build operations Thread 6" [_thread_blocked, id=16992, stack(0x00000031b9300000,0x00000031b9400000)]
  0x0000014a7131abb0 JavaThread "Unconstrained build operations Thread 7" [_thread_blocked, id=27128, stack(0x00000031b9400000,0x00000031b9500000)]
  0x0000014a7131b5d0 JavaThread "Unconstrained build operations Thread 8" [_thread_blocked, id=31464, stack(0x00000031b9500000,0x00000031b9600000)]
  0x0000014a7131c500 JavaThread "Unconstrained build operations Thread 9" [_thread_blocked, id=4796, stack(0x00000031b9600000,0x00000031b9700000)]
  0x0000014a7131bff0 JavaThread "Unconstrained build operations Thread 10" [_thread_blocked, id=30804, stack(0x00000031b9700000,0x00000031b9800000)]
  0x0000014a7131ca10 JavaThread "Unconstrained build operations Thread 11" [_thread_blocked, id=31732, stack(0x00000031b9800000,0x00000031b9900000)]
  0x0000014a71319c80 JavaThread "Unconstrained build operations Thread 12" [_thread_blocked, id=20744, stack(0x00000031b9900000,0x00000031b9a00000)]
  0x0000014a68ea7630 JavaThread "Unconstrained build operations Thread 13" [_thread_blocked, id=24740, stack(0x00000031b9a00000,0x00000031b9b00000)]
  0x0000014a68ea61f0 JavaThread "Unconstrained build operations Thread 14" [_thread_blocked, id=2180, stack(0x00000031b9b00000,0x00000031b9c00000)]
  0x0000014a68ea57d0 JavaThread "Unconstrained build operations Thread 15" [_thread_blocked, id=26324, stack(0x00000031b9c00000,0x00000031b9d00000)]
  0x0000014a68ea7120 JavaThread "Unconstrained build operations Thread 16" [_thread_blocked, id=17276, stack(0x00000031b9d00000,0x00000031b9e00000)]
  0x0000014a68ea3e80 JavaThread "Unconstrained build operations Thread 17" [_thread_blocked, id=19868, stack(0x00000031b9e00000,0x00000031b9f00000)]
  0x0000014a68ea6700 JavaThread "Unconstrained build operations Thread 18" [_thread_blocked, id=10128, stack(0x00000031b9f00000,0x00000031ba000000)]
  0x0000014a68ea7b40 JavaThread "build event listener" [_thread_blocked, id=4276, stack(0x00000031ba300000,0x00000031ba400000)]
  0x0000014a68ea4390 JavaThread "ForkJoinPool.commonPool-worker-17" daemon [_thread_blocked, id=25000, stack(0x00000031ba400000,0x00000031ba500000)]
  0x0000014a68ea8050 JavaThread "ForkJoinPool.commonPool-worker-18" daemon [_thread_blocked, id=3996, stack(0x00000031bab00000,0x00000031bac00000)]
  0x0000014a68ea4db0 JavaThread "included builds" [_thread_blocked, id=3684, stack(0x00000031bac00000,0x00000031bad00000)]
  0x0000014a68ea6c10 JavaThread "Execution worker" [_thread_blocked, id=3928, stack(0x00000031bad00000,0x00000031bae00000)]
  0x0000014a68ea48a0 JavaThread "Execution worker Thread 2" [_thread_blocked, id=15716, stack(0x00000031bae00000,0x00000031baf00000)]
  0x0000014a68eab800 JavaThread "Execution worker Thread 3" [_thread_blocked, id=14380, stack(0x00000031baf00000,0x00000031bb000000)]
  0x0000014a68ea8a70 JavaThread "Execution worker Thread 4" [_thread_blocked, id=16040, stack(0x00000031bb000000,0x00000031bb100000)]
  0x0000014a68ea8f80 JavaThread "Execution worker Thread 5" [_thread_blocked, id=17360, stack(0x00000031bb100000,0x00000031bb200000)]
  0x0000014a68ea9490 JavaThread "Execution worker Thread 6" [_thread_blocked, id=27740, stack(0x00000031bb200000,0x00000031bb300000)]
  0x0000014a68ea9eb0 JavaThread "Execution worker Thread 7" [_thread_blocked, id=16528, stack(0x00000031bb300000,0x00000031bb400000)]
  0x0000014a68ea99a0 JavaThread "Cache worker for execution history cache (C:\NexgenLMS\NexGenMobile\node_modules\@react-native\gradle-plugin\.gradle\8.10.2\executionHistory)" [_thread_blocked, id=29984, stack(0x00000031bb400000,0x00000031bb500000)]
  0x0000014a68eaa3c0 JavaThread "Unconstrained build operations Thread 19" [_thread_blocked, id=29572, stack(0x00000031bb500000,0x00000031bb600000)]
  0x0000014a68eaa8d0 JavaThread "Unconstrained build operations Thread 20" [_thread_blocked, id=9580, stack(0x00000031bb600000,0x00000031bb700000)]
  0x0000014a68eaade0 JavaThread "Unconstrained build operations Thread 21" [_thread_blocked, id=17224, stack(0x00000031bb700000,0x00000031bb800000)]
  0x0000014a713bd070 JavaThread "Unconstrained build operations Thread 22" [_thread_blocked, id=27816, stack(0x00000031bb800000,0x00000031bb900000)]
  0x0000014a713c0310 JavaThread "Unconstrained build operations Thread 23" [_thread_blocked, id=26908, stack(0x00000031bb900000,0x00000031bba00000)]
  0x0000014a713beed0 JavaThread "Unconstrained build operations Thread 24" [_thread_blocked, id=9656, stack(0x00000031bba00000,0x00000031bbb00000)]
  0x0000014a713c0820 JavaThread "Unconstrained build operations Thread 25" [_thread_blocked, id=30652, stack(0x00000031bbb00000,0x00000031bbc00000)]
  0x0000014a713bf3e0 JavaThread "Unconstrained build operations Thread 26" [_thread_blocked, id=31304, stack(0x00000031bbc00000,0x00000031bbd00000)]
  0x0000014a713bdfa0 JavaThread "Unconstrained build operations Thread 27" [_thread_blocked, id=26752, stack(0x00000031bbd00000,0x00000031bbe00000)]
  0x0000014a713be4b0 JavaThread "Unconstrained build operations Thread 28" [_thread_blocked, id=9944, stack(0x00000031bbf00000,0x00000031bc000000)]
  0x0000014a713bf8f0 JavaThread "Unconstrained build operations Thread 29" [_thread_blocked, id=3048, stack(0x00000031bc000000,0x00000031bc100000)]
  0x0000014a713bfe00 JavaThread "Unconstrained build operations Thread 30" [_thread_blocked, id=26172, stack(0x00000031bc100000,0x00000031bc200000)]
  0x0000014a713c0d30 JavaThread "Unconstrained build operations Thread 31" [_thread_blocked, id=27056, stack(0x00000031bc200000,0x00000031bc300000)]
  0x0000014a713bd580 JavaThread "Unconstrained build operations Thread 32" [_thread_blocked, id=29828, stack(0x00000031bc300000,0x00000031bc400000)]
  0x0000014a713c1240 JavaThread "Unconstrained build operations Thread 33" [_thread_blocked, id=25340, stack(0x00000031bc400000,0x00000031bc500000)]
  0x0000014a713bda90 JavaThread "Unconstrained build operations Thread 34" [_thread_blocked, id=8960, stack(0x00000031bc500000,0x00000031bc600000)]
  0x0000014a713c1c60 JavaThread "Unconstrained build operations Thread 35" [_thread_blocked, id=16564, stack(0x00000031bc600000,0x00000031bc700000)]
  0x0000014a713c1750 JavaThread "Unconstrained build operations Thread 36" [_thread_blocked, id=20496, stack(0x00000031bc700000,0x00000031bc800000)]
  0x0000014a713c2170 JavaThread "Unconstrained build operations Thread 37" [_thread_blocked, id=12800, stack(0x00000031bc800000,0x00000031bc900000)]
  0x0000014a713be9c0 JavaThread "Unconstrained build operations Thread 38" [_thread_blocked, id=14572, stack(0x00000031bc900000,0x00000031bca00000)]
  0x0000014a713c2680 JavaThread "Unconstrained build operations Thread 39" [_thread_blocked, id=2328, stack(0x00000031bca00000,0x00000031bcb00000)]
  0x0000014a713c2b90 JavaThread "Unconstrained build operations Thread 40" [_thread_blocked, id=21688, stack(0x00000031bcb00000,0x00000031bcc00000)]
  0x0000014a713c30a0 JavaThread "Unconstrained build operations Thread 41" [_thread_blocked, id=4556, stack(0x00000031bbe00000,0x00000031bbf00000)]
  0x0000014a713c35b0 JavaThread "Unconstrained build operations Thread 42" [_thread_blocked, id=23056, stack(0x00000031bcc00000,0x00000031bcd00000)]
  0x0000014a713c3ac0 JavaThread "Unconstrained build operations Thread 43" [_thread_blocked, id=30468, stack(0x00000031bce00000,0x00000031bcf00000)]
  0x0000014a6916d3f0 JavaThread "Unconstrained build operations Thread 44" [_thread_blocked, id=25648, stack(0x00000031bcf00000,0x00000031bd000000)]
  0x0000014a6916d900 JavaThread "Unconstrained build operations Thread 45" [_thread_blocked, id=19992, stack(0x00000031bd000000,0x00000031bd100000)]
  0x0000014a6916de10 JavaThread "Unconstrained build operations Thread 46" [_thread_blocked, id=22704, stack(0x00000031bd100000,0x00000031bd200000)]
  0x0000014a6916e830 JavaThread "Unconstrained build operations Thread 47" [_thread_blocked, id=28552, stack(0x00000031bd200000,0x00000031bd300000)]
  0x0000014a6916f250 JavaThread "Unconstrained build operations Thread 48" [_thread_blocked, id=30216, stack(0x00000031bd300000,0x00000031bd400000)]
  0x0000014a6916f760 JavaThread "Unconstrained build operations Thread 49" [_thread_blocked, id=22980, stack(0x00000031bd400000,0x00000031bd500000)]
  0x0000014a6916fc70 JavaThread "Unconstrained build operations Thread 50" [_thread_blocked, id=23292, stack(0x00000031bd500000,0x00000031bd600000)]
  0x0000014a6916c4c0 JavaThread "Unconstrained build operations Thread 51" [_thread_blocked, id=17092, stack(0x00000031bd600000,0x00000031bd700000)]
  0x0000014a6916c9d0 JavaThread "Unconstrained build operations Thread 52" [_thread_blocked, id=28216, stack(0x00000031bd700000,0x00000031bd800000)]
  0x0000014a691724f0 JavaThread "Unconstrained build operations Thread 53" [_thread_blocked, id=2164, stack(0x00000031bd800000,0x00000031bd900000)]
  0x0000014a69172f10 JavaThread "Unconstrained build operations Thread 54" [_thread_blocked, id=8132, stack(0x00000031bd900000,0x00000031bda00000)]
  0x0000014a69173e40 JavaThread "Unconstrained build operations Thread 55" [_thread_blocked, id=25580, stack(0x00000031bda00000,0x00000031bdb00000)]
  0x0000014a691710b0 JavaThread "Unconstrained build operations Thread 56" [_thread_blocked, id=31272, stack(0x00000031bdb00000,0x00000031bdc00000)]
  0x0000014a69170690 JavaThread "Unconstrained build operations Thread 57" [_thread_blocked, id=31596, stack(0x00000031bdc00000,0x00000031bdd00000)]
  0x0000014a69170ba0 JavaThread "Unconstrained build operations Thread 58" [_thread_blocked, id=30336, stack(0x00000031bdd00000,0x00000031bde00000)]
  0x0000014a69171ad0 JavaThread "Unconstrained build operations Thread 59" [_thread_blocked, id=27084, stack(0x00000031bde00000,0x00000031bdf00000)]
  0x0000014a69172a00 JavaThread "Unconstrained build operations Thread 60" [_thread_blocked, id=14756, stack(0x00000031bdf00000,0x00000031be000000)]
  0x0000014a69171fe0 JavaThread "Unconstrained build operations Thread 61" [_thread_blocked, id=9980, stack(0x00000031be000000,0x00000031be100000)]
  0x0000014a68cadef0 JavaThread "Unconstrained build operations Thread 62" [_thread_blocked, id=24760, stack(0x00000031be300000,0x00000031be400000)]
  0x0000014a68caf330 JavaThread "Unconstrained build operations Thread 63" [_thread_blocked, id=13488, stack(0x00000031be400000,0x00000031be500000)]
  0x0000014a68cae910 JavaThread "build event listener" [_thread_blocked, id=29836, stack(0x00000031bcd00000,0x00000031bce00000)]
  0x0000014a6b399490 JavaThread "C2 CompilerThread1" daemon [_thread_in_native, id=31576, stack(0x00000031be500000,0x00000031be600000)]

Other Threads:
  0x0000014a1f15d2d0 VMThread "VM Thread" [stack: 0x00000031b6200000,0x00000031b6300000] [id=4324]
  0x0000014a7f8d6ec0 WatcherThread [stack: 0x00000031b6e00000,0x00000031b6f00000] [id=7804]
  0x0000014a7f931c00 GCTaskThread "GC Thread#0" [stack: 0x00000031b5d00000,0x00000031b5e00000] [id=31036]
  0x0000014a1f6e4ba0 GCTaskThread "GC Thread#1" [stack: 0x00000031b6f00000,0x00000031b7000000] [id=12864]
  0x0000014a1f473990 GCTaskThread "GC Thread#2" [stack: 0x00000031b7000000,0x00000031b7100000] [id=21004]
  0x0000014a1f959db0 GCTaskThread "GC Thread#3" [stack: 0x00000031b7100000,0x00000031b7200000] [id=24616]
  0x0000014a1f95a070 GCTaskThread "GC Thread#4" [stack: 0x00000031b7200000,0x00000031b7300000] [id=9972]
  0x0000014a66637890 GCTaskThread "GC Thread#5" [stack: 0x00000031b8000000,0x00000031b8100000] [id=7060]
  0x0000014a667c76b0 GCTaskThread "GC Thread#6" [stack: 0x00000031b8100000,0x00000031b8200000] [id=30480]
  0x0000014a670b0a50 GCTaskThread "GC Thread#7" [stack: 0x00000031b8200000,0x00000031b8300000] [id=19712]
  0x0000014a7eabe810 ConcurrentGCThread "G1 Main Marker" [stack: 0x00000031b5e00000,0x00000031b5f00000] [id=7072]
  0x0000014a7f93e280 ConcurrentGCThread "G1 Conc#0" [stack: 0x00000031b5f00000,0x00000031b6000000] [id=29324]
  0x0000014a65eb3b90 ConcurrentGCThread "G1 Conc#1" [stack: 0x00000031b8600000,0x00000031b8700000] [id=30912]
  0x0000014a1f016880 ConcurrentGCThread "G1 Refine#0" [stack: 0x00000031b6000000,0x00000031b6100000] [id=15056]
  0x0000014a67f306b0 ConcurrentGCThread "G1 Refine#1" [stack: 0x00000031b8f00000,0x00000031b9000000] [id=22232]
  0x0000014a69eb40f0 ConcurrentGCThread "G1 Refine#2" [stack: 0x00000031bf700000,0x00000031bf800000] [id=17988]
  0x0000014a68302c40 ConcurrentGCThread "G1 Refine#3" [stack: 0x00000031bf900000,0x00000031bfa00000] [id=23980]
  0x0000014a694727e0 ConcurrentGCThread "G1 Refine#4" [stack: 0x00000031bfa00000,0x00000031bfb00000] [id=24532]
  0x0000014a678116f0 ConcurrentGCThread "G1 Refine#5" [stack: 0x00000031bfb00000,0x00000031bfc00000] [id=26944]
  0x0000014a721bf200 ConcurrentGCThread "G1 Refine#6" [stack: 0x00000031bfe00000,0x00000031bff00000] [id=27688]
  0x0000014a682a2550 ConcurrentGCThread "G1 Refine#7" [stack: 0x00000031bff00000,0x00000031c0000000] [id=29720]
  0x0000014a1f019f80 ConcurrentGCThread "G1 Service" [stack: 0x00000031b6100000,0x00000031b6200000] [id=26692]

Threads with active compile tasks:
C2 CompilerThread0  8238499 25211       4       com.android.build.gradle.internal.cxx.settings.NameTable::environments (604 bytes)
C1 CompilerThread0  8238499 25280       3       com.google.common.collect.ImmutableList::copyOf (44 bytes)
C2 CompilerThread1  8238500 25210   !   4       com.google.gson.Gson::getAdapter (258 bytes)

VM state: not at safepoint (normal execution)

VM Mutex/Monitor currently owned by a thread: None

Heap address: 0x0000000080000000, size: 2048 MB, Compressed Oops mode: 32-bit

CDS archive(s) mapped at: [0x0000014a20000000-0x0000014a20bb0000-0x0000014a20bb0000), size 12255232, SharedBaseAddress: 0x0000014a20000000, ArchiveRelocationMode: 1.
Compressed class space mapped at: 0x0000014a21000000-0x0000014a61000000, reserved size: 1073741824
Narrow klass base: 0x0000014a20000000, Narrow klass shift: 0, Narrow klass range: 0x100000000

GC Precious Log:
 CPUs: 8 total, 8 available
 Memory: 7502M
 Large Page Support: Disabled
 NUMA Support: Disabled
 Compressed Oops: Enabled (32-bit)
 Heap Region Size: 1M
 Heap Min Capacity: 8M
 Heap Initial Capacity: 118M
 Heap Max Capacity: 2G
 Pre-touch: Disabled
 Parallel Workers: 8
 Concurrent Workers: 2
 Concurrent Refinement Workers: 8
 Periodic GC: Disabled

Heap:
 garbage-first heap   total 563200K, used 262274K [0x0000000080000000, 0x0000000100000000)
  region size 1024K, 34 young (34816K), 9 survivors (9216K)
 Metaspace       used 127365K, committed 129664K, reserved 1179648K
  class space    used 16917K, committed 17984K, reserved 1048576K

Heap Regions: E=young(eden), S=young(survivor), O=old, HS=humongous(starts), HC=humongous(continues), CS=collection set, F=free, OA=open archive, CA=closed archive, TAMS=top-at-mark-start (previous, next)
|   0|0x0000000080000000, 0x0000000080100000, 0x0000000080100000|100%| O|  |TAMS 0x0000000080100000, 0x0000000080000000| Untracked 
|   1|0x0000000080100000, 0x0000000080200000, 0x0000000080200000|100%| O|  |TAMS 0x0000000080200000, 0x0000000080100000| Untracked 
|   2|0x0000000080200000, 0x0000000080300000, 0x0000000080300000|100%|HS|  |TAMS 0x0000000080300000, 0x0000000080200000| Complete 
|   3|0x0000000080300000, 0x0000000080400000, 0x0000000080400000|100%|HC|  |TAMS 0x0000000080400000, 0x0000000080300000| Complete 
|   4|0x0000000080400000, 0x0000000080500000, 0x0000000080500000|100%|HC|  |TAMS 0x0000000080500000, 0x0000000080400000| Complete 
|   5|0x0000000080500000, 0x0000000080600000, 0x0000000080600000|100%|HC|  |TAMS 0x0000000080600000, 0x0000000080500000| Complete 
|   6|0x0000000080600000, 0x0000000080700000, 0x0000000080700000|100%| O|  |TAMS 0x0000000080700000, 0x0000000080600000| Untracked 
|   7|0x0000000080700000, 0x0000000080700000, 0x0000000080800000|  0%| F|  |TAMS 0x0000000080700000, 0x0000000080700000| Untracked 
|   8|0x0000000080800000, 0x0000000080900000, 0x0000000080900000|100%| O|  |TAMS 0x0000000080900000, 0x0000000080800000| Untracked 
|   9|0x0000000080900000, 0x0000000080a00000, 0x0000000080a00000|100%|HS|  |TAMS 0x0000000080a00000, 0x0000000080900000| Complete 
|  10|0x0000000080a00000, 0x0000000080b00000, 0x0000000080b00000|100%| O|  |TAMS 0x0000000080b00000, 0x0000000080a00000| Untracked 
|  11|0x0000000080b00000, 0x0000000080c00000, 0x0000000080c00000|100%| O|  |TAMS 0x0000000080c00000, 0x0000000080b00000| Untracked 
|  12|0x0000000080c00000, 0x0000000080d00000, 0x0000000080d00000|100%| O|  |TAMS 0x0000000080d00000, 0x0000000080c00000| Untracked 
|  13|0x0000000080d00000, 0x0000000080e00000, 0x0000000080e00000|100%| O|  |TAMS 0x0000000080e00000, 0x0000000080d00000| Untracked 
|  14|0x0000000080e00000, 0x0000000080f00000, 0x0000000080f00000|100%| O|  |TAMS 0x0000000080f00000, 0x0000000080e00000| Untracked 
|  15|0x0000000080f00000, 0x0000000081000000, 0x0000000081000000|100%| O|  |TAMS 0x0000000081000000, 0x0000000080f00000| Untracked 
|  16|0x0000000081000000, 0x0000000081100000, 0x0000000081100000|100%| O|  |TAMS 0x0000000081100000, 0x0000000081000000| Untracked 
|  17|0x0000000081100000, 0x0000000081200000, 0x0000000081200000|100%| O|  |TAMS 0x0000000081200000, 0x0000000081100000| Untracked 
|  18|0x0000000081200000, 0x0000000081300000, 0x0000000081300000|100%| O|  |TAMS 0x0000000081300000, 0x0000000081200000| Untracked 
|  19|0x0000000081300000, 0x0000000081400000, 0x0000000081400000|100%| O|  |TAMS 0x0000000081400000, 0x0000000081300000| Untracked 
|  20|0x0000000081400000, 0x0000000081500000, 0x0000000081500000|100%| O|  |TAMS 0x0000000081500000, 0x0000000081400000| Untracked 
|  21|0x0000000081500000, 0x0000000081600000, 0x0000000081600000|100%| O|  |TAMS 0x0000000081600000, 0x0000000081500000| Untracked 
|  22|0x0000000081600000, 0x0000000081600000, 0x0000000081700000|  0%| F|  |TAMS 0x0000000081600000, 0x0000000081600000| Untracked 
|  23|0x0000000081700000, 0x0000000081800000, 0x0000000081800000|100%| O|  |TAMS 0x0000000081800000, 0x0000000081700000| Untracked 
|  24|0x0000000081800000, 0x0000000081900000, 0x0000000081900000|100%| O|  |TAMS 0x0000000081900000, 0x0000000081800000| Untracked 
|  25|0x0000000081900000, 0x0000000081a00000, 0x0000000081a00000|100%| O|  |TAMS 0x0000000081a00000, 0x0000000081900000| Untracked 
|  26|0x0000000081a00000, 0x0000000081b00000, 0x0000000081b00000|100%| O|  |TAMS 0x0000000081b00000, 0x0000000081a00000| Untracked 
|  27|0x0000000081b00000, 0x0000000081c00000, 0x0000000081c00000|100%| O|  |TAMS 0x0000000081c00000, 0x0000000081b00000| Untracked 
|  28|0x0000000081c00000, 0x0000000081d00000, 0x0000000081d00000|100%| O|  |TAMS 0x0000000081d00000, 0x0000000081c00000| Untracked 
|  29|0x0000000081d00000, 0x0000000081d00000, 0x0000000081e00000|  0%| F|  |TAMS 0x0000000081d00000, 0x0000000081d00000| Untracked 
|  30|0x0000000081e00000, 0x0000000081f00000, 0x0000000081f00000|100%| O|  |TAMS 0x0000000081f00000, 0x0000000081e00000| Untracked 
|  31|0x0000000081f00000, 0x0000000082000000, 0x0000000082000000|100%| O|  |TAMS 0x0000000082000000, 0x0000000081f00000| Untracked 
|  32|0x0000000082000000, 0x0000000082100000, 0x0000000082100000|100%| O|  |TAMS 0x0000000082100000, 0x0000000082000000| Untracked 
|  33|0x0000000082100000, 0x0000000082200000, 0x0000000082200000|100%| O|  |TAMS 0x0000000082200000, 0x0000000082100000| Untracked 
|  34|0x0000000082200000, 0x0000000082300000, 0x0000000082300000|100%| O|  |TAMS 0x0000000082300000, 0x0000000082200000| Untracked 
|  35|0x0000000082300000, 0x0000000082400000, 0x0000000082400000|100%| O|  |TAMS 0x0000000082400000, 0x0000000082300000| Untracked 
|  36|0x0000000082400000, 0x0000000082500000, 0x0000000082500000|100%| O|  |TAMS 0x0000000082500000, 0x0000000082400000| Untracked 
|  37|0x0000000082500000, 0x0000000082600000, 0x0000000082600000|100%| O|  |TAMS 0x0000000082600000, 0x0000000082500000| Untracked 
|  38|0x0000000082600000, 0x0000000082700000, 0x0000000082700000|100%| O|  |TAMS 0x0000000082700000, 0x0000000082600000| Untracked 
|  39|0x0000000082700000, 0x0000000082800000, 0x0000000082800000|100%| O|  |TAMS 0x0000000082800000, 0x0000000082700000| Untracked 
|  40|0x0000000082800000, 0x0000000082900000, 0x0000000082900000|100%| O|  |TAMS 0x0000000082900000, 0x0000000082800000| Untracked 
|  41|0x0000000082900000, 0x0000000082a00000, 0x0000000082a00000|100%| O|  |TAMS 0x0000000082a00000, 0x0000000082900000| Untracked 
|  42|0x0000000082a00000, 0x0000000082b00000, 0x0000000082b00000|100%|HS|  |TAMS 0x0000000082b00000, 0x0000000082a00000| Complete 
|  43|0x0000000082b00000, 0x0000000082c00000, 0x0000000082c00000|100%| O|  |TAMS 0x0000000082c00000, 0x0000000082b00000| Untracked 
|  44|0x0000000082c00000, 0x0000000082d00000, 0x0000000082d00000|100%|HS|  |TAMS 0x0000000082d00000, 0x0000000082c00000| Complete 
|  45|0x0000000082d00000, 0x0000000082e00000, 0x0000000082e00000|100%|HS|  |TAMS 0x0000000082e00000, 0x0000000082d00000| Complete 
|  46|0x0000000082e00000, 0x0000000082f00000, 0x0000000082f00000|100%|HS|  |TAMS 0x0000000082f00000, 0x0000000082e00000| Complete 
|  47|0x0000000082f00000, 0x0000000083000000, 0x0000000083000000|100%|HC|  |TAMS 0x0000000083000000, 0x0000000082f00000| Complete 
|  48|0x0000000083000000, 0x0000000083100000, 0x0000000083100000|100%|HS|  |TAMS 0x0000000083100000, 0x0000000083000000| Complete 
|  49|0x0000000083100000, 0x0000000083200000, 0x0000000083200000|100%|HC|  |TAMS 0x0000000083200000, 0x0000000083100000| Complete 
|  50|0x0000000083200000, 0x0000000083300000, 0x0000000083300000|100%|HS|  |TAMS 0x0000000083300000, 0x0000000083200000| Complete 
|  51|0x0000000083300000, 0x0000000083400000, 0x0000000083400000|100%| O|  |TAMS 0x0000000083300000, 0x0000000083300000| Untracked 
|  52|0x0000000083400000, 0x0000000083500000, 0x0000000083500000|100%| O|  |TAMS 0x0000000083500000, 0x0000000083400000| Untracked 
|  53|0x0000000083500000, 0x0000000083600000, 0x0000000083600000|100%| O|  |TAMS 0x0000000083600000, 0x0000000083500000| Untracked 
|  54|0x0000000083600000, 0x0000000083700000, 0x0000000083700000|100%|HS|  |TAMS 0x0000000083700000, 0x0000000083600000| Complete 
|  55|0x0000000083700000, 0x0000000083800000, 0x0000000083800000|100%|HC|  |TAMS 0x0000000083800000, 0x0000000083700000| Complete 
|  56|0x0000000083800000, 0x0000000083900000, 0x0000000083900000|100%|HC|  |TAMS 0x0000000083900000, 0x0000000083800000| Complete 
|  57|0x0000000083900000, 0x0000000083a00000, 0x0000000083a00000|100%|HC|  |TAMS 0x0000000083a00000, 0x0000000083900000| Complete 
|  58|0x0000000083a00000, 0x0000000083b00000, 0x0000000083b00000|100%|HS|  |TAMS 0x0000000083b00000, 0x0000000083a00000| Complete 
|  59|0x0000000083b00000, 0x0000000083c00000, 0x0000000083c00000|100%|HC|  |TAMS 0x0000000083c00000, 0x0000000083b00000| Complete 
|  60|0x0000000083c00000, 0x0000000083d00000, 0x0000000083d00000|100%|HC|  |TAMS 0x0000000083d00000, 0x0000000083c00000| Complete 
|  61|0x0000000083d00000, 0x0000000083e00000, 0x0000000083e00000|100%|HC|  |TAMS 0x0000000083e00000, 0x0000000083d00000| Complete 
|  62|0x0000000083e00000, 0x0000000083f00000, 0x0000000083f00000|100%| O|  |TAMS 0x0000000083f00000, 0x0000000083e00000| Untracked 
|  63|0x0000000083f00000, 0x0000000084000000, 0x0000000084000000|100%| O|  |TAMS 0x0000000084000000, 0x0000000083f00000| Untracked 
|  64|0x0000000084000000, 0x0000000084100000, 0x0000000084100000|100%| O|  |TAMS 0x0000000084100000, 0x0000000084000000| Untracked 
|  65|0x0000000084100000, 0x0000000084200000, 0x0000000084200000|100%| O|  |TAMS 0x0000000084200000, 0x0000000084100000| Untracked 
|  66|0x0000000084200000, 0x0000000084300000, 0x0000000084300000|100%| O|  |TAMS 0x0000000084300000, 0x0000000084200000| Untracked 
|  67|0x0000000084300000, 0x0000000084400000, 0x0000000084400000|100%|HS|  |TAMS 0x0000000084400000, 0x0000000084300000| Complete 
|  68|0x0000000084400000, 0x0000000084500000, 0x0000000084500000|100%|HS|  |TAMS 0x0000000084500000, 0x0000000084400000| Complete 
|  69|0x0000000084500000, 0x0000000084600000, 0x0000000084600000|100%| O|  |TAMS 0x0000000084500000, 0x0000000084500000| Untracked 
|  70|0x0000000084600000, 0x0000000084700000, 0x0000000084700000|100%| O|  |TAMS 0x0000000084600000, 0x0000000084600000| Untracked 
|  71|0x0000000084700000, 0x0000000084800000, 0x0000000084800000|100%| O|  |TAMS 0x0000000084700000, 0x0000000084700000| Untracked 
|  72|0x0000000084800000, 0x0000000084900000, 0x0000000084900000|100%| O|  |TAMS 0x0000000084800000, 0x0000000084800000| Untracked 
|  73|0x0000000084900000, 0x0000000084a00000, 0x0000000084a00000|100%| O|  |TAMS 0x0000000084a00000, 0x0000000084900000| Untracked 
|  74|0x0000000084a00000, 0x0000000084b00000, 0x0000000084b00000|100%| O|  |TAMS 0x0000000084a00000, 0x0000000084a00000| Untracked 
|  75|0x0000000084b00000, 0x0000000084c00000, 0x0000000084c00000|100%| O|  |TAMS 0x0000000084b00000, 0x0000000084b00000| Untracked 
|  76|0x0000000084c00000, 0x0000000084c00000, 0x0000000084d00000|  0%| F|  |TAMS 0x0000000084c00000, 0x0000000084c00000| Untracked 
|  77|0x0000000084d00000, 0x0000000084e00000, 0x0000000084e00000|100%| O|  |TAMS 0x0000000084e00000, 0x0000000084d00000| Untracked 
|  78|0x0000000084e00000, 0x0000000084f00000, 0x0000000084f00000|100%| O|  |TAMS 0x0000000084e00000, 0x0000000084e00000| Untracked 
|  79|0x0000000084f00000, 0x0000000085000000, 0x0000000085000000|100%| O|  |TAMS 0x0000000084f00000, 0x0000000084f00000| Untracked 
|  80|0x0000000085000000, 0x0000000085100000, 0x0000000085100000|100%| O|  |TAMS 0x0000000085100000, 0x0000000085000000| Untracked 
|  81|0x0000000085100000, 0x0000000085100000, 0x0000000085200000|  0%| F|  |TAMS 0x0000000085100000, 0x0000000085100000| Untracked 
|  82|0x0000000085200000, 0x0000000085300000, 0x0000000085300000|100%| O|  |TAMS 0x0000000085300000, 0x0000000085200000| Untracked 
|  83|0x0000000085300000, 0x0000000085400000, 0x0000000085400000|100%| O|  |TAMS 0x0000000085400000, 0x0000000085300000| Untracked 
|  84|0x0000000085400000, 0x0000000085500000, 0x0000000085500000|100%| O|  |TAMS 0x0000000085500000, 0x0000000085400000| Untracked 
|  85|0x0000000085500000, 0x0000000085500000, 0x0000000085600000|  0%| F|  |TAMS 0x0000000085500000, 0x0000000085500000| Untracked 
|  86|0x0000000085600000, 0x0000000085600000, 0x0000000085700000|  0%| F|  |TAMS 0x0000000085600000, 0x0000000085600000| Untracked 
|  87|0x0000000085700000, 0x0000000085700000, 0x0000000085800000|  0%| F|  |TAMS 0x0000000085700000, 0x0000000085700000| Untracked 
|  88|0x0000000085800000, 0x0000000085800000, 0x0000000085900000|  0%| F|  |TAMS 0x0000000085800000, 0x0000000085800000| Untracked 
|  89|0x0000000085900000, 0x0000000085a00000, 0x0000000085a00000|100%| O|  |TAMS 0x0000000085900000, 0x0000000085900000| Untracked 
|  90|0x0000000085a00000, 0x0000000085b00000, 0x0000000085b00000|100%| O|  |TAMS 0x0000000085a00000, 0x0000000085a00000| Untracked 
|  91|0x0000000085b00000, 0x0000000085c00000, 0x0000000085c00000|100%| O|  |TAMS 0x0000000085c00000, 0x0000000085b00000| Untracked 
|  92|0x0000000085c00000, 0x0000000085d00000, 0x0000000085d00000|100%| O|  |TAMS 0x0000000085d00000, 0x0000000085c00000| Untracked 
|  93|0x0000000085d00000, 0x0000000085e00000, 0x0000000085e00000|100%| O|  |TAMS 0x0000000085e00000, 0x0000000085d00000| Untracked 
|  94|0x0000000085e00000, 0x0000000085e00000, 0x0000000085f00000|  0%| F|  |TAMS 0x0000000085e00000, 0x0000000085e00000| Untracked 
|  95|0x0000000085f00000, 0x0000000086000000, 0x0000000086000000|100%| O|  |TAMS 0x0000000086000000, 0x0000000085f00000| Untracked 
|  96|0x0000000086000000, 0x0000000086100000, 0x0000000086100000|100%| O|  |TAMS 0x0000000086100000, 0x0000000086000000| Untracked 
|  97|0x0000000086100000, 0x0000000086200000, 0x0000000086200000|100%|HS|  |TAMS 0x0000000086200000, 0x0000000086100000| Complete 
|  98|0x0000000086200000, 0x0000000086300000, 0x0000000086300000|100%| O|  |TAMS 0x0000000086300000, 0x0000000086200000| Untracked 
|  99|0x0000000086300000, 0x0000000086400000, 0x0000000086400000|100%| O|  |TAMS 0x0000000086400000, 0x0000000086300000| Untracked 
| 100|0x0000000086400000, 0x0000000086500000, 0x0000000086500000|100%| O|  |TAMS 0x0000000086500000, 0x0000000086400000| Untracked 
| 101|0x0000000086500000, 0x0000000086600000, 0x0000000086600000|100%| O|  |TAMS 0x0000000086600000, 0x0000000086500000| Untracked 
| 102|0x0000000086600000, 0x0000000086600000, 0x0000000086700000|  0%| F|  |TAMS 0x0000000086600000, 0x0000000086600000| Untracked 
| 103|0x0000000086700000, 0x0000000086800000, 0x0000000086800000|100%| O|  |TAMS 0x0000000086800000, 0x0000000086700000| Untracked 
| 104|0x0000000086800000, 0x0000000086900000, 0x0000000086900000|100%| O|  |TAMS 0x0000000086900000, 0x0000000086800000| Untracked 
| 105|0x0000000086900000, 0x0000000086a00000, 0x0000000086a00000|100%| O|  |TAMS 0x0000000086900000, 0x0000000086900000| Untracked 
| 106|0x0000000086a00000, 0x0000000086b00000, 0x0000000086b00000|100%| O|  |TAMS 0x0000000086a00000, 0x0000000086a00000| Untracked 
| 107|0x0000000086b00000, 0x0000000086c00000, 0x0000000086c00000|100%| O|  |TAMS 0x0000000086b00000, 0x0000000086b00000| Untracked 
| 108|0x0000000086c00000, 0x0000000086d00000, 0x0000000086d00000|100%|HS|  |TAMS 0x0000000086d00000, 0x0000000086c00000| Complete 
| 109|0x0000000086d00000, 0x0000000086e00000, 0x0000000086e00000|100%| O|  |TAMS 0x0000000086e00000, 0x0000000086d00000| Untracked 
| 110|0x0000000086e00000, 0x0000000086f00000, 0x0000000086f00000|100%|HS|  |TAMS 0x0000000086f00000, 0x0000000086e00000| Complete 
| 111|0x0000000086f00000, 0x0000000087000000, 0x0000000087000000|100%|HC|  |TAMS 0x0000000087000000, 0x0000000086f00000| Complete 
| 112|0x0000000087000000, 0x0000000087100000, 0x0000000087100000|100%| O|  |TAMS 0x0000000087100000, 0x0000000087000000| Untracked 
| 113|0x0000000087100000, 0x0000000087200000, 0x0000000087200000|100%| O|  |TAMS 0x0000000087200000, 0x0000000087100000| Untracked 
| 114|0x0000000087200000, 0x0000000087300000, 0x0000000087300000|100%| O|  |TAMS 0x0000000087300000, 0x0000000087200000| Untracked 
| 115|0x0000000087300000, 0x0000000087400000, 0x0000000087400000|100%| O|  |TAMS 0x0000000087400000, 0x0000000087300000| Untracked 
| 116|0x0000000087400000, 0x0000000087400000, 0x0000000087500000|  0%| F|  |TAMS 0x0000000087400000, 0x0000000087400000| Untracked 
| 117|0x0000000087500000, 0x0000000087500000, 0x0000000087600000|  0%| F|  |TAMS 0x0000000087500000, 0x0000000087500000| Untracked 
| 118|0x0000000087600000, 0x0000000087700000, 0x0000000087700000|100%| O|  |TAMS 0x0000000087700000, 0x0000000087600000| Untracked 
| 119|0x0000000087700000, 0x0000000087800000, 0x0000000087800000|100%| O|  |TAMS 0x0000000087800000, 0x0000000087700000| Untracked 
| 120|0x0000000087800000, 0x0000000087900000, 0x0000000087900000|100%| O|  |TAMS 0x0000000087900000, 0x0000000087800000| Untracked 
| 121|0x0000000087900000, 0x0000000087900000, 0x0000000087a00000|  0%| F|  |TAMS 0x0000000087900000, 0x0000000087900000| Untracked 
| 122|0x0000000087a00000, 0x0000000087b00000, 0x0000000087b00000|100%| O|  |TAMS 0x0000000087b00000, 0x0000000087a00000| Untracked 
| 123|0x0000000087b00000, 0x0000000087c00000, 0x0000000087c00000|100%| O|  |TAMS 0x0000000087c00000, 0x0000000087b00000| Untracked 
| 124|0x0000000087c00000, 0x0000000087c00000, 0x0000000087d00000|  0%| F|  |TAMS 0x0000000087c00000, 0x0000000087c00000| Untracked 
| 125|0x0000000087d00000, 0x0000000087e00000, 0x0000000087e00000|100%| O|  |TAMS 0x0000000087d00000, 0x0000000087d00000| Untracked 
| 126|0x0000000087e00000, 0x0000000087f00000, 0x0000000087f00000|100%| O|  |TAMS 0x0000000087e00000, 0x0000000087e00000| Untracked 
| 127|0x0000000087f00000, 0x0000000088000000, 0x0000000088000000|100%| O|  |TAMS 0x0000000087f00000, 0x0000000087f00000| Untracked 
| 128|0x0000000088000000, 0x0000000088100000, 0x0000000088100000|100%| O|  |TAMS 0x0000000088000000, 0x0000000088000000| Untracked 
| 129|0x0000000088100000, 0x0000000088200000, 0x0000000088200000|100%|HS|  |TAMS 0x0000000088200000, 0x0000000088100000| Complete 
| 130|0x0000000088200000, 0x0000000088300000, 0x0000000088300000|100%| O|  |TAMS 0x0000000088300000, 0x0000000088200000| Untracked 
| 131|0x0000000088300000, 0x0000000088400000, 0x0000000088400000|100%| O|  |TAMS 0x0000000088400000, 0x0000000088300000| Untracked 
| 132|0x0000000088400000, 0x0000000088500000, 0x0000000088500000|100%|HS|  |TAMS 0x0000000088500000, 0x0000000088400000| Complete 
| 133|0x0000000088500000, 0x0000000088600000, 0x0000000088600000|100%|HS|  |TAMS 0x0000000088600000, 0x0000000088500000| Complete 
| 134|0x0000000088600000, 0x0000000088700000, 0x0000000088700000|100%|HC|  |TAMS 0x0000000088700000, 0x0000000088600000| Complete 
| 135|0x0000000088700000, 0x0000000088700000, 0x0000000088800000|  0%| F|  |TAMS 0x0000000088700000, 0x0000000088700000| Untracked 
| 136|0x0000000088800000, 0x0000000088800000, 0x0000000088900000|  0%| F|  |TAMS 0x0000000088800000, 0x0000000088800000| Untracked 
| 137|0x0000000088900000, 0x0000000088900000, 0x0000000088a00000|  0%| F|  |TAMS 0x0000000088900000, 0x0000000088900000| Untracked 
| 138|0x0000000088a00000, 0x0000000088b00000, 0x0000000088b00000|100%| O|  |TAMS 0x0000000088b00000, 0x0000000088a00000| Untracked 
| 139|0x0000000088b00000, 0x0000000088b00000, 0x0000000088c00000|  0%| F|  |TAMS 0x0000000088b00000, 0x0000000088b00000| Untracked 
| 140|0x0000000088c00000, 0x0000000088d00000, 0x0000000088d00000|100%| O|  |TAMS 0x0000000088d00000, 0x0000000088c00000| Untracked 
| 141|0x0000000088d00000, 0x0000000088d00000, 0x0000000088e00000|  0%| F|  |TAMS 0x0000000088d00000, 0x0000000088d00000| Untracked 
| 142|0x0000000088e00000, 0x0000000088e00000, 0x0000000088f00000|  0%| F|  |TAMS 0x0000000088e00000, 0x0000000088e00000| Untracked 
| 143|0x0000000088f00000, 0x0000000088f00000, 0x0000000089000000|  0%| F|  |TAMS 0x0000000088f00000, 0x0000000088f00000| Untracked 
| 144|0x0000000089000000, 0x0000000089100000, 0x0000000089100000|100%| O|  |TAMS 0x0000000089100000, 0x0000000089000000| Untracked 
| 145|0x0000000089100000, 0x0000000089200000, 0x0000000089200000|100%| O|  |TAMS 0x0000000089200000, 0x0000000089100000| Untracked 
| 146|0x0000000089200000, 0x0000000089300000, 0x0000000089300000|100%| O|  |TAMS 0x0000000089300000, 0x0000000089200000| Untracked 
| 147|0x0000000089300000, 0x0000000089400000, 0x0000000089400000|100%| O|  |TAMS 0x0000000089400000, 0x0000000089300000| Untracked 
| 148|0x0000000089400000, 0x0000000089400000, 0x0000000089500000|  0%| F|  |TAMS 0x0000000089400000, 0x0000000089400000| Untracked 
| 149|0x0000000089500000, 0x0000000089500000, 0x0000000089600000|  0%| F|  |TAMS 0x0000000089500000, 0x0000000089500000| Untracked 
| 150|0x0000000089600000, 0x0000000089600000, 0x0000000089700000|  0%| F|  |TAMS 0x0000000089600000, 0x0000000089600000| Untracked 
| 151|0x0000000089700000, 0x0000000089800000, 0x0000000089800000|100%| O|  |TAMS 0x0000000089700000, 0x0000000089700000| Untracked 
| 152|0x0000000089800000, 0x0000000089900000, 0x0000000089900000|100%| O|  |TAMS 0x0000000089800000, 0x0000000089800000| Untracked 
| 153|0x0000000089900000, 0x0000000089a00000, 0x0000000089a00000|100%| O|  |TAMS 0x0000000089900000, 0x0000000089900000| Untracked 
| 154|0x0000000089a00000, 0x0000000089b00000, 0x0000000089b00000|100%| O|  |TAMS 0x0000000089a00000, 0x0000000089a00000| Untracked 
| 155|0x0000000089b00000, 0x0000000089b00000, 0x0000000089c00000|  0%| F|  |TAMS 0x0000000089b00000, 0x0000000089b00000| Untracked 
| 156|0x0000000089c00000, 0x0000000089d00000, 0x0000000089d00000|100%| O|  |TAMS 0x0000000089d00000, 0x0000000089c00000| Untracked 
| 157|0x0000000089d00000, 0x0000000089d00000, 0x0000000089e00000|  0%| F|  |TAMS 0x0000000089d00000, 0x0000000089d00000| Untracked 
| 158|0x0000000089e00000, 0x0000000089f00000, 0x0000000089f00000|100%| O|  |TAMS 0x0000000089e00000, 0x0000000089e00000| Untracked 
| 159|0x0000000089f00000, 0x000000008a000000, 0x000000008a000000|100%| O|  |TAMS 0x0000000089f00000, 0x0000000089f00000| Untracked 
| 160|0x000000008a000000, 0x000000008a100000, 0x000000008a100000|100%| O|  |TAMS 0x000000008a100000, 0x000000008a000000| Untracked 
| 161|0x000000008a100000, 0x000000008a100000, 0x000000008a200000|  0%| F|  |TAMS 0x000000008a100000, 0x000000008a100000| Untracked 
| 162|0x000000008a200000, 0x000000008a300000, 0x000000008a300000|100%| O|  |TAMS 0x000000008a300000, 0x000000008a200000| Untracked 
| 163|0x000000008a300000, 0x000000008a400000, 0x000000008a400000|100%| O|  |TAMS 0x000000008a300000, 0x000000008a300000| Untracked 
| 164|0x000000008a400000, 0x000000008a500000, 0x000000008a500000|100%| O|  |TAMS 0x000000008a400000, 0x000000008a400000| Untracked 
| 165|0x000000008a500000, 0x000000008a600000, 0x000000008a600000|100%| O|  |TAMS 0x000000008a500000, 0x000000008a500000| Untracked 
| 166|0x000000008a600000, 0x000000008a700000, 0x000000008a700000|100%| O|  |TAMS 0x000000008a600000, 0x000000008a600000| Untracked 
| 167|0x000000008a700000, 0x000000008a800000, 0x000000008a800000|100%| O|  |TAMS 0x000000008a700000, 0x000000008a700000| Untracked 
| 168|0x000000008a800000, 0x000000008a900000, 0x000000008a900000|100%| O|  |TAMS 0x000000008a800000, 0x000000008a800000| Untracked 
| 169|0x000000008a900000, 0x000000008aa00000, 0x000000008aa00000|100%| O|  |TAMS 0x000000008aa00000, 0x000000008a900000| Untracked 
| 170|0x000000008aa00000, 0x000000008aa00000, 0x000000008ab00000|  0%| F|  |TAMS 0x000000008aa00000, 0x000000008aa00000| Untracked 
| 171|0x000000008ab00000, 0x000000008ac00000, 0x000000008ac00000|100%| O|  |TAMS 0x000000008ab00000, 0x000000008ab00000| Untracked 
| 172|0x000000008ac00000, 0x000000008ad00000, 0x000000008ad00000|100%| O|  |TAMS 0x000000008ac00000, 0x000000008ac00000| Untracked 
| 173|0x000000008ad00000, 0x000000008ad00000, 0x000000008ae00000|  0%| F|  |TAMS 0x000000008ad00000, 0x000000008ad00000| Untracked 
| 174|0x000000008ae00000, 0x000000008af00000, 0x000000008af00000|100%| O|  |TAMS 0x000000008ae00000, 0x000000008ae00000| Untracked 
| 175|0x000000008af00000, 0x000000008b000000, 0x000000008b000000|100%| O|  |TAMS 0x000000008af00000, 0x000000008af00000| Untracked 
| 176|0x000000008b000000, 0x000000008b100000, 0x000000008b100000|100%| O|  |TAMS 0x000000008b000000, 0x000000008b000000| Untracked 
| 177|0x000000008b100000, 0x000000008b200000, 0x000000008b200000|100%| O|  |TAMS 0x000000008b100000, 0x000000008b100000| Untracked 
| 178|0x000000008b200000, 0x000000008b300000, 0x000000008b300000|100%| O|  |TAMS 0x000000008b200000, 0x000000008b200000| Untracked 
| 179|0x000000008b300000, 0x000000008b400000, 0x000000008b400000|100%| O|  |TAMS 0x000000008b300000, 0x000000008b300000| Untracked 
| 180|0x000000008b400000, 0x000000008b500000, 0x000000008b500000|100%| O|  |TAMS 0x000000008b500000, 0x000000008b400000| Untracked 
| 181|0x000000008b500000, 0x000000008b600000, 0x000000008b600000|100%| O|  |TAMS 0x000000008b600000, 0x000000008b500000| Untracked 
| 182|0x000000008b600000, 0x000000008b700000, 0x000000008b700000|100%|HS|  |TAMS 0x000000008b700000, 0x000000008b600000| Complete 
| 183|0x000000008b700000, 0x000000008b800000, 0x000000008b800000|100%|HS|  |TAMS 0x000000008b800000, 0x000000008b700000| Complete 
| 184|0x000000008b800000, 0x000000008b900000, 0x000000008b900000|100%| O|  |TAMS 0x000000008b800000, 0x000000008b800000| Untracked 
| 185|0x000000008b900000, 0x000000008ba00000, 0x000000008ba00000|100%| O|  |TAMS 0x000000008ba00000, 0x000000008b900000| Untracked 
| 186|0x000000008ba00000, 0x000000008ba00000, 0x000000008bb00000|  0%| F|  |TAMS 0x000000008ba00000, 0x000000008ba00000| Untracked 
| 187|0x000000008bb00000, 0x000000008bc00000, 0x000000008bc00000|100%| O|  |TAMS 0x000000008bc00000, 0x000000008bb00000| Untracked 
| 188|0x000000008bc00000, 0x000000008bd00000, 0x000000008bd00000|100%| O|  |TAMS 0x000000008bc00000, 0x000000008bc00000| Untracked 
| 189|0x000000008bd00000, 0x000000008be00000, 0x000000008be00000|100%| O|  |TAMS 0x000000008bd00000, 0x000000008bd00000| Untracked 
| 190|0x000000008be00000, 0x000000008bf00000, 0x000000008bf00000|100%| O|  |TAMS 0x000000008bf00000, 0x000000008be00000| Untracked 
| 191|0x000000008bf00000, 0x000000008c000000, 0x000000008c000000|100%| O|  |TAMS 0x000000008bf00000, 0x000000008bf00000| Untracked 
| 192|0x000000008c000000, 0x000000008c100000, 0x000000008c100000|100%| O|  |TAMS 0x000000008c000000, 0x000000008c000000| Untracked 
| 193|0x000000008c100000, 0x000000008c200000, 0x000000008c200000|100%| O|  |TAMS 0x000000008c100000, 0x000000008c100000| Untracked 
| 194|0x000000008c200000, 0x000000008c300000, 0x000000008c300000|100%| O|  |TAMS 0x000000008c300000, 0x000000008c200000| Untracked 
| 195|0x000000008c300000, 0x000000008c400000, 0x000000008c400000|100%| O|  |TAMS 0x000000008c300000, 0x000000008c300000| Untracked 
| 196|0x000000008c400000, 0x000000008c500000, 0x000000008c500000|100%| O|  |TAMS 0x000000008c500000, 0x000000008c400000| Untracked 
| 197|0x000000008c500000, 0x000000008c600000, 0x000000008c600000|100%| O|  |TAMS 0x000000008c600000, 0x000000008c500000| Untracked 
| 198|0x000000008c600000, 0x000000008c600000, 0x000000008c700000|  0%| F|  |TAMS 0x000000008c600000, 0x000000008c600000| Untracked 
| 199|0x000000008c700000, 0x000000008c700000, 0x000000008c800000|  0%| F|  |TAMS 0x000000008c700000, 0x000000008c700000| Untracked 
| 200|0x000000008c800000, 0x000000008c900000, 0x000000008c900000|100%| O|  |TAMS 0x000000008c800000, 0x000000008c800000| Untracked 
| 201|0x000000008c900000, 0x000000008c900000, 0x000000008ca00000|  0%| F|  |TAMS 0x000000008c900000, 0x000000008c900000| Untracked 
| 202|0x000000008ca00000, 0x000000008cb00000, 0x000000008cb00000|100%| O|  |TAMS 0x000000008ca00000, 0x000000008ca00000| Untracked 
| 203|0x000000008cb00000, 0x000000008cc00000, 0x000000008cc00000|100%| O|  |TAMS 0x000000008cb00000, 0x000000008cb00000| Untracked 
| 204|0x000000008cc00000, 0x000000008cc00000, 0x000000008cd00000|  0%| F|  |TAMS 0x000000008cc00000, 0x000000008cc00000| Untracked 
| 205|0x000000008cd00000, 0x000000008cd00000, 0x000000008ce00000|  0%| F|  |TAMS 0x000000008cd00000, 0x000000008cd00000| Untracked 
| 206|0x000000008ce00000, 0x000000008ce00000, 0x000000008cf00000|  0%| F|  |TAMS 0x000000008ce00000, 0x000000008ce00000| Untracked 
| 207|0x000000008cf00000, 0x000000008d000000, 0x000000008d000000|100%| O|  |TAMS 0x000000008d000000, 0x000000008cf00000| Untracked 
| 208|0x000000008d000000, 0x000000008d000000, 0x000000008d100000|  0%| F|  |TAMS 0x000000008d000000, 0x000000008d000000| Untracked 
| 209|0x000000008d100000, 0x000000008d100000, 0x000000008d200000|  0%| F|  |TAMS 0x000000008d100000, 0x000000008d100000| Untracked 
| 210|0x000000008d200000, 0x000000008d200000, 0x000000008d300000|  0%| F|  |TAMS 0x000000008d200000, 0x000000008d200000| Untracked 
| 211|0x000000008d300000, 0x000000008d400000, 0x000000008d400000|100%| O|  |TAMS 0x000000008d300000, 0x000000008d300000| Untracked 
| 212|0x000000008d400000, 0x000000008d500000, 0x000000008d500000|100%| O|  |TAMS 0x000000008d400000, 0x000000008d400000| Untracked 
| 213|0x000000008d500000, 0x000000008d500000, 0x000000008d600000|  0%| F|  |TAMS 0x000000008d500000, 0x000000008d500000| Untracked 
| 214|0x000000008d600000, 0x000000008d600000, 0x000000008d700000|  0%| F|  |TAMS 0x000000008d600000, 0x000000008d600000| Untracked 
| 215|0x000000008d700000, 0x000000008d700000, 0x000000008d800000|  0%| F|  |TAMS 0x000000008d700000, 0x000000008d700000| Untracked 
| 216|0x000000008d800000, 0x000000008d800000, 0x000000008d900000|  0%| F|  |TAMS 0x000000008d800000, 0x000000008d800000| Untracked 
| 217|0x000000008d900000, 0x000000008d900000, 0x000000008da00000|  0%| F|  |TAMS 0x000000008d900000, 0x000000008d900000| Untracked 
| 218|0x000000008da00000, 0x000000008da00000, 0x000000008db00000|  0%| F|  |TAMS 0x000000008da00000, 0x000000008da00000| Untracked 
| 219|0x000000008db00000, 0x000000008db00000, 0x000000008dc00000|  0%| F|  |TAMS 0x000000008db00000, 0x000000008db00000| Untracked 
| 220|0x000000008dc00000, 0x000000008dc00000, 0x000000008dd00000|  0%| F|  |TAMS 0x000000008dc00000, 0x000000008dc00000| Untracked 
| 221|0x000000008dd00000, 0x000000008dd00000, 0x000000008de00000|  0%| F|  |TAMS 0x000000008dd00000, 0x000000008dd00000| Untracked 
| 222|0x000000008de00000, 0x000000008de00000, 0x000000008df00000|  0%| F|  |TAMS 0x000000008de00000, 0x000000008de00000| Untracked 
| 223|0x000000008df00000, 0x000000008df00000, 0x000000008e000000|  0%| F|  |TAMS 0x000000008df00000, 0x000000008df00000| Untracked 
| 224|0x000000008e000000, 0x000000008e000000, 0x000000008e100000|  0%| F|  |TAMS 0x000000008e000000, 0x000000008e000000| Untracked 
| 225|0x000000008e100000, 0x000000008e100000, 0x000000008e200000|  0%| F|  |TAMS 0x000000008e100000, 0x000000008e100000| Untracked 
| 226|0x000000008e200000, 0x000000008e200000, 0x000000008e300000|  0%| F|  |TAMS 0x000000008e200000, 0x000000008e200000| Untracked 
| 227|0x000000008e300000, 0x000000008e300000, 0x000000008e400000|  0%| F|  |TAMS 0x000000008e300000, 0x000000008e300000| Untracked 
| 228|0x000000008e400000, 0x000000008e400000, 0x000000008e500000|  0%| F|  |TAMS 0x000000008e400000, 0x000000008e400000| Untracked 
| 229|0x000000008e500000, 0x000000008e600000, 0x000000008e600000|100%| O|  |TAMS 0x000000008e600000, 0x000000008e500000| Untracked 
| 230|0x000000008e600000, 0x000000008e700000, 0x000000008e700000|100%| O|  |TAMS 0x000000008e700000, 0x000000008e600000| Untracked 
| 231|0x000000008e700000, 0x000000008e800000, 0x000000008e800000|100%| O|  |TAMS 0x000000008e800000, 0x000000008e700000| Untracked 
| 232|0x000000008e800000, 0x000000008e900000, 0x000000008e900000|100%| O|  |TAMS 0x000000008e900000, 0x000000008e800000| Untracked 
| 233|0x000000008e900000, 0x000000008e900000, 0x000000008ea00000|  0%| F|  |TAMS 0x000000008e900000, 0x000000008e900000| Untracked 
| 234|0x000000008ea00000, 0x000000008ea00000, 0x000000008eb00000|  0%| F|  |TAMS 0x000000008ea00000, 0x000000008ea00000| Untracked 
| 235|0x000000008eb00000, 0x000000008ec00000, 0x000000008ec00000|100%| O|  |TAMS 0x000000008ec00000, 0x000000008eb00000| Untracked 
| 236|0x000000008ec00000, 0x000000008ed00000, 0x000000008ed00000|100%| O|  |TAMS 0x000000008ed00000, 0x000000008ec00000| Untracked 
| 237|0x000000008ed00000, 0x000000008ee00000, 0x000000008ee00000|100%| O|  |TAMS 0x000000008ee00000, 0x000000008ed00000| Untracked 
| 238|0x000000008ee00000, 0x000000008ef00000, 0x000000008ef00000|100%| O|  |TAMS 0x000000008ef00000, 0x000000008ee00000| Untracked 
| 239|0x000000008ef00000, 0x000000008ef00000, 0x000000008f000000|  0%| F|  |TAMS 0x000000008ef00000, 0x000000008ef00000| Untracked 
| 240|0x000000008f000000, 0x000000008f100000, 0x000000008f100000|100%| O|  |TAMS 0x000000008f100000, 0x000000008f000000| Untracked 
| 241|0x000000008f100000, 0x000000008f200000, 0x000000008f200000|100%| O|  |TAMS 0x000000008f200000, 0x000000008f100000| Untracked 
| 242|0x000000008f200000, 0x000000008f200000, 0x000000008f300000|  0%| F|  |TAMS 0x000000008f200000, 0x000000008f200000| Untracked 
| 243|0x000000008f300000, 0x000000008f400000, 0x000000008f400000|100%| O|  |TAMS 0x000000008f400000, 0x000000008f300000| Untracked 
| 244|0x000000008f400000, 0x000000008f400000, 0x000000008f500000|  0%| F|  |TAMS 0x000000008f400000, 0x000000008f400000| Untracked 
| 245|0x000000008f500000, 0x000000008f600000, 0x000000008f600000|100%| O|  |TAMS 0x000000008f600000, 0x000000008f500000| Untracked 
| 246|0x000000008f600000, 0x000000008f700000, 0x000000008f700000|100%| O|  |TAMS 0x000000008f700000, 0x000000008f600000| Untracked 
| 247|0x000000008f700000, 0x000000008f800000, 0x000000008f800000|100%| O|  |TAMS 0x000000008f800000, 0x000000008f700000| Untracked 
| 248|0x000000008f800000, 0x000000008f900000, 0x000000008f900000|100%| O|  |TAMS 0x000000008f900000, 0x000000008f800000| Untracked 
| 249|0x000000008f900000, 0x000000008fa00000, 0x000000008fa00000|100%| O|  |TAMS 0x000000008fa00000, 0x000000008f900000| Untracked 
| 250|0x000000008fa00000, 0x000000008fb00000, 0x000000008fb00000|100%| O|  |TAMS 0x000000008fb00000, 0x000000008fa00000| Untracked 
| 251|0x000000008fb00000, 0x000000008fb00000, 0x000000008fc00000|  0%| F|  |TAMS 0x000000008fb00000, 0x000000008fb00000| Untracked 
| 252|0x000000008fc00000, 0x000000008fc00000, 0x000000008fd00000|  0%| F|  |TAMS 0x000000008fc00000, 0x000000008fc00000| Untracked 
| 253|0x000000008fd00000, 0x000000008fe00000, 0x000000008fe00000|100%| O|  |TAMS 0x000000008fe00000, 0x000000008fd00000| Untracked 
| 254|0x000000008fe00000, 0x000000008ff00000, 0x000000008ff00000|100%| O|  |TAMS 0x000000008ff00000, 0x000000008fe00000| Untracked 
| 255|0x000000008ff00000, 0x000000008ff00000, 0x0000000090000000|  0%| F|  |TAMS 0x000000008ff00000, 0x000000008ff00000| Untracked 
| 256|0x0000000090000000, 0x0000000090000000, 0x0000000090100000|  0%| F|  |TAMS 0x0000000090000000, 0x0000000090000000| Untracked 
| 257|0x0000000090100000, 0x0000000090100000, 0x0000000090200000|  0%| F|  |TAMS 0x0000000090100000, 0x0000000090100000| Untracked 
| 258|0x0000000090200000, 0x0000000090200000, 0x0000000090300000|  0%| F|  |TAMS 0x0000000090200000, 0x0000000090200000| Untracked 
| 259|0x0000000090300000, 0x0000000090300000, 0x0000000090400000|  0%| F|  |TAMS 0x0000000090300000, 0x0000000090300000| Untracked 
| 260|0x0000000090400000, 0x0000000090400000, 0x0000000090500000|  0%| F|  |TAMS 0x0000000090400000, 0x0000000090400000| Untracked 
| 261|0x0000000090500000, 0x0000000090500000, 0x0000000090600000|  0%| F|  |TAMS 0x0000000090500000, 0x0000000090500000| Untracked 
| 262|0x0000000090600000, 0x0000000090600000, 0x0000000090700000|  0%| F|  |TAMS 0x0000000090600000, 0x0000000090600000| Untracked 
| 263|0x0000000090700000, 0x0000000090700000, 0x0000000090800000|  0%| F|  |TAMS 0x0000000090700000, 0x0000000090700000| Untracked 
| 264|0x0000000090800000, 0x0000000090800000, 0x0000000090900000|  0%| F|  |TAMS 0x0000000090800000, 0x0000000090800000| Untracked 
| 265|0x0000000090900000, 0x0000000090900000, 0x0000000090a00000|  0%| F|  |TAMS 0x0000000090900000, 0x0000000090900000| Untracked 
| 266|0x0000000090a00000, 0x0000000090b00000, 0x0000000090b00000|100%| O|  |TAMS 0x0000000090a00000, 0x0000000090a00000| Untracked 
| 267|0x0000000090b00000, 0x0000000090b00000, 0x0000000090c00000|  0%| F|  |TAMS 0x0000000090b00000, 0x0000000090b00000| Untracked 
| 268|0x0000000090c00000, 0x0000000090d00000, 0x0000000090d00000|100%| O|  |TAMS 0x0000000090c00000, 0x0000000090c00000| Untracked 
| 269|0x0000000090d00000, 0x0000000090d00000, 0x0000000090e00000|  0%| F|  |TAMS 0x0000000090d00000, 0x0000000090d00000| Untracked 
| 270|0x0000000090e00000, 0x0000000090e00000, 0x0000000090f00000|  0%| F|  |TAMS 0x0000000090e00000, 0x0000000090e00000| Untracked 
| 271|0x0000000090f00000, 0x0000000091000000, 0x0000000091000000|100%| O|  |TAMS 0x0000000090f00000, 0x0000000090f00000| Untracked 
| 272|0x0000000091000000, 0x0000000091000000, 0x0000000091100000|  0%| F|  |TAMS 0x0000000091000000, 0x0000000091000000| Untracked 
| 273|0x0000000091100000, 0x0000000091100000, 0x0000000091200000|  0%| F|  |TAMS 0x0000000091100000, 0x0000000091100000| Untracked 
| 274|0x0000000091200000, 0x0000000091200000, 0x0000000091300000|  0%| F|  |TAMS 0x0000000091200000, 0x0000000091200000| Untracked 
| 275|0x0000000091300000, 0x0000000091400000, 0x0000000091400000|100%| O|  |TAMS 0x0000000091300000, 0x0000000091300000| Untracked 
| 276|0x0000000091400000, 0x0000000091400000, 0x0000000091500000|  0%| F|  |TAMS 0x0000000091400000, 0x0000000091400000| Untracked 
| 277|0x0000000091500000, 0x0000000091500000, 0x0000000091600000|  0%| F|  |TAMS 0x0000000091500000, 0x0000000091500000| Untracked 
| 278|0x0000000091600000, 0x0000000091600000, 0x0000000091700000|  0%| F|  |TAMS 0x0000000091600000, 0x0000000091600000| Untracked 
| 279|0x0000000091700000, 0x0000000091700000, 0x0000000091800000|  0%| F|  |TAMS 0x0000000091700000, 0x0000000091700000| Untracked 
| 280|0x0000000091800000, 0x0000000091800000, 0x0000000091900000|  0%| F|  |TAMS 0x0000000091800000, 0x0000000091800000| Untracked 
| 281|0x0000000091900000, 0x0000000091900000, 0x0000000091a00000|  0%| F|  |TAMS 0x0000000091900000, 0x0000000091900000| Untracked 
| 282|0x0000000091a00000, 0x0000000091a00000, 0x0000000091b00000|  0%| F|  |TAMS 0x0000000091a00000, 0x0000000091a00000| Untracked 
| 283|0x0000000091b00000, 0x0000000091b00000, 0x0000000091c00000|  0%| F|  |TAMS 0x0000000091b00000, 0x0000000091b00000| Untracked 
| 284|0x0000000091c00000, 0x0000000091c00000, 0x0000000091d00000|  0%| F|  |TAMS 0x0000000091c00000, 0x0000000091c00000| Untracked 
| 285|0x0000000091d00000, 0x0000000091d00000, 0x0000000091e00000|  0%| F|  |TAMS 0x0000000091d00000, 0x0000000091d00000| Untracked 
| 286|0x0000000091e00000, 0x0000000091e00000, 0x0000000091f00000|  0%| F|  |TAMS 0x0000000091e00000, 0x0000000091e00000| Untracked 
| 287|0x0000000091f00000, 0x0000000091f00000, 0x0000000092000000|  0%| F|  |TAMS 0x0000000091f00000, 0x0000000091f00000| Untracked 
| 288|0x0000000092000000, 0x0000000092000000, 0x0000000092100000|  0%| F|  |TAMS 0x0000000092000000, 0x0000000092000000| Untracked 
| 289|0x0000000092100000, 0x0000000092100000, 0x0000000092200000|  0%| F|  |TAMS 0x0000000092100000, 0x0000000092100000| Untracked 
| 290|0x0000000092200000, 0x0000000092200000, 0x0000000092300000|  0%| F|  |TAMS 0x0000000092200000, 0x0000000092200000| Untracked 
| 291|0x0000000092300000, 0x0000000092300000, 0x0000000092400000|  0%| F|  |TAMS 0x0000000092300000, 0x0000000092300000| Untracked 
| 292|0x0000000092400000, 0x0000000092400000, 0x0000000092500000|  0%| F|  |TAMS 0x0000000092400000, 0x0000000092400000| Untracked 
| 293|0x0000000092500000, 0x0000000092500000, 0x0000000092600000|  0%| F|  |TAMS 0x0000000092500000, 0x0000000092500000| Untracked 
| 294|0x0000000092600000, 0x0000000092600000, 0x0000000092700000|  0%| F|  |TAMS 0x0000000092600000, 0x0000000092600000| Untracked 
| 295|0x0000000092700000, 0x0000000092800000, 0x0000000092800000|100%| O|  |TAMS 0x0000000092700000, 0x0000000092700000| Untracked 
| 296|0x0000000092800000, 0x0000000092800000, 0x0000000092900000|  0%| F|  |TAMS 0x0000000092800000, 0x0000000092800000| Untracked 
| 297|0x0000000092900000, 0x0000000092900000, 0x0000000092a00000|  0%| F|  |TAMS 0x0000000092900000, 0x0000000092900000| Untracked 
| 298|0x0000000092a00000, 0x0000000092b00000, 0x0000000092b00000|100%| O|  |TAMS 0x0000000092b00000, 0x0000000092a00000| Untracked 
| 299|0x0000000092b00000, 0x0000000092c00000, 0x0000000092c00000|100%| O|  |TAMS 0x0000000092c00000, 0x0000000092b00000| Untracked 
| 300|0x0000000092c00000, 0x0000000092d00000, 0x0000000092d00000|100%| O|  |TAMS 0x0000000092d00000, 0x0000000092c00000| Untracked 
| 301|0x0000000092d00000, 0x0000000092e00000, 0x0000000092e00000|100%| O|  |TAMS 0x0000000092e00000, 0x0000000092d00000| Untracked 
| 302|0x0000000092e00000, 0x0000000092f00000, 0x0000000092f00000|100%| O|  |TAMS 0x0000000092f00000, 0x0000000092e00000| Untracked 
| 303|0x0000000092f00000, 0x0000000093000000, 0x0000000093000000|100%| O|  |TAMS 0x0000000093000000, 0x0000000092f00000| Untracked 
| 304|0x0000000093000000, 0x0000000093100000, 0x0000000093100000|100%| O|  |TAMS 0x0000000093100000, 0x0000000093000000| Untracked 
| 305|0x0000000093100000, 0x0000000093100000, 0x0000000093200000|  0%| F|  |TAMS 0x0000000093100000, 0x0000000093100000| Untracked 
| 306|0x0000000093200000, 0x0000000093300000, 0x0000000093300000|100%| O|  |TAMS 0x0000000093300000, 0x0000000093200000| Untracked 
| 307|0x0000000093300000, 0x0000000093400000, 0x0000000093400000|100%| O|  |TAMS 0x0000000093400000, 0x0000000093300000| Untracked 
| 308|0x0000000093400000, 0x0000000093500000, 0x0000000093500000|100%| O|  |TAMS 0x0000000093500000, 0x0000000093400000| Untracked 
| 309|0x0000000093500000, 0x0000000093600000, 0x0000000093600000|100%| O|  |TAMS 0x0000000093600000, 0x0000000093500000| Untracked 
| 310|0x0000000093600000, 0x0000000093700000, 0x0000000093700000|100%| O|  |TAMS 0x0000000093700000, 0x0000000093600000| Untracked 
| 311|0x0000000093700000, 0x0000000093800000, 0x0000000093800000|100%| O|  |TAMS 0x0000000093800000, 0x0000000093700000| Untracked 
| 312|0x0000000093800000, 0x0000000093900000, 0x0000000093900000|100%| O|  |TAMS 0x0000000093900000, 0x0000000093800000| Untracked 
| 313|0x0000000093900000, 0x0000000093a00000, 0x0000000093a00000|100%| O|  |TAMS 0x0000000093a00000, 0x0000000093900000| Untracked 
| 314|0x0000000093a00000, 0x0000000093b00000, 0x0000000093b00000|100%| O|  |TAMS 0x0000000093b00000, 0x0000000093a00000| Untracked 
| 315|0x0000000093b00000, 0x0000000093c00000, 0x0000000093c00000|100%| O|  |TAMS 0x0000000093c00000, 0x0000000093b00000| Untracked 
| 316|0x0000000093c00000, 0x0000000093c00000, 0x0000000093d00000|  0%| F|  |TAMS 0x0000000093c00000, 0x0000000093c00000| Untracked 
| 317|0x0000000093d00000, 0x0000000093d00000, 0x0000000093e00000|  0%| F|  |TAMS 0x0000000093d00000, 0x0000000093d00000| Untracked 
| 318|0x0000000093e00000, 0x0000000093f00000, 0x0000000093f00000|100%| O|  |TAMS 0x0000000093e00000, 0x0000000093e00000| Untracked 
| 319|0x0000000093f00000, 0x0000000094000000, 0x0000000094000000|100%| O|  |TAMS 0x0000000093f00000, 0x0000000093f00000| Untracked 
| 320|0x0000000094000000, 0x0000000094100000, 0x0000000094100000|100%| O|  |TAMS 0x0000000094000000, 0x0000000094000000| Untracked 
| 321|0x0000000094100000, 0x0000000094200000, 0x0000000094200000|100%| O|  |TAMS 0x0000000094100000, 0x0000000094100000| Untracked 
| 322|0x0000000094200000, 0x0000000094300000, 0x0000000094300000|100%| O|  |TAMS 0x0000000094200000, 0x0000000094200000| Untracked 
| 323|0x0000000094300000, 0x0000000094400000, 0x0000000094400000|100%| O|  |TAMS 0x0000000094300000, 0x0000000094300000| Untracked 
| 324|0x0000000094400000, 0x0000000094500000, 0x0000000094500000|100%| O|  |TAMS 0x0000000094400000, 0x0000000094400000| Untracked 
| 325|0x0000000094500000, 0x0000000094600000, 0x0000000094600000|100%| O|  |TAMS 0x0000000094500000, 0x0000000094500000| Untracked 
| 326|0x0000000094600000, 0x0000000094700000, 0x0000000094700000|100%| O|  |TAMS 0x0000000094600000, 0x0000000094600000| Untracked 
| 327|0x0000000094700000, 0x0000000094800000, 0x0000000094800000|100%| O|  |TAMS 0x0000000094700000, 0x0000000094700000| Untracked 
| 328|0x0000000094800000, 0x0000000094800000, 0x0000000094900000|  0%| F|  |TAMS 0x0000000094800000, 0x0000000094800000| Untracked 
| 329|0x0000000094900000, 0x0000000094900000, 0x0000000094a00000|  0%| F|  |TAMS 0x0000000094900000, 0x0000000094900000| Untracked 
| 330|0x0000000094a00000, 0x0000000094a00000, 0x0000000094b00000|  0%| F|  |TAMS 0x0000000094a00000, 0x0000000094a00000| Untracked 
| 331|0x0000000094b00000, 0x0000000094b00000, 0x0000000094c00000|  0%| F|  |TAMS 0x0000000094b00000, 0x0000000094b00000| Untracked 
| 332|0x0000000094c00000, 0x0000000094c00000, 0x0000000094d00000|  0%| F|  |TAMS 0x0000000094c00000, 0x0000000094c00000| Untracked 
| 333|0x0000000094d00000, 0x0000000094d00000, 0x0000000094e00000|  0%| F|  |TAMS 0x0000000094d00000, 0x0000000094d00000| Untracked 
| 334|0x0000000094e00000, 0x0000000094e00000, 0x0000000094f00000|  0%| F|  |TAMS 0x0000000094e00000, 0x0000000094e00000| Untracked 
| 335|0x0000000094f00000, 0x0000000094f00000, 0x0000000095000000|  0%| F|  |TAMS 0x0000000094f00000, 0x0000000094f00000| Untracked 
| 336|0x0000000095000000, 0x0000000095000000, 0x0000000095100000|  0%| F|  |TAMS 0x0000000095000000, 0x0000000095000000| Untracked 
| 337|0x0000000095100000, 0x0000000095100000, 0x0000000095200000|  0%| F|  |TAMS 0x0000000095100000, 0x0000000095100000| Untracked 
| 338|0x0000000095200000, 0x0000000095200000, 0x0000000095300000|  0%| F|  |TAMS 0x0000000095200000, 0x0000000095200000| Untracked 
| 339|0x0000000095300000, 0x0000000095300000, 0x0000000095400000|  0%| F|  |TAMS 0x0000000095300000, 0x0000000095300000| Untracked 
| 340|0x0000000095400000, 0x0000000095400000, 0x0000000095500000|  0%| F|  |TAMS 0x0000000095400000, 0x0000000095400000| Untracked 
| 341|0x0000000095500000, 0x0000000095500000, 0x0000000095600000|  0%| F|  |TAMS 0x0000000095500000, 0x0000000095500000| Untracked 
| 342|0x0000000095600000, 0x0000000095600000, 0x0000000095700000|  0%| F|  |TAMS 0x0000000095600000, 0x0000000095600000| Untracked 
| 343|0x0000000095700000, 0x0000000095700000, 0x0000000095800000|  0%| F|  |TAMS 0x0000000095700000, 0x0000000095700000| Untracked 
| 344|0x0000000095800000, 0x0000000095800000, 0x0000000095900000|  0%| F|  |TAMS 0x0000000095800000, 0x0000000095800000| Untracked 
| 345|0x0000000095900000, 0x0000000095900000, 0x0000000095a00000|  0%| F|  |TAMS 0x0000000095900000, 0x0000000095900000| Untracked 
| 346|0x0000000095a00000, 0x0000000095a00000, 0x0000000095b00000|  0%| F|  |TAMS 0x0000000095a00000, 0x0000000095a00000| Untracked 
| 347|0x0000000095b00000, 0x0000000095b00000, 0x0000000095c00000|  0%| F|  |TAMS 0x0000000095b00000, 0x0000000095b00000| Untracked 
| 348|0x0000000095c00000, 0x0000000095c00000, 0x0000000095d00000|  0%| F|  |TAMS 0x0000000095c00000, 0x0000000095c00000| Untracked 
| 349|0x0000000095d00000, 0x0000000095d00000, 0x0000000095e00000|  0%| F|  |TAMS 0x0000000095d00000, 0x0000000095d00000| Untracked 
| 350|0x0000000095e00000, 0x0000000095e00000, 0x0000000095f00000|  0%| F|  |TAMS 0x0000000095e00000, 0x0000000095e00000| Untracked 
| 351|0x0000000095f00000, 0x0000000095f00000, 0x0000000096000000|  0%| F|  |TAMS 0x0000000095f00000, 0x0000000095f00000| Untracked 
| 352|0x0000000096000000, 0x0000000096000000, 0x0000000096100000|  0%| F|  |TAMS 0x0000000096000000, 0x0000000096000000| Untracked 
| 353|0x0000000096100000, 0x0000000096100000, 0x0000000096200000|  0%| F|  |TAMS 0x0000000096100000, 0x0000000096100000| Untracked 
| 354|0x0000000096200000, 0x0000000096200000, 0x0000000096300000|  0%| F|  |TAMS 0x0000000096200000, 0x0000000096200000| Untracked 
| 355|0x0000000096300000, 0x0000000096300000, 0x0000000096400000|  0%| F|  |TAMS 0x0000000096300000, 0x0000000096300000| Untracked 
| 356|0x0000000096400000, 0x0000000096400000, 0x0000000096500000|  0%| F|  |TAMS 0x0000000096400000, 0x0000000096400000| Untracked 
| 357|0x0000000096500000, 0x0000000096500000, 0x0000000096600000|  0%| F|  |TAMS 0x0000000096500000, 0x0000000096500000| Untracked 
| 358|0x0000000096600000, 0x0000000096600000, 0x0000000096700000|  0%| F|  |TAMS 0x0000000096600000, 0x0000000096600000| Untracked 
| 359|0x0000000096700000, 0x0000000096700000, 0x0000000096800000|  0%| F|  |TAMS 0x0000000096700000, 0x0000000096700000| Untracked 
| 360|0x0000000096800000, 0x0000000096800000, 0x0000000096900000|  0%| F|  |TAMS 0x0000000096800000, 0x0000000096800000| Untracked 
| 361|0x0000000096900000, 0x0000000096900000, 0x0000000096a00000|  0%| F|  |TAMS 0x0000000096900000, 0x0000000096900000| Untracked 
| 362|0x0000000096a00000, 0x0000000096a00000, 0x0000000096b00000|  0%| F|  |TAMS 0x0000000096a00000, 0x0000000096a00000| Untracked 
| 363|0x0000000096b00000, 0x0000000096b00000, 0x0000000096c00000|  0%| F|  |TAMS 0x0000000096b00000, 0x0000000096b00000| Untracked 
| 364|0x0000000096c00000, 0x0000000096c00000, 0x0000000096d00000|  0%| F|  |TAMS 0x0000000096c00000, 0x0000000096c00000| Untracked 
| 365|0x0000000096d00000, 0x0000000096d00000, 0x0000000096e00000|  0%| F|  |TAMS 0x0000000096d00000, 0x0000000096d00000| Untracked 
| 366|0x0000000096e00000, 0x0000000096e00000, 0x0000000096f00000|  0%| F|  |TAMS 0x0000000096e00000, 0x0000000096e00000| Untracked 
| 367|0x0000000096f00000, 0x0000000096f00000, 0x0000000097000000|  0%| F|  |TAMS 0x0000000096f00000, 0x0000000096f00000| Untracked 
| 368|0x0000000097000000, 0x0000000097000000, 0x0000000097100000|  0%| F|  |TAMS 0x0000000097000000, 0x0000000097000000| Untracked 
| 369|0x0000000097100000, 0x0000000097100000, 0x0000000097200000|  0%| F|  |TAMS 0x0000000097100000, 0x0000000097100000| Untracked 
| 370|0x0000000097200000, 0x0000000097200000, 0x0000000097300000|  0%| F|  |TAMS 0x0000000097200000, 0x0000000097200000| Untracked 
| 371|0x0000000097300000, 0x0000000097300000, 0x0000000097400000|  0%| F|  |TAMS 0x0000000097300000, 0x0000000097300000| Untracked 
| 372|0x0000000097400000, 0x0000000097400000, 0x0000000097500000|  0%| F|  |TAMS 0x0000000097400000, 0x0000000097400000| Untracked 
| 373|0x0000000097500000, 0x0000000097500000, 0x0000000097600000|  0%| F|  |TAMS 0x0000000097500000, 0x0000000097500000| Untracked 
| 374|0x0000000097600000, 0x0000000097600000, 0x0000000097700000|  0%| F|  |TAMS 0x0000000097600000, 0x0000000097600000| Untracked 
| 375|0x0000000097700000, 0x0000000097720af0, 0x0000000097800000| 12%| S|CS|TAMS 0x0000000097700000, 0x0000000097700000| Complete 
| 376|0x0000000097800000, 0x0000000097900000, 0x0000000097900000|100%| S|CS|TAMS 0x0000000097800000, 0x0000000097800000| Complete 
| 377|0x0000000097900000, 0x0000000097a00000, 0x0000000097a00000|100%| S|CS|TAMS 0x0000000097900000, 0x0000000097900000| Complete 
| 378|0x0000000097a00000, 0x0000000097b00000, 0x0000000097b00000|100%| S|CS|TAMS 0x0000000097a00000, 0x0000000097a00000| Complete 
| 379|0x0000000097b00000, 0x0000000097c00000, 0x0000000097c00000|100%| S|CS|TAMS 0x0000000097b00000, 0x0000000097b00000| Complete 
| 380|0x0000000097c00000, 0x0000000097d00000, 0x0000000097d00000|100%| S|CS|TAMS 0x0000000097c00000, 0x0000000097c00000| Complete 
| 381|0x0000000097d00000, 0x0000000097e00000, 0x0000000097e00000|100%| S|CS|TAMS 0x0000000097d00000, 0x0000000097d00000| Complete 
| 382|0x0000000097e00000, 0x0000000097f00000, 0x0000000097f00000|100%| S|CS|TAMS 0x0000000097e00000, 0x0000000097e00000| Complete 
| 383|0x0000000097f00000, 0x0000000098000000, 0x0000000098000000|100%| S|CS|TAMS 0x0000000097f00000, 0x0000000097f00000| Complete 
| 384|0x0000000098000000, 0x0000000098000000, 0x0000000098100000|  0%| F|  |TAMS 0x0000000098000000, 0x0000000098000000| Untracked 
| 385|0x0000000098100000, 0x0000000098100000, 0x0000000098200000|  0%| F|  |TAMS 0x0000000098100000, 0x0000000098100000| Untracked 
| 386|0x0000000098200000, 0x0000000098200000, 0x0000000098300000|  0%| F|  |TAMS 0x0000000098200000, 0x0000000098200000| Untracked 
| 387|0x0000000098300000, 0x0000000098300000, 0x0000000098400000|  0%| F|  |TAMS 0x0000000098300000, 0x0000000098300000| Untracked 
| 388|0x0000000098400000, 0x0000000098400000, 0x0000000098500000|  0%| F|  |TAMS 0x0000000098400000, 0x0000000098400000| Untracked 
| 389|0x0000000098500000, 0x0000000098500000, 0x0000000098600000|  0%| F|  |TAMS 0x0000000098500000, 0x0000000098500000| Untracked 
| 390|0x0000000098600000, 0x0000000098600000, 0x0000000098700000|  0%| F|  |TAMS 0x0000000098600000, 0x0000000098600000| Untracked 
| 391|0x0000000098700000, 0x0000000098700000, 0x0000000098800000|  0%| F|  |TAMS 0x0000000098700000, 0x0000000098700000| Untracked 
| 392|0x0000000098800000, 0x0000000098800000, 0x0000000098900000|  0%| F|  |TAMS 0x0000000098800000, 0x0000000098800000| Untracked 
| 393|0x0000000098900000, 0x0000000098900000, 0x0000000098a00000|  0%| F|  |TAMS 0x0000000098900000, 0x0000000098900000| Untracked 
| 394|0x0000000098a00000, 0x0000000098a00000, 0x0000000098b00000|  0%| F|  |TAMS 0x0000000098a00000, 0x0000000098a00000| Untracked 
| 395|0x0000000098b00000, 0x0000000098b00000, 0x0000000098c00000|  0%| F|  |TAMS 0x0000000098b00000, 0x0000000098b00000| Untracked 
| 396|0x0000000098c00000, 0x0000000098c00000, 0x0000000098d00000|  0%| F|  |TAMS 0x0000000098c00000, 0x0000000098c00000| Untracked 
| 397|0x0000000098d00000, 0x0000000098d00000, 0x0000000098e00000|  0%| F|  |TAMS 0x0000000098d00000, 0x0000000098d00000| Untracked 
| 398|0x0000000098e00000, 0x0000000098e00000, 0x0000000098f00000|  0%| F|  |TAMS 0x0000000098e00000, 0x0000000098e00000| Untracked 
| 399|0x0000000098f00000, 0x0000000098f00000, 0x0000000099000000|  0%| F|  |TAMS 0x0000000098f00000, 0x0000000098f00000| Untracked 
| 400|0x0000000099000000, 0x0000000099000000, 0x0000000099100000|  0%| F|  |TAMS 0x0000000099000000, 0x0000000099000000| Untracked 
| 401|0x0000000099100000, 0x0000000099100000, 0x0000000099200000|  0%| F|  |TAMS 0x0000000099100000, 0x0000000099100000| Untracked 
| 402|0x0000000099200000, 0x0000000099200000, 0x0000000099300000|  0%| F|  |TAMS 0x0000000099200000, 0x0000000099200000| Untracked 
| 403|0x0000000099300000, 0x0000000099300000, 0x0000000099400000|  0%| F|  |TAMS 0x0000000099300000, 0x0000000099300000| Untracked 
| 404|0x0000000099400000, 0x0000000099400000, 0x0000000099500000|  0%| F|  |TAMS 0x0000000099400000, 0x0000000099400000| Untracked 
| 405|0x0000000099500000, 0x0000000099500000, 0x0000000099600000|  0%| F|  |TAMS 0x0000000099500000, 0x0000000099500000| Untracked 
| 406|0x0000000099600000, 0x0000000099600000, 0x0000000099700000|  0%| F|  |TAMS 0x0000000099600000, 0x0000000099600000| Untracked 
| 407|0x0000000099700000, 0x0000000099700000, 0x0000000099800000|  0%| F|  |TAMS 0x0000000099700000, 0x0000000099700000| Untracked 
| 408|0x0000000099800000, 0x0000000099800000, 0x0000000099900000|  0%| F|  |TAMS 0x0000000099800000, 0x0000000099800000| Untracked 
| 409|0x0000000099900000, 0x0000000099900000, 0x0000000099a00000|  0%| F|  |TAMS 0x0000000099900000, 0x0000000099900000| Untracked 
| 410|0x0000000099a00000, 0x0000000099a00000, 0x0000000099b00000|  0%| F|  |TAMS 0x0000000099a00000, 0x0000000099a00000| Untracked 
| 411|0x0000000099b00000, 0x0000000099b00000, 0x0000000099c00000|  0%| F|  |TAMS 0x0000000099b00000, 0x0000000099b00000| Untracked 
| 412|0x0000000099c00000, 0x0000000099c00000, 0x0000000099d00000|  0%| F|  |TAMS 0x0000000099c00000, 0x0000000099c00000| Untracked 
| 413|0x0000000099d00000, 0x0000000099d00000, 0x0000000099e00000|  0%| F|  |TAMS 0x0000000099d00000, 0x0000000099d00000| Untracked 
| 414|0x0000000099e00000, 0x0000000099e00000, 0x0000000099f00000|  0%| F|  |TAMS 0x0000000099e00000, 0x0000000099e00000| Untracked 
| 415|0x0000000099f00000, 0x0000000099f00000, 0x000000009a000000|  0%| F|  |TAMS 0x0000000099f00000, 0x0000000099f00000| Untracked 
| 416|0x000000009a000000, 0x000000009a000000, 0x000000009a100000|  0%| F|  |TAMS 0x000000009a000000, 0x000000009a000000| Untracked 
| 417|0x000000009a100000, 0x000000009a100000, 0x000000009a200000|  0%| F|  |TAMS 0x000000009a100000, 0x000000009a100000| Untracked 
| 418|0x000000009a200000, 0x000000009a200000, 0x000000009a300000|  0%| F|  |TAMS 0x000000009a200000, 0x000000009a200000| Untracked 
| 419|0x000000009a300000, 0x000000009a300000, 0x000000009a400000|  0%| F|  |TAMS 0x000000009a300000, 0x000000009a300000| Untracked 
| 420|0x000000009a400000, 0x000000009a400000, 0x000000009a500000|  0%| F|  |TAMS 0x000000009a400000, 0x000000009a400000| Untracked 
| 421|0x000000009a500000, 0x000000009a500000, 0x000000009a600000|  0%| F|  |TAMS 0x000000009a500000, 0x000000009a500000| Untracked 
| 422|0x000000009a600000, 0x000000009a600000, 0x000000009a700000|  0%| F|  |TAMS 0x000000009a600000, 0x000000009a600000| Untracked 
| 423|0x000000009a700000, 0x000000009a700000, 0x000000009a800000|  0%| F|  |TAMS 0x000000009a700000, 0x000000009a700000| Untracked 
| 424|0x000000009a800000, 0x000000009a800000, 0x000000009a900000|  0%| F|  |TAMS 0x000000009a800000, 0x000000009a800000| Untracked 
| 425|0x000000009a900000, 0x000000009a900000, 0x000000009aa00000|  0%| F|  |TAMS 0x000000009a900000, 0x000000009a900000| Untracked 
| 426|0x000000009aa00000, 0x000000009aa00000, 0x000000009ab00000|  0%| F|  |TAMS 0x000000009aa00000, 0x000000009aa00000| Untracked 
| 427|0x000000009ab00000, 0x000000009ab00000, 0x000000009ac00000|  0%| F|  |TAMS 0x000000009ab00000, 0x000000009ab00000| Untracked 
| 428|0x000000009ac00000, 0x000000009ac00000, 0x000000009ad00000|  0%| F|  |TAMS 0x000000009ac00000, 0x000000009ac00000| Untracked 
| 429|0x000000009ad00000, 0x000000009ad00000, 0x000000009ae00000|  0%| F|  |TAMS 0x000000009ad00000, 0x000000009ad00000| Untracked 
| 430|0x000000009ae00000, 0x000000009ae00000, 0x000000009af00000|  0%| F|  |TAMS 0x000000009ae00000, 0x000000009ae00000| Untracked 
| 431|0x000000009af00000, 0x000000009af00000, 0x000000009b000000|  0%| F|  |TAMS 0x000000009af00000, 0x000000009af00000| Untracked 
| 432|0x000000009b000000, 0x000000009b000000, 0x000000009b100000|  0%| F|  |TAMS 0x000000009b000000, 0x000000009b000000| Untracked 
| 433|0x000000009b100000, 0x000000009b100000, 0x000000009b200000|  0%| F|  |TAMS 0x000000009b100000, 0x000000009b100000| Untracked 
| 434|0x000000009b200000, 0x000000009b200000, 0x000000009b300000|  0%| F|  |TAMS 0x000000009b200000, 0x000000009b200000| Untracked 
| 435|0x000000009b300000, 0x000000009b300000, 0x000000009b400000|  0%| F|  |TAMS 0x000000009b300000, 0x000000009b300000| Untracked 
| 436|0x000000009b400000, 0x000000009b400000, 0x000000009b500000|  0%| F|  |TAMS 0x000000009b400000, 0x000000009b400000| Untracked 
| 437|0x000000009b500000, 0x000000009b500000, 0x000000009b600000|  0%| F|  |TAMS 0x000000009b500000, 0x000000009b500000| Untracked 
| 438|0x000000009b600000, 0x000000009b600000, 0x000000009b700000|  0%| F|  |TAMS 0x000000009b600000, 0x000000009b600000| Untracked 
| 439|0x000000009b700000, 0x000000009b700000, 0x000000009b800000|  0%| F|  |TAMS 0x000000009b700000, 0x000000009b700000| Untracked 
| 440|0x000000009b800000, 0x000000009b800000, 0x000000009b900000|  0%| F|  |TAMS 0x000000009b800000, 0x000000009b800000| Untracked 
| 441|0x000000009b900000, 0x000000009b900000, 0x000000009ba00000|  0%| F|  |TAMS 0x000000009b900000, 0x000000009b900000| Untracked 
| 442|0x000000009ba00000, 0x000000009ba00000, 0x000000009bb00000|  0%| F|  |TAMS 0x000000009ba00000, 0x000000009ba00000| Untracked 
| 443|0x000000009bb00000, 0x000000009bb00000, 0x000000009bc00000|  0%| F|  |TAMS 0x000000009bb00000, 0x000000009bb00000| Untracked 
| 444|0x000000009bc00000, 0x000000009bc00000, 0x000000009bd00000|  0%| F|  |TAMS 0x000000009bc00000, 0x000000009bc00000| Untracked 
| 445|0x000000009bd00000, 0x000000009bd00000, 0x000000009be00000|  0%| F|  |TAMS 0x000000009bd00000, 0x000000009bd00000| Untracked 
| 446|0x000000009be00000, 0x000000009be00000, 0x000000009bf00000|  0%| F|  |TAMS 0x000000009be00000, 0x000000009be00000| Untracked 
| 447|0x000000009bf00000, 0x000000009bf00000, 0x000000009c000000|  0%| F|  |TAMS 0x000000009bf00000, 0x000000009bf00000| Untracked 
| 448|0x000000009c000000, 0x000000009c000000, 0x000000009c100000|  0%| F|  |TAMS 0x000000009c000000, 0x000000009c000000| Untracked 
| 449|0x000000009c100000, 0x000000009c100000, 0x000000009c200000|  0%| F|  |TAMS 0x000000009c100000, 0x000000009c100000| Untracked 
| 450|0x000000009c200000, 0x000000009c200000, 0x000000009c300000|  0%| F|  |TAMS 0x000000009c200000, 0x000000009c200000| Untracked 
| 451|0x000000009c300000, 0x000000009c300000, 0x000000009c400000|  0%| F|  |TAMS 0x000000009c300000, 0x000000009c300000| Untracked 
| 452|0x000000009c400000, 0x000000009c400000, 0x000000009c500000|  0%| F|  |TAMS 0x000000009c400000, 0x000000009c400000| Untracked 
| 453|0x000000009c500000, 0x000000009c500000, 0x000000009c600000|  0%| F|  |TAMS 0x000000009c500000, 0x000000009c500000| Untracked 
| 454|0x000000009c600000, 0x000000009c600000, 0x000000009c700000|  0%| F|  |TAMS 0x000000009c600000, 0x000000009c600000| Untracked 
| 455|0x000000009c700000, 0x000000009c700000, 0x000000009c800000|  0%| F|  |TAMS 0x000000009c700000, 0x000000009c700000| Untracked 
| 456|0x000000009c800000, 0x000000009c800000, 0x000000009c900000|  0%| F|  |TAMS 0x000000009c800000, 0x000000009c800000| Untracked 
| 457|0x000000009c900000, 0x000000009c900000, 0x000000009ca00000|  0%| F|  |TAMS 0x000000009c900000, 0x000000009c900000| Untracked 
| 458|0x000000009ca00000, 0x000000009ca00000, 0x000000009cb00000|  0%| F|  |TAMS 0x000000009ca00000, 0x000000009ca00000| Untracked 
| 459|0x000000009cb00000, 0x000000009cb00000, 0x000000009cc00000|  0%| F|  |TAMS 0x000000009cb00000, 0x000000009cb00000| Untracked 
| 460|0x000000009cc00000, 0x000000009cc00000, 0x000000009cd00000|  0%| F|  |TAMS 0x000000009cc00000, 0x000000009cc00000| Untracked 
| 461|0x000000009cd00000, 0x000000009cd00000, 0x000000009ce00000|  0%| F|  |TAMS 0x000000009cd00000, 0x000000009cd00000| Untracked 
| 462|0x000000009ce00000, 0x000000009ce00000, 0x000000009cf00000|  0%| F|  |TAMS 0x000000009ce00000, 0x000000009ce00000| Untracked 
| 463|0x000000009cf00000, 0x000000009cf00000, 0x000000009d000000|  0%| F|  |TAMS 0x000000009cf00000, 0x000000009cf00000| Untracked 
| 464|0x000000009d000000, 0x000000009d000000, 0x000000009d100000|  0%| F|  |TAMS 0x000000009d000000, 0x000000009d000000| Untracked 
| 465|0x000000009d100000, 0x000000009d100000, 0x000000009d200000|  0%| F|  |TAMS 0x000000009d100000, 0x000000009d100000| Untracked 
| 466|0x000000009d200000, 0x000000009d200000, 0x000000009d300000|  0%| F|  |TAMS 0x000000009d200000, 0x000000009d200000| Untracked 
| 467|0x000000009d300000, 0x000000009d300000, 0x000000009d400000|  0%| F|  |TAMS 0x000000009d300000, 0x000000009d300000| Untracked 
| 468|0x000000009d400000, 0x000000009d400000, 0x000000009d500000|  0%| F|  |TAMS 0x000000009d400000, 0x000000009d400000| Untracked 
| 469|0x000000009d500000, 0x000000009d500000, 0x000000009d600000|  0%| F|  |TAMS 0x000000009d500000, 0x000000009d500000| Untracked 
| 470|0x000000009d600000, 0x000000009d600000, 0x000000009d700000|  0%| F|  |TAMS 0x000000009d600000, 0x000000009d600000| Untracked 
| 471|0x000000009d700000, 0x000000009d700000, 0x000000009d800000|  0%| F|  |TAMS 0x000000009d700000, 0x000000009d700000| Untracked 
| 472|0x000000009d800000, 0x000000009d800000, 0x000000009d900000|  0%| F|  |TAMS 0x000000009d800000, 0x000000009d800000| Untracked 
| 473|0x000000009d900000, 0x000000009d900000, 0x000000009da00000|  0%| F|  |TAMS 0x000000009d900000, 0x000000009d900000| Untracked 
| 474|0x000000009da00000, 0x000000009da00000, 0x000000009db00000|  0%| F|  |TAMS 0x000000009da00000, 0x000000009da00000| Untracked 
| 475|0x000000009db00000, 0x000000009db00000, 0x000000009dc00000|  0%| F|  |TAMS 0x000000009db00000, 0x000000009db00000| Untracked 
| 476|0x000000009dc00000, 0x000000009dc00000, 0x000000009dd00000|  0%| F|  |TAMS 0x000000009dc00000, 0x000000009dc00000| Untracked 
| 477|0x000000009dd00000, 0x000000009dd00000, 0x000000009de00000|  0%| F|  |TAMS 0x000000009dd00000, 0x000000009dd00000| Untracked 
| 478|0x000000009de00000, 0x000000009de00000, 0x000000009df00000|  0%| F|  |TAMS 0x000000009de00000, 0x000000009de00000| Untracked 
| 479|0x000000009df00000, 0x000000009df00000, 0x000000009e000000|  0%| F|  |TAMS 0x000000009df00000, 0x000000009df00000| Untracked 
| 480|0x000000009e000000, 0x000000009e000000, 0x000000009e100000|  0%| F|  |TAMS 0x000000009e000000, 0x000000009e000000| Untracked 
| 481|0x000000009e100000, 0x000000009e100000, 0x000000009e200000|  0%| F|  |TAMS 0x000000009e100000, 0x000000009e100000| Untracked 
| 482|0x000000009e200000, 0x000000009e200000, 0x000000009e300000|  0%| F|  |TAMS 0x000000009e200000, 0x000000009e200000| Untracked 
| 483|0x000000009e300000, 0x000000009e300000, 0x000000009e400000|  0%| F|  |TAMS 0x000000009e300000, 0x000000009e300000| Untracked 
| 484|0x000000009e400000, 0x000000009e400000, 0x000000009e500000|  0%| F|  |TAMS 0x000000009e400000, 0x000000009e400000| Untracked 
| 485|0x000000009e500000, 0x000000009e500000, 0x000000009e600000|  0%| F|  |TAMS 0x000000009e500000, 0x000000009e500000| Untracked 
| 486|0x000000009e600000, 0x000000009e600000, 0x000000009e700000|  0%| F|  |TAMS 0x000000009e600000, 0x000000009e600000| Untracked 
| 487|0x000000009e700000, 0x000000009e700000, 0x000000009e800000|  0%| F|  |TAMS 0x000000009e700000, 0x000000009e700000| Untracked 
| 488|0x000000009e800000, 0x000000009e800000, 0x000000009e900000|  0%| F|  |TAMS 0x000000009e800000, 0x000000009e800000| Untracked 
| 489|0x000000009e900000, 0x000000009e900000, 0x000000009ea00000|  0%| F|  |TAMS 0x000000009e900000, 0x000000009e900000| Untracked 
| 490|0x000000009ea00000, 0x000000009ea00000, 0x000000009eb00000|  0%| F|  |TAMS 0x000000009ea00000, 0x000000009ea00000| Untracked 
| 491|0x000000009eb00000, 0x000000009eb00000, 0x000000009ec00000|  0%| F|  |TAMS 0x000000009eb00000, 0x000000009eb00000| Untracked 
| 492|0x000000009ec00000, 0x000000009ec00000, 0x000000009ed00000|  0%| F|  |TAMS 0x000000009ec00000, 0x000000009ec00000| Untracked 
| 493|0x000000009ed00000, 0x000000009ed00000, 0x000000009ee00000|  0%| F|  |TAMS 0x000000009ed00000, 0x000000009ed00000| Untracked 
| 494|0x000000009ee00000, 0x000000009ee00000, 0x000000009ef00000|  0%| F|  |TAMS 0x000000009ee00000, 0x000000009ee00000| Untracked 
| 495|0x000000009ef00000, 0x000000009ef00000, 0x000000009f000000|  0%| F|  |TAMS 0x000000009ef00000, 0x000000009ef00000| Untracked 
| 496|0x000000009f000000, 0x000000009f000000, 0x000000009f100000|  0%| F|  |TAMS 0x000000009f000000, 0x000000009f000000| Untracked 
| 497|0x000000009f100000, 0x000000009f100000, 0x000000009f200000|  0%| F|  |TAMS 0x000000009f100000, 0x000000009f100000| Untracked 
| 498|0x000000009f200000, 0x000000009f200000, 0x000000009f300000|  0%| F|  |TAMS 0x000000009f200000, 0x000000009f200000| Untracked 
| 499|0x000000009f300000, 0x000000009f300000, 0x000000009f400000|  0%| F|  |TAMS 0x000000009f300000, 0x000000009f300000| Untracked 
| 500|0x000000009f400000, 0x000000009f400000, 0x000000009f500000|  0%| F|  |TAMS 0x000000009f400000, 0x000000009f400000| Untracked 
| 501|0x000000009f500000, 0x000000009f500000, 0x000000009f600000|  0%| F|  |TAMS 0x000000009f500000, 0x000000009f500000| Untracked 
| 502|0x000000009f600000, 0x000000009f600000, 0x000000009f700000|  0%| F|  |TAMS 0x000000009f600000, 0x000000009f600000| Untracked 
| 503|0x000000009f700000, 0x000000009f700000, 0x000000009f800000|  0%| F|  |TAMS 0x000000009f700000, 0x000000009f700000| Untracked 
| 504|0x000000009f800000, 0x000000009f800000, 0x000000009f900000|  0%| F|  |TAMS 0x000000009f800000, 0x000000009f800000| Untracked 
| 505|0x000000009f900000, 0x000000009f900000, 0x000000009fa00000|  0%| F|  |TAMS 0x000000009f900000, 0x000000009f900000| Untracked 
| 506|0x000000009fa00000, 0x000000009fa00000, 0x000000009fb00000|  0%| F|  |TAMS 0x000000009fa00000, 0x000000009fa00000| Untracked 
| 507|0x000000009fb00000, 0x000000009fb00000, 0x000000009fc00000|  0%| F|  |TAMS 0x000000009fb00000, 0x000000009fb00000| Untracked 
| 508|0x000000009fc00000, 0x000000009fc00000, 0x000000009fd00000|  0%| F|  |TAMS 0x000000009fc00000, 0x000000009fc00000| Untracked 
| 509|0x000000009fd00000, 0x000000009fd00000, 0x000000009fe00000|  0%| F|  |TAMS 0x000000009fd00000, 0x000000009fd00000| Untracked 
| 510|0x000000009fe00000, 0x000000009fe00000, 0x000000009ff00000|  0%| F|  |TAMS 0x000000009fe00000, 0x000000009fe00000| Untracked 
| 511|0x000000009ff00000, 0x000000009ff00000, 0x00000000a0000000|  0%| F|  |TAMS 0x000000009ff00000, 0x000000009ff00000| Untracked 
| 512|0x00000000a0000000, 0x00000000a0000000, 0x00000000a0100000|  0%| F|  |TAMS 0x00000000a0000000, 0x00000000a0000000| Untracked 
| 513|0x00000000a0100000, 0x00000000a0100000, 0x00000000a0200000|  0%| F|  |TAMS 0x00000000a0100000, 0x00000000a0100000| Untracked 
| 514|0x00000000a0200000, 0x00000000a0200000, 0x00000000a0300000|  0%| F|  |TAMS 0x00000000a0200000, 0x00000000a0200000| Untracked 
| 515|0x00000000a0300000, 0x00000000a0300000, 0x00000000a0400000|  0%| F|  |TAMS 0x00000000a0300000, 0x00000000a0300000| Untracked 
| 516|0x00000000a0400000, 0x00000000a0400000, 0x00000000a0500000|  0%| F|  |TAMS 0x00000000a0400000, 0x00000000a0400000| Untracked 
| 517|0x00000000a0500000, 0x00000000a0500000, 0x00000000a0600000|  0%| F|  |TAMS 0x00000000a0500000, 0x00000000a0500000| Untracked 
| 518|0x00000000a0600000, 0x00000000a0600000, 0x00000000a0700000|  0%| F|  |TAMS 0x00000000a0600000, 0x00000000a0600000| Untracked 
| 519|0x00000000a0700000, 0x00000000a0700000, 0x00000000a0800000|  0%| F|  |TAMS 0x00000000a0700000, 0x00000000a0700000| Untracked 
| 520|0x00000000a0800000, 0x00000000a0800000, 0x00000000a0900000|  0%| F|  |TAMS 0x00000000a0800000, 0x00000000a0800000| Untracked 
| 521|0x00000000a0900000, 0x00000000a0900000, 0x00000000a0a00000|  0%| F|  |TAMS 0x00000000a0900000, 0x00000000a0900000| Untracked 
| 522|0x00000000a0a00000, 0x00000000a0a00000, 0x00000000a0b00000|  0%| F|  |TAMS 0x00000000a0a00000, 0x00000000a0a00000| Untracked 
| 523|0x00000000a0b00000, 0x00000000a0b00000, 0x00000000a0c00000|  0%| F|  |TAMS 0x00000000a0b00000, 0x00000000a0b00000| Untracked 
| 524|0x00000000a0c00000, 0x00000000a0c86320, 0x00000000a0d00000| 52%| E|  |TAMS 0x00000000a0c00000, 0x00000000a0c00000| Complete 
| 525|0x00000000a0d00000, 0x00000000a0e00000, 0x00000000a0e00000|100%| E|CS|TAMS 0x00000000a0d00000, 0x00000000a0d00000| Complete 
| 526|0x00000000a0e00000, 0x00000000a0f00000, 0x00000000a0f00000|100%| E|CS|TAMS 0x00000000a0e00000, 0x00000000a0e00000| Complete 
| 527|0x00000000a0f00000, 0x00000000a1000000, 0x00000000a1000000|100%| E|CS|TAMS 0x00000000a0f00000, 0x00000000a0f00000| Complete 
| 528|0x00000000a1000000, 0x00000000a1100000, 0x00000000a1100000|100%| E|CS|TAMS 0x00000000a1000000, 0x00000000a1000000| Complete 
| 529|0x00000000a1100000, 0x00000000a1200000, 0x00000000a1200000|100%| E|CS|TAMS 0x00000000a1100000, 0x00000000a1100000| Complete 
| 530|0x00000000a1200000, 0x00000000a1300000, 0x00000000a1300000|100%| E|CS|TAMS 0x00000000a1200000, 0x00000000a1200000| Complete 
| 531|0x00000000a1300000, 0x00000000a1400000, 0x00000000a1400000|100%| E|CS|TAMS 0x00000000a1300000, 0x00000000a1300000| Complete 
| 532|0x00000000a1400000, 0x00000000a1500000, 0x00000000a1500000|100%| E|CS|TAMS 0x00000000a1400000, 0x00000000a1400000| Complete 
| 533|0x00000000a1500000, 0x00000000a1600000, 0x00000000a1600000|100%| E|CS|TAMS 0x00000000a1500000, 0x00000000a1500000| Complete 
| 534|0x00000000a1600000, 0x00000000a1700000, 0x00000000a1700000|100%| E|CS|TAMS 0x00000000a1600000, 0x00000000a1600000| Complete 
| 535|0x00000000a1700000, 0x00000000a1800000, 0x00000000a1800000|100%| E|CS|TAMS 0x00000000a1700000, 0x00000000a1700000| Complete 
| 536|0x00000000a1800000, 0x00000000a1900000, 0x00000000a1900000|100%| E|CS|TAMS 0x00000000a1800000, 0x00000000a1800000| Complete 
| 537|0x00000000a1900000, 0x00000000a1a00000, 0x00000000a1a00000|100%| E|CS|TAMS 0x00000000a1900000, 0x00000000a1900000| Complete 
| 538|0x00000000a1a00000, 0x00000000a1b00000, 0x00000000a1b00000|100%| E|CS|TAMS 0x00000000a1a00000, 0x00000000a1a00000| Complete 
| 539|0x00000000a1b00000, 0x00000000a1c00000, 0x00000000a1c00000|100%| E|CS|TAMS 0x00000000a1b00000, 0x00000000a1b00000| Complete 
| 540|0x00000000a1c00000, 0x00000000a1d00000, 0x00000000a1d00000|100%| E|CS|TAMS 0x00000000a1c00000, 0x00000000a1c00000| Complete 
| 541|0x00000000a1d00000, 0x00000000a1e00000, 0x00000000a1e00000|100%| E|CS|TAMS 0x00000000a1d00000, 0x00000000a1d00000| Complete 
| 542|0x00000000a1e00000, 0x00000000a1f00000, 0x00000000a1f00000|100%| E|CS|TAMS 0x00000000a1e00000, 0x00000000a1e00000| Complete 
| 543|0x00000000a1f00000, 0x00000000a2000000, 0x00000000a2000000|100%| E|CS|TAMS 0x00000000a1f00000, 0x00000000a1f00000| Complete 
| 544|0x00000000a2000000, 0x00000000a2100000, 0x00000000a2100000|100%| E|CS|TAMS 0x00000000a2000000, 0x00000000a2000000| Complete 
| 545|0x00000000a2100000, 0x00000000a2200000, 0x00000000a2200000|100%| E|CS|TAMS 0x00000000a2100000, 0x00000000a2100000| Complete 
| 546|0x00000000a2200000, 0x00000000a2300000, 0x00000000a2300000|100%| E|CS|TAMS 0x00000000a2200000, 0x00000000a2200000| Complete 
| 547|0x00000000a2300000, 0x00000000a2400000, 0x00000000a2400000|100%| E|CS|TAMS 0x00000000a2300000, 0x00000000a2300000| Complete 
| 548|0x00000000a2400000, 0x00000000a2500000, 0x00000000a2500000|100%| E|CS|TAMS 0x00000000a2400000, 0x00000000a2400000| Complete 
| 549|0x00000000a2500000, 0x00000000a2600000, 0x00000000a2600000|100%| E|CS|TAMS 0x00000000a2500000, 0x00000000a2500000| Complete 

Card table byte_map: [0x0000014a18280000,0x0000014a18680000] _byte_map_base: 0x0000014a17e80000

Marking Bits (Prev, Next): (CMBitMap*) 0x0000014a7eaba140, (CMBitMap*) 0x0000014a7eaba180
 Prev Bits: [0x0000014a18a80000, 0x0000014a1aa80000)
 Next Bits: [0x0000014a1aa80000, 0x0000014a1ca80000)

Polling page: 0x0000014a7eee0000

Metaspace:

Usage:
  Non-class:    107.86 MB used.
      Class:     16.52 MB used.
       Both:    124.38 MB used.

Virtual space:
  Non-class space:      128.00 MB reserved,     109.06 MB ( 85%) committed,  2 nodes.
      Class space:        1.00 GB reserved,      17.56 MB (  2%) committed,  1 nodes.
             Both:        1.12 GB reserved,     126.62 MB ( 11%) committed. 

Chunk freelists:
   Non-Class:  3.00 MB
       Class:  14.70 MB
        Both:  17.69 MB

MaxMetaspaceSize: unlimited
CompressedClassSpaceSize: 1.00 GB
Initial GC threshold: 21.00 MB
Current GC threshold: 210.94 MB
CDS: on
MetaspaceReclaimPolicy: balanced
 - commit_granule_bytes: 65536.
 - commit_granule_words: 8192.
 - virtual_space_node_default_size: 8388608.
 - enlarge_chunks_in_place: 1.
 - new_chunks_are_fully_committed: 0.
 - uncommit_free_chunks: 1.
 - use_allocation_guard: 0.
 - handle_deallocations: 1.


Internal statistics:

num_allocs_failed_limit: 6.
num_arena_births: 3112.
num_arena_deaths: 638.
num_vsnodes_births: 3.
num_vsnodes_deaths: 0.
num_space_committed: 2024.
num_space_uncommitted: 0.
num_chunks_returned_to_freelist: 739.
num_chunks_taken_from_freelist: 9364.
num_chunk_merges: 303.
num_chunk_splits: 5615.
num_chunks_enlarged: 3063.
num_inconsistent_stats: 0.

CodeHeap 'non-profiled nmethods': size=120000Kb used=17715Kb max_used=17715Kb free=102284Kb
 bounds [0x0000014a10950000, 0x0000014a11aa0000, 0x0000014a17e80000]
CodeHeap 'profiled nmethods': size=120000Kb used=40205Kb max_used=40205Kb free=79794Kb
 bounds [0x0000014a08e80000, 0x0000014a0b5d0000, 0x0000014a103b0000]
CodeHeap 'non-nmethods': size=5760Kb used=2478Kb max_used=2554Kb free=3282Kb
 bounds [0x0000014a103b0000, 0x0000014a10640000, 0x0000014a10950000]
 total_blobs=21719 nmethods=20696 adapters=932
 compilation: enabled
              stopped_count=0, restarted_count=0
 full_count=0

Compilation events (20 events):
Event: 8237.337 Thread 0x0000014a1f188700 nmethod 25248 0x0000014a0b5b1e90 code [0x0000014a0b5b20a0, 0x0000014a0b5b2848]
Event: 8237.343 Thread 0x0000014a1f188700 25249       3       org.gradle.api.internal.project.DefaultProjectStateRegistry$ProjectStateImpl::ensureConfigured (23 bytes)
Event: 8237.348 Thread 0x0000014a1f188700 nmethod 25249 0x0000014a0b5b2b10 code [0x0000014a0b5b2de0, 0x0000014a0b5b3ca8]
Event: 8237.348 Thread 0x0000014a1f188700 25250       3       org.gradle.api.internal.project.ProjectLifecycleController::ensureSelfConfigured (20 bytes)
Event: 8237.348 Thread 0x0000014a1f188700 nmethod 25250 0x0000014a0b5b4210 code [0x0000014a0b5b4420, 0x0000014a0b5b4a78]
Event: 8237.348 Thread 0x0000014a1f188700 25251       3       org.gradle.internal.logging.source.PrintStreamLoggingSystem::install (87 bytes)
Event: 8237.354 Thread 0x0000014a1f188700 nmethod 25251 0x0000014a0b5b4d10 code [0x0000014a0b5b4f40, 0x0000014a0b5b58e8]
Event: 8237.357 Thread 0x0000014a1f188700 25252       3       com.google.common.collect.ImmutableMap$Builder::build (5 bytes)
Event: 8237.358 Thread 0x0000014a1f188700 nmethod 25252 0x0000014a0b5b5b90 code [0x0000014a0b5b5d20, 0x0000014a0b5b5e68]
Event: 8237.358 Thread 0x0000014a1f188700 25253       1       com.android.build.gradle.internal.services.GlobalServiceRegistrationAction::access$getBuildServiceInterface$p (5 bytes)
Event: 8237.358 Thread 0x0000014a1f188700 nmethod 25253 0x0000014a11a99110 code [0x0000014a11a992a0, 0x0000014a11a99358]
Event: 8237.388 Thread 0x0000014a1f188700 25254       3       com.android.build.gradle.internal.api.LazyAndroidSourceSet::<init> (45 bytes)
Event: 8237.389 Thread 0x0000014a1f188700 nmethod 25254 0x0000014a0b5b5f10 code [0x0000014a0b5b61e0, 0x0000014a0b5b6fe8]
Event: 8237.390 Thread 0x0000014a1f188700 25255       3       com.android.build.gradle.internal.api.LazyAndroidSourceSet$sourceSet$1::invoke (5 bytes)
Event: 8237.391 Thread 0x0000014a1f188700 nmethod 25255 0x0000014a0b5b7490 code [0x0000014a0b5b76c0, 0x0000014a0b5b7e98]
Event: 8237.391 Thread 0x0000014a1f188700 25256       3       com.android.build.gradle.internal.api.LazyAndroidSourceSet$sourceSet$1::invoke (29 bytes)
Event: 8237.392 Thread 0x0000014a1f188700 nmethod 25256 0x0000014a0b5b8190 code [0x0000014a0b5b83a0, 0x0000014a0b5b8b18]
Event: 8237.392 Thread 0x0000014a1f188700 25257       3       com.android.build.gradle.internal.dsl.AndroidSourceSetFactory::create (6 bytes)
Event: 8237.392 Thread 0x0000014a1f188700 nmethod 25257 0x0000014a0b5b8d90 code [0x0000014a0b5b8f40, 0x0000014a0b5b9088]
Event: 8237.392 Thread 0x0000014a1f188700 25258       3       com.android.build.gradle.internal.dsl.AndroidSourceSetFactory::create (40 bytes)

GC Heap History (20 events):
Event: 8115.475 GC heap before
{Heap before GC invocations=147 (full 0):
 garbage-first heap   total 378880K, used 336597K [0x0000000080000000, 0x0000000100000000)
  region size 1024K, 18 young (18432K), 3 survivors (3072K)
 Metaspace       used 127554K, committed 129536K, reserved 1179648K
  class space    used 17043K, committed 17984K, reserved 1048576K
}
Event: 8115.484 GC heap after
{Heap after GC invocations=148 (full 0):
 garbage-first heap   total 378880K, used 324152K [0x0000000080000000, 0x0000000100000000)
  region size 1024K, 3 young (3072K), 3 survivors (3072K)
 Metaspace       used 127554K, committed 129536K, reserved 1179648K
  class space    used 17043K, committed 17984K, reserved 1048576K
}
Event: 8115.809 GC heap before
{Heap before GC invocations=148 (full 0):
 garbage-first heap   total 378880K, used 339512K [0x0000000080000000, 0x0000000100000000)
  region size 1024K, 18 young (18432K), 3 survivors (3072K)
 Metaspace       used 127560K, committed 129536K, reserved 1179648K
  class space    used 17043K, committed 17984K, reserved 1048576K
}
Event: 8115.816 GC heap after
{Heap after GC invocations=149 (full 0):
 garbage-first heap   total 378880K, used 325676K [0x0000000080000000, 0x0000000100000000)
  region size 1024K, 2 young (2048K), 2 survivors (2048K)
 Metaspace       used 127560K, committed 129536K, reserved 1179648K
  class space    used 17043K, committed 17984K, reserved 1048576K
}
Event: 8116.353 GC heap before
{Heap before GC invocations=149 (full 0):
 garbage-first heap   total 378880K, used 342060K [0x0000000080000000, 0x0000000100000000)
  region size 1024K, 18 young (18432K), 2 survivors (2048K)
 Metaspace       used 127595K, committed 129536K, reserved 1179648K
  class space    used 17044K, committed 17984K, reserved 1048576K
}
Event: 8116.360 GC heap after
{Heap after GC invocations=150 (full 0):
 garbage-first heap   total 378880K, used 328704K [0x0000000080000000, 0x0000000100000000)
  region size 1024K, 3 young (3072K), 3 survivors (3072K)
 Metaspace       used 127595K, committed 129536K, reserved 1179648K
  class space    used 17044K, committed 17984K, reserved 1048576K
}
Event: 8116.565 GC heap before
{Heap before GC invocations=150 (full 0):
 garbage-first heap   total 378880K, used 344064K [0x0000000080000000, 0x0000000100000000)
  region size 1024K, 18 young (18432K), 3 survivors (3072K)
 Metaspace       used 127627K, committed 129600K, reserved 1179648K
  class space    used 17048K, committed 17984K, reserved 1048576K
}
Event: 8116.596 GC heap after
{Heap after GC invocations=151 (full 0):
 garbage-first heap   total 378880K, used 331224K [0x0000000080000000, 0x0000000100000000)
  region size 1024K, 3 young (3072K), 3 survivors (3072K)
 Metaspace       used 127627K, committed 129600K, reserved 1179648K
  class space    used 17048K, committed 17984K, reserved 1048576K
}
Event: 8117.137 GC heap before
{Heap before GC invocations=151 (full 0):
 garbage-first heap   total 378880K, used 346584K [0x0000000080000000, 0x0000000100000000)
  region size 1024K, 18 young (18432K), 3 survivors (3072K)
 Metaspace       used 127666K, committed 129600K, reserved 1179648K
  class space    used 17048K, committed 17984K, reserved 1048576K
}
Event: 8117.154 GC heap after
{Heap after GC invocations=152 (full 0):
 garbage-first heap   total 378880K, used 334350K [0x0000000080000000, 0x0000000100000000)
  region size 1024K, 3 young (3072K), 3 survivors (3072K)
 Metaspace       used 127666K, committed 129600K, reserved 1179648K
  class space    used 17048K, committed 17984K, reserved 1048576K
}
Event: 8120.595 GC heap before
{Heap before GC invocations=153 (full 0):
 garbage-first heap   total 563200K, used 352782K [0x0000000080000000, 0x0000000100000000)
  region size 1024K, 27 young (27648K), 3 survivors (3072K)
 Metaspace       used 126961K, committed 129600K, reserved 1179648K
  class space    used 16880K, committed 17984K, reserved 1048576K
}
Event: 8120.612 GC heap after
{Heap after GC invocations=154 (full 0):
 garbage-first heap   total 563200K, used 333449K [0x0000000080000000, 0x0000000100000000)
  region size 1024K, 4 young (4096K), 4 survivors (4096K)
 Metaspace       used 126961K, committed 129600K, reserved 1179648K
  class space    used 16880K, committed 17984K, reserved 1048576K
}
Event: 8121.264 GC heap before
{Heap before GC invocations=154 (full 0):
 garbage-first heap   total 563200K, used 357001K [0x0000000080000000, 0x0000000100000000)
  region size 1024K, 27 young (27648K), 4 survivors (4096K)
 Metaspace       used 126989K, committed 129600K, reserved 1179648K
  class space    used 16882K, committed 17984K, reserved 1048576K
}
Event: 8121.306 GC heap after
{Heap after GC invocations=155 (full 0):
 garbage-first heap   total 563200K, used 283364K [0x0000000080000000, 0x0000000100000000)
  region size 1024K, 4 young (4096K), 4 survivors (4096K)
 Metaspace       used 126989K, committed 129600K, reserved 1179648K
  class space    used 16882K, committed 17984K, reserved 1048576K
}
Event: 8121.955 GC heap before
{Heap before GC invocations=155 (full 0):
 garbage-first heap   total 563200K, used 306916K [0x0000000080000000, 0x0000000100000000)
  region size 1024K, 27 young (27648K), 4 survivors (4096K)
 Metaspace       used 127005K, committed 129600K, reserved 1179648K
  class space    used 16883K, committed 17984K, reserved 1048576K
}
Event: 8122.073 GC heap after
{Heap after GC invocations=156 (full 0):
 garbage-first heap   total 563200K, used 248293K [0x0000000080000000, 0x0000000100000000)
  region size 1024K, 4 young (4096K), 4 survivors (4096K)
 Metaspace       used 127005K, committed 129600K, reserved 1179648K
  class space    used 16883K, committed 17984K, reserved 1048576K
}
Event: 8147.183 GC heap before
{Heap before GC invocations=156 (full 0):
 garbage-first heap   total 563200K, used 271845K [0x0000000080000000, 0x0000000100000000)
  region size 1024K, 27 young (27648K), 4 survivors (4096K)
 Metaspace       used 127133K, committed 129664K, reserved 1179648K
  class space    used 16903K, committed 17984K, reserved 1048576K
}
Event: 8147.588 GC heap after
{Heap after GC invocations=157 (full 0):
 garbage-first heap   total 563200K, used 230325K [0x0000000080000000, 0x0000000100000000)
  region size 1024K, 1 young (1024K), 1 survivors (1024K)
 Metaspace       used 127133K, committed 129664K, reserved 1179648K
  class space    used 16903K, committed 17984K, reserved 1048576K
}
Event: 8236.100 GC heap before
{Heap before GC invocations=157 (full 0):
 garbage-first heap   total 563200K, used 400309K [0x0000000080000000, 0x0000000100000000)
  region size 1024K, 166 young (169984K), 1 survivors (1024K)
 Metaspace       used 127314K, committed 129664K, reserved 1179648K
  class space    used 16914K, committed 17984K, reserved 1048576K
}
Event: 8236.150 GC heap after
{Heap after GC invocations=158 (full 0):
 garbage-first heap   total 563200K, used 237698K [0x0000000080000000, 0x0000000100000000)
  region size 1024K, 9 young (9216K), 9 survivors (9216K)
 Metaspace       used 127314K, committed 129664K, reserved 1179648K
  class space    used 16914K, committed 17984K, reserved 1048576K
}

Dll operation events (15 events):
Event: 0.035 Loaded shared library C:\Program Files\Microsoft\jdk-17.0.12.7-hotspot\bin\java.dll
Event: 0.072 Loaded shared library C:\Program Files\Microsoft\jdk-17.0.12.7-hotspot\bin\jsvml.dll
Event: 0.218 Loaded shared library C:\Program Files\Microsoft\jdk-17.0.12.7-hotspot\bin\zip.dll
Event: 0.226 Loaded shared library C:\Program Files\Microsoft\jdk-17.0.12.7-hotspot\bin\instrument.dll
Event: 0.239 Loaded shared library C:\Program Files\Microsoft\jdk-17.0.12.7-hotspot\bin\net.dll
Event: 0.243 Loaded shared library C:\Program Files\Microsoft\jdk-17.0.12.7-hotspot\bin\nio.dll
Event: 0.261 Loaded shared library C:\Program Files\Microsoft\jdk-17.0.12.7-hotspot\bin\zip.dll
Event: 1.478 Loaded shared library C:\Program Files\Microsoft\jdk-17.0.12.7-hotspot\bin\jimage.dll
Event: 2.586 Loaded shared library C:\Program Files\Microsoft\jdk-17.0.12.7-hotspot\bin\verify.dll
Event: 3.048 Loaded shared library C:\Users\Abutalib\.gradle\native\c067742578af261105cb4f569cf0c3c89f3d7b1fecec35dd04571415982c5e48\windows-amd64\native-platform.dll
Event: 3.088 Loaded shared library C:\Users\Abutalib\.gradle\native\100fb08df4bc3b14c8652ba06237920a3bd2aa13389f12d3474272988ae205f9\windows-amd64\native-platform-file-events.dll
Event: 7.406 Loaded shared library C:\Program Files\Microsoft\jdk-17.0.12.7-hotspot\bin\management.dll
Event: 7.415 Loaded shared library C:\Program Files\Microsoft\jdk-17.0.12.7-hotspot\bin\management_ext.dll
Event: 8.105 Loaded shared library C:\Program Files\Microsoft\jdk-17.0.12.7-hotspot\bin\extnet.dll
Event: 9.059 Loaded shared library C:\Program Files\Microsoft\jdk-17.0.12.7-hotspot\bin\sunmscapi.dll

Deoptimization events (20 events):
Event: 8207.834 Thread 0x0000014a6916ed40 DEOPT PACKING pc=0x0000014a1125e574 sp=0x00000031b77fcf10
Event: 8207.837 Thread 0x0000014a6916ed40 DEOPT UNPACKING pc=0x0000014a104069a3 sp=0x00000031b77fced8 mode 2
Event: 8211.578 Thread 0x0000014a6916ed40 DEOPT PACKING pc=0x0000014a0af0e93e sp=0x00000031b77fd690
Event: 8211.578 Thread 0x0000014a6916ed40 DEOPT UNPACKING pc=0x0000014a10407143 sp=0x00000031b77fcb40 mode 0
Event: 8235.724 Thread 0x0000014a6916ed40 Uncommon trap: trap_request=0xffffffbe fr.pc=0x0000014a119f4064 relative=0x0000000000002cc4
Event: 8235.724 Thread 0x0000014a6916ed40 Uncommon trap: reason=profile_predicate action=maybe_recompile pc=0x0000014a119f4064 method=java.util.AbstractSet.hashCode()I @ 13 c2
Event: 8235.724 Thread 0x0000014a6916ed40 DEOPT PACKING pc=0x0000014a119f4064 sp=0x00000031b77f8740
Event: 8235.725 Thread 0x0000014a6916ed40 DEOPT UNPACKING pc=0x0000014a104069a3 sp=0x00000031b77f8628 mode 2
Event: 8235.725 Thread 0x0000014a6916ed40 Uncommon trap: trap_request=0xffffffbe fr.pc=0x0000014a119f4064 relative=0x0000000000002cc4
Event: 8235.725 Thread 0x0000014a6916ed40 Uncommon trap: reason=profile_predicate action=maybe_recompile pc=0x0000014a119f4064 method=java.util.AbstractSet.hashCode()I @ 13 c2
Event: 8235.725 Thread 0x0000014a6916ed40 DEOPT PACKING pc=0x0000014a119f4064 sp=0x00000031b77f8740
Event: 8235.725 Thread 0x0000014a6916ed40 DEOPT UNPACKING pc=0x0000014a104069a3 sp=0x00000031b77f8628 mode 2
Event: 8235.726 Thread 0x0000014a6916ed40 Uncommon trap: trap_request=0xffffffbe fr.pc=0x0000014a119f4064 relative=0x0000000000002cc4
Event: 8235.726 Thread 0x0000014a6916ed40 Uncommon trap: reason=profile_predicate action=maybe_recompile pc=0x0000014a119f4064 method=java.util.AbstractSet.hashCode()I @ 13 c2
Event: 8235.726 Thread 0x0000014a6916ed40 DEOPT PACKING pc=0x0000014a119f4064 sp=0x00000031b77f8740
Event: 8235.726 Thread 0x0000014a6916ed40 DEOPT UNPACKING pc=0x0000014a104069a3 sp=0x00000031b77f8628 mode 2
Event: 8235.726 Thread 0x0000014a6916ed40 Uncommon trap: trap_request=0xffffffbe fr.pc=0x0000014a119f4064 relative=0x0000000000002cc4
Event: 8235.726 Thread 0x0000014a6916ed40 Uncommon trap: reason=profile_predicate action=maybe_recompile pc=0x0000014a119f4064 method=java.util.AbstractSet.hashCode()I @ 13 c2
Event: 8235.726 Thread 0x0000014a6916ed40 DEOPT PACKING pc=0x0000014a119f4064 sp=0x00000031b77f8740
Event: 8235.726 Thread 0x0000014a6916ed40 DEOPT UNPACKING pc=0x0000014a104069a3 sp=0x00000031b77f8628 mode 2

Classes loaded (20 events):
Event: 248.733 Loading class java/lang/ProcessBuilder$NullInputStream
Event: 248.734 Loading class java/lang/ProcessBuilder$NullInputStream done
Event: 248.868 Loading class java/nio/channels/AsynchronousCloseException
Event: 248.868 Loading class java/nio/channels/AsynchronousCloseException done
Event: 248.871 Loading class sun/nio/ch/SocketChannelImpl$DefaultOptionsHolder
Event: 248.872 Loading class sun/nio/ch/SocketChannelImpl$DefaultOptionsHolder done
Event: 4061.315 Loading class java/net/ConnectException
Event: 4061.361 Loading class java/net/ConnectException done
Event: 4061.399 Loading class sun/net/util/SocketExceptions
Event: 4061.515 Loading class sun/net/util/SocketExceptions done
Event: 8006.208 Loading class java/util/Collections$UnmodifiableSortedMap
Event: 8006.210 Loading class java/util/Collections$UnmodifiableSortedMap done
Event: 8006.217 Loading class java/util/zip/Deflater
Event: 8006.221 Loading class java/util/zip/Deflater done
Event: 8006.223 Loading class java/util/zip/Deflater$DeflaterZStreamRef
Event: 8006.224 Loading class java/util/zip/Deflater$DeflaterZStreamRef done
Event: 8006.396 Loading class java/nio/StringCharBuffer
Event: 8006.399 Loading class java/nio/StringCharBuffer done
Event: 8006.428 Loading class java/util/stream/SortedOps$RefSortingSink
Event: 8006.430 Loading class java/util/stream/SortedOps$RefSortingSink done

Classes unloaded (20 events):
Event: 8118.932 Thread 0x0000014a1f15d2d0 Unloading class 0x0000014a211e2c00 'java/lang/invoke/LambdaForm$MH+0x0000014a211e2c00'
Event: 8118.932 Thread 0x0000014a1f15d2d0 Unloading class 0x0000014a211e2800 'java/lang/invoke/LambdaForm$MH+0x0000014a211e2800'
Event: 8118.932 Thread 0x0000014a1f15d2d0 Unloading class 0x0000014a211e2400 'java/lang/invoke/LambdaForm$MH+0x0000014a211e2400'
Event: 8118.932 Thread 0x0000014a1f15d2d0 Unloading class 0x0000014a211e2000 'java/lang/invoke/LambdaForm$MH+0x0000014a211e2000'
Event: 8118.932 Thread 0x0000014a1f15d2d0 Unloading class 0x0000014a211e1c00 'java/lang/invoke/LambdaForm$MH+0x0000014a211e1c00'
Event: 8118.932 Thread 0x0000014a1f15d2d0 Unloading class 0x0000014a211e1800 'java/lang/invoke/LambdaForm$MH+0x0000014a211e1800'
Event: 8118.932 Thread 0x0000014a1f15d2d0 Unloading class 0x0000014a211e1400 'java/lang/invoke/LambdaForm$MH+0x0000014a211e1400'
Event: 8118.932 Thread 0x0000014a1f15d2d0 Unloading class 0x0000014a211e0400 'java/lang/invoke/LambdaForm$MH+0x0000014a211e0400'
Event: 8118.932 Thread 0x0000014a1f15d2d0 Unloading class 0x0000014a211e0000 'java/lang/invoke/LambdaForm$BMH+0x0000014a211e0000'
Event: 8118.932 Thread 0x0000014a1f15d2d0 Unloading class 0x0000014a21110800 'java/lang/invoke/LambdaForm$DMH+0x0000014a21110800'
Event: 8118.932 Thread 0x0000014a1f15d2d0 Unloading class 0x0000014a21110000 'java/lang/invoke/LambdaForm$DMH+0x0000014a21110000'
Event: 8118.932 Thread 0x0000014a1f15d2d0 Unloading class 0x0000014a210e6000 'java/lang/invoke/LambdaForm$MH+0x0000014a210e6000'
Event: 8118.932 Thread 0x0000014a1f15d2d0 Unloading class 0x0000014a210e5800 'java/lang/invoke/LambdaForm$MH+0x0000014a210e5800'
Event: 8118.932 Thread 0x0000014a1f15d2d0 Unloading class 0x0000014a210e5400 'java/lang/invoke/LambdaForm$MH+0x0000014a210e5400'
Event: 8118.932 Thread 0x0000014a1f15d2d0 Unloading class 0x0000014a210e5000 'java/lang/invoke/LambdaForm$MH+0x0000014a210e5000'
Event: 8118.932 Thread 0x0000014a1f15d2d0 Unloading class 0x0000014a210e4c00 'java/lang/invoke/LambdaForm$MH+0x0000014a210e4c00'
Event: 8118.932 Thread 0x0000014a1f15d2d0 Unloading class 0x0000014a210e4400 'java/lang/invoke/LambdaForm$MH+0x0000014a210e4400'
Event: 8118.932 Thread 0x0000014a1f15d2d0 Unloading class 0x0000014a2102e800 'java/lang/invoke/LambdaForm$MH+0x0000014a2102e800'
Event: 8118.932 Thread 0x0000014a1f15d2d0 Unloading class 0x0000014a2102e400 'java/lang/invoke/LambdaForm$MH+0x0000014a2102e400'
Event: 8118.932 Thread 0x0000014a1f15d2d0 Unloading class 0x0000014a2102c000 'java/lang/invoke/LambdaForm$MH+0x0000014a2102c000'

Classes redefined (0 events):
No events

Internal exceptions (20 events):
Event: 8230.669 Thread 0x0000014a6916ed40 Exception <a 'sun/nio/fs/WindowsException'{0x000000009be371b0}> (0x000000009be371b0) 
thrown [s\src\hotspot\share\prims\jni.cpp, line 516]
Event: 8230.672 Thread 0x0000014a6916ed40 Exception <a 'sun/nio/fs/WindowsException'{0x000000009be3a1e8}> (0x000000009be3a1e8) 
thrown [s\src\hotspot\share\prims\jni.cpp, line 516]
Event: 8230.673 Thread 0x0000014a6916ed40 Exception <a 'sun/nio/fs/WindowsException'{0x000000009be3a570}> (0x000000009be3a570) 
thrown [s\src\hotspot\share\prims\jni.cpp, line 516]
Event: 8230.675 Thread 0x0000014a6916ed40 Exception <a 'sun/nio/fs/WindowsException'{0x000000009be3f550}> (0x000000009be3f550) 
thrown [s\src\hotspot\share\prims\jni.cpp, line 516]
Event: 8230.675 Thread 0x0000014a6916ed40 Exception <a 'sun/nio/fs/WindowsException'{0x000000009be3f8d8}> (0x000000009be3f8d8) 
thrown [s\src\hotspot\share\prims\jni.cpp, line 516]
Event: 8234.859 Thread 0x0000014a68ea9eb0 Exception <a 'sun/nio/fs/WindowsException'{0x000000009a34b868}> (0x000000009a34b868) 
thrown [s\src\hotspot\share\prims\jni.cpp, line 516]
Event: 8234.860 Thread 0x0000014a68ea9eb0 Exception <a 'sun/nio/fs/WindowsException'{0x000000009a34d7b8}> (0x000000009a34d7b8) 
thrown [s\src\hotspot\share\prims\jni.cpp, line 516]
Event: 8234.860 Thread 0x0000014a68ea9eb0 Exception <a 'sun/nio/fs/WindowsException'{0x000000009a34f668}> (0x000000009a34f668) 
thrown [s\src\hotspot\share\prims\jni.cpp, line 516]
Event: 8234.861 Thread 0x0000014a68ea9eb0 Exception <a 'sun/nio/fs/WindowsException'{0x000000009a3511e0}> (0x000000009a3511e0) 
thrown [s\src\hotspot\share\prims\jni.cpp, line 516]
Event: 8234.866 Thread 0x0000014a68ea9eb0 Exception <a 'sun/nio/fs/WindowsException'{0x000000009a35ab88}> (0x000000009a35ab88) 
thrown [s\src\hotspot\share\prims\jni.cpp, line 516]
Event: 8234.965 Thread 0x0000014a68ea9eb0 Exception <a 'sun/nio/fs/WindowsException'{0x0000000099ed5f10}> (0x0000000099ed5f10) 
thrown [s\src\hotspot\share\prims\jni.cpp, line 516]
Event: 8234.967 Thread 0x0000014a68ea9eb0 Exception <a 'sun/nio/fs/WindowsException'{0x0000000099ed7ed8}> (0x0000000099ed7ed8) 
thrown [s\src\hotspot\share\prims\jni.cpp, line 516]
Event: 8234.967 Thread 0x0000014a68ea9eb0 Exception <a 'sun/nio/fs/WindowsException'{0x0000000099eda060}> (0x0000000099eda060) 
thrown [s\src\hotspot\share\prims\jni.cpp, line 516]
Event: 8234.968 Thread 0x0000014a68ea9eb0 Exception <a 'sun/nio/fs/WindowsException'{0x0000000099edbc50}> (0x0000000099edbc50) 
thrown [s\src\hotspot\share\prims\jni.cpp, line 516]
Event: 8235.861 Thread 0x0000014a68ea4db0 Exception <a 'sun/nio/fs/WindowsException'{0x0000000098bd00c0}> (0x0000000098bd00c0) 
thrown [s\src\hotspot\share\prims\jni.cpp, line 516]
Event: 8235.863 Thread 0x0000014a68ea4db0 Exception <a 'sun/nio/fs/WindowsException'{0x0000000098bd2438}> (0x0000000098bd2438) 
thrown [s\src\hotspot\share\prims\jni.cpp, line 516]
Event: 8235.863 Thread 0x0000014a68ea4db0 Exception <a 'sun/nio/fs/WindowsException'{0x0000000098bd4960}> (0x0000000098bd4960) 
thrown [s\src\hotspot\share\prims\jni.cpp, line 516]
Event: 8235.864 Thread 0x0000014a68ea4db0 Exception <a 'sun/nio/fs/WindowsException'{0x0000000098bd68c0}> (0x0000000098bd68c0) 
thrown [s\src\hotspot\share\prims\jni.cpp, line 516]
Event: 8236.395 Thread 0x0000014a6916ed40 Exception <a 'sun/nio/fs/WindowsException'{0x00000000a2085398}> (0x00000000a2085398) 
thrown [s\src\hotspot\share\prims\jni.cpp, line 516]
Event: 8236.956 Thread 0x0000014a6916ed40 Exception <a 'sun/nio/fs/WindowsException'{0x00000000a1af6b88}> (0x00000000a1af6b88) 
thrown [s\src\hotspot\share\prims\jni.cpp, line 516]

VM Operations (20 events):
Event: 8207.051 Executing VM operation: Cleanup done
Event: 8208.059 Executing VM operation: Cleanup
Event: 8208.140 Executing VM operation: Cleanup done
Event: 8212.166 Executing VM operation: Cleanup
Event: 8212.166 Executing VM operation: Cleanup done
Event: 8228.268 Executing VM operation: Cleanup
Event: 8228.283 Executing VM operation: Cleanup done
Event: 8229.295 Executing VM operation: Cleanup
Event: 8229.296 Executing VM operation: Cleanup done
Event: 8230.296 Executing VM operation: Cleanup
Event: 8230.315 Executing VM operation: Cleanup done
Event: 8231.329 Executing VM operation: Cleanup
Event: 8232.175 Executing VM operation: Cleanup done
Event: 8234.198 Executing VM operation: Cleanup
Event: 8234.214 Executing VM operation: Cleanup done
Event: 8235.229 Executing VM operation: Cleanup
Event: 8235.229 Executing VM operation: Cleanup done
Event: 8236.099 Executing VM operation: G1CollectForAllocation
Event: 8236.150 Executing VM operation: G1CollectForAllocation done
Event: 8238.155 Executing VM operation: Cleanup

Events (20 events):
Event: 8235.818 Thread 0x0000014a6916e830 Thread added: 0x0000014a6916e830
Event: 8235.819 Thread 0x0000014a6916f250 Thread added: 0x0000014a6916f250
Event: 8235.820 Thread 0x0000014a6916f760 Thread added: 0x0000014a6916f760
Event: 8235.895 Thread 0x0000014a6916fc70 Thread added: 0x0000014a6916fc70
Event: 8235.895 Thread 0x0000014a6916c4c0 Thread added: 0x0000014a6916c4c0
Event: 8235.896 Thread 0x0000014a6916c9d0 Thread added: 0x0000014a6916c9d0
Event: 8235.896 Thread 0x0000014a691724f0 Thread added: 0x0000014a691724f0
Event: 8235.896 Thread 0x0000014a69172f10 Thread added: 0x0000014a69172f10
Event: 8235.897 Thread 0x0000014a69173e40 Thread added: 0x0000014a69173e40
Event: 8235.897 Thread 0x0000014a691710b0 Thread added: 0x0000014a691710b0
Event: 8236.087 Thread 0x0000014a69170690 Thread added: 0x0000014a69170690
Event: 8236.087 Thread 0x0000014a69170ba0 Thread added: 0x0000014a69170ba0
Event: 8236.088 Thread 0x0000014a69171ad0 Thread added: 0x0000014a69171ad0
Event: 8236.089 Thread 0x0000014a69172a00 Thread added: 0x0000014a69172a00
Event: 8236.089 Thread 0x0000014a69171fe0 Thread added: 0x0000014a69171fe0
Event: 8236.090 Thread 0x0000014a68cadef0 Thread added: 0x0000014a68cadef0
Event: 8236.091 Thread 0x0000014a68caf330 Thread added: 0x0000014a68caf330
Event: 8236.171 Thread 0x0000014a6b399490 Thread exited: 0x0000014a6b399490
Event: 8236.535 Thread 0x0000014a68cae910 Thread added: 0x0000014a68cae910
Event: 8237.279 Thread 0x0000014a6b399490 Thread added: 0x0000014a6b399490


Dynamic libraries:
0x00007ff6076b0000 - 0x00007ff6076be000 	C:\Program Files\Microsoft\jdk-17.0.12.7-hotspot\bin\java.exe
0x00007ff8edf40000 - 0x00007ff8ee1a6000 	C:\WINDOWS\SYSTEM32\ntdll.dll
0x00007ff8ed190000 - 0x00007ff8ed259000 	C:\WINDOWS\System32\KERNEL32.DLL
0x00007ff8eb660000 - 0x00007ff8eba2c000 	C:\WINDOWS\System32\KERNELBASE.dll
0x00007ff8eba30000 - 0x00007ff8ebb7b000 	C:\WINDOWS\System32\ucrtbase.dll
0x00007ff8cd270000 - 0x00007ff8cd28d000 	C:\Program Files\Microsoft\jdk-17.0.12.7-hotspot\bin\VCRUNTIME140.dll
0x00007ff8c3e10000 - 0x00007ff8c3e27000 	C:\Program Files\Microsoft\jdk-17.0.12.7-hotspot\bin\jli.dll
0x00007ff8ed8b0000 - 0x00007ff8eda7a000 	C:\WINDOWS\System32\USER32.dll
0x00007ff8eb370000 - 0x00007ff8eb397000 	C:\WINDOWS\System32\win32u.dll
0x00007ff8d4030000 - 0x00007ff8d42ca000 	C:\WINDOWS\WinSxS\amd64_microsoft.windows.common-controls_6595b64144ccf1df_6.0.26100.3912_none_3e07963ce335137e\COMCTL32.dll
0x00007ff8ede10000 - 0x00007ff8edeb9000 	C:\WINDOWS\System32\msvcrt.dll
0x00007ff8edec0000 - 0x00007ff8edeeb000 	C:\WINDOWS\System32\GDI32.dll
0x00007ff8eb3a0000 - 0x00007ff8eb4d2000 	C:\WINDOWS\System32\gdi32full.dll
0x00007ff8eb2c0000 - 0x00007ff8eb363000 	C:\WINDOWS\System32\msvcp_win.dll
0x00007ff8ecb50000 - 0x00007ff8ecb80000 	C:\WINDOWS\System32\IMM32.DLL
0x00007ff8d30f0000 - 0x00007ff8d30fc000 	C:\Program Files\Microsoft\jdk-17.0.12.7-hotspot\bin\vcruntime140_1.dll
0x00007ff891bd0000 - 0x00007ff891c5d000 	C:\Program Files\Microsoft\jdk-17.0.12.7-hotspot\bin\msvcp140.dll
0x00007ff85f9d0000 - 0x00007ff860640000 	C:\Program Files\Microsoft\jdk-17.0.12.7-hotspot\bin\server\jvm.dll
0x00007ff8ecb90000 - 0x00007ff8ecc42000 	C:\WINDOWS\System32\ADVAPI32.dll
0x00007ff8eca20000 - 0x00007ff8ecac6000 	C:\WINDOWS\System32\sechost.dll
0x00007ff8ecf60000 - 0x00007ff8ed076000 	C:\WINDOWS\System32\RPCRT4.dll
0x00007ff8ecad0000 - 0x00007ff8ecb44000 	C:\WINDOWS\System32\WS2_32.dll
0x00007ff8eaf20000 - 0x00007ff8eaf7e000 	C:\WINDOWS\SYSTEM32\POWRPROF.dll
0x00007ff8e41c0000 - 0x00007ff8e41f6000 	C:\WINDOWS\SYSTEM32\WINMM.dll
0x00007ff8e4c10000 - 0x00007ff8e4c1b000 	C:\WINDOWS\SYSTEM32\VERSION.dll
0x00007ff8eaf00000 - 0x00007ff8eaf14000 	C:\WINDOWS\SYSTEM32\UMPDC.dll
0x00007ff8e9e90000 - 0x00007ff8e9eaa000 	C:\WINDOWS\SYSTEM32\kernel.appcore.dll
0x00007ff8d2fb0000 - 0x00007ff8d2fba000 	C:\Program Files\Microsoft\jdk-17.0.12.7-hotspot\bin\jimage.dll
0x00007ff8de360000 - 0x00007ff8de5a1000 	C:\WINDOWS\SYSTEM32\DBGHELP.DLL
0x00007ff8eda80000 - 0x00007ff8ede04000 	C:\WINDOWS\System32\combase.dll
0x00007ff8ed080000 - 0x00007ff8ed160000 	C:\WINDOWS\System32\OLEAUT32.dll
0x00007ff8cc730000 - 0x00007ff8cc769000 	C:\WINDOWS\SYSTEM32\dbgcore.DLL
0x00007ff8eb220000 - 0x00007ff8eb2b9000 	C:\WINDOWS\System32\bcryptPrimitives.dll
0x00007ff8d0170000 - 0x00007ff8d017e000 	C:\Program Files\Microsoft\jdk-17.0.12.7-hotspot\bin\instrument.dll
0x00007ff898070000 - 0x00007ff898095000 	C:\Program Files\Microsoft\jdk-17.0.12.7-hotspot\bin\java.dll
0x00007ff887530000 - 0x00007ff887607000 	C:\Program Files\Microsoft\jdk-17.0.12.7-hotspot\bin\jsvml.dll
0x00007ff8ebf60000 - 0x00007ff8ec68d000 	C:\WINDOWS\System32\SHELL32.dll
0x00007ff8eb4e0000 - 0x00007ff8eb654000 	C:\WINDOWS\System32\wintypes.dll
0x00007ff8e8d40000 - 0x00007ff8e9596000 	C:\WINDOWS\SYSTEM32\windows.storage.dll
0x00007ff8ebd50000 - 0x00007ff8ebe3f000 	C:\WINDOWS\System32\SHCORE.dll
0x00007ff8ebe50000 - 0x00007ff8ebeb9000 	C:\WINDOWS\System32\shlwapi.dll
0x00007ff8eafe0000 - 0x00007ff8eb00f000 	C:\WINDOWS\SYSTEM32\profapi.dll
0x00007ff8b6600000 - 0x00007ff8b6618000 	C:\Program Files\Microsoft\jdk-17.0.12.7-hotspot\bin\zip.dll
0x00007ff8be190000 - 0x00007ff8be1aa000 	C:\Program Files\Microsoft\jdk-17.0.12.7-hotspot\bin\net.dll
0x00007ff8e0bb0000 - 0x00007ff8e0cce000 	C:\WINDOWS\SYSTEM32\WINHTTP.dll
0x00007ff8ea400000 - 0x00007ff8ea46a000 	C:\WINDOWS\system32\mswsock.dll
0x00007ff8b7120000 - 0x00007ff8b7136000 	C:\Program Files\Microsoft\jdk-17.0.12.7-hotspot\bin\nio.dll
0x00007ff8d2630000 - 0x00007ff8d2640000 	C:\Program Files\Microsoft\jdk-17.0.12.7-hotspot\bin\verify.dll
0x00007ff8b50e0000 - 0x00007ff8b5107000 	C:\Users\Abutalib\.gradle\native\c067742578af261105cb4f569cf0c3c89f3d7b1fecec35dd04571415982c5e48\windows-amd64\native-platform.dll
0x00007ff8857a0000 - 0x00007ff8858e4000 	C:\Users\Abutalib\.gradle\native\100fb08df4bc3b14c8652ba06237920a3bd2aa13389f12d3474272988ae205f9\windows-amd64\native-platform-file-events.dll
0x00007ff8d1870000 - 0x00007ff8d187a000 	C:\Program Files\Microsoft\jdk-17.0.12.7-hotspot\bin\management.dll
0x00007ff8d1500000 - 0x00007ff8d150b000 	C:\Program Files\Microsoft\jdk-17.0.12.7-hotspot\bin\management_ext.dll
0x00007ff8ebf50000 - 0x00007ff8ebf58000 	C:\WINDOWS\System32\PSAPI.DLL
0x00007ff8ea6a0000 - 0x00007ff8ea6bc000 	C:\WINDOWS\SYSTEM32\CRYPTSP.dll
0x00007ff8e9df0000 - 0x00007ff8e9e2a000 	C:\WINDOWS\system32\rsaenh.dll
0x00007ff8ea4a0000 - 0x00007ff8ea4cb000 	C:\WINDOWS\SYSTEM32\USERENV.dll
0x00007ff8eafb0000 - 0x00007ff8eafd6000 	C:\WINDOWS\SYSTEM32\bcrypt.dll
0x00007ff8ea6c0000 - 0x00007ff8ea6cc000 	C:\WINDOWS\SYSTEM32\CRYPTBASE.dll
0x00007ff8e98b0000 - 0x00007ff8e98e3000 	C:\WINDOWS\SYSTEM32\IPHLPAPI.DLL
0x00007ff8ed260000 - 0x00007ff8ed26a000 	C:\WINDOWS\System32\NSI.dll
0x00007ff8e0e50000 - 0x00007ff8e0e6f000 	C:\WINDOWS\SYSTEM32\dhcpcsvc6.DLL
0x00007ff8e0e20000 - 0x00007ff8e0e45000 	C:\WINDOWS\SYSTEM32\dhcpcsvc.DLL
0x00007ff8e9940000 - 0x00007ff8e9a67000 	C:\WINDOWS\SYSTEM32\DNSAPI.dll
0x00007ff8d07f0000 - 0x00007ff8d07f9000 	C:\Program Files\Microsoft\jdk-17.0.12.7-hotspot\bin\extnet.dll
0x00007ff8cf960000 - 0x00007ff8cf96e000 	C:\Program Files\Microsoft\jdk-17.0.12.7-hotspot\bin\sunmscapi.dll
0x00007ff8ebb80000 - 0x00007ff8ebcf7000 	C:\WINDOWS\System32\CRYPT32.dll
0x00007ff8ea8b0000 - 0x00007ff8ea8e0000 	C:\WINDOWS\SYSTEM32\ncrypt.dll
0x00007ff8ea860000 - 0x00007ff8ea89f000 	C:\WINDOWS\SYSTEM32\NTASN1.dll
0x00007ff8d4790000 - 0x00007ff8d4798000 	C:\WINDOWS\system32\wshunix.dll
0x00007ff8c95a0000 - 0x00007ff8c95b8000 	C:\WINDOWS\system32\napinsp.dll
0x00007ff8c4790000 - 0x00007ff8c47a2000 	C:\WINDOWS\System32\winrnr.dll
0x00007ff8c4530000 - 0x00007ff8c4560000 	C:\WINDOWS\system32\nlansp_c.dll
0x00007ff8de060000 - 0x00007ff8de080000 	C:\WINDOWS\system32\wshbth.dll
0x00007ff8e02f0000 - 0x00007ff8e02fb000 	C:\Windows\System32\rasadhlp.dll
0x00007ff8e1cc0000 - 0x00007ff8e1d46000 	C:\WINDOWS\System32\fwpuclnt.dll

dbghelp: loaded successfully - version: 4.0.5 - missing functions: none
symbol engine: initialized successfully - sym options: 0x614 - pdb path: .;C:\Program Files\Microsoft\jdk-17.0.12.7-hotspot\bin;C:\WINDOWS\SYSTEM32;C:\WINDOWS\WinSxS\amd64_microsoft.windows.common-controls_6595b64144ccf1df_6.0.26100.3912_none_3e07963ce335137e;C:\Program Files\Microsoft\jdk-17.0.12.7-hotspot\bin\server;C:\Users\Abutalib\.gradle\native\c067742578af261105cb4f569cf0c3c89f3d7b1fecec35dd04571415982c5e48\windows-amd64;C:\Users\Abutalib\.gradle\native\100fb08df4bc3b14c8652ba06237920a3bd2aa13389f12d3474272988ae205f9\windows-amd64

VM Arguments:
jvm_args: -XX:+HeapDumpOnOutOfMemoryError --add-opens=java.base/java.util=ALL-UNNAMED --add-opens=java.base/java.lang=ALL-UNNAMED --add-opens=java.base/java.lang.invoke=ALL-UNNAMED --add-opens=java.prefs/java.util.prefs=ALL-UNNAMED --add-exports=jdk.compiler/com.sun.tools.javac.api=ALL-UNNAMED --add-exports=jdk.compiler/com.sun.tools.javac.util=ALL-UNNAMED --add-opens=java.base/java.nio.charset=ALL-UNNAMED --add-opens=java.base/java.net=ALL-UNNAMED --add-opens=java.base/java.util.concurrent.atomic=ALL-UNNAMED -Xmx2048m -Dfile.encoding=UTF-8 -Duser.country=IN -Duser.language=en -Duser.variant -javaagent:C:\Users\Abutalib\.gradle\wrapper\dists\gradle-8.10.2-all\7iv73wktx1xtkvlq19urqw1wm\gradle-8.10.2\lib\agents\gradle-instrumentation-agent-8.10.2.jar 
java_command: org.gradle.launcher.daemon.bootstrap.GradleDaemon 8.10.2
java_class_path (initial): C:\Users\Abutalib\.gradle\wrapper\dists\gradle-8.10.2-all\7iv73wktx1xtkvlq19urqw1wm\gradle-8.10.2\lib\gradle-daemon-main-8.10.2.jar
Launcher Type: SUN_STANDARD

[Global flags]
     intx CICompilerCount                          = 4                                         {product} {ergonomic}
     uint ConcGCThreads                            = 2                                         {product} {ergonomic}
     uint G1ConcRefinementThreads                  = 8                                         {product} {ergonomic}
   size_t G1HeapRegionSize                         = 1048576                                   {product} {ergonomic}
    uintx GCDrainStackTargetSize                   = 64                                        {product} {ergonomic}
     bool HeapDumpOnOutOfMemoryError               = true                                   {manageable} {command line}
   size_t InitialHeapSize                          = 123731968                                 {product} {ergonomic}
   size_t MarkStackSize                            = 4194304                                   {product} {ergonomic}
   size_t MaxHeapSize                              = 2147483648                                {product} {command line}
   size_t MaxNewSize                               = 1287651328                                {product} {ergonomic}
   size_t MinHeapDeltaBytes                        = 1048576                                   {product} {ergonomic}
   size_t MinHeapSize                              = 8388608                                   {product} {ergonomic}
    uintx NonNMethodCodeHeapSize                   = 5839372                                {pd product} {ergonomic}
    uintx NonProfiledCodeHeapSize                  = 122909434                              {pd product} {ergonomic}
    uintx ProfiledCodeHeapSize                     = 122909434                              {pd product} {ergonomic}
    uintx ReservedCodeCacheSize                    = 251658240                              {pd product} {ergonomic}
     bool SegmentedCodeCache                       = true                                      {product} {ergonomic}
   size_t SoftMaxHeapSize                          = 2147483648                             {manageable} {ergonomic}
     bool UseCompressedClassPointers               = true                           {product lp64_product} {ergonomic}
     bool UseCompressedOops                        = true                           {product lp64_product} {ergonomic}
     bool UseG1GC                                  = true                                      {product} {ergonomic}
     bool UseLargePagesIndividualAllocation        = false                                  {pd product} {ergonomic}

Logging:
Log output configuration:
 #0: stdout all=warning uptime,level,tags
 #1: stderr all=off uptime,level,tags

Environment Variables:
JAVA_HOME=C:\Program Files\Microsoft\jdk-17.0.12.7-hotspot
CLASSPATH=C:\NexgenLMS\NexGenMobile\android\\gradle\wrapper\gradle-wrapper.jar
PATH=C:\NexgenLMS\NexGenMobile\node_modules\.bin;C:\NexgenLMS\node_modules\.bin;C:\node_modules\.bin;C:\Users\Abutalib\AppData\Roaming\npm\node_modules\npm\node_modules\@npmcli\run-script\lib\node-gyp-bin;C:\Program Files\Microsoft\jdk-17.0.12.7-hotspot\bin;C:\Users\Abutalib\AppData\Local\Programs\Python\Python311\Scripts\;C:\Users\Abutalib\AppData\Local\Programs\Python\Python311\;C:\Ruby32-x64\bin;C:\Program Files\Common Files\Oracle\Java\javapath;C:\Users\Abutalib\AppData\Local\Programs\Python\Python311;c:\users\abutalib\appdata\local\programs\python\python311\lib\site-packages\pip\__init__.py;C:\WINDOWS\system32;C:\WINDOWS;C:\WINDOWS\System32\OpenSSH\;C:\WINDOWS\System32\Wbem;C:\WINDOWS\System32\WindowsPowerShell\v1.0\;C:\Program Files (x86)\Yarn\bin\;C:\Program Files\Git\cmd;C:\ProgramData\chocolatey\bin;C:\php;C:\ProgramData\ComposerSetup\bin;C:\Program Files\Amazon\AWSCLIV2\;%NVM_HOME%;%NVM_SYMLINK%;C:\Program Files\nodejs\;;C:\Users\Abutalib\AppData\Local\Microsoft\WindowsApps;C:\Users\Abutalib\AppData\Local\Android\Sdk\emulator;C:\Users\Abutalib\AppData\Local\Android\Sdk\platform-tools;C:\Users\Abutalib\AppData\Local\Android\Sdk\cmdline-tools\13.0\bin;C:\java programs\Microsoft VS Code\bin;C:\Users\Abutalib\PyCharm Community Edition 2022.3\bin;;C:\MinGW\bin;C:\MinGW\bin\gcc.exe;C:\Users\Abutalib\AppData\Local\Yarn\bin;C:\Program Files\Microsoft\jdk-17.0.12.7-hotspot\bin;C:\Users\Abutalib\AppData\Local\Microsoft\WinGet\Packages\Schniz.fnm_Microsoft.Winget.Source_8wekyb3d8bbwe;C:\Users\Abutalib\AppData\Local\Android\Sdk\system-images\android-34-ext12\google_apis_playstore\x86_64;C:\Users\Abutalib\AppData\Local\nvm;C:\nvm4w\nodejs;C:\Users\Abutalib\AppData\Roaming\npm
USERNAME=Abutalib
OS=Windows_NT
PROCESSOR_IDENTIFIER=AMD64 Family 23 Model 104 Stepping 1, AuthenticAMD
TMP=C:\Users\Abutalib\AppData\Local\Temp
TEMP=C:\Users\Abutalib\AppData\Local\Temp



Periodic native trim disabled


---------------  S Y S T E M  ---------------

OS:
 Windows 11 , 64 bit Build 26100 (10.0.26100.3912)
OS uptime: 1 days 22:52 hours
Hyper-V role detected

CPU: total 8 (initial active 8) (8 cores per cpu, 2 threads per core) family 23 model 104 stepping 1 microcode 0x8608107, cx8, cmov, fxsr, ht, mmx, 3dnowpref, sse, sse2, sse3, ssse3, sse4a, sse4.1, sse4.2, popcnt, lzcnt, tsc, tscinvbit, avx, avx2, aes, clmul, bmi1, bmi2, adx, sha, fma, vzeroupper, clflush, clflushopt, hv
Processor Information for processor 0
  Max Mhz: 2600, Current Mhz: 2600, Mhz Limit: 2600
Processor Information for processor 1
  Max Mhz: 2600, Current Mhz: 2600, Mhz Limit: 2600
Processor Information for processor 2
  Max Mhz: 2600, Current Mhz: 2600, Mhz Limit: 2600
Processor Information for processor 3
  Max Mhz: 2600, Current Mhz: 2080, Mhz Limit: 2600
Processor Information for processor 4
  Max Mhz: 2600, Current Mhz: 2600, Mhz Limit: 2600
Processor Information for processor 5
  Max Mhz: 2600, Current Mhz: 2080, Mhz Limit: 2600
Processor Information for processor 6
  Max Mhz: 2600, Current Mhz: 2080, Mhz Limit: 2600
Processor Information for processor 7
  Max Mhz: 2600, Current Mhz: 2600, Mhz Limit: 2600

Memory: 4k page, system-wide physical 7502M (522M free)
TotalPageFile size 30030M (AvailPageFile size 0M)
current process WorkingSet (physical memory assigned to process): 389M, peak: 590M
current process commit charge ("private bytes"): 991M, peak: 994M

vm_info: OpenJDK 64-Bit Server VM (17.0.12+7-LTS) for windows-amd64 JRE (17.0.12+7-LTS), built on Jul 16 2024 18:11:44 by "MicrosoftCorporation" with unknown MS VC++:1939

END.
