#
# There is insufficient memory for the Java Runtime Environment to continue.
# Native memory allocation (malloc) failed to allocate 1052576 bytes. Error detail: Chunk::new
# Possible reasons:
#   The system is out of physical RAM or swap space
#   This process is running with CompressedOops enabled, and the Java Heap may be blocking the growth of the native heap
# Possible solutions:
#   Reduce memory load on the system
#   Increase physical memory or swap space
#   Check if swap backing store is full
#   Decrease Java heap size (-Xmx/-Xms)
#   Decrease number of Java threads
#   Decrease Java thread stack sizes (-Xss)
#   Set larger code cache with -XX:ReservedCodeCacheSize=
#   JVM is running with Unscaled Compressed Oops mode in which the Java heap is
#     placed in the first 4GB address space. The Java Heap base address is the
#     maximum limit for the native heap growth. Please use -XX:HeapBaseMinAddress
#     to set the Java Heap base and to place the Java Heap above 4GB virtual address.
# This output file may be truncated or incomplete.
#
#  Out of Memory Error (arena.cpp:191), pid=28600, tid=15692
#
# JRE version: OpenJDK Runtime Environment Microsoft-9889599 (17.0.12+7) (build 17.0.12+7-LTS)
# Java VM: OpenJDK 64-Bit Server VM Microsoft-9889599 (17.0.12+7-LTS, mixed mode, sharing, tiered, compressed oops, compressed class ptrs, g1 gc, windows-amd64)
# No core dump will be written. Minidumps are not enabled by default on client versions of Windows
#

---------------  S U M M A R Y ------------

Command Line: -XX:+HeapDumpOnOutOfMemoryError --add-opens=java.base/java.util=ALL-UNNAMED --add-opens=java.base/java.lang=ALL-UNNAMED --add-opens=java.base/java.lang.invoke=ALL-UNNAMED --add-opens=java.prefs/java.util.prefs=ALL-UNNAMED --add-exports=jdk.compiler/com.sun.tools.javac.api=ALL-UNNAMED --add-exports=jdk.compiler/com.sun.tools.javac.util=ALL-UNNAMED --add-opens=java.base/java.nio.charset=ALL-UNNAMED --add-opens=java.base/java.net=ALL-UNNAMED --add-opens=java.base/java.util.concurrent.atomic=ALL-UNNAMED -Xmx2048m -Dfile.encoding=UTF-8 -Duser.country=IN -Duser.language=en -Duser.variant -javaagent:C:\Users\Abutalib\.gradle\wrapper\dists\gradle-8.10.2-all\7iv73wktx1xtkvlq19urqw1wm\gradle-8.10.2\lib\agents\gradle-instrumentation-agent-8.10.2.jar org.gradle.launcher.daemon.bootstrap.GradleDaemon 8.10.2

Host: AMD Ryzen 3 5300U with Radeon Graphics         , 8 cores, 7G,  Windows 11 , 64 bit Build 26100 (10.0.26100.3912)
Time: Sun May 25 01:00:28 2025 India Standard Time elapsed time: 5702.940955 seconds (0d 1h 35m 2s)

---------------  T H R E A D  ---------------

Current thread (0x00000285f755c370):  JavaThread "C2 CompilerThread0" daemon [_thread_in_native, id=15692, stack(0x000000c1cdf00000,0x000000c1ce000000)]


Current CompileTask:
C2:5702941 29694   !   4       java.net.URLClassLoader$1::run (81 bytes)

Stack: [0x000000c1cdf00000,0x000000c1ce000000]
Native frames: (J=compiled Java code, j=interpreted, Vv=VM code, C=native code)
V  [jvm.dll+0x686d99]
V  [jvm.dll+0x83daf8]
V  [jvm.dll+0x83f5a3]
V  [jvm.dll+0x83fc13]
V  [jvm.dll+0x2492ef]
V  [jvm.dll+0xad0a4]
V  [jvm.dll+0xad73c]
V  [jvm.dll+0x2b09af]
V  [jvm.dll+0x58d829]
V  [jvm.dll+0x223592]
V  [jvm.dll+0x22398f]
V  [jvm.dll+0x21c740]
V  [jvm.dll+0x21986b]
V  [jvm.dll+0x1a53e6]
V  [jvm.dll+0x229faa]
V  [jvm.dll+0x2280fb]
V  [jvm.dll+0x7f3508]
V  [jvm.dll+0x7ed87c]
V  [jvm.dll+0x685c77]
C  [ucrtbase.dll+0x37b0]
C  [KERNEL32.DLL+0x2e8d7]
C  [ntdll.dll+0x9c5dc]


---------------  P R O C E S S  ---------------

Threads class SMR info:
_java_thread_list=0x00000285c198e620, length=153, elements={
0x00000285d9721680, 0x00000285f7538f70, 0x00000285f753a5b0, 0x00000285f75505f0,
0x00000285f7552ed0, 0x00000285f75537a0, 0x00000285f7554070, 0x00000285f755c370,
0x00000285f756cf10, 0x00000285f75898f0, 0x00000285f7526530, 0x00000285f7da4ad0,
0x00000285f7d71430, 0x00000285f7d61f20, 0x00000285f7e00040, 0x00000285fcba04f0,
0x00000285fcba1e40, 0x00000285fcb9e690, 0x00000285f7e731c0, 0x00000285f7e73be0,
0x00000285f7e75f50, 0x00000285f7e76970, 0x00000285fdf98bb0, 0x00000285ff2c7300,
0x00000285ff2c7d20, 0x00000285c222a540, 0x00000285c222dcf0, 0x00000285c222d7e0,
0x00000285c2230f90, 0x00000285c2230a80, 0x00000285ca16b9a0, 0x00000285ca170080,
0x00000285ca170590, 0x00000285fcba1930, 0x00000285c222d2d0, 0x00000285c222fb50,
0x00000285fdf93ab0, 0x00000285fdf93fc0, 0x00000285ff67f0a0, 0x00000285ff681920,
0x00000285ff67fac0, 0x00000285cb756310, 0x00000285cb7558f0, 0x00000285cb757c60,
0x00000285cb754ed0, 0x00000285cb757240, 0x00000285cb7544b0, 0x00000285cb7553e0,
0x00000285cb756820, 0x00000285cb758170, 0x00000285cb7549c0, 0x00000285cb759fd0,
0x00000285cb758680, 0x00000285cb7590a0, 0x00000285cb75a4e0, 0x00000285cb75be30,
0x00000285cb758b90, 0x00000285cb759ac0, 0x00000285cb75a9f0, 0x00000285cb75af00,
0x00000285cb75b410, 0x00000285cb75b920, 0x00000285fdf949e0, 0x00000285fdf91c50,
0x00000285fdf935a0, 0x00000285fdf95910, 0x00000285fdf94ef0, 0x00000285fdf92160,
0x00000285fdf944d0, 0x00000285fdf95400, 0x00000285fdf95e20, 0x00000285fdf92670,
0x00000285fdf93090, 0x00000285fdf96330, 0x00000285fdf92b80, 0x00000285fdf96d50,
0x00000285fdf990c0, 0x00000285fdf96840, 0x00000285fdf97260, 0x00000285fdf97770,
0x00000285fdf97c80, 0x00000285fdf98190, 0x00000285fdf986a0, 0x00000285fc06fd00,
0x00000285fc06d990, 0x00000285fc06f7f0, 0x00000285fc06c550, 0x00000285fc06ca60,
0x00000285fc06e8c0, 0x00000285fc06edd0, 0x00000285fc06d480, 0x00000285fc070720,
0x00000285fc06f2e0, 0x00000285fc06cf70, 0x00000285fc06e3b0, 0x00000285fc070c30,
0x00000285fc071650, 0x00000285fc071140, 0x00000285fc06dea0, 0x00000285fc071b60,
0x00000285fc072a90, 0x00000285fc072fa0, 0x00000285fc0739c0, 0x00000285fc073ed0,
0x00000285ff67c820, 0x00000285ff67a4b0, 0x00000285ff67aed0, 0x00000285ff679fa0,
0x00000285ff67d750, 0x00000285ff67b3e0, 0x00000285ff67e170, 0x00000285ff67e680,
0x00000285ff67dc60, 0x00000285ff67c310, 0x00000285ff67eb90, 0x00000285ff67cd30,
0x00000285ff67f5b0, 0x00000285ff67d240, 0x00000285ff6804e0, 0x00000285ff67ffd0,
0x00000285ff6809f0, 0x00000285ff680f00, 0x00000285ff681410, 0x00000285ff2c0dc0,
0x00000285ff2c17e0, 0x00000285ff2c2200, 0x00000285ff2c4060, 0x00000285ff2c08b0,
0x00000285ff2c2c20, 0x00000285ff2c1cf0, 0x00000285ff2c4a80, 0x00000285ff2c4570,
0x00000285ff2c3640, 0x00000285ff2c3130, 0x00000285ff2c12d0, 0x00000285ff2c4f90,
0x00000285ff2c68e0, 0x00000285ff2c54a0, 0x00000285ff2c59b0, 0x00000285ff2c3b50,
0x00000285ff2c5ec0, 0x00000285ff2c63d0, 0x00000285ca16f660, 0x00000285ca16cde0,
0x00000285ca16d800, 0x00000285ca16dd10, 0x00000285ca16beb0, 0x00000285ca170fb0,
0x00000285f7e75020, 0x00000285f7e75a40, 0x00000285f7e74b10, 0x00000285f7e76e80,
0x00000285f7e736d0
}

Java Threads: ( => current thread )
  0x00000285d9721680 JavaThread "main" [_thread_blocked, id=24196, stack(0x000000c1cd200000,0x000000c1cd300000)]
  0x00000285f7538f70 JavaThread "Reference Handler" daemon [_thread_blocked, id=28360, stack(0x000000c1cd900000,0x000000c1cda00000)]
  0x00000285f753a5b0 JavaThread "Finalizer" daemon [_thread_blocked, id=3876, stack(0x000000c1cda00000,0x000000c1cdb00000)]
  0x00000285f75505f0 JavaThread "Signal Dispatcher" daemon [_thread_blocked, id=23904, stack(0x000000c1cdb00000,0x000000c1cdc00000)]
  0x00000285f7552ed0 JavaThread "Attach Listener" daemon [_thread_blocked, id=20484, stack(0x000000c1cdc00000,0x000000c1cdd00000)]
  0x00000285f75537a0 JavaThread "Service Thread" daemon [_thread_blocked, id=27400, stack(0x000000c1cdd00000,0x000000c1cde00000)]
  0x00000285f7554070 JavaThread "Monitor Deflation Thread" daemon [_thread_blocked, id=13716, stack(0x000000c1cde00000,0x000000c1cdf00000)]
=>0x00000285f755c370 JavaThread "C2 CompilerThread0" daemon [_thread_in_native, id=15692, stack(0x000000c1cdf00000,0x000000c1ce000000)]
  0x00000285f756cf10 JavaThread "C1 CompilerThread0" daemon [_thread_blocked, id=14204, stack(0x000000c1ce000000,0x000000c1ce100000)]
  0x00000285f75898f0 JavaThread "Sweeper thread" daemon [_thread_blocked, id=12392, stack(0x000000c1ce100000,0x000000c1ce200000)]
  0x00000285f7526530 JavaThread "Common-Cleaner" daemon [_thread_blocked, id=16644, stack(0x000000c1ce200000,0x000000c1ce300000)]
  0x00000285f7da4ad0 JavaThread "Notification Thread" daemon [_thread_blocked, id=28000, stack(0x000000c1ce300000,0x000000c1ce400000)]
  0x00000285f7d71430 JavaThread "Daemon health stats" [_thread_blocked, id=23036, stack(0x000000c1cea00000,0x000000c1ceb00000)]
  0x00000285f7d61f20 JavaThread "Incoming local TCP Connector on port 59473" [_thread_in_native, id=25844, stack(0x000000c1ce900000,0x000000c1cea00000)]
  0x00000285f7e00040 JavaThread "Daemon periodic checks" [_thread_blocked, id=23476, stack(0x000000c1ceb00000,0x000000c1cec00000)]
  0x00000285fcba04f0 JavaThread "Cache worker for journal cache (C:\Users\Abutalib\.gradle\caches\journal-1)" [_thread_blocked, id=17480, stack(0x000000c1cf300000,0x000000c1cf400000)]
  0x00000285fcba1e40 JavaThread "File lock request listener" [_thread_in_native, id=26492, stack(0x000000c1cf400000,0x000000c1cf500000)]
  0x00000285fcb9e690 JavaThread "Cache worker for file hash cache (C:\Users\Abutalib\.gradle\caches\8.10.2\fileHashes)" [_thread_blocked, id=10892, stack(0x000000c1cf500000,0x000000c1cf600000)]
  0x00000285f7e731c0 JavaThread "File watcher server" daemon [_thread_in_native, id=2040, stack(0x000000c1cfc00000,0x000000c1cfd00000)]
  0x00000285f7e73be0 JavaThread "File watcher consumer" daemon [_thread_blocked, id=23240, stack(0x000000c1cfd00000,0x000000c1cfe00000)]
  0x00000285f7e75f50 JavaThread "Cache worker for file content cache (C:\Users\Abutalib\.gradle\caches\8.10.2\fileContent)" [_thread_blocked, id=15636, stack(0x000000c1cff00000,0x000000c1d0000000)]
  0x00000285f7e76970 JavaThread "jar transforms" [_thread_blocked, id=19504, stack(0x000000c1d0200000,0x000000c1d0300000)]
  0x00000285fdf98bb0 JavaThread "Memory manager" [_thread_blocked, id=10112, stack(0x000000c1d2000000,0x000000c1d2100000)]
  0x00000285ff2c7300 JavaThread "jar transforms Thread 2" [_thread_blocked, id=7204, stack(0x000000c1d6200000,0x000000c1d6300000)]
  0x00000285ff2c7d20 JavaThread "jar transforms Thread 3" [_thread_blocked, id=576, stack(0x000000c1d0500000,0x000000c1d0600000)]
  0x00000285c222a540 JavaThread "jar transforms Thread 4" [_thread_blocked, id=25508, stack(0x000000c1d6500000,0x000000c1d6600000)]
  0x00000285c222dcf0 JavaThread "jar transforms Thread 5" [_thread_blocked, id=23568, stack(0x000000c1d6600000,0x000000c1d6700000)]
  0x00000285c222d7e0 JavaThread "jar transforms Thread 6" [_thread_blocked, id=28436, stack(0x000000c1d6700000,0x000000c1d6800000)]
  0x00000285c2230f90 JavaThread "jar transforms Thread 7" [_thread_blocked, id=1920, stack(0x000000c1d6b00000,0x000000c1d6c00000)]
  0x00000285c2230a80 JavaThread "jar transforms Thread 8" [_thread_blocked, id=16756, stack(0x000000c1d6c00000,0x000000c1d6d00000)]
  0x00000285ca16b9a0 JavaThread "pool-3-thread-1" [_thread_blocked, id=21640, stack(0x000000c1d6f00000,0x000000c1d7000000)]
  0x00000285ca170080 JavaThread "Monitor" [_thread_in_native, id=7356, stack(0x000000c1d7300000,0x000000c1d7400000)]
  0x00000285ca170590 JavaThread "Device List Monitor" [_thread_in_native, id=6640, stack(0x000000c1d7400000,0x000000c1d7500000)]
  0x00000285fcba1930 JavaThread "pool-6-thread-1" [_thread_blocked, id=26636, stack(0x000000c1d6d00000,0x000000c1d6e00000)]
  0x00000285c222d2d0 JavaThread "pool-9-thread-1" [_thread_blocked, id=12816, stack(0x000000c1d7500000,0x000000c1d7600000)]
  0x00000285c222fb50 JavaThread "pool-12-thread-1" [_thread_blocked, id=21536, stack(0x000000c1d7600000,0x000000c1d7700000)]
  0x00000285fdf93ab0 JavaThread "Daemon Thread 5" [_thread_blocked, id=27640, stack(0x000000c1ccf00000,0x000000c1cd000000)]
  0x00000285fdf93fc0 JavaThread "Daemon worker Thread 5" [_thread_blocked, id=24808, stack(0x000000c1cec00000,0x000000c1ced00000)]
  0x00000285ff67f0a0 JavaThread "ForkJoinPool.commonPool-worker-32" daemon [_thread_blocked, id=10032, stack(0x000000c1d1800000,0x000000c1d1900000)]
  0x00000285ff681920 JavaThread "ForkJoinPool.commonPool-worker-35" daemon [_thread_blocked, id=13976, stack(0x000000c1d1b00000,0x000000c1d1c00000)]
  0x00000285ff67fac0 JavaThread "ForkJoinPool.commonPool-worker-36" daemon [_thread_blocked, id=2548, stack(0x000000c1d1c00000,0x000000c1d1d00000)]
  0x00000285cb756310 JavaThread "pool-15-thread-1" [_thread_blocked, id=17636, stack(0x000000c1d7700000,0x000000c1d7800000)]
  0x00000285cb7558f0 JavaThread "Handler for socket connection from /127.0.0.1:59473 to /127.0.0.1:59385" [_thread_in_native, id=4444, stack(0x000000c1cd000000,0x000000c1cd100000)]
  0x00000285cb757c60 JavaThread "Cancel handler" [_thread_blocked, id=21688, stack(0x000000c1cd100000,0x000000c1cd200000)]
  0x00000285cb754ed0 JavaThread "Asynchronous log dispatcher for DefaultDaemonConnection: socket connection from /127.0.0.1:59473 to /127.0.0.1:59385" [_thread_blocked, id=8040, stack(0x000000c1cee00000,0x000000c1cef00000)]
  0x00000285cb757240 JavaThread "Stdin handler" [_thread_blocked, id=16460, stack(0x000000c1cef00000,0x000000c1cf000000)]
  0x00000285cb7544b0 JavaThread "Daemon client event forwarder" [_thread_blocked, id=14856, stack(0x000000c1cf000000,0x000000c1cf100000)]
  0x00000285cb7553e0 JavaThread "Cache worker for file hash cache (C:\NexgenLMS\NexGenMobile\android\.gradle\8.10.2\fileHashes)" [_thread_blocked, id=16008, stack(0x000000c1cf100000,0x000000c1cf200000)]
  0x00000285cb756820 JavaThread "Cache worker for Build Output Cleanup Cache (C:\NexgenLMS\NexGenMobile\android\.gradle\buildOutputCleanup)" [_thread_blocked, id=23004, stack(0x000000c1cf200000,0x000000c1cf300000)]
  0x00000285cb758170 JavaThread "Cache worker for checksums cache (C:\NexgenLMS\NexGenMobile\android\.gradle\8.10.2\checksums)" [_thread_blocked, id=1928, stack(0x000000c1cf900000,0x000000c1cfa00000)]
  0x00000285cb7549c0 JavaThread "Cache worker for cache directory md-rule (C:\Users\Abutalib\.gradle\caches\8.10.2\md-rule)" [_thread_blocked, id=4248, stack(0x000000c1cfa00000,0x000000c1cfb00000)]
  0x00000285cb759fd0 JavaThread "Cache worker for cache directory md-supplier (C:\Users\Abutalib\.gradle\caches\8.10.2\md-supplier)" [_thread_blocked, id=26916, stack(0x000000c1cfe00000,0x000000c1cff00000)]
  0x00000285cb758680 JavaThread "Cache worker for Build Output Cleanup Cache (C:\NexgenLMS\NexGenMobile\node_modules\@react-native\gradle-plugin\.gradle\buildOutputCleanup)" [_thread_blocked, id=17344, stack(0x000000c1d0000000,0x000000c1d0100000)]
  0x00000285cb7590a0 JavaThread "Unconstrained build operations" [_thread_blocked, id=27692, stack(0x000000c1d0100000,0x000000c1d0200000)]
  0x00000285cb75a4e0 JavaThread "Unconstrained build operations Thread 2" [_thread_blocked, id=13000, stack(0x000000c1d0400000,0x000000c1d0500000)]
  0x00000285cb75be30 JavaThread "Unconstrained build operations Thread 3" [_thread_blocked, id=22772, stack(0x000000c1d0600000,0x000000c1d0700000)]
  0x00000285cb758b90 JavaThread "Unconstrained build operations Thread 4" [_thread_blocked, id=20620, stack(0x000000c1d0700000,0x000000c1d0800000)]
  0x00000285cb759ac0 JavaThread "Unconstrained build operations Thread 5" [_thread_blocked, id=15656, stack(0x000000c1d0800000,0x000000c1d0900000)]
  0x00000285cb75a9f0 JavaThread "Unconstrained build operations Thread 6" [_thread_blocked, id=15292, stack(0x000000c1d0900000,0x000000c1d0a00000)]
  0x00000285cb75af00 JavaThread "Unconstrained build operations Thread 7" [_thread_blocked, id=9688, stack(0x000000c1d0a00000,0x000000c1d0b00000)]
  0x00000285cb75b410 JavaThread "Unconstrained build operations Thread 8" [_thread_blocked, id=19308, stack(0x000000c1d0b00000,0x000000c1d0c00000)]
  0x00000285cb75b920 JavaThread "Unconstrained build operations Thread 9" [_thread_blocked, id=4220, stack(0x000000c1d0c00000,0x000000c1d0d00000)]
  0x00000285fdf949e0 JavaThread "Unconstrained build operations Thread 10" [_thread_blocked, id=3628, stack(0x000000c1d0d00000,0x000000c1d0e00000)]
  0x00000285fdf91c50 JavaThread "Unconstrained build operations Thread 11" [_thread_blocked, id=28232, stack(0x000000c1d0e00000,0x000000c1d0f00000)]
  0x00000285fdf935a0 JavaThread "Unconstrained build operations Thread 12" [_thread_blocked, id=12068, stack(0x000000c1d0f00000,0x000000c1d1000000)]
  0x00000285fdf95910 JavaThread "Unconstrained build operations Thread 13" [_thread_blocked, id=22824, stack(0x000000c1d1000000,0x000000c1d1100000)]
  0x00000285fdf94ef0 JavaThread "Unconstrained build operations Thread 14" [_thread_blocked, id=26328, stack(0x000000c1d1100000,0x000000c1d1200000)]
  0x00000285fdf92160 JavaThread "Unconstrained build operations Thread 15" [_thread_blocked, id=27828, stack(0x000000c1d1200000,0x000000c1d1300000)]
  0x00000285fdf944d0 JavaThread "Unconstrained build operations Thread 16" [_thread_blocked, id=18604, stack(0x000000c1d1300000,0x000000c1d1400000)]
  0x00000285fdf95400 JavaThread "Unconstrained build operations Thread 17" [_thread_blocked, id=11468, stack(0x000000c1d1400000,0x000000c1d1500000)]
  0x00000285fdf95e20 JavaThread "Unconstrained build operations Thread 18" [_thread_blocked, id=28368, stack(0x000000c1d1500000,0x000000c1d1600000)]
  0x00000285fdf92670 JavaThread "build event listener" [_thread_blocked, id=3588, stack(0x000000c1d1600000,0x000000c1d1700000)]
  0x00000285fdf93090 JavaThread "ForkJoinPool.commonPool-worker-39" daemon [_thread_blocked, id=19832, stack(0x000000c1ced00000,0x000000c1cee00000)]
  0x00000285fdf96330 JavaThread "ForkJoinPool.commonPool-worker-37" daemon [_thread_blocked, id=26816, stack(0x000000c1d1700000,0x000000c1d1800000)]
  0x00000285fdf92b80 JavaThread "ForkJoinPool.commonPool-worker-38" daemon [_thread_blocked, id=21224, stack(0x000000c1d1900000,0x000000c1d1a00000)]
  0x00000285fdf96d50 JavaThread "ForkJoinPool.commonPool-worker-40" daemon [_thread_blocked, id=27572, stack(0x000000c1d1a00000,0x000000c1d1b00000)]
  0x00000285fdf990c0 JavaThread "included builds" [_thread_blocked, id=15892, stack(0x000000c1d1d00000,0x000000c1d1e00000)]
  0x00000285fdf96840 JavaThread "Execution worker" [_thread_blocked, id=18152, stack(0x000000c1d1e00000,0x000000c1d1f00000)]
  0x00000285fdf97260 JavaThread "Execution worker Thread 2" [_thread_blocked, id=27772, stack(0x000000c1d1f00000,0x000000c1d2000000)]
  0x00000285fdf97770 JavaThread "Execution worker Thread 3" [_thread_blocked, id=18900, stack(0x000000c1d2100000,0x000000c1d2200000)]
  0x00000285fdf97c80 JavaThread "Execution worker Thread 4" [_thread_blocked, id=19328, stack(0x000000c1d2200000,0x000000c1d2300000)]
  0x00000285fdf98190 JavaThread "Execution worker Thread 5" [_thread_blocked, id=22724, stack(0x000000c1d2300000,0x000000c1d2400000)]
  0x00000285fdf986a0 JavaThread "Execution worker Thread 6" [_thread_blocked, id=21956, stack(0x000000c1d2400000,0x000000c1d2500000)]
  0x00000285fc06fd00 JavaThread "Execution worker Thread 7" [_thread_blocked, id=20432, stack(0x000000c1d2500000,0x000000c1d2600000)]
  0x00000285fc06d990 JavaThread "Cache worker for execution history cache (C:\NexgenLMS\NexGenMobile\node_modules\@react-native\gradle-plugin\.gradle\8.10.2\executionHistory)" [_thread_blocked, id=13012, stack(0x000000c1d2600000,0x000000c1d2700000)]
  0x00000285fc06f7f0 JavaThread "Unconstrained build operations Thread 19" [_thread_blocked, id=26944, stack(0x000000c1d2700000,0x000000c1d2800000)]
  0x00000285fc06c550 JavaThread "Unconstrained build operations Thread 20" [_thread_blocked, id=28528, stack(0x000000c1d2800000,0x000000c1d2900000)]
  0x00000285fc06ca60 JavaThread "Unconstrained build operations Thread 21" [_thread_blocked, id=22872, stack(0x000000c1d2900000,0x000000c1d2a00000)]
  0x00000285fc06e8c0 JavaThread "Unconstrained build operations Thread 22" [_thread_blocked, id=24108, stack(0x000000c1d2a00000,0x000000c1d2b00000)]
  0x00000285fc06edd0 JavaThread "Unconstrained build operations Thread 23" [_thread_blocked, id=17368, stack(0x000000c1d2b00000,0x000000c1d2c00000)]
  0x00000285fc06d480 JavaThread "Unconstrained build operations Thread 24" [_thread_blocked, id=26200, stack(0x000000c1d2c00000,0x000000c1d2d00000)]
  0x00000285fc070720 JavaThread "Unconstrained build operations Thread 25" [_thread_blocked, id=16024, stack(0x000000c1d2d00000,0x000000c1d2e00000)]
  0x00000285fc06f2e0 JavaThread "Unconstrained build operations Thread 26" [_thread_blocked, id=20360, stack(0x000000c1d2e00000,0x000000c1d2f00000)]
  0x00000285fc06cf70 JavaThread "Unconstrained build operations Thread 27" [_thread_blocked, id=24132, stack(0x000000c1d2f00000,0x000000c1d3000000)]
  0x00000285fc06e3b0 JavaThread "Unconstrained build operations Thread 28" [_thread_blocked, id=6300, stack(0x000000c1d3000000,0x000000c1d3100000)]
  0x00000285fc070c30 JavaThread "Unconstrained build operations Thread 29" [_thread_blocked, id=14688, stack(0x000000c1d3100000,0x000000c1d3200000)]
  0x00000285fc071650 JavaThread "Unconstrained build operations Thread 30" [_thread_blocked, id=27644, stack(0x000000c1d3200000,0x000000c1d3300000)]
  0x00000285fc071140 JavaThread "Unconstrained build operations Thread 31" [_thread_blocked, id=20268, stack(0x000000c1d3300000,0x000000c1d3400000)]
  0x00000285fc06dea0 JavaThread "Unconstrained build operations Thread 32" [_thread_blocked, id=22460, stack(0x000000c1d3400000,0x000000c1d3500000)]
  0x00000285fc071b60 JavaThread "Unconstrained build operations Thread 33" [_thread_blocked, id=19564, stack(0x000000c1d3500000,0x000000c1d3600000)]
  0x00000285fc072a90 JavaThread "Unconstrained build operations Thread 34" [_thread_blocked, id=14672, stack(0x000000c1d3600000,0x000000c1d3700000)]
  0x00000285fc072fa0 JavaThread "Unconstrained build operations Thread 35" [_thread_blocked, id=14160, stack(0x000000c1d3700000,0x000000c1d3800000)]
  0x00000285fc0739c0 JavaThread "Unconstrained build operations Thread 36" [_thread_blocked, id=11168, stack(0x000000c1d3800000,0x000000c1d3900000)]
  0x00000285fc073ed0 JavaThread "Unconstrained build operations Thread 37" [_thread_blocked, id=28168, stack(0x000000c1d3900000,0x000000c1d3a00000)]
  0x00000285ff67c820 JavaThread "Unconstrained build operations Thread 38" [_thread_blocked, id=21668, stack(0x000000c1d3a00000,0x000000c1d3b00000)]
  0x00000285ff67a4b0 JavaThread "Unconstrained build operations Thread 39" [_thread_blocked, id=13540, stack(0x000000c1d3b00000,0x000000c1d3c00000)]
  0x00000285ff67aed0 JavaThread "Unconstrained build operations Thread 40" [_thread_blocked, id=25056, stack(0x000000c1d3c00000,0x000000c1d3d00000)]
  0x00000285ff679fa0 JavaThread "Unconstrained build operations Thread 41" [_thread_blocked, id=5460, stack(0x000000c1d3d00000,0x000000c1d3e00000)]
  0x00000285ff67d750 JavaThread "Unconstrained build operations Thread 42" [_thread_blocked, id=22512, stack(0x000000c1d3e00000,0x000000c1d3f00000)]
  0x00000285ff67b3e0 JavaThread "Unconstrained build operations Thread 43" [_thread_blocked, id=27760, stack(0x000000c1d4000000,0x000000c1d4100000)]
  0x00000285ff67e170 JavaThread "Unconstrained build operations Thread 44" [_thread_blocked, id=9836, stack(0x000000c1d4100000,0x000000c1d4200000)]
  0x00000285ff67e680 JavaThread "Unconstrained build operations Thread 45" [_thread_blocked, id=20132, stack(0x000000c1d4200000,0x000000c1d4300000)]
  0x00000285ff67dc60 JavaThread "Unconstrained build operations Thread 46" [_thread_blocked, id=17768, stack(0x000000c1d4300000,0x000000c1d4400000)]
  0x00000285ff67c310 JavaThread "Unconstrained build operations Thread 47" [_thread_blocked, id=15624, stack(0x000000c1d4400000,0x000000c1d4500000)]
  0x00000285ff67eb90 JavaThread "Unconstrained build operations Thread 48" [_thread_blocked, id=12956, stack(0x000000c1d4500000,0x000000c1d4600000)]
  0x00000285ff67cd30 JavaThread "Unconstrained build operations Thread 49" [_thread_blocked, id=26820, stack(0x000000c1d4600000,0x000000c1d4700000)]
  0x00000285ff67f5b0 JavaThread "Unconstrained build operations Thread 50" [_thread_blocked, id=20504, stack(0x000000c1d4700000,0x000000c1d4800000)]
  0x00000285ff67d240 JavaThread "Unconstrained build operations Thread 51" [_thread_blocked, id=16640, stack(0x000000c1d4800000,0x000000c1d4900000)]
  0x00000285ff6804e0 JavaThread "Unconstrained build operations Thread 52" [_thread_blocked, id=25388, stack(0x000000c1d4900000,0x000000c1d4a00000)]
  0x00000285ff67ffd0 JavaThread "Unconstrained build operations Thread 53" [_thread_blocked, id=9952, stack(0x000000c1d4a00000,0x000000c1d4b00000)]
  0x00000285ff6809f0 JavaThread "Unconstrained build operations Thread 54" [_thread_blocked, id=13564, stack(0x000000c1d4b00000,0x000000c1d4c00000)]
  0x00000285ff680f00 JavaThread "Unconstrained build operations Thread 55" [_thread_blocked, id=8176, stack(0x000000c1d4c00000,0x000000c1d4d00000)]
  0x00000285ff681410 JavaThread "Unconstrained build operations Thread 56" [_thread_blocked, id=20604, stack(0x000000c1d4d00000,0x000000c1d4e00000)]
  0x00000285ff2c0dc0 JavaThread "Unconstrained build operations Thread 57" [_thread_blocked, id=13856, stack(0x000000c1d4e00000,0x000000c1d4f00000)]
  0x00000285ff2c17e0 JavaThread "Unconstrained build operations Thread 58" [_thread_blocked, id=11056, stack(0x000000c1d4f00000,0x000000c1d5000000)]
  0x00000285ff2c2200 JavaThread "Unconstrained build operations Thread 59" [_thread_blocked, id=18212, stack(0x000000c1d5000000,0x000000c1d5100000)]
  0x00000285ff2c4060 JavaThread "Unconstrained build operations Thread 60" [_thread_blocked, id=1324, stack(0x000000c1d5100000,0x000000c1d5200000)]
  0x00000285ff2c08b0 JavaThread "Unconstrained build operations Thread 61" [_thread_blocked, id=8572, stack(0x000000c1d5200000,0x000000c1d5300000)]
  0x00000285ff2c2c20 JavaThread "Unconstrained build operations Thread 62" [_thread_blocked, id=9076, stack(0x000000c1d5300000,0x000000c1d5400000)]
  0x00000285ff2c1cf0 JavaThread "Unconstrained build operations Thread 63" [_thread_blocked, id=26256, stack(0x000000c1d5400000,0x000000c1d5500000)]
  0x00000285ff2c4a80 JavaThread "build event listener" [_thread_blocked, id=22760, stack(0x000000c1d5500000,0x000000c1d5600000)]
  0x00000285ff2c4570 JavaThread "Unconstrained build operations Thread 64" [_thread_blocked, id=28564, stack(0x000000c1d5600000,0x000000c1d5700000)]
  0x00000285ff2c3640 JavaThread "Unconstrained build operations Thread 65" [_thread_blocked, id=26684, stack(0x000000c1d5700000,0x000000c1d5800000)]
  0x00000285ff2c3130 JavaThread "Unconstrained build operations Thread 66" [_thread_blocked, id=26364, stack(0x000000c1d5800000,0x000000c1d5900000)]
  0x00000285ff2c12d0 JavaThread "Unconstrained build operations Thread 67" [_thread_blocked, id=26456, stack(0x000000c1d5900000,0x000000c1d5a00000)]
  0x00000285ff2c4f90 JavaThread "Unconstrained build operations Thread 68" [_thread_blocked, id=26720, stack(0x000000c1d5a00000,0x000000c1d5b00000)]
  0x00000285ff2c68e0 JavaThread "Unconstrained build operations Thread 69" [_thread_blocked, id=15632, stack(0x000000c1d5b00000,0x000000c1d5c00000)]
  0x00000285ff2c54a0 JavaThread "Unconstrained build operations Thread 70" [_thread_blocked, id=13188, stack(0x000000c1d5c00000,0x000000c1d5d00000)]
  0x00000285ff2c59b0 JavaThread "Unconstrained build operations Thread 71" [_thread_blocked, id=22960, stack(0x000000c1d5d00000,0x000000c1d5e00000)]
  0x00000285ff2c3b50 JavaThread "Unconstrained build operations Thread 72" [_thread_blocked, id=22608, stack(0x000000c1d5e00000,0x000000c1d5f00000)]
  0x00000285ff2c5ec0 JavaThread "Unconstrained build operations Thread 73" [_thread_blocked, id=8260, stack(0x000000c1d5f00000,0x000000c1d6000000)]
  0x00000285ff2c63d0 JavaThread "Unconstrained build operations Thread 74" [_thread_blocked, id=22596, stack(0x000000c1d6000000,0x000000c1d6100000)]
  0x00000285ca16f660 JavaThread "Unconstrained build operations Thread 75" [_thread_blocked, id=14768, stack(0x000000c1d6100000,0x000000c1d6200000)]
  0x00000285ca16cde0 JavaThread "Unconstrained build operations Thread 76" [_thread_blocked, id=10156, stack(0x000000c1d6300000,0x000000c1d6400000)]
  0x00000285ca16d800 JavaThread "Unconstrained build operations Thread 77" [_thread_blocked, id=27052, stack(0x000000c1d6400000,0x000000c1d6500000)]
  0x00000285ca16dd10 JavaThread "Unconstrained build operations Thread 78" [_thread_blocked, id=2076, stack(0x000000c1d6800000,0x000000c1d6900000)]
  0x00000285ca16beb0 JavaThread "Unconstrained build operations Thread 79" [_thread_blocked, id=13472, stack(0x000000c1d6900000,0x000000c1d6a00000)]
  0x00000285ca170fb0 JavaThread "Unconstrained build operations Thread 80" [_thread_blocked, id=27256, stack(0x000000c1d6a00000,0x000000c1d6b00000)]
  0x00000285f7e75020 JavaThread "pool-18-thread-1" [_thread_blocked, id=21132, stack(0x000000c1d7200000,0x000000c1d7300000)]
  0x00000285f7e75a40 JavaThread "build event listener" [_thread_blocked, id=17392, stack(0x000000c1d7800000,0x000000c1d7900000)]
  0x00000285f7e74b10 JavaThread "Cache worker for execution history cache (C:\NexgenLMS\NexGenMobile\android\.gradle\8.10.2\executionHistory)" [_thread_blocked, id=21128, stack(0x000000c1d7900000,0x000000c1d7a00000)]
  0x00000285f7e76e80 JavaThread "WorkerExecutor Queue" [_thread_blocked, id=23244, stack(0x000000c1d7a00000,0x000000c1d7b00000)]
  0x00000285f7e736d0 JavaThread "Exec process Thread 19" [_thread_in_native, id=25232, stack(0x000000c1d7b00000,0x000000c1d7c00000)]

Other Threads:
  0x00000285f7533ea0 VMThread "VM Thread" [stack: 0x000000c1cd800000,0x000000c1cd900000] [id=16940]
  0x00000285d9722410 WatcherThread [stack: 0x000000c1ce400000,0x000000c1ce500000] [id=5136]
  0x00000285d745e840 GCTaskThread "GC Thread#0" [stack: 0x000000c1cd300000,0x000000c1cd400000] [id=12792]
  0x00000285f7fdc0f0 GCTaskThread "GC Thread#1" [stack: 0x000000c1ce600000,0x000000c1ce700000] [id=19844]
  0x00000285fc2f6ac0 GCTaskThread "GC Thread#2" [stack: 0x000000c1ce700000,0x000000c1ce800000] [id=25620]
  0x00000285f7fe0740 GCTaskThread "GC Thread#3" [stack: 0x000000c1ce500000,0x000000c1ce600000] [id=6216]
  0x00000285fcbab280 GCTaskThread "GC Thread#4" [stack: 0x000000c1ce800000,0x000000c1ce900000] [id=24816]
  0x00000285fea2b340 GCTaskThread "GC Thread#5" [stack: 0x000000c1cf600000,0x000000c1cf700000] [id=17432]
  0x00000285fea2c100 GCTaskThread "GC Thread#6" [stack: 0x000000c1cf700000,0x000000c1cf800000] [id=24884]
  0x00000285fea2bb80 GCTaskThread "GC Thread#7" [stack: 0x000000c1cf800000,0x000000c1cf900000] [id=9476]
  0x00000285d978bd70 ConcurrentGCThread "G1 Main Marker" [stack: 0x000000c1cd400000,0x000000c1cd500000] [id=11600]
  0x00000285d978c5a0 ConcurrentGCThread "G1 Conc#0" [stack: 0x000000c1cd500000,0x000000c1cd600000] [id=10016]
  0x00000285fea2c940 ConcurrentGCThread "G1 Conc#1" [stack: 0x000000c1cfb00000,0x000000c1cfc00000] [id=8020]
  0x00000285d97c8630 ConcurrentGCThread "G1 Refine#0" [stack: 0x000000c1cd600000,0x000000c1cd700000] [id=24996]
  0x00000285fe709910 ConcurrentGCThread "G1 Refine#1" [stack: 0x000000c1d0300000,0x000000c1d0400000] [id=26156]
  0x00000285c2552bc0 ConcurrentGCThread "G1 Refine#2" [stack: 0x000000c1d3f00000,0x000000c1d4000000] [id=17268]
  0x00000285c2550e60 ConcurrentGCThread "G1 Refine#3" [stack: 0x000000c1d6e00000,0x000000c1d6f00000] [id=15936]
  0x00000285c2551440 ConcurrentGCThread "G1 Refine#4" [stack: 0x000000c1d7000000,0x000000c1d7100000] [id=22064]
  0x00000285c2551a20 ConcurrentGCThread "G1 Refine#5" [stack: 0x000000c1d7100000,0x000000c1d7200000] [id=3104]
  0x00000285d97cbe30 ConcurrentGCThread "G1 Service" [stack: 0x000000c1cd700000,0x000000c1cd800000] [id=22704]

Threads with active compile tasks:
C2 CompilerThread0  5703088 29694   !   4       java.net.URLClassLoader$1::run (81 bytes)

VM state: not at safepoint (normal execution)

VM Mutex/Monitor currently owned by a thread: None

Heap address: 0x0000000080000000, size: 2048 MB, Compressed Oops mode: 32-bit

CDS archive(s) mapped at: [0x0000028580000000-0x0000028580bb0000-0x0000028580bb0000), size 12255232, SharedBaseAddress: 0x0000028580000000, ArchiveRelocationMode: 1.
Compressed class space mapped at: 0x0000028581000000-0x00000285c1000000, reserved size: 1073741824
Narrow klass base: 0x0000028580000000, Narrow klass shift: 0, Narrow klass range: 0x100000000

GC Precious Log:
 CPUs: 8 total, 8 available
 Memory: 7502M
 Large Page Support: Disabled
 NUMA Support: Disabled
 Compressed Oops: Enabled (32-bit)
 Heap Region Size: 1M
 Heap Min Capacity: 8M
 Heap Initial Capacity: 118M
 Heap Max Capacity: 2G
 Pre-touch: Disabled
 Parallel Workers: 8
 Concurrent Workers: 2
 Concurrent Refinement Workers: 8
 Periodic GC: Disabled

Heap:
 garbage-first heap   total 669696K, used 488371K [0x0000000080000000, 0x0000000100000000)
  region size 1024K, 69 young (70656K), 9 survivors (9216K)
 Metaspace       used 137867K, committed 140224K, reserved 1179648K
  class space    used 18201K, committed 19264K, reserved 1048576K

Heap Regions: E=young(eden), S=young(survivor), O=old, HS=humongous(starts), HC=humongous(continues), CS=collection set, F=free, OA=open archive, CA=closed archive, TAMS=top-at-mark-start (previous, next)
|   0|0x0000000080000000, 0x0000000080100000, 0x0000000080100000|100%| O|  |TAMS 0x0000000080100000, 0x0000000080000000| Untracked 
|   1|0x0000000080100000, 0x0000000080200000, 0x0000000080200000|100%| O|  |TAMS 0x0000000080200000, 0x0000000080100000| Untracked 
|   2|0x0000000080200000, 0x0000000080300000, 0x0000000080300000|100%|HS|  |TAMS 0x0000000080300000, 0x0000000080200000| Complete 
|   3|0x0000000080300000, 0x0000000080400000, 0x0000000080400000|100%|HC|  |TAMS 0x0000000080400000, 0x0000000080300000| Complete 
|   4|0x0000000080400000, 0x0000000080500000, 0x0000000080500000|100%|HC|  |TAMS 0x0000000080500000, 0x0000000080400000| Complete 
|   5|0x0000000080500000, 0x0000000080600000, 0x0000000080600000|100%|HC|  |TAMS 0x0000000080600000, 0x0000000080500000| Complete 
|   6|0x0000000080600000, 0x0000000080700000, 0x0000000080700000|100%| O|  |TAMS 0x0000000080700000, 0x0000000080600000| Untracked 
|   7|0x0000000080700000, 0x0000000080800000, 0x0000000080800000|100%| O|  |TAMS 0x0000000080800000, 0x0000000080700000| Untracked 
|   8|0x0000000080800000, 0x0000000080900000, 0x0000000080900000|100%| O|  |TAMS 0x0000000080900000, 0x0000000080800000| Untracked 
|   9|0x0000000080900000, 0x0000000080a00000, 0x0000000080a00000|100%|HS|  |TAMS 0x0000000080a00000, 0x0000000080900000| Complete 
|  10|0x0000000080a00000, 0x0000000080b00000, 0x0000000080b00000|100%| O|  |TAMS 0x0000000080b00000, 0x0000000080a00000| Untracked 
|  11|0x0000000080b00000, 0x0000000080c00000, 0x0000000080c00000|100%| O|  |TAMS 0x0000000080c00000, 0x0000000080b00000| Untracked 
|  12|0x0000000080c00000, 0x0000000080d00000, 0x0000000080d00000|100%| O|  |TAMS 0x0000000080d00000, 0x0000000080c00000| Untracked 
|  13|0x0000000080d00000, 0x0000000080e00000, 0x0000000080e00000|100%| O|  |TAMS 0x0000000080e00000, 0x0000000080d00000| Untracked 
|  14|0x0000000080e00000, 0x0000000080f00000, 0x0000000080f00000|100%| O|  |TAMS 0x0000000080f00000, 0x0000000080e00000| Untracked 
|  15|0x0000000080f00000, 0x0000000081000000, 0x0000000081000000|100%| O|  |TAMS 0x0000000081000000, 0x0000000080f00000| Untracked 
|  16|0x0000000081000000, 0x0000000081100000, 0x0000000081100000|100%| O|  |TAMS 0x0000000081100000, 0x0000000081000000| Untracked 
|  17|0x0000000081100000, 0x0000000081200000, 0x0000000081200000|100%| O|  |TAMS 0x0000000081200000, 0x0000000081100000| Untracked 
|  18|0x0000000081200000, 0x0000000081300000, 0x0000000081300000|100%| O|  |TAMS 0x0000000081300000, 0x0000000081200000| Untracked 
|  19|0x0000000081300000, 0x0000000081400000, 0x0000000081400000|100%| O|  |TAMS 0x0000000081400000, 0x0000000081300000| Untracked 
|  20|0x0000000081400000, 0x0000000081500000, 0x0000000081500000|100%| O|  |TAMS 0x0000000081500000, 0x0000000081400000| Untracked 
|  21|0x0000000081500000, 0x0000000081600000, 0x0000000081600000|100%| O|  |TAMS 0x0000000081500000, 0x0000000081500000| Untracked 
|  22|0x0000000081600000, 0x0000000081700000, 0x0000000081700000|100%| O|  |TAMS 0x0000000081700000, 0x0000000081600000| Untracked 
|  23|0x0000000081700000, 0x0000000081800000, 0x0000000081800000|100%| O|  |TAMS 0x0000000081800000, 0x0000000081700000| Untracked 
|  24|0x0000000081800000, 0x0000000081900000, 0x0000000081900000|100%| O|  |TAMS 0x0000000081900000, 0x0000000081800000| Untracked 
|  25|0x0000000081900000, 0x0000000081a00000, 0x0000000081a00000|100%| O|  |TAMS 0x0000000081a00000, 0x0000000081900000| Untracked 
|  26|0x0000000081a00000, 0x0000000081b00000, 0x0000000081b00000|100%| O|  |TAMS 0x0000000081b00000, 0x0000000081a00000| Untracked 
|  27|0x0000000081b00000, 0x0000000081c00000, 0x0000000081c00000|100%| O|  |TAMS 0x0000000081c00000, 0x0000000081b00000| Untracked 
|  28|0x0000000081c00000, 0x0000000081d00000, 0x0000000081d00000|100%| O|  |TAMS 0x0000000081d00000, 0x0000000081c00000| Untracked 
|  29|0x0000000081d00000, 0x0000000081e00000, 0x0000000081e00000|100%| O|  |TAMS 0x0000000081e00000, 0x0000000081d00000| Untracked 
|  30|0x0000000081e00000, 0x0000000081f00000, 0x0000000081f00000|100%| O|  |TAMS 0x0000000081f00000, 0x0000000081e00000| Untracked 
|  31|0x0000000081f00000, 0x0000000082000000, 0x0000000082000000|100%| O|  |TAMS 0x0000000082000000, 0x0000000081f00000| Untracked 
|  32|0x0000000082000000, 0x0000000082100000, 0x0000000082100000|100%| O|  |TAMS 0x0000000082100000, 0x0000000082000000| Untracked 
|  33|0x0000000082100000, 0x0000000082200000, 0x0000000082200000|100%| O|  |TAMS 0x0000000082200000, 0x0000000082100000| Untracked 
|  34|0x0000000082200000, 0x0000000082300000, 0x0000000082300000|100%| O|  |TAMS 0x0000000082300000, 0x0000000082200000| Untracked 
|  35|0x0000000082300000, 0x0000000082400000, 0x0000000082400000|100%| O|  |TAMS 0x0000000082400000, 0x0000000082300000| Untracked 
|  36|0x0000000082400000, 0x0000000082500000, 0x0000000082500000|100%| O|  |TAMS 0x0000000082500000, 0x0000000082400000| Untracked 
|  37|0x0000000082500000, 0x0000000082600000, 0x0000000082600000|100%| O|  |TAMS 0x0000000082600000, 0x0000000082500000| Untracked 
|  38|0x0000000082600000, 0x0000000082700000, 0x0000000082700000|100%| O|  |TAMS 0x0000000082700000, 0x0000000082600000| Untracked 
|  39|0x0000000082700000, 0x0000000082800000, 0x0000000082800000|100%| O|  |TAMS 0x0000000082800000, 0x0000000082700000| Untracked 
|  40|0x0000000082800000, 0x0000000082900000, 0x0000000082900000|100%| O|  |TAMS 0x0000000082900000, 0x0000000082800000| Untracked 
|  41|0x0000000082900000, 0x0000000082a00000, 0x0000000082a00000|100%| O|  |TAMS 0x0000000082a00000, 0x0000000082900000| Untracked 
|  42|0x0000000082a00000, 0x0000000082b00000, 0x0000000082b00000|100%| O|  |TAMS 0x0000000082b00000, 0x0000000082a00000| Untracked 
|  43|0x0000000082b00000, 0x0000000082c00000, 0x0000000082c00000|100%| O|  |TAMS 0x0000000082b00000, 0x0000000082b00000| Untracked 
|  44|0x0000000082c00000, 0x0000000082d00000, 0x0000000082d00000|100%| O|  |TAMS 0x0000000082d00000, 0x0000000082c00000| Untracked 
|  45|0x0000000082d00000, 0x0000000082e00000, 0x0000000082e00000|100%| O|  |TAMS 0x0000000082e00000, 0x0000000082d00000| Untracked 
|  46|0x0000000082e00000, 0x0000000082f00000, 0x0000000082f00000|100%| O|  |TAMS 0x0000000082f00000, 0x0000000082e00000| Untracked 
|  47|0x0000000082f00000, 0x0000000083000000, 0x0000000083000000|100%| O|  |TAMS 0x0000000083000000, 0x0000000082f00000| Untracked 
|  48|0x0000000083000000, 0x0000000083100000, 0x0000000083100000|100%| O|  |TAMS 0x0000000083100000, 0x0000000083000000| Untracked 
|  49|0x0000000083100000, 0x0000000083200000, 0x0000000083200000|100%| O|  |TAMS 0x0000000083200000, 0x0000000083100000| Untracked 
|  50|0x0000000083200000, 0x0000000083300000, 0x0000000083300000|100%| O|  |TAMS 0x0000000083200000, 0x0000000083200000| Untracked 
|  51|0x0000000083300000, 0x0000000083400000, 0x0000000083400000|100%| O|  |TAMS 0x0000000083300000, 0x0000000083300000| Untracked 
|  52|0x0000000083400000, 0x0000000083500000, 0x0000000083500000|100%| O|  |TAMS 0x0000000083500000, 0x0000000083400000| Untracked 
|  53|0x0000000083500000, 0x0000000083600000, 0x0000000083600000|100%|HS|  |TAMS 0x0000000083600000, 0x0000000083500000| Complete 
|  54|0x0000000083600000, 0x0000000083700000, 0x0000000083700000|100%|HC|  |TAMS 0x0000000083700000, 0x0000000083600000| Complete 
|  55|0x0000000083700000, 0x0000000083800000, 0x0000000083800000|100%|HS|  |TAMS 0x0000000083800000, 0x0000000083700000| Complete 
|  56|0x0000000083800000, 0x0000000083900000, 0x0000000083900000|100%|HC|  |TAMS 0x0000000083900000, 0x0000000083800000| Complete 
|  57|0x0000000083900000, 0x0000000083a00000, 0x0000000083a00000|100%| O|  |TAMS 0x0000000083a00000, 0x0000000083900000| Untracked 
|  58|0x0000000083a00000, 0x0000000083b00000, 0x0000000083b00000|100%|HS|  |TAMS 0x0000000083b00000, 0x0000000083a00000| Complete 
|  59|0x0000000083b00000, 0x0000000083c00000, 0x0000000083c00000|100%|HC|  |TAMS 0x0000000083c00000, 0x0000000083b00000| Complete 
|  60|0x0000000083c00000, 0x0000000083d00000, 0x0000000083d00000|100%|HC|  |TAMS 0x0000000083d00000, 0x0000000083c00000| Complete 
|  61|0x0000000083d00000, 0x0000000083e00000, 0x0000000083e00000|100%|HC|  |TAMS 0x0000000083e00000, 0x0000000083d00000| Complete 
|  62|0x0000000083e00000, 0x0000000083f00000, 0x0000000083f00000|100%|HS|  |TAMS 0x0000000083f00000, 0x0000000083e00000| Complete 
|  63|0x0000000083f00000, 0x0000000084000000, 0x0000000084000000|100%|HC|  |TAMS 0x0000000084000000, 0x0000000083f00000| Complete 
|  64|0x0000000084000000, 0x0000000084100000, 0x0000000084100000|100%|HC|  |TAMS 0x0000000084100000, 0x0000000084000000| Complete 
|  65|0x0000000084100000, 0x0000000084200000, 0x0000000084200000|100%|HC|  |TAMS 0x0000000084200000, 0x0000000084100000| Complete 
|  66|0x0000000084200000, 0x0000000084300000, 0x0000000084300000|100%| O|  |TAMS 0x0000000084300000, 0x0000000084200000| Untracked 
|  67|0x0000000084300000, 0x0000000084400000, 0x0000000084400000|100%| O|  |TAMS 0x0000000084400000, 0x0000000084300000| Untracked 
|  68|0x0000000084400000, 0x0000000084500000, 0x0000000084500000|100%| O|  |TAMS 0x0000000084500000, 0x0000000084400000| Untracked 
|  69|0x0000000084500000, 0x0000000084600000, 0x0000000084600000|100%| O|  |TAMS 0x0000000084500000, 0x0000000084500000| Untracked 
|  70|0x0000000084600000, 0x0000000084700000, 0x0000000084700000|100%| O|  |TAMS 0x0000000084600000, 0x0000000084600000| Untracked 
|  71|0x0000000084700000, 0x0000000084800000, 0x0000000084800000|100%| O|  |TAMS 0x0000000084800000, 0x0000000084700000| Untracked 
|  72|0x0000000084800000, 0x0000000084900000, 0x0000000084900000|100%| O|  |TAMS 0x0000000084800000, 0x0000000084800000| Untracked 
|  73|0x0000000084900000, 0x0000000084a00000, 0x0000000084a00000|100%| O|  |TAMS 0x0000000084900000, 0x0000000084900000| Untracked 
|  74|0x0000000084a00000, 0x0000000084b00000, 0x0000000084b00000|100%| O|  |TAMS 0x0000000084a00000, 0x0000000084a00000| Untracked 
|  75|0x0000000084b00000, 0x0000000084c00000, 0x0000000084c00000|100%| O|  |TAMS 0x0000000084c00000, 0x0000000084b00000| Untracked 
|  76|0x0000000084c00000, 0x0000000084d00000, 0x0000000084d00000|100%| O|  |TAMS 0x0000000084d00000, 0x0000000084c00000| Untracked 
|  77|0x0000000084d00000, 0x0000000084e00000, 0x0000000084e00000|100%| O|  |TAMS 0x0000000084d00000, 0x0000000084d00000| Untracked 
|  78|0x0000000084e00000, 0x0000000084f00000, 0x0000000084f00000|100%| O|  |TAMS 0x0000000084f00000, 0x0000000084e00000| Untracked 
|  79|0x0000000084f00000, 0x0000000085000000, 0x0000000085000000|100%| O|  |TAMS 0x0000000084f00000, 0x0000000084f00000| Untracked 
|  80|0x0000000085000000, 0x0000000085100000, 0x0000000085100000|100%| O|  |TAMS 0x0000000085000000, 0x0000000085000000| Untracked 
|  81|0x0000000085100000, 0x0000000085200000, 0x0000000085200000|100%| O|  |TAMS 0x0000000085100000, 0x0000000085100000| Untracked 
|  82|0x0000000085200000, 0x0000000085300000, 0x0000000085300000|100%| O|  |TAMS 0x0000000085200000, 0x0000000085200000| Untracked 
|  83|0x0000000085300000, 0x0000000085400000, 0x0000000085400000|100%| O|  |TAMS 0x0000000085400000, 0x0000000085300000| Untracked 
|  84|0x0000000085400000, 0x0000000085500000, 0x0000000085500000|100%| O|  |TAMS 0x0000000085400000, 0x0000000085400000| Untracked 
|  85|0x0000000085500000, 0x0000000085600000, 0x0000000085600000|100%| O|  |TAMS 0x0000000085500000, 0x0000000085500000| Untracked 
|  86|0x0000000085600000, 0x0000000085700000, 0x0000000085700000|100%| O|  |TAMS 0x0000000085600000, 0x0000000085600000| Untracked 
|  87|0x0000000085700000, 0x0000000085800000, 0x0000000085800000|100%| O|  |TAMS 0x0000000085700000, 0x0000000085700000| Untracked 
|  88|0x0000000085800000, 0x0000000085900000, 0x0000000085900000|100%| O|  |TAMS 0x0000000085900000, 0x0000000085800000| Untracked 
|  89|0x0000000085900000, 0x0000000085a00000, 0x0000000085a00000|100%|HS|  |TAMS 0x0000000085a00000, 0x0000000085900000| Complete 
|  90|0x0000000085a00000, 0x0000000085b00000, 0x0000000085b00000|100%|HS|  |TAMS 0x0000000085b00000, 0x0000000085a00000| Complete 
|  91|0x0000000085b00000, 0x0000000085c00000, 0x0000000085c00000|100%|HS|  |TAMS 0x0000000085c00000, 0x0000000085b00000| Complete 
|  92|0x0000000085c00000, 0x0000000085d00000, 0x0000000085d00000|100%|HS|  |TAMS 0x0000000085d00000, 0x0000000085c00000| Complete 
|  93|0x0000000085d00000, 0x0000000085e00000, 0x0000000085e00000|100%|HS|  |TAMS 0x0000000085e00000, 0x0000000085d00000| Complete 
|  94|0x0000000085e00000, 0x0000000085f00000, 0x0000000085f00000|100%| O|  |TAMS 0x0000000085e00000, 0x0000000085e00000| Untracked 
|  95|0x0000000085f00000, 0x0000000086000000, 0x0000000086000000|100%| O|  |TAMS 0x0000000085f00000, 0x0000000085f00000| Untracked 
|  96|0x0000000086000000, 0x0000000086100000, 0x0000000086100000|100%| O|  |TAMS 0x0000000086100000, 0x0000000086000000| Untracked 
|  97|0x0000000086100000, 0x0000000086200000, 0x0000000086200000|100%|HS|  |TAMS 0x0000000086200000, 0x0000000086100000| Complete 
|  98|0x0000000086200000, 0x0000000086300000, 0x0000000086300000|100%| O|  |TAMS 0x0000000086300000, 0x0000000086200000| Untracked 
|  99|0x0000000086300000, 0x0000000086400000, 0x0000000086400000|100%| O|  |TAMS 0x0000000086400000, 0x0000000086300000| Untracked 
| 100|0x0000000086400000, 0x0000000086500000, 0x0000000086500000|100%| O|  |TAMS 0x0000000086400000, 0x0000000086400000| Untracked 
| 101|0x0000000086500000, 0x0000000086600000, 0x0000000086600000|100%| O|  |TAMS 0x0000000086600000, 0x0000000086500000| Untracked 
| 102|0x0000000086600000, 0x0000000086700000, 0x0000000086700000|100%| O|  |TAMS 0x0000000086700000, 0x0000000086600000| Untracked 
| 103|0x0000000086700000, 0x0000000086800000, 0x0000000086800000|100%| O|  |TAMS 0x0000000086700000, 0x0000000086700000| Untracked 
| 104|0x0000000086800000, 0x0000000086900000, 0x0000000086900000|100%|HS|  |TAMS 0x0000000086900000, 0x0000000086800000| Complete 
| 105|0x0000000086900000, 0x0000000086a00000, 0x0000000086a00000|100%|HS|  |TAMS 0x0000000086a00000, 0x0000000086900000| Complete 
| 106|0x0000000086a00000, 0x0000000086b00000, 0x0000000086b00000|100%|HS|  |TAMS 0x0000000086b00000, 0x0000000086a00000| Complete 
| 107|0x0000000086b00000, 0x0000000086c00000, 0x0000000086c00000|100%|HC|  |TAMS 0x0000000086c00000, 0x0000000086b00000| Complete 
| 108|0x0000000086c00000, 0x0000000086d00000, 0x0000000086d00000|100%| O|  |TAMS 0x0000000086c00000, 0x0000000086c00000| Untracked 
| 109|0x0000000086d00000, 0x0000000086e00000, 0x0000000086e00000|100%| O|  |TAMS 0x0000000086d00000, 0x0000000086d00000| Untracked 
| 110|0x0000000086e00000, 0x0000000086f00000, 0x0000000086f00000|100%| O|  |TAMS 0x0000000086f00000, 0x0000000086e00000| Untracked 
| 111|0x0000000086f00000, 0x0000000087000000, 0x0000000087000000|100%| O|  |TAMS 0x0000000087000000, 0x0000000086f00000| Untracked 
| 112|0x0000000087000000, 0x0000000087100000, 0x0000000087100000|100%| O|  |TAMS 0x0000000087100000, 0x0000000087000000| Untracked 
| 113|0x0000000087100000, 0x0000000087200000, 0x0000000087200000|100%| O|  |TAMS 0x0000000087200000, 0x0000000087100000| Untracked 
| 114|0x0000000087200000, 0x0000000087300000, 0x0000000087300000|100%| O|  |TAMS 0x0000000087200000, 0x0000000087200000| Untracked 
| 115|0x0000000087300000, 0x0000000087400000, 0x0000000087400000|100%| O|  |TAMS 0x0000000087400000, 0x0000000087300000| Untracked 
| 116|0x0000000087400000, 0x0000000087500000, 0x0000000087500000|100%| O|  |TAMS 0x0000000087500000, 0x0000000087400000| Untracked 
| 117|0x0000000087500000, 0x0000000087600000, 0x0000000087600000|100%| O|  |TAMS 0x0000000087600000, 0x0000000087500000| Untracked 
| 118|0x0000000087600000, 0x0000000087700000, 0x0000000087700000|100%| O|  |TAMS 0x0000000087700000, 0x0000000087600000| Untracked 
| 119|0x0000000087700000, 0x0000000087800000, 0x0000000087800000|100%| O|  |TAMS 0x0000000087800000, 0x0000000087700000| Untracked 
| 120|0x0000000087800000, 0x0000000087900000, 0x0000000087900000|100%| O|  |TAMS 0x0000000087800000, 0x0000000087800000| Untracked 
| 121|0x0000000087900000, 0x0000000087a00000, 0x0000000087a00000|100%| O|  |TAMS 0x0000000087a00000, 0x0000000087900000| Untracked 
| 122|0x0000000087a00000, 0x0000000087b00000, 0x0000000087b00000|100%| O|  |TAMS 0x0000000087b00000, 0x0000000087a00000| Untracked 
| 123|0x0000000087b00000, 0x0000000087c00000, 0x0000000087c00000|100%| O|  |TAMS 0x0000000087c00000, 0x0000000087b00000| Untracked 
| 124|0x0000000087c00000, 0x0000000087d00000, 0x0000000087d00000|100%| O|  |TAMS 0x0000000087d00000, 0x0000000087c00000| Untracked 
| 125|0x0000000087d00000, 0x0000000087e00000, 0x0000000087e00000|100%| O|  |TAMS 0x0000000087d00000, 0x0000000087d00000| Untracked 
| 126|0x0000000087e00000, 0x0000000087f00000, 0x0000000087f00000|100%| O|  |TAMS 0x0000000087e00000, 0x0000000087e00000| Untracked 
| 127|0x0000000087f00000, 0x0000000088000000, 0x0000000088000000|100%| O|  |TAMS 0x0000000087f00000, 0x0000000087f00000| Untracked 
| 128|0x0000000088000000, 0x0000000088100000, 0x0000000088100000|100%| O|  |TAMS 0x0000000088100000, 0x0000000088000000| Untracked 
| 129|0x0000000088100000, 0x0000000088200000, 0x0000000088200000|100%| O|  |TAMS 0x0000000088100000, 0x0000000088100000| Untracked 
| 130|0x0000000088200000, 0x0000000088300000, 0x0000000088300000|100%| O|  |TAMS 0x0000000088200000, 0x0000000088200000| Untracked 
| 131|0x0000000088300000, 0x0000000088400000, 0x0000000088400000|100%| O|  |TAMS 0x0000000088300000, 0x0000000088300000| Untracked 
| 132|0x0000000088400000, 0x0000000088500000, 0x0000000088500000|100%| O|  |TAMS 0x0000000088400000, 0x0000000088400000| Untracked 
| 133|0x0000000088500000, 0x0000000088600000, 0x0000000088600000|100%| O|  |TAMS 0x0000000088500000, 0x0000000088500000| Untracked 
| 134|0x0000000088600000, 0x0000000088700000, 0x0000000088700000|100%| O|  |TAMS 0x0000000088600000, 0x0000000088600000| Untracked 
| 135|0x0000000088700000, 0x0000000088800000, 0x0000000088800000|100%| O|  |TAMS 0x0000000088800000, 0x0000000088700000| Untracked 
| 136|0x0000000088800000, 0x0000000088900000, 0x0000000088900000|100%|HS|  |TAMS 0x0000000088900000, 0x0000000088800000| Complete 
| 137|0x0000000088900000, 0x0000000088a00000, 0x0000000088a00000|100%|HS|  |TAMS 0x0000000088a00000, 0x0000000088900000| Complete 
| 138|0x0000000088a00000, 0x0000000088b00000, 0x0000000088b00000|100%|HC|  |TAMS 0x0000000088b00000, 0x0000000088a00000| Complete 
| 139|0x0000000088b00000, 0x0000000088c00000, 0x0000000088c00000|100%| O|  |TAMS 0x0000000088b00000, 0x0000000088b00000| Untracked 
| 140|0x0000000088c00000, 0x0000000088d00000, 0x0000000088d00000|100%| O|  |TAMS 0x0000000088c00000, 0x0000000088c00000| Untracked 
| 141|0x0000000088d00000, 0x0000000088e00000, 0x0000000088e00000|100%| O|  |TAMS 0x0000000088d00000, 0x0000000088d00000| Untracked 
| 142|0x0000000088e00000, 0x0000000088f00000, 0x0000000088f00000|100%| O|  |TAMS 0x0000000088f00000, 0x0000000088e00000| Untracked 
| 143|0x0000000088f00000, 0x0000000089000000, 0x0000000089000000|100%| O|  |TAMS 0x0000000089000000, 0x0000000088f00000| Untracked 
| 144|0x0000000089000000, 0x0000000089100000, 0x0000000089100000|100%| O|  |TAMS 0x0000000089100000, 0x0000000089000000| Untracked 
| 145|0x0000000089100000, 0x0000000089200000, 0x0000000089200000|100%| O|  |TAMS 0x0000000089100000, 0x0000000089100000| Untracked 
| 146|0x0000000089200000, 0x0000000089300000, 0x0000000089300000|100%| O|  |TAMS 0x0000000089200000, 0x0000000089200000| Untracked 
| 147|0x0000000089300000, 0x0000000089400000, 0x0000000089400000|100%| O|  |TAMS 0x0000000089300000, 0x0000000089300000| Untracked 
| 148|0x0000000089400000, 0x0000000089500000, 0x0000000089500000|100%| O|  |TAMS 0x0000000089500000, 0x0000000089400000| Untracked 
| 149|0x0000000089500000, 0x0000000089600000, 0x0000000089600000|100%| O|  |TAMS 0x0000000089600000, 0x0000000089500000| Untracked 
| 150|0x0000000089600000, 0x0000000089700000, 0x0000000089700000|100%| O|  |TAMS 0x0000000089600000, 0x0000000089600000| Untracked 
| 151|0x0000000089700000, 0x0000000089800000, 0x0000000089800000|100%| O|  |TAMS 0x0000000089700000, 0x0000000089700000| Untracked 
| 152|0x0000000089800000, 0x0000000089900000, 0x0000000089900000|100%| O|  |TAMS 0x0000000089800000, 0x0000000089800000| Untracked 
| 153|0x0000000089900000, 0x0000000089a00000, 0x0000000089a00000|100%| O|  |TAMS 0x0000000089900000, 0x0000000089900000| Untracked 
| 154|0x0000000089a00000, 0x0000000089b00000, 0x0000000089b00000|100%| O|  |TAMS 0x0000000089a00000, 0x0000000089a00000| Untracked 
| 155|0x0000000089b00000, 0x0000000089c00000, 0x0000000089c00000|100%| O|  |TAMS 0x0000000089b00000, 0x0000000089b00000| Untracked 
| 156|0x0000000089c00000, 0x0000000089d00000, 0x0000000089d00000|100%| O|  |TAMS 0x0000000089c00000, 0x0000000089c00000| Untracked 
| 157|0x0000000089d00000, 0x0000000089e00000, 0x0000000089e00000|100%| O|  |TAMS 0x0000000089e00000, 0x0000000089d00000| Untracked 
| 158|0x0000000089e00000, 0x0000000089f00000, 0x0000000089f00000|100%|HS|  |TAMS 0x0000000089f00000, 0x0000000089e00000| Complete 
| 159|0x0000000089f00000, 0x000000008a000000, 0x000000008a000000|100%|HS|  |TAMS 0x000000008a000000, 0x0000000089f00000| Complete 
| 160|0x000000008a000000, 0x000000008a100000, 0x000000008a100000|100%| O|  |TAMS 0x000000008a100000, 0x000000008a000000| Untracked 
| 161|0x000000008a100000, 0x000000008a200000, 0x000000008a200000|100%| O|  |TAMS 0x000000008a200000, 0x000000008a100000| Untracked 
| 162|0x000000008a200000, 0x000000008a300000, 0x000000008a300000|100%| O|  |TAMS 0x000000008a200000, 0x000000008a200000| Untracked 
| 163|0x000000008a300000, 0x000000008a400000, 0x000000008a400000|100%| O|  |TAMS 0x000000008a300000, 0x000000008a300000| Untracked 
| 164|0x000000008a400000, 0x000000008a500000, 0x000000008a500000|100%| O|  |TAMS 0x000000008a400000, 0x000000008a400000| Untracked 
| 165|0x000000008a500000, 0x000000008a600000, 0x000000008a600000|100%| O|  |TAMS 0x000000008a500000, 0x000000008a500000| Untracked 
| 166|0x000000008a600000, 0x000000008a700000, 0x000000008a700000|100%| O|  |TAMS 0x000000008a700000, 0x000000008a600000| Untracked 
| 167|0x000000008a700000, 0x000000008a800000, 0x000000008a800000|100%| O|  |TAMS 0x000000008a700000, 0x000000008a700000| Untracked 
| 168|0x000000008a800000, 0x000000008a900000, 0x000000008a900000|100%| O|  |TAMS 0x000000008a900000, 0x000000008a800000| Untracked 
| 169|0x000000008a900000, 0x000000008aa00000, 0x000000008aa00000|100%| O|  |TAMS 0x000000008aa00000, 0x000000008a900000| Untracked 
| 170|0x000000008aa00000, 0x000000008ab00000, 0x000000008ab00000|100%| O|  |TAMS 0x000000008aa00000, 0x000000008aa00000| Untracked 
| 171|0x000000008ab00000, 0x000000008ac00000, 0x000000008ac00000|100%| O|  |TAMS 0x000000008ab00000, 0x000000008ab00000| Untracked 
| 172|0x000000008ac00000, 0x000000008ad00000, 0x000000008ad00000|100%| O|  |TAMS 0x000000008ac00000, 0x000000008ac00000| Untracked 
| 173|0x000000008ad00000, 0x000000008ae00000, 0x000000008ae00000|100%| O|  |TAMS 0x000000008ae00000, 0x000000008ad00000| Untracked 
| 174|0x000000008ae00000, 0x000000008af00000, 0x000000008af00000|100%| O|  |TAMS 0x000000008af00000, 0x000000008ae00000| Untracked 
| 175|0x000000008af00000, 0x000000008b000000, 0x000000008b000000|100%| O|  |TAMS 0x000000008af00000, 0x000000008af00000| Untracked 
| 176|0x000000008b000000, 0x000000008b100000, 0x000000008b100000|100%| O|  |TAMS 0x000000008b000000, 0x000000008b000000| Untracked 
| 177|0x000000008b100000, 0x000000008b200000, 0x000000008b200000|100%| O|  |TAMS 0x000000008b100000, 0x000000008b100000| Untracked 
| 178|0x000000008b200000, 0x000000008b300000, 0x000000008b300000|100%| O|  |TAMS 0x000000008b200000, 0x000000008b200000| Untracked 
| 179|0x000000008b300000, 0x000000008b400000, 0x000000008b400000|100%| O|  |TAMS 0x000000008b300000, 0x000000008b300000| Untracked 
| 180|0x000000008b400000, 0x000000008b500000, 0x000000008b500000|100%| O|  |TAMS 0x000000008b500000, 0x000000008b400000| Untracked 
| 181|0x000000008b500000, 0x000000008b600000, 0x000000008b600000|100%| O|  |TAMS 0x000000008b500000, 0x000000008b500000| Untracked 
| 182|0x000000008b600000, 0x000000008b700000, 0x000000008b700000|100%| O|  |TAMS 0x000000008b700000, 0x000000008b600000| Untracked 
| 183|0x000000008b700000, 0x000000008b800000, 0x000000008b800000|100%| O|  |TAMS 0x000000008b700000, 0x000000008b700000| Untracked 
| 184|0x000000008b800000, 0x000000008b900000, 0x000000008b900000|100%| O|  |TAMS 0x000000008b800000, 0x000000008b800000| Untracked 
| 185|0x000000008b900000, 0x000000008ba00000, 0x000000008ba00000|100%| O|  |TAMS 0x000000008b900000, 0x000000008b900000| Untracked 
| 186|0x000000008ba00000, 0x000000008bb00000, 0x000000008bb00000|100%| O|  |TAMS 0x000000008ba00000, 0x000000008ba00000| Untracked 
| 187|0x000000008bb00000, 0x000000008bc00000, 0x000000008bc00000|100%| O|  |TAMS 0x000000008bb00000, 0x000000008bb00000| Untracked 
| 188|0x000000008bc00000, 0x000000008bd00000, 0x000000008bd00000|100%| O|  |TAMS 0x000000008bc00000, 0x000000008bc00000| Untracked 
| 189|0x000000008bd00000, 0x000000008be00000, 0x000000008be00000|100%| O|  |TAMS 0x000000008bd00000, 0x000000008bd00000| Untracked 
| 190|0x000000008be00000, 0x000000008bf00000, 0x000000008bf00000|100%| O|  |TAMS 0x000000008be00000, 0x000000008be00000| Untracked 
| 191|0x000000008bf00000, 0x000000008c000000, 0x000000008c000000|100%| O|  |TAMS 0x000000008bf00000, 0x000000008bf00000| Untracked 
| 192|0x000000008c000000, 0x000000008c100000, 0x000000008c100000|100%| O|  |TAMS 0x000000008c000000, 0x000000008c000000| Untracked 
| 193|0x000000008c100000, 0x000000008c200000, 0x000000008c200000|100%| O|  |TAMS 0x000000008c100000, 0x000000008c100000| Untracked 
| 194|0x000000008c200000, 0x000000008c300000, 0x000000008c300000|100%| O|  |TAMS 0x000000008c200000, 0x000000008c200000| Untracked 
| 195|0x000000008c300000, 0x000000008c400000, 0x000000008c400000|100%|HS|  |TAMS 0x000000008c400000, 0x000000008c300000| Complete 
| 196|0x000000008c400000, 0x000000008c500000, 0x000000008c500000|100%| O|  |TAMS 0x000000008c500000, 0x000000008c400000| Untracked 
| 197|0x000000008c500000, 0x000000008c600000, 0x000000008c600000|100%| O|  |TAMS 0x000000008c600000, 0x000000008c500000| Untracked 
| 198|0x000000008c600000, 0x000000008c700000, 0x000000008c700000|100%| O|  |TAMS 0x000000008c700000, 0x000000008c600000| Untracked 
| 199|0x000000008c700000, 0x000000008c800000, 0x000000008c800000|100%| O|  |TAMS 0x000000008c800000, 0x000000008c700000| Untracked 
| 200|0x000000008c800000, 0x000000008c900000, 0x000000008c900000|100%| O|  |TAMS 0x000000008c900000, 0x000000008c800000| Untracked 
| 201|0x000000008c900000, 0x000000008ca00000, 0x000000008ca00000|100%| O|  |TAMS 0x000000008c900000, 0x000000008c900000| Untracked 
| 202|0x000000008ca00000, 0x000000008cb00000, 0x000000008cb00000|100%| O|  |TAMS 0x000000008ca00000, 0x000000008ca00000| Untracked 
| 203|0x000000008cb00000, 0x000000008cc00000, 0x000000008cc00000|100%| O|  |TAMS 0x000000008cb00000, 0x000000008cb00000| Untracked 
| 204|0x000000008cc00000, 0x000000008cd00000, 0x000000008cd00000|100%| O|  |TAMS 0x000000008cc00000, 0x000000008cc00000| Untracked 
| 205|0x000000008cd00000, 0x000000008ce00000, 0x000000008ce00000|100%| O|  |TAMS 0x000000008cd00000, 0x000000008cd00000| Untracked 
| 206|0x000000008ce00000, 0x000000008cf00000, 0x000000008cf00000|100%| O|  |TAMS 0x000000008ce00000, 0x000000008ce00000| Untracked 
| 207|0x000000008cf00000, 0x000000008d000000, 0x000000008d000000|100%| O|  |TAMS 0x000000008cf00000, 0x000000008cf00000| Untracked 
| 208|0x000000008d000000, 0x000000008d100000, 0x000000008d100000|100%| O|  |TAMS 0x000000008d000000, 0x000000008d000000| Untracked 
| 209|0x000000008d100000, 0x000000008d200000, 0x000000008d200000|100%| O|  |TAMS 0x000000008d200000, 0x000000008d100000| Untracked 
| 210|0x000000008d200000, 0x000000008d300000, 0x000000008d300000|100%| O|  |TAMS 0x000000008d200000, 0x000000008d200000| Untracked 
| 211|0x000000008d300000, 0x000000008d400000, 0x000000008d400000|100%| O|  |TAMS 0x000000008d300000, 0x000000008d300000| Untracked 
| 212|0x000000008d400000, 0x000000008d500000, 0x000000008d500000|100%| O|  |TAMS 0x000000008d400000, 0x000000008d400000| Untracked 
| 213|0x000000008d500000, 0x000000008d600000, 0x000000008d600000|100%| O|  |TAMS 0x000000008d600000, 0x000000008d500000| Untracked 
| 214|0x000000008d600000, 0x000000008d700000, 0x000000008d700000|100%| O|  |TAMS 0x000000008d700000, 0x000000008d600000| Untracked 
| 215|0x000000008d700000, 0x000000008d800000, 0x000000008d800000|100%| O|  |TAMS 0x000000008d800000, 0x000000008d700000| Untracked 
| 216|0x000000008d800000, 0x000000008d900000, 0x000000008d900000|100%| O|  |TAMS 0x000000008d800000, 0x000000008d800000| Untracked 
| 217|0x000000008d900000, 0x000000008da00000, 0x000000008da00000|100%| O|  |TAMS 0x000000008d900000, 0x000000008d900000| Untracked 
| 218|0x000000008da00000, 0x000000008db00000, 0x000000008db00000|100%| O|  |TAMS 0x000000008da00000, 0x000000008da00000| Untracked 
| 219|0x000000008db00000, 0x000000008dc00000, 0x000000008dc00000|100%| O|  |TAMS 0x000000008db00000, 0x000000008db00000| Untracked 
| 220|0x000000008dc00000, 0x000000008dd00000, 0x000000008dd00000|100%| O|  |TAMS 0x000000008dc00000, 0x000000008dc00000| Untracked 
| 221|0x000000008dd00000, 0x000000008de00000, 0x000000008de00000|100%| O|  |TAMS 0x000000008dd00000, 0x000000008dd00000| Untracked 
| 222|0x000000008de00000, 0x000000008df00000, 0x000000008df00000|100%| O|  |TAMS 0x000000008de00000, 0x000000008de00000| Untracked 
| 223|0x000000008df00000, 0x000000008e000000, 0x000000008e000000|100%| O|  |TAMS 0x000000008df00000, 0x000000008df00000| Untracked 
| 224|0x000000008e000000, 0x000000008e100000, 0x000000008e100000|100%| O|  |TAMS 0x000000008e000000, 0x000000008e000000| Untracked 
| 225|0x000000008e100000, 0x000000008e200000, 0x000000008e200000|100%| O|  |TAMS 0x000000008e100000, 0x000000008e100000| Untracked 
| 226|0x000000008e200000, 0x000000008e300000, 0x000000008e300000|100%| O|  |TAMS 0x000000008e200000, 0x000000008e200000| Untracked 
| 227|0x000000008e300000, 0x000000008e400000, 0x000000008e400000|100%| O|  |TAMS 0x000000008e300000, 0x000000008e300000| Untracked 
| 228|0x000000008e400000, 0x000000008e500000, 0x000000008e500000|100%| O|  |TAMS 0x000000008e400000, 0x000000008e400000| Untracked 
| 229|0x000000008e500000, 0x000000008e600000, 0x000000008e600000|100%| O|  |TAMS 0x000000008e500000, 0x000000008e500000| Untracked 
| 230|0x000000008e600000, 0x000000008e700000, 0x000000008e700000|100%| O|  |TAMS 0x000000008e700000, 0x000000008e600000| Untracked 
| 231|0x000000008e700000, 0x000000008e800000, 0x000000008e800000|100%| O|  |TAMS 0x000000008e800000, 0x000000008e700000| Untracked 
| 232|0x000000008e800000, 0x000000008e900000, 0x000000008e900000|100%| O|  |TAMS 0x000000008e800000, 0x000000008e800000| Untracked 
| 233|0x000000008e900000, 0x000000008ea00000, 0x000000008ea00000|100%| O|  |TAMS 0x000000008e900000, 0x000000008e900000| Untracked 
| 234|0x000000008ea00000, 0x000000008eb00000, 0x000000008eb00000|100%| O|  |TAMS 0x000000008ea00000, 0x000000008ea00000| Untracked 
| 235|0x000000008eb00000, 0x000000008ec00000, 0x000000008ec00000|100%| O|  |TAMS 0x000000008ec00000, 0x000000008eb00000| Untracked 
| 236|0x000000008ec00000, 0x000000008ed00000, 0x000000008ed00000|100%| O|  |TAMS 0x000000008ed00000, 0x000000008ec00000| Untracked 
| 237|0x000000008ed00000, 0x000000008ee00000, 0x000000008ee00000|100%| O|  |TAMS 0x000000008ee00000, 0x000000008ed00000| Untracked 
| 238|0x000000008ee00000, 0x000000008ef00000, 0x000000008ef00000|100%| O|  |TAMS 0x000000008ef00000, 0x000000008ee00000| Untracked 
| 239|0x000000008ef00000, 0x000000008f000000, 0x000000008f000000|100%| O|  |TAMS 0x000000008f000000, 0x000000008ef00000| Untracked 
| 240|0x000000008f000000, 0x000000008f100000, 0x000000008f100000|100%| O|  |TAMS 0x000000008f100000, 0x000000008f000000| Untracked 
| 241|0x000000008f100000, 0x000000008f200000, 0x000000008f200000|100%| O|  |TAMS 0x000000008f200000, 0x000000008f100000| Untracked 
| 242|0x000000008f200000, 0x000000008f300000, 0x000000008f300000|100%| O|  |TAMS 0x000000008f300000, 0x000000008f200000| Untracked 
| 243|0x000000008f300000, 0x000000008f400000, 0x000000008f400000|100%| O|  |TAMS 0x000000008f400000, 0x000000008f300000| Untracked 
| 244|0x000000008f400000, 0x000000008f500000, 0x000000008f500000|100%| O|  |TAMS 0x000000008f500000, 0x000000008f400000| Untracked 
| 245|0x000000008f500000, 0x000000008f600000, 0x000000008f600000|100%| O|  |TAMS 0x000000008f600000, 0x000000008f500000| Untracked 
| 246|0x000000008f600000, 0x000000008f700000, 0x000000008f700000|100%| O|  |TAMS 0x000000008f600000, 0x000000008f600000| Untracked 
| 247|0x000000008f700000, 0x000000008f800000, 0x000000008f800000|100%| O|  |TAMS 0x000000008f800000, 0x000000008f700000| Untracked 
| 248|0x000000008f800000, 0x000000008f900000, 0x000000008f900000|100%| O|  |TAMS 0x000000008f900000, 0x000000008f800000| Untracked 
| 249|0x000000008f900000, 0x000000008fa00000, 0x000000008fa00000|100%| O|  |TAMS 0x000000008fa00000, 0x000000008f900000| Untracked 
| 250|0x000000008fa00000, 0x000000008fb00000, 0x000000008fb00000|100%| O|  |TAMS 0x000000008fa00000, 0x000000008fa00000| Untracked 
| 251|0x000000008fb00000, 0x000000008fc00000, 0x000000008fc00000|100%| O|  |TAMS 0x000000008fc00000, 0x000000008fb00000| Untracked 
| 252|0x000000008fc00000, 0x000000008fd00000, 0x000000008fd00000|100%| O|  |TAMS 0x000000008fd00000, 0x000000008fc00000| Untracked 
| 253|0x000000008fd00000, 0x000000008fe00000, 0x000000008fe00000|100%| O|  |TAMS 0x000000008fe00000, 0x000000008fd00000| Untracked 
| 254|0x000000008fe00000, 0x000000008ff00000, 0x000000008ff00000|100%| O|  |TAMS 0x000000008ff00000, 0x000000008fe00000| Untracked 
| 255|0x000000008ff00000, 0x0000000090000000, 0x0000000090000000|100%| O|  |TAMS 0x0000000090000000, 0x000000008ff00000| Untracked 
| 256|0x0000000090000000, 0x0000000090100000, 0x0000000090100000|100%| O|  |TAMS 0x0000000090100000, 0x0000000090000000| Untracked 
| 257|0x0000000090100000, 0x0000000090200000, 0x0000000090200000|100%| O|  |TAMS 0x0000000090200000, 0x0000000090100000| Untracked 
| 258|0x0000000090200000, 0x0000000090300000, 0x0000000090300000|100%| O|  |TAMS 0x0000000090300000, 0x0000000090200000| Untracked 
| 259|0x0000000090300000, 0x0000000090400000, 0x0000000090400000|100%| O|  |TAMS 0x0000000090400000, 0x0000000090300000| Untracked 
| 260|0x0000000090400000, 0x0000000090500000, 0x0000000090500000|100%| O|  |TAMS 0x0000000090500000, 0x0000000090400000| Untracked 
| 261|0x0000000090500000, 0x0000000090600000, 0x0000000090600000|100%| O|  |TAMS 0x0000000090600000, 0x0000000090500000| Untracked 
| 262|0x0000000090600000, 0x0000000090700000, 0x0000000090700000|100%| O|  |TAMS 0x0000000090600000, 0x0000000090600000| Untracked 
| 263|0x0000000090700000, 0x0000000090800000, 0x0000000090800000|100%| O|  |TAMS 0x0000000090700000, 0x0000000090700000| Untracked 
| 264|0x0000000090800000, 0x0000000090900000, 0x0000000090900000|100%| O|  |TAMS 0x0000000090800000, 0x0000000090800000| Untracked 
| 265|0x0000000090900000, 0x0000000090a00000, 0x0000000090a00000|100%| O|  |TAMS 0x0000000090900000, 0x0000000090900000| Untracked 
| 266|0x0000000090a00000, 0x0000000090b00000, 0x0000000090b00000|100%| O|  |TAMS 0x0000000090a00000, 0x0000000090a00000| Untracked 
| 267|0x0000000090b00000, 0x0000000090c00000, 0x0000000090c00000|100%| O|  |TAMS 0x0000000090b00000, 0x0000000090b00000| Untracked 
| 268|0x0000000090c00000, 0x0000000090d00000, 0x0000000090d00000|100%| O|  |TAMS 0x0000000090c00000, 0x0000000090c00000| Untracked 
| 269|0x0000000090d00000, 0x0000000090e00000, 0x0000000090e00000|100%| O|  |TAMS 0x0000000090d00000, 0x0000000090d00000| Untracked 
| 270|0x0000000090e00000, 0x0000000090f00000, 0x0000000090f00000|100%| O|  |TAMS 0x0000000090e00000, 0x0000000090e00000| Untracked 
| 271|0x0000000090f00000, 0x0000000091000000, 0x0000000091000000|100%| O|  |TAMS 0x0000000090f00000, 0x0000000090f00000| Untracked 
| 272|0x0000000091000000, 0x0000000091100000, 0x0000000091100000|100%| O|  |TAMS 0x0000000091000000, 0x0000000091000000| Untracked 
| 273|0x0000000091100000, 0x0000000091200000, 0x0000000091200000|100%| O|  |TAMS 0x0000000091100000, 0x0000000091100000| Untracked 
| 274|0x0000000091200000, 0x0000000091300000, 0x0000000091300000|100%| O|  |TAMS 0x0000000091200000, 0x0000000091200000| Untracked 
| 275|0x0000000091300000, 0x0000000091400000, 0x0000000091400000|100%| O|  |TAMS 0x0000000091300000, 0x0000000091300000| Untracked 
| 276|0x0000000091400000, 0x0000000091500000, 0x0000000091500000|100%| O|  |TAMS 0x0000000091400000, 0x0000000091400000| Untracked 
| 277|0x0000000091500000, 0x0000000091600000, 0x0000000091600000|100%| O|  |TAMS 0x0000000091500000, 0x0000000091500000| Untracked 
| 278|0x0000000091600000, 0x0000000091700000, 0x0000000091700000|100%| O|  |TAMS 0x0000000091600000, 0x0000000091600000| Untracked 
| 279|0x0000000091700000, 0x0000000091800000, 0x0000000091800000|100%| O|  |TAMS 0x0000000091700000, 0x0000000091700000| Untracked 
| 280|0x0000000091800000, 0x0000000091900000, 0x0000000091900000|100%| O|  |TAMS 0x0000000091800000, 0x0000000091800000| Untracked 
| 281|0x0000000091900000, 0x0000000091a00000, 0x0000000091a00000|100%| O|  |TAMS 0x0000000091900000, 0x0000000091900000| Untracked 
| 282|0x0000000091a00000, 0x0000000091b00000, 0x0000000091b00000|100%| O|  |TAMS 0x0000000091a00000, 0x0000000091a00000| Untracked 
| 283|0x0000000091b00000, 0x0000000091c00000, 0x0000000091c00000|100%| O|  |TAMS 0x0000000091b00000, 0x0000000091b00000| Untracked 
| 284|0x0000000091c00000, 0x0000000091d00000, 0x0000000091d00000|100%| O|  |TAMS 0x0000000091c00000, 0x0000000091c00000| Untracked 
| 285|0x0000000091d00000, 0x0000000091e00000, 0x0000000091e00000|100%| O|  |TAMS 0x0000000091d00000, 0x0000000091d00000| Untracked 
| 286|0x0000000091e00000, 0x0000000091f00000, 0x0000000091f00000|100%| O|  |TAMS 0x0000000091e00000, 0x0000000091e00000| Untracked 
| 287|0x0000000091f00000, 0x0000000092000000, 0x0000000092000000|100%| O|  |TAMS 0x0000000091f00000, 0x0000000091f00000| Untracked 
| 288|0x0000000092000000, 0x0000000092100000, 0x0000000092100000|100%| O|  |TAMS 0x0000000092000000, 0x0000000092000000| Untracked 
| 289|0x0000000092100000, 0x0000000092200000, 0x0000000092200000|100%| O|  |TAMS 0x0000000092100000, 0x0000000092100000| Untracked 
| 290|0x0000000092200000, 0x0000000092300000, 0x0000000092300000|100%| O|  |TAMS 0x0000000092200000, 0x0000000092200000| Untracked 
| 291|0x0000000092300000, 0x0000000092400000, 0x0000000092400000|100%| O|  |TAMS 0x0000000092300000, 0x0000000092300000| Untracked 
| 292|0x0000000092400000, 0x0000000092500000, 0x0000000092500000|100%| O|  |TAMS 0x0000000092400000, 0x0000000092400000| Untracked 
| 293|0x0000000092500000, 0x0000000092600000, 0x0000000092600000|100%| O|  |TAMS 0x0000000092500000, 0x0000000092500000| Untracked 
| 294|0x0000000092600000, 0x0000000092700000, 0x0000000092700000|100%| O|  |TAMS 0x0000000092600000, 0x0000000092600000| Untracked 
| 295|0x0000000092700000, 0x0000000092800000, 0x0000000092800000|100%| O|  |TAMS 0x0000000092700000, 0x0000000092700000| Untracked 
| 296|0x0000000092800000, 0x0000000092900000, 0x0000000092900000|100%| O|  |TAMS 0x0000000092800000, 0x0000000092800000| Untracked 
| 297|0x0000000092900000, 0x0000000092a00000, 0x0000000092a00000|100%| O|  |TAMS 0x0000000092900000, 0x0000000092900000| Untracked 
| 298|0x0000000092a00000, 0x0000000092b00000, 0x0000000092b00000|100%| O|  |TAMS 0x0000000092a00000, 0x0000000092a00000| Untracked 
| 299|0x0000000092b00000, 0x0000000092c00000, 0x0000000092c00000|100%| O|  |TAMS 0x0000000092b00000, 0x0000000092b00000| Untracked 
| 300|0x0000000092c00000, 0x0000000092d00000, 0x0000000092d00000|100%| O|  |TAMS 0x0000000092c00000, 0x0000000092c00000| Untracked 
| 301|0x0000000092d00000, 0x0000000092e00000, 0x0000000092e00000|100%| O|  |TAMS 0x0000000092d00000, 0x0000000092d00000| Untracked 
| 302|0x0000000092e00000, 0x0000000092f00000, 0x0000000092f00000|100%| O|  |TAMS 0x0000000092e00000, 0x0000000092e00000| Untracked 
| 303|0x0000000092f00000, 0x0000000093000000, 0x0000000093000000|100%| O|  |TAMS 0x0000000092f00000, 0x0000000092f00000| Untracked 
| 304|0x0000000093000000, 0x0000000093100000, 0x0000000093100000|100%| O|  |TAMS 0x0000000093000000, 0x0000000093000000| Untracked 
| 305|0x0000000093100000, 0x0000000093200000, 0x0000000093200000|100%| O|  |TAMS 0x0000000093100000, 0x0000000093100000| Untracked 
| 306|0x0000000093200000, 0x0000000093300000, 0x0000000093300000|100%| O|  |TAMS 0x0000000093200000, 0x0000000093200000| Untracked 
| 307|0x0000000093300000, 0x0000000093400000, 0x0000000093400000|100%| O|  |TAMS 0x0000000093300000, 0x0000000093300000| Untracked 
| 308|0x0000000093400000, 0x0000000093500000, 0x0000000093500000|100%| O|  |TAMS 0x0000000093400000, 0x0000000093400000| Untracked 
| 309|0x0000000093500000, 0x0000000093600000, 0x0000000093600000|100%| O|  |TAMS 0x0000000093500000, 0x0000000093500000| Untracked 
| 310|0x0000000093600000, 0x0000000093700000, 0x0000000093700000|100%| O|  |TAMS 0x0000000093600000, 0x0000000093600000| Untracked 
| 311|0x0000000093700000, 0x0000000093800000, 0x0000000093800000|100%| O|  |TAMS 0x0000000093700000, 0x0000000093700000| Untracked 
| 312|0x0000000093800000, 0x0000000093900000, 0x0000000093900000|100%| O|  |TAMS 0x0000000093800000, 0x0000000093800000| Untracked 
| 313|0x0000000093900000, 0x0000000093a00000, 0x0000000093a00000|100%| O|  |TAMS 0x0000000093900000, 0x0000000093900000| Untracked 
| 314|0x0000000093a00000, 0x0000000093b00000, 0x0000000093b00000|100%| O|  |TAMS 0x0000000093a00000, 0x0000000093a00000| Untracked 
| 315|0x0000000093b00000, 0x0000000093c00000, 0x0000000093c00000|100%| O|  |TAMS 0x0000000093b00000, 0x0000000093b00000| Untracked 
| 316|0x0000000093c00000, 0x0000000093d00000, 0x0000000093d00000|100%| O|  |TAMS 0x0000000093c00000, 0x0000000093c00000| Untracked 
| 317|0x0000000093d00000, 0x0000000093e00000, 0x0000000093e00000|100%| O|  |TAMS 0x0000000093d00000, 0x0000000093d00000| Untracked 
| 318|0x0000000093e00000, 0x0000000093f00000, 0x0000000093f00000|100%| O|  |TAMS 0x0000000093e00000, 0x0000000093e00000| Untracked 
| 319|0x0000000093f00000, 0x0000000094000000, 0x0000000094000000|100%| O|  |TAMS 0x0000000093f00000, 0x0000000093f00000| Untracked 
| 320|0x0000000094000000, 0x0000000094100000, 0x0000000094100000|100%| O|  |TAMS 0x0000000094000000, 0x0000000094000000| Untracked 
| 321|0x0000000094100000, 0x0000000094200000, 0x0000000094200000|100%| O|  |TAMS 0x0000000094100000, 0x0000000094100000| Untracked 
| 322|0x0000000094200000, 0x0000000094300000, 0x0000000094300000|100%| O|  |TAMS 0x0000000094200000, 0x0000000094200000| Untracked 
| 323|0x0000000094300000, 0x0000000094400000, 0x0000000094400000|100%| O|  |TAMS 0x0000000094300000, 0x0000000094300000| Untracked 
| 324|0x0000000094400000, 0x0000000094500000, 0x0000000094500000|100%| O|  |TAMS 0x0000000094400000, 0x0000000094400000| Untracked 
| 325|0x0000000094500000, 0x0000000094600000, 0x0000000094600000|100%| O|  |TAMS 0x0000000094500000, 0x0000000094500000| Untracked 
| 326|0x0000000094600000, 0x0000000094700000, 0x0000000094700000|100%| O|  |TAMS 0x0000000094600000, 0x0000000094600000| Untracked 
| 327|0x0000000094700000, 0x0000000094800000, 0x0000000094800000|100%| O|  |TAMS 0x0000000094700000, 0x0000000094700000| Untracked 
| 328|0x0000000094800000, 0x0000000094900000, 0x0000000094900000|100%| O|  |TAMS 0x0000000094900000, 0x0000000094800000| Untracked 
| 329|0x0000000094900000, 0x0000000094a00000, 0x0000000094a00000|100%| O|  |TAMS 0x0000000094a00000, 0x0000000094900000| Untracked 
| 330|0x0000000094a00000, 0x0000000094b00000, 0x0000000094b00000|100%| O|  |TAMS 0x0000000094b00000, 0x0000000094a00000| Untracked 
| 331|0x0000000094b00000, 0x0000000094c00000, 0x0000000094c00000|100%| O|  |TAMS 0x0000000094c00000, 0x0000000094b00000| Untracked 
| 332|0x0000000094c00000, 0x0000000094d00000, 0x0000000094d00000|100%| O|  |TAMS 0x0000000094d00000, 0x0000000094c00000| Untracked 
| 333|0x0000000094d00000, 0x0000000094e00000, 0x0000000094e00000|100%| O|  |TAMS 0x0000000094e00000, 0x0000000094d00000| Untracked 
| 334|0x0000000094e00000, 0x0000000094f00000, 0x0000000094f00000|100%| O|  |TAMS 0x0000000094f00000, 0x0000000094e00000| Untracked 
| 335|0x0000000094f00000, 0x0000000095000000, 0x0000000095000000|100%| O|  |TAMS 0x0000000095000000, 0x0000000094f00000| Untracked 
| 336|0x0000000095000000, 0x0000000095100000, 0x0000000095100000|100%| O|  |TAMS 0x0000000095000000, 0x0000000095000000| Untracked 
| 337|0x0000000095100000, 0x0000000095200000, 0x0000000095200000|100%| O|  |TAMS 0x0000000095200000, 0x0000000095100000| Untracked 
| 338|0x0000000095200000, 0x0000000095300000, 0x0000000095300000|100%| O|  |TAMS 0x0000000095300000, 0x0000000095200000| Untracked 
| 339|0x0000000095300000, 0x0000000095400000, 0x0000000095400000|100%| O|  |TAMS 0x0000000095400000, 0x0000000095300000| Untracked 
| 340|0x0000000095400000, 0x0000000095500000, 0x0000000095500000|100%| O|  |TAMS 0x0000000095500000, 0x0000000095400000| Untracked 
| 341|0x0000000095500000, 0x0000000095600000, 0x0000000095600000|100%| O|  |TAMS 0x0000000095600000, 0x0000000095500000| Untracked 
| 342|0x0000000095600000, 0x0000000095700000, 0x0000000095700000|100%| O|  |TAMS 0x0000000095700000, 0x0000000095600000| Untracked 
| 343|0x0000000095700000, 0x0000000095800000, 0x0000000095800000|100%| O|  |TAMS 0x0000000095800000, 0x0000000095700000| Untracked 
| 344|0x0000000095800000, 0x0000000095900000, 0x0000000095900000|100%| O|  |TAMS 0x0000000095900000, 0x0000000095800000| Untracked 
| 345|0x0000000095900000, 0x0000000095a00000, 0x0000000095a00000|100%| O|  |TAMS 0x0000000095a00000, 0x0000000095900000| Untracked 
| 346|0x0000000095a00000, 0x0000000095b00000, 0x0000000095b00000|100%| O|  |TAMS 0x0000000095b00000, 0x0000000095a00000| Untracked 
| 347|0x0000000095b00000, 0x0000000095c00000, 0x0000000095c00000|100%| O|  |TAMS 0x0000000095b4c200, 0x0000000095b00000| Untracked 
| 348|0x0000000095c00000, 0x0000000095d00000, 0x0000000095d00000|100%| O|  |TAMS 0x0000000095c00000, 0x0000000095c00000| Untracked 
| 349|0x0000000095d00000, 0x0000000095e00000, 0x0000000095e00000|100%| O|  |TAMS 0x0000000095d00000, 0x0000000095d00000| Untracked 
| 350|0x0000000095e00000, 0x0000000095f00000, 0x0000000095f00000|100%| O|  |TAMS 0x0000000095e00000, 0x0000000095e00000| Untracked 
| 351|0x0000000095f00000, 0x0000000096000000, 0x0000000096000000|100%| O|  |TAMS 0x0000000095f00000, 0x0000000095f00000| Untracked 
| 352|0x0000000096000000, 0x0000000096100000, 0x0000000096100000|100%| O|  |TAMS 0x0000000096000000, 0x0000000096000000| Untracked 
| 353|0x0000000096100000, 0x0000000096200000, 0x0000000096200000|100%| O|  |TAMS 0x0000000096100000, 0x0000000096100000| Untracked 
| 354|0x0000000096200000, 0x0000000096300000, 0x0000000096300000|100%| O|  |TAMS 0x0000000096200000, 0x0000000096200000| Untracked 
| 355|0x0000000096300000, 0x0000000096400000, 0x0000000096400000|100%| O|  |TAMS 0x0000000096300000, 0x0000000096300000| Untracked 
| 356|0x0000000096400000, 0x0000000096500000, 0x0000000096500000|100%| O|  |TAMS 0x0000000096400000, 0x0000000096400000| Untracked 
| 357|0x0000000096500000, 0x0000000096600000, 0x0000000096600000|100%| O|  |TAMS 0x0000000096500000, 0x0000000096500000| Untracked 
| 358|0x0000000096600000, 0x0000000096700000, 0x0000000096700000|100%| O|  |TAMS 0x0000000096600000, 0x0000000096600000| Untracked 
| 359|0x0000000096700000, 0x0000000096800000, 0x0000000096800000|100%| O|  |TAMS 0x0000000096700000, 0x0000000096700000| Untracked 
| 360|0x0000000096800000, 0x0000000096900000, 0x0000000096900000|100%| O|  |TAMS 0x0000000096800000, 0x0000000096800000| Untracked 
| 361|0x0000000096900000, 0x0000000096a00000, 0x0000000096a00000|100%| O|  |TAMS 0x0000000096900000, 0x0000000096900000| Untracked 
| 362|0x0000000096a00000, 0x0000000096b00000, 0x0000000096b00000|100%| O|  |TAMS 0x0000000096a00000, 0x0000000096a00000| Untracked 
| 363|0x0000000096b00000, 0x0000000096c00000, 0x0000000096c00000|100%| O|  |TAMS 0x0000000096b00000, 0x0000000096b00000| Untracked 
| 364|0x0000000096c00000, 0x0000000096d00000, 0x0000000096d00000|100%| O|  |TAMS 0x0000000096c00000, 0x0000000096c00000| Untracked 
| 365|0x0000000096d00000, 0x0000000096e00000, 0x0000000096e00000|100%| O|  |TAMS 0x0000000096d00000, 0x0000000096d00000| Untracked 
| 366|0x0000000096e00000, 0x0000000096f00000, 0x0000000096f00000|100%| O|  |TAMS 0x0000000096e00000, 0x0000000096e00000| Untracked 
| 367|0x0000000096f00000, 0x0000000097000000, 0x0000000097000000|100%| O|  |TAMS 0x0000000096f00000, 0x0000000096f00000| Untracked 
| 368|0x0000000097000000, 0x0000000097100000, 0x0000000097100000|100%| O|  |TAMS 0x0000000097000000, 0x0000000097000000| Untracked 
| 369|0x0000000097100000, 0x0000000097200000, 0x0000000097200000|100%| O|  |TAMS 0x0000000097100000, 0x0000000097100000| Untracked 
| 370|0x0000000097200000, 0x0000000097300000, 0x0000000097300000|100%| O|  |TAMS 0x0000000097200000, 0x0000000097200000| Untracked 
| 371|0x0000000097300000, 0x0000000097400000, 0x0000000097400000|100%| O|  |TAMS 0x0000000097300000, 0x0000000097300000| Untracked 
| 372|0x0000000097400000, 0x0000000097500000, 0x0000000097500000|100%| O|  |TAMS 0x0000000097400000, 0x0000000097400000| Untracked 
| 373|0x0000000097500000, 0x0000000097600000, 0x0000000097600000|100%| O|  |TAMS 0x0000000097500000, 0x0000000097500000| Untracked 
| 374|0x0000000097600000, 0x0000000097700000, 0x0000000097700000|100%| O|  |TAMS 0x0000000097600000, 0x0000000097600000| Untracked 
| 375|0x0000000097700000, 0x0000000097800000, 0x0000000097800000|100%| O|  |TAMS 0x0000000097700000, 0x0000000097700000| Untracked 
| 376|0x0000000097800000, 0x0000000097900000, 0x0000000097900000|100%| O|  |TAMS 0x0000000097800000, 0x0000000097800000| Untracked 
| 377|0x0000000097900000, 0x0000000097a00000, 0x0000000097a00000|100%| O|  |TAMS 0x0000000097900000, 0x0000000097900000| Untracked 
| 378|0x0000000097a00000, 0x0000000097b00000, 0x0000000097b00000|100%| O|  |TAMS 0x0000000097a00000, 0x0000000097a00000| Untracked 
| 379|0x0000000097b00000, 0x0000000097c00000, 0x0000000097c00000|100%| O|  |TAMS 0x0000000097b00000, 0x0000000097b00000| Untracked 
| 380|0x0000000097c00000, 0x0000000097d00000, 0x0000000097d00000|100%| O|  |TAMS 0x0000000097c00000, 0x0000000097c00000| Untracked 
| 381|0x0000000097d00000, 0x0000000097e00000, 0x0000000097e00000|100%| O|  |TAMS 0x0000000097d00000, 0x0000000097d00000| Untracked 
| 382|0x0000000097e00000, 0x0000000097f00000, 0x0000000097f00000|100%| O|  |TAMS 0x0000000097e00000, 0x0000000097e00000| Untracked 
| 383|0x0000000097f00000, 0x0000000098000000, 0x0000000098000000|100%| O|  |TAMS 0x0000000097f00000, 0x0000000097f00000| Untracked 
| 384|0x0000000098000000, 0x0000000098100000, 0x0000000098100000|100%| O|  |TAMS 0x0000000098000000, 0x0000000098000000| Untracked 
| 385|0x0000000098100000, 0x0000000098200000, 0x0000000098200000|100%| O|  |TAMS 0x0000000098100000, 0x0000000098100000| Untracked 
| 386|0x0000000098200000, 0x0000000098300000, 0x0000000098300000|100%| O|  |TAMS 0x0000000098200000, 0x0000000098200000| Untracked 
| 387|0x0000000098300000, 0x0000000098400000, 0x0000000098400000|100%| O|  |TAMS 0x0000000098300000, 0x0000000098300000| Untracked 
| 388|0x0000000098400000, 0x0000000098500000, 0x0000000098500000|100%| O|  |TAMS 0x0000000098400000, 0x0000000098400000| Untracked 
| 389|0x0000000098500000, 0x0000000098600000, 0x0000000098600000|100%| O|  |TAMS 0x0000000098500000, 0x0000000098500000| Untracked 
| 390|0x0000000098600000, 0x0000000098700000, 0x0000000098700000|100%| O|  |TAMS 0x0000000098600000, 0x0000000098600000| Untracked 
| 391|0x0000000098700000, 0x0000000098800000, 0x0000000098800000|100%| O|  |TAMS 0x0000000098700000, 0x0000000098700000| Untracked 
| 392|0x0000000098800000, 0x0000000098900000, 0x0000000098900000|100%| O|  |TAMS 0x0000000098800000, 0x0000000098800000| Untracked 
| 393|0x0000000098900000, 0x0000000098a00000, 0x0000000098a00000|100%| O|  |TAMS 0x0000000098900000, 0x0000000098900000| Untracked 
| 394|0x0000000098a00000, 0x0000000098b00000, 0x0000000098b00000|100%| O|  |TAMS 0x0000000098a00000, 0x0000000098a00000| Untracked 
| 395|0x0000000098b00000, 0x0000000098c00000, 0x0000000098c00000|100%| O|  |TAMS 0x0000000098b00000, 0x0000000098b00000| Untracked 
| 396|0x0000000098c00000, 0x0000000098d00000, 0x0000000098d00000|100%| O|  |TAMS 0x0000000098c00000, 0x0000000098c00000| Untracked 
| 397|0x0000000098d00000, 0x0000000098e00000, 0x0000000098e00000|100%| O|  |TAMS 0x0000000098d00000, 0x0000000098d00000| Untracked 
| 398|0x0000000098e00000, 0x0000000098f00000, 0x0000000098f00000|100%| O|  |TAMS 0x0000000098e00000, 0x0000000098e00000| Untracked 
| 399|0x0000000098f00000, 0x0000000099000000, 0x0000000099000000|100%| O|  |TAMS 0x0000000098f00000, 0x0000000098f00000| Untracked 
| 400|0x0000000099000000, 0x0000000099100000, 0x0000000099100000|100%| O|  |TAMS 0x0000000099000000, 0x0000000099000000| Untracked 
| 401|0x0000000099100000, 0x0000000099200000, 0x0000000099200000|100%| O|  |TAMS 0x0000000099100000, 0x0000000099100000| Untracked 
| 402|0x0000000099200000, 0x0000000099300000, 0x0000000099300000|100%| O|  |TAMS 0x0000000099200000, 0x0000000099200000| Untracked 
| 403|0x0000000099300000, 0x0000000099400000, 0x0000000099400000|100%| O|  |TAMS 0x0000000099300000, 0x0000000099300000| Untracked 
| 404|0x0000000099400000, 0x0000000099500000, 0x0000000099500000|100%| O|  |TAMS 0x0000000099400000, 0x0000000099400000| Untracked 
| 405|0x0000000099500000, 0x0000000099600000, 0x0000000099600000|100%| O|  |TAMS 0x0000000099500000, 0x0000000099500000| Untracked 
| 406|0x0000000099600000, 0x0000000099700000, 0x0000000099700000|100%| O|  |TAMS 0x0000000099600000, 0x0000000099600000| Untracked 
| 407|0x0000000099700000, 0x0000000099800000, 0x0000000099800000|100%| O|  |TAMS 0x0000000099700000, 0x0000000099700000| Untracked 
| 408|0x0000000099800000, 0x0000000099900000, 0x0000000099900000|100%| O|  |TAMS 0x0000000099800000, 0x0000000099800000| Untracked 
| 409|0x0000000099900000, 0x0000000099a00000, 0x0000000099a00000|100%| O|  |TAMS 0x0000000099900000, 0x0000000099900000| Untracked 
| 410|0x0000000099a00000, 0x0000000099a4f800, 0x0000000099b00000| 31%| O|  |TAMS 0x0000000099a00000, 0x0000000099a00000| Untracked 
| 411|0x0000000099b00000, 0x0000000099b00000, 0x0000000099c00000|  0%| F|  |TAMS 0x0000000099b00000, 0x0000000099b00000| Untracked 
| 412|0x0000000099c00000, 0x0000000099c00000, 0x0000000099d00000|  0%| F|  |TAMS 0x0000000099c00000, 0x0000000099c00000| Untracked 
| 413|0x0000000099d00000, 0x0000000099d00000, 0x0000000099e00000|  0%| F|  |TAMS 0x0000000099d00000, 0x0000000099d00000| Untracked 
| 414|0x0000000099e00000, 0x0000000099e00000, 0x0000000099f00000|  0%| F|  |TAMS 0x0000000099e00000, 0x0000000099e00000| Untracked 
| 415|0x0000000099f00000, 0x0000000099f00000, 0x000000009a000000|  0%| F|  |TAMS 0x0000000099f00000, 0x0000000099f00000| Untracked 
| 416|0x000000009a000000, 0x000000009a000000, 0x000000009a100000|  0%| F|  |TAMS 0x000000009a000000, 0x000000009a000000| Untracked 
| 417|0x000000009a100000, 0x000000009a100000, 0x000000009a200000|  0%| F|  |TAMS 0x000000009a100000, 0x000000009a100000| Untracked 
| 418|0x000000009a200000, 0x000000009a200000, 0x000000009a300000|  0%| F|  |TAMS 0x000000009a200000, 0x000000009a200000| Untracked 
| 419|0x000000009a300000, 0x000000009a300000, 0x000000009a400000|  0%| F|  |TAMS 0x000000009a300000, 0x000000009a300000| Untracked 
| 420|0x000000009a400000, 0x000000009a400000, 0x000000009a500000|  0%| F|  |TAMS 0x000000009a400000, 0x000000009a400000| Untracked 
| 421|0x000000009a500000, 0x000000009a500000, 0x000000009a600000|  0%| F|  |TAMS 0x000000009a500000, 0x000000009a500000| Untracked 
| 422|0x000000009a600000, 0x000000009a600000, 0x000000009a700000|  0%| F|  |TAMS 0x000000009a600000, 0x000000009a600000| Untracked 
| 423|0x000000009a700000, 0x000000009a700000, 0x000000009a800000|  0%| F|  |TAMS 0x000000009a700000, 0x000000009a700000| Untracked 
| 424|0x000000009a800000, 0x000000009a800000, 0x000000009a900000|  0%| F|  |TAMS 0x000000009a800000, 0x000000009a800000| Untracked 
| 425|0x000000009a900000, 0x000000009a900000, 0x000000009aa00000|  0%| F|  |TAMS 0x000000009a900000, 0x000000009a900000| Untracked 
| 426|0x000000009aa00000, 0x000000009aa00000, 0x000000009ab00000|  0%| F|  |TAMS 0x000000009aa00000, 0x000000009aa00000| Untracked 
| 427|0x000000009ab00000, 0x000000009ab00000, 0x000000009ac00000|  0%| F|  |TAMS 0x000000009ab00000, 0x000000009ab00000| Untracked 
| 428|0x000000009ac00000, 0x000000009ac00000, 0x000000009ad00000|  0%| F|  |TAMS 0x000000009ac00000, 0x000000009ac00000| Untracked 
| 429|0x000000009ad00000, 0x000000009ad00000, 0x000000009ae00000|  0%| F|  |TAMS 0x000000009ad00000, 0x000000009ad00000| Untracked 
| 430|0x000000009ae00000, 0x000000009ae00000, 0x000000009af00000|  0%| F|  |TAMS 0x000000009ae00000, 0x000000009ae00000| Untracked 
| 431|0x000000009af00000, 0x000000009af00000, 0x000000009b000000|  0%| F|  |TAMS 0x000000009af00000, 0x000000009af00000| Untracked 
| 432|0x000000009b000000, 0x000000009b000000, 0x000000009b100000|  0%| F|  |TAMS 0x000000009b000000, 0x000000009b000000| Untracked 
| 433|0x000000009b100000, 0x000000009b100000, 0x000000009b200000|  0%| F|  |TAMS 0x000000009b100000, 0x000000009b100000| Untracked 
| 434|0x000000009b200000, 0x000000009b200000, 0x000000009b300000|  0%| F|  |TAMS 0x000000009b200000, 0x000000009b200000| Untracked 
| 435|0x000000009b300000, 0x000000009b300000, 0x000000009b400000|  0%| F|  |TAMS 0x000000009b300000, 0x000000009b300000| Untracked 
| 436|0x000000009b400000, 0x000000009b400000, 0x000000009b500000|  0%| F|  |TAMS 0x000000009b400000, 0x000000009b400000| Untracked 
| 437|0x000000009b500000, 0x000000009b500000, 0x000000009b600000|  0%| F|  |TAMS 0x000000009b500000, 0x000000009b500000| Untracked 
| 438|0x000000009b600000, 0x000000009b600000, 0x000000009b700000|  0%| F|  |TAMS 0x000000009b600000, 0x000000009b600000| Untracked 
| 439|0x000000009b700000, 0x000000009b700000, 0x000000009b800000|  0%| F|  |TAMS 0x000000009b700000, 0x000000009b700000| Untracked 
| 440|0x000000009b800000, 0x000000009b800000, 0x000000009b900000|  0%| F|  |TAMS 0x000000009b800000, 0x000000009b800000| Untracked 
| 441|0x000000009b900000, 0x000000009b900000, 0x000000009ba00000|  0%| F|  |TAMS 0x000000009b900000, 0x000000009b900000| Untracked 
| 442|0x000000009ba00000, 0x000000009ba00000, 0x000000009bb00000|  0%| F|  |TAMS 0x000000009ba00000, 0x000000009ba00000| Untracked 
| 443|0x000000009bb00000, 0x000000009bb00000, 0x000000009bc00000|  0%| F|  |TAMS 0x000000009bb00000, 0x000000009bb00000| Untracked 
| 444|0x000000009bc00000, 0x000000009bc00000, 0x000000009bd00000|  0%| F|  |TAMS 0x000000009bc00000, 0x000000009bc00000| Untracked 
| 445|0x000000009bd00000, 0x000000009bd00000, 0x000000009be00000|  0%| F|  |TAMS 0x000000009bd00000, 0x000000009bd00000| Untracked 
| 446|0x000000009be00000, 0x000000009be00000, 0x000000009bf00000|  0%| F|  |TAMS 0x000000009be00000, 0x000000009be00000| Untracked 
| 447|0x000000009bf00000, 0x000000009bf00000, 0x000000009c000000|  0%| F|  |TAMS 0x000000009bf00000, 0x000000009bf00000| Untracked 
| 448|0x000000009c000000, 0x000000009c000000, 0x000000009c100000|  0%| F|  |TAMS 0x000000009c000000, 0x000000009c000000| Untracked 
| 449|0x000000009c100000, 0x000000009c100000, 0x000000009c200000|  0%| F|  |TAMS 0x000000009c100000, 0x000000009c100000| Untracked 
| 450|0x000000009c200000, 0x000000009c200000, 0x000000009c300000|  0%| F|  |TAMS 0x000000009c200000, 0x000000009c200000| Untracked 
| 451|0x000000009c300000, 0x000000009c300000, 0x000000009c400000|  0%| F|  |TAMS 0x000000009c300000, 0x000000009c300000| Untracked 
| 452|0x000000009c400000, 0x000000009c400000, 0x000000009c500000|  0%| F|  |TAMS 0x000000009c400000, 0x000000009c400000| Untracked 
| 453|0x000000009c500000, 0x000000009c500000, 0x000000009c600000|  0%| F|  |TAMS 0x000000009c500000, 0x000000009c500000| Untracked 
| 454|0x000000009c600000, 0x000000009c600000, 0x000000009c700000|  0%| F|  |TAMS 0x000000009c600000, 0x000000009c600000| Untracked 
| 455|0x000000009c700000, 0x000000009c700000, 0x000000009c800000|  0%| F|  |TAMS 0x000000009c700000, 0x000000009c700000| Untracked 
| 456|0x000000009c800000, 0x000000009c800000, 0x000000009c900000|  0%| F|  |TAMS 0x000000009c800000, 0x000000009c800000| Untracked 
| 457|0x000000009c900000, 0x000000009c900000, 0x000000009ca00000|  0%| F|  |TAMS 0x000000009c900000, 0x000000009c900000| Untracked 
| 458|0x000000009ca00000, 0x000000009ca00000, 0x000000009cb00000|  0%| F|  |TAMS 0x000000009ca00000, 0x000000009ca00000| Untracked 
| 459|0x000000009cb00000, 0x000000009cb00000, 0x000000009cc00000|  0%| F|  |TAMS 0x000000009cb00000, 0x000000009cb00000| Untracked 
| 460|0x000000009cc00000, 0x000000009cc00000, 0x000000009cd00000|  0%| F|  |TAMS 0x000000009cc00000, 0x000000009cc00000| Untracked 
| 461|0x000000009cd00000, 0x000000009cd00000, 0x000000009ce00000|  0%| F|  |TAMS 0x000000009cd00000, 0x000000009cd00000| Untracked 
| 462|0x000000009ce00000, 0x000000009ce00000, 0x000000009cf00000|  0%| F|  |TAMS 0x000000009ce00000, 0x000000009ce00000| Untracked 
| 463|0x000000009cf00000, 0x000000009cf00000, 0x000000009d000000|  0%| F|  |TAMS 0x000000009cf00000, 0x000000009cf00000| Untracked 
| 464|0x000000009d000000, 0x000000009d000000, 0x000000009d100000|  0%| F|  |TAMS 0x000000009d000000, 0x000000009d000000| Untracked 
| 465|0x000000009d100000, 0x000000009d100000, 0x000000009d200000|  0%| F|  |TAMS 0x000000009d100000, 0x000000009d100000| Untracked 
| 466|0x000000009d200000, 0x000000009d200000, 0x000000009d300000|  0%| F|  |TAMS 0x000000009d200000, 0x000000009d200000| Untracked 
| 467|0x000000009d300000, 0x000000009d300000, 0x000000009d400000|  0%| F|  |TAMS 0x000000009d300000, 0x000000009d300000| Untracked 
| 468|0x000000009d400000, 0x000000009d400000, 0x000000009d500000|  0%| F|  |TAMS 0x000000009d400000, 0x000000009d400000| Untracked 
| 469|0x000000009d500000, 0x000000009d500000, 0x000000009d600000|  0%| F|  |TAMS 0x000000009d500000, 0x000000009d500000| Untracked 
| 470|0x000000009d600000, 0x000000009d600000, 0x000000009d700000|  0%| F|  |TAMS 0x000000009d600000, 0x000000009d600000| Untracked 
| 471|0x000000009d700000, 0x000000009d700000, 0x000000009d800000|  0%| F|  |TAMS 0x000000009d700000, 0x000000009d700000| Untracked 
| 472|0x000000009d800000, 0x000000009d800000, 0x000000009d900000|  0%| F|  |TAMS 0x000000009d800000, 0x000000009d800000| Untracked 
| 473|0x000000009d900000, 0x000000009d900000, 0x000000009da00000|  0%| F|  |TAMS 0x000000009d900000, 0x000000009d900000| Untracked 
| 474|0x000000009da00000, 0x000000009da00000, 0x000000009db00000|  0%| F|  |TAMS 0x000000009da00000, 0x000000009da00000| Untracked 
| 475|0x000000009db00000, 0x000000009db00000, 0x000000009dc00000|  0%| F|  |TAMS 0x000000009db00000, 0x000000009db00000| Untracked 
| 476|0x000000009dc00000, 0x000000009dc00000, 0x000000009dd00000|  0%| F|  |TAMS 0x000000009dc00000, 0x000000009dc00000| Untracked 
| 477|0x000000009dd00000, 0x000000009dd00000, 0x000000009de00000|  0%| F|  |TAMS 0x000000009dd00000, 0x000000009dd00000| Untracked 
| 478|0x000000009de00000, 0x000000009de00000, 0x000000009df00000|  0%| F|  |TAMS 0x000000009de00000, 0x000000009de00000| Untracked 
| 479|0x000000009df00000, 0x000000009df00000, 0x000000009e000000|  0%| F|  |TAMS 0x000000009df00000, 0x000000009df00000| Untracked 
| 480|0x000000009e000000, 0x000000009e000000, 0x000000009e100000|  0%| F|  |TAMS 0x000000009e000000, 0x000000009e000000| Untracked 
| 481|0x000000009e100000, 0x000000009e100000, 0x000000009e200000|  0%| F|  |TAMS 0x000000009e100000, 0x000000009e100000| Untracked 
| 482|0x000000009e200000, 0x000000009e200000, 0x000000009e300000|  0%| F|  |TAMS 0x000000009e200000, 0x000000009e200000| Untracked 
| 483|0x000000009e300000, 0x000000009e300000, 0x000000009e400000|  0%| F|  |TAMS 0x000000009e300000, 0x000000009e300000| Untracked 
| 484|0x000000009e400000, 0x000000009e400000, 0x000000009e500000|  0%| F|  |TAMS 0x000000009e400000, 0x000000009e400000| Untracked 
| 485|0x000000009e500000, 0x000000009e500000, 0x000000009e600000|  0%| F|  |TAMS 0x000000009e500000, 0x000000009e500000| Untracked 
| 486|0x000000009e600000, 0x000000009e600000, 0x000000009e700000|  0%| F|  |TAMS 0x000000009e600000, 0x000000009e600000| Untracked 
| 487|0x000000009e700000, 0x000000009e700000, 0x000000009e800000|  0%| F|  |TAMS 0x000000009e700000, 0x000000009e700000| Untracked 
| 488|0x000000009e800000, 0x000000009e800000, 0x000000009e900000|  0%| F|  |TAMS 0x000000009e800000, 0x000000009e800000| Untracked 
| 489|0x000000009e900000, 0x000000009e900000, 0x000000009ea00000|  0%| F|  |TAMS 0x000000009e900000, 0x000000009e900000| Untracked 
| 490|0x000000009ea00000, 0x000000009ea00000, 0x000000009eb00000|  0%| F|  |TAMS 0x000000009ea00000, 0x000000009ea00000| Untracked 
| 491|0x000000009eb00000, 0x000000009eb00000, 0x000000009ec00000|  0%| F|  |TAMS 0x000000009eb00000, 0x000000009eb00000| Untracked 
| 492|0x000000009ec00000, 0x000000009ec00000, 0x000000009ed00000|  0%| F|  |TAMS 0x000000009ec00000, 0x000000009ec00000| Untracked 
| 493|0x000000009ed00000, 0x000000009ed00000, 0x000000009ee00000|  0%| F|  |TAMS 0x000000009ed00000, 0x000000009ed00000| Untracked 
| 494|0x000000009ee00000, 0x000000009ee00000, 0x000000009ef00000|  0%| F|  |TAMS 0x000000009ee00000, 0x000000009ee00000| Untracked 
| 495|0x000000009ef00000, 0x000000009ef00000, 0x000000009f000000|  0%| F|  |TAMS 0x000000009ef00000, 0x000000009ef00000| Untracked 
| 496|0x000000009f000000, 0x000000009f000000, 0x000000009f100000|  0%| F|  |TAMS 0x000000009f000000, 0x000000009f000000| Untracked 
| 497|0x000000009f100000, 0x000000009f100000, 0x000000009f200000|  0%| F|  |TAMS 0x000000009f100000, 0x000000009f100000| Untracked 
| 498|0x000000009f200000, 0x000000009f200000, 0x000000009f300000|  0%| F|  |TAMS 0x000000009f200000, 0x000000009f200000| Untracked 
| 499|0x000000009f300000, 0x000000009f300000, 0x000000009f400000|  0%| F|  |TAMS 0x000000009f300000, 0x000000009f300000| Untracked 
| 500|0x000000009f400000, 0x000000009f400000, 0x000000009f500000|  0%| F|  |TAMS 0x000000009f400000, 0x000000009f400000| Untracked 
| 501|0x000000009f500000, 0x000000009f500000, 0x000000009f600000|  0%| F|  |TAMS 0x000000009f500000, 0x000000009f500000| Untracked 
| 502|0x000000009f600000, 0x000000009f600000, 0x000000009f700000|  0%| F|  |TAMS 0x000000009f600000, 0x000000009f600000| Untracked 
| 503|0x000000009f700000, 0x000000009f700000, 0x000000009f800000|  0%| F|  |TAMS 0x000000009f700000, 0x000000009f700000| Untracked 
| 504|0x000000009f800000, 0x000000009f800000, 0x000000009f900000|  0%| F|  |TAMS 0x000000009f800000, 0x000000009f800000| Untracked 
| 505|0x000000009f900000, 0x000000009f900000, 0x000000009fa00000|  0%| F|  |TAMS 0x000000009f900000, 0x000000009f900000| Untracked 
| 506|0x000000009fa00000, 0x000000009fa00000, 0x000000009fb00000|  0%| F|  |TAMS 0x000000009fa00000, 0x000000009fa00000| Untracked 
| 507|0x000000009fb00000, 0x000000009fb00000, 0x000000009fc00000|  0%| F|  |TAMS 0x000000009fb00000, 0x000000009fb00000| Untracked 
| 508|0x000000009fc00000, 0x000000009fc00000, 0x000000009fd00000|  0%| F|  |TAMS 0x000000009fc00000, 0x000000009fc00000| Untracked 
| 509|0x000000009fd00000, 0x000000009fd00000, 0x000000009fe00000|  0%| F|  |TAMS 0x000000009fd00000, 0x000000009fd00000| Untracked 
| 510|0x000000009fe00000, 0x000000009fe00000, 0x000000009ff00000|  0%| F|  |TAMS 0x000000009fe00000, 0x000000009fe00000| Untracked 
| 511|0x000000009ff00000, 0x000000009ff00000, 0x00000000a0000000|  0%| F|  |TAMS 0x000000009ff00000, 0x000000009ff00000| Untracked 
| 512|0x00000000a0000000, 0x00000000a0000000, 0x00000000a0100000|  0%| F|  |TAMS 0x00000000a0000000, 0x00000000a0000000| Untracked 
| 513|0x00000000a0100000, 0x00000000a0100000, 0x00000000a0200000|  0%| F|  |TAMS 0x00000000a0100000, 0x00000000a0100000| Untracked 
| 514|0x00000000a0200000, 0x00000000a0200000, 0x00000000a0300000|  0%| F|  |TAMS 0x00000000a0200000, 0x00000000a0200000| Untracked 
| 515|0x00000000a0300000, 0x00000000a0300000, 0x00000000a0400000|  0%| F|  |TAMS 0x00000000a0300000, 0x00000000a0300000| Untracked 
| 516|0x00000000a0400000, 0x00000000a0400000, 0x00000000a0500000|  0%| F|  |TAMS 0x00000000a0400000, 0x00000000a0400000| Untracked 
| 517|0x00000000a0500000, 0x00000000a0500000, 0x00000000a0600000|  0%| F|  |TAMS 0x00000000a0500000, 0x00000000a0500000| Untracked 
| 518|0x00000000a0600000, 0x00000000a0600000, 0x00000000a0700000|  0%| F|  |TAMS 0x00000000a0600000, 0x00000000a0600000| Untracked 
| 519|0x00000000a0700000, 0x00000000a0700000, 0x00000000a0800000|  0%| F|  |TAMS 0x00000000a0700000, 0x00000000a0700000| Untracked 
| 520|0x00000000a0800000, 0x00000000a0800000, 0x00000000a0900000|  0%| F|  |TAMS 0x00000000a0800000, 0x00000000a0800000| Untracked 
| 521|0x00000000a0900000, 0x00000000a0900000, 0x00000000a0a00000|  0%| F|  |TAMS 0x00000000a0900000, 0x00000000a0900000| Untracked 
| 522|0x00000000a0a00000, 0x00000000a0a00000, 0x00000000a0b00000|  0%| F|  |TAMS 0x00000000a0a00000, 0x00000000a0a00000| Untracked 
| 523|0x00000000a0b00000, 0x00000000a0b00000, 0x00000000a0c00000|  0%| F|  |TAMS 0x00000000a0b00000, 0x00000000a0b00000| Untracked 
| 524|0x00000000a0c00000, 0x00000000a0c00000, 0x00000000a0d00000|  0%| F|  |TAMS 0x00000000a0c00000, 0x00000000a0c00000| Untracked 
| 525|0x00000000a0d00000, 0x00000000a0d00000, 0x00000000a0e00000|  0%| F|  |TAMS 0x00000000a0d00000, 0x00000000a0d00000| Untracked 
| 526|0x00000000a0e00000, 0x00000000a0e00000, 0x00000000a0f00000|  0%| F|  |TAMS 0x00000000a0e00000, 0x00000000a0e00000| Untracked 
| 527|0x00000000a0f00000, 0x00000000a0f00000, 0x00000000a1000000|  0%| F|  |TAMS 0x00000000a0f00000, 0x00000000a0f00000| Untracked 
| 528|0x00000000a1000000, 0x00000000a1000000, 0x00000000a1100000|  0%| F|  |TAMS 0x00000000a1000000, 0x00000000a1000000| Untracked 
| 529|0x00000000a1100000, 0x00000000a1100000, 0x00000000a1200000|  0%| F|  |TAMS 0x00000000a1100000, 0x00000000a1100000| Untracked 
| 530|0x00000000a1200000, 0x00000000a1200000, 0x00000000a1300000|  0%| F|  |TAMS 0x00000000a1200000, 0x00000000a1200000| Untracked 
| 531|0x00000000a1300000, 0x00000000a1300000, 0x00000000a1400000|  0%| F|  |TAMS 0x00000000a1300000, 0x00000000a1300000| Untracked 
| 532|0x00000000a1400000, 0x00000000a1400000, 0x00000000a1500000|  0%| F|  |TAMS 0x00000000a1400000, 0x00000000a1400000| Untracked 
| 533|0x00000000a1500000, 0x00000000a1500000, 0x00000000a1600000|  0%| F|  |TAMS 0x00000000a1500000, 0x00000000a1500000| Untracked 
| 534|0x00000000a1600000, 0x00000000a1600000, 0x00000000a1700000|  0%| F|  |TAMS 0x00000000a1600000, 0x00000000a1600000| Untracked 
| 535|0x00000000a1700000, 0x00000000a1700000, 0x00000000a1800000|  0%| F|  |TAMS 0x00000000a1700000, 0x00000000a1700000| Untracked 
| 536|0x00000000a1800000, 0x00000000a1800000, 0x00000000a1900000|  0%| F|  |TAMS 0x00000000a1800000, 0x00000000a1800000| Untracked 
| 537|0x00000000a1900000, 0x00000000a1900000, 0x00000000a1a00000|  0%| F|  |TAMS 0x00000000a1900000, 0x00000000a1900000| Untracked 
| 538|0x00000000a1a00000, 0x00000000a1a00000, 0x00000000a1b00000|  0%| F|  |TAMS 0x00000000a1a00000, 0x00000000a1a00000| Untracked 
| 539|0x00000000a1b00000, 0x00000000a1b00000, 0x00000000a1c00000|  0%| F|  |TAMS 0x00000000a1b00000, 0x00000000a1b00000| Untracked 
| 540|0x00000000a1c00000, 0x00000000a1c00000, 0x00000000a1d00000|  0%| F|  |TAMS 0x00000000a1c00000, 0x00000000a1c00000| Untracked 
| 541|0x00000000a1d00000, 0x00000000a1d00000, 0x00000000a1e00000|  0%| F|  |TAMS 0x00000000a1d00000, 0x00000000a1d00000| Untracked 
| 542|0x00000000a1e00000, 0x00000000a1e00000, 0x00000000a1f00000|  0%| F|  |TAMS 0x00000000a1e00000, 0x00000000a1e00000| Untracked 
| 543|0x00000000a1f00000, 0x00000000a1f00000, 0x00000000a2000000|  0%| F|  |TAMS 0x00000000a1f00000, 0x00000000a1f00000| Untracked 
| 544|0x00000000a2000000, 0x00000000a2000000, 0x00000000a2100000|  0%| F|  |TAMS 0x00000000a2000000, 0x00000000a2000000| Untracked 
| 545|0x00000000a2100000, 0x00000000a2100000, 0x00000000a2200000|  0%| F|  |TAMS 0x00000000a2100000, 0x00000000a2100000| Untracked 
| 546|0x00000000a2200000, 0x00000000a2200000, 0x00000000a2300000|  0%| F|  |TAMS 0x00000000a2200000, 0x00000000a2200000| Untracked 
| 547|0x00000000a2300000, 0x00000000a2300000, 0x00000000a2400000|  0%| F|  |TAMS 0x00000000a2300000, 0x00000000a2300000| Untracked 
| 548|0x00000000a2400000, 0x00000000a2400000, 0x00000000a2500000|  0%| F|  |TAMS 0x00000000a2400000, 0x00000000a2400000| Untracked 
| 549|0x00000000a2500000, 0x00000000a2500000, 0x00000000a2600000|  0%| F|  |TAMS 0x00000000a2500000, 0x00000000a2500000| Untracked 
| 550|0x00000000a2600000, 0x00000000a2600000, 0x00000000a2700000|  0%| F|  |TAMS 0x00000000a2600000, 0x00000000a2600000| Untracked 
| 551|0x00000000a2700000, 0x00000000a2700000, 0x00000000a2800000|  0%| F|  |TAMS 0x00000000a2700000, 0x00000000a2700000| Untracked 
| 552|0x00000000a2800000, 0x00000000a2800000, 0x00000000a2900000|  0%| F|  |TAMS 0x00000000a2800000, 0x00000000a2800000| Untracked 
| 553|0x00000000a2900000, 0x00000000a2900000, 0x00000000a2a00000|  0%| F|  |TAMS 0x00000000a2900000, 0x00000000a2900000| Untracked 
| 554|0x00000000a2a00000, 0x00000000a2a00000, 0x00000000a2b00000|  0%| F|  |TAMS 0x00000000a2a00000, 0x00000000a2a00000| Untracked 
| 555|0x00000000a2b00000, 0x00000000a2b00000, 0x00000000a2c00000|  0%| F|  |TAMS 0x00000000a2b00000, 0x00000000a2b00000| Untracked 
| 556|0x00000000a2c00000, 0x00000000a2c00000, 0x00000000a2d00000|  0%| F|  |TAMS 0x00000000a2c00000, 0x00000000a2c00000| Untracked 
| 557|0x00000000a2d00000, 0x00000000a2d00000, 0x00000000a2e00000|  0%| F|  |TAMS 0x00000000a2d00000, 0x00000000a2d00000| Untracked 
| 558|0x00000000a2e00000, 0x00000000a2e00000, 0x00000000a2f00000|  0%| F|  |TAMS 0x00000000a2e00000, 0x00000000a2e00000| Untracked 
| 559|0x00000000a2f00000, 0x00000000a2f00000, 0x00000000a3000000|  0%| F|  |TAMS 0x00000000a2f00000, 0x00000000a2f00000| Untracked 
| 560|0x00000000a3000000, 0x00000000a3000000, 0x00000000a3100000|  0%| F|  |TAMS 0x00000000a3000000, 0x00000000a3000000| Untracked 
| 561|0x00000000a3100000, 0x00000000a3100000, 0x00000000a3200000|  0%| F|  |TAMS 0x00000000a3100000, 0x00000000a3100000| Untracked 
| 562|0x00000000a3200000, 0x00000000a3200000, 0x00000000a3300000|  0%| F|  |TAMS 0x00000000a3200000, 0x00000000a3200000| Untracked 
| 563|0x00000000a3300000, 0x00000000a3300000, 0x00000000a3400000|  0%| F|  |TAMS 0x00000000a3300000, 0x00000000a3300000| Untracked 
| 564|0x00000000a3400000, 0x00000000a3400000, 0x00000000a3500000|  0%| F|  |TAMS 0x00000000a3400000, 0x00000000a3400000| Untracked 
| 565|0x00000000a3500000, 0x00000000a3500000, 0x00000000a3600000|  0%| F|  |TAMS 0x00000000a3500000, 0x00000000a3500000| Untracked 
| 566|0x00000000a3600000, 0x00000000a3600000, 0x00000000a3700000|  0%| F|  |TAMS 0x00000000a3600000, 0x00000000a3600000| Untracked 
| 567|0x00000000a3700000, 0x00000000a3700000, 0x00000000a3800000|  0%| F|  |TAMS 0x00000000a3700000, 0x00000000a3700000| Untracked 
| 568|0x00000000a3800000, 0x00000000a3800000, 0x00000000a3900000|  0%| F|  |TAMS 0x00000000a3800000, 0x00000000a3800000| Untracked 
| 569|0x00000000a3900000, 0x00000000a3900000, 0x00000000a3a00000|  0%| F|  |TAMS 0x00000000a3900000, 0x00000000a3900000| Untracked 
| 570|0x00000000a3a00000, 0x00000000a3a00000, 0x00000000a3b00000|  0%| F|  |TAMS 0x00000000a3a00000, 0x00000000a3a00000| Untracked 
| 571|0x00000000a3b00000, 0x00000000a3b00000, 0x00000000a3c00000|  0%| F|  |TAMS 0x00000000a3b00000, 0x00000000a3b00000| Untracked 
| 572|0x00000000a3c00000, 0x00000000a3c9d6a0, 0x00000000a3d00000| 61%| S|CS|TAMS 0x00000000a3c00000, 0x00000000a3c00000| Complete 
| 573|0x00000000a3d00000, 0x00000000a3e00000, 0x00000000a3e00000|100%| S|CS|TAMS 0x00000000a3d00000, 0x00000000a3d00000| Complete 
| 574|0x00000000a3e00000, 0x00000000a3f00000, 0x00000000a3f00000|100%| S|CS|TAMS 0x00000000a3e00000, 0x00000000a3e00000| Complete 
| 575|0x00000000a3f00000, 0x00000000a4000000, 0x00000000a4000000|100%| S|CS|TAMS 0x00000000a3f00000, 0x00000000a3f00000| Complete 
| 576|0x00000000a4000000, 0x00000000a4100000, 0x00000000a4100000|100%| S|CS|TAMS 0x00000000a4000000, 0x00000000a4000000| Complete 
| 577|0x00000000a4100000, 0x00000000a4200000, 0x00000000a4200000|100%| S|CS|TAMS 0x00000000a4100000, 0x00000000a4100000| Complete 
| 578|0x00000000a4200000, 0x00000000a4300000, 0x00000000a4300000|100%| S|CS|TAMS 0x00000000a4200000, 0x00000000a4200000| Complete 
| 579|0x00000000a4300000, 0x00000000a4400000, 0x00000000a4400000|100%| S|CS|TAMS 0x00000000a4300000, 0x00000000a4300000| Complete 
| 580|0x00000000a4400000, 0x00000000a4500000, 0x00000000a4500000|100%| S|CS|TAMS 0x00000000a4400000, 0x00000000a4400000| Complete 
| 581|0x00000000a4500000, 0x00000000a4500000, 0x00000000a4600000|  0%| F|  |TAMS 0x00000000a4500000, 0x00000000a4500000| Untracked 
| 582|0x00000000a4600000, 0x00000000a4600000, 0x00000000a4700000|  0%| F|  |TAMS 0x00000000a4600000, 0x00000000a4600000| Untracked 
| 583|0x00000000a4700000, 0x00000000a4700000, 0x00000000a4800000|  0%| F|  |TAMS 0x00000000a4700000, 0x00000000a4700000| Untracked 
| 584|0x00000000a4800000, 0x00000000a4800000, 0x00000000a4900000|  0%| F|  |TAMS 0x00000000a4800000, 0x00000000a4800000| Untracked 
| 585|0x00000000a4900000, 0x00000000a4900000, 0x00000000a4a00000|  0%| F|  |TAMS 0x00000000a4900000, 0x00000000a4900000| Untracked 
| 586|0x00000000a4a00000, 0x00000000a4a00000, 0x00000000a4b00000|  0%| F|  |TAMS 0x00000000a4a00000, 0x00000000a4a00000| Untracked 
| 587|0x00000000a4b00000, 0x00000000a4b00000, 0x00000000a4c00000|  0%| F|  |TAMS 0x00000000a4b00000, 0x00000000a4b00000| Untracked 
| 588|0x00000000a4c00000, 0x00000000a4c00000, 0x00000000a4d00000|  0%| F|  |TAMS 0x00000000a4c00000, 0x00000000a4c00000| Untracked 
| 589|0x00000000a4d00000, 0x00000000a4d00000, 0x00000000a4e00000|  0%| F|  |TAMS 0x00000000a4d00000, 0x00000000a4d00000| Untracked 
| 590|0x00000000a4e00000, 0x00000000a4e00000, 0x00000000a4f00000|  0%| F|  |TAMS 0x00000000a4e00000, 0x00000000a4e00000| Untracked 
| 591|0x00000000a4f00000, 0x00000000a4f00000, 0x00000000a5000000|  0%| F|  |TAMS 0x00000000a4f00000, 0x00000000a4f00000| Untracked 
| 592|0x00000000a5000000, 0x00000000a5000000, 0x00000000a5100000|  0%| F|  |TAMS 0x00000000a5000000, 0x00000000a5000000| Untracked 
| 593|0x00000000a5100000, 0x00000000a5100000, 0x00000000a5200000|  0%| F|  |TAMS 0x00000000a5100000, 0x00000000a5100000| Untracked 
| 594|0x00000000a5200000, 0x00000000a52d7f08, 0x00000000a5300000| 84%| E|  |TAMS 0x00000000a5200000, 0x00000000a5200000| Complete 
| 595|0x00000000a5300000, 0x00000000a5400000, 0x00000000a5400000|100%| E|CS|TAMS 0x00000000a5300000, 0x00000000a5300000| Complete 
| 596|0x00000000a5400000, 0x00000000a5500000, 0x00000000a5500000|100%| E|CS|TAMS 0x00000000a5400000, 0x00000000a5400000| Complete 
| 597|0x00000000a5500000, 0x00000000a5600000, 0x00000000a5600000|100%| E|CS|TAMS 0x00000000a5500000, 0x00000000a5500000| Complete 
| 598|0x00000000a5600000, 0x00000000a5700000, 0x00000000a5700000|100%| E|  |TAMS 0x00000000a5600000, 0x00000000a5600000| Complete 
| 599|0x00000000a5700000, 0x00000000a5800000, 0x00000000a5800000|100%| E|CS|TAMS 0x00000000a5700000, 0x00000000a5700000| Complete 
| 600|0x00000000a5800000, 0x00000000a5900000, 0x00000000a5900000|100%| E|CS|TAMS 0x00000000a5800000, 0x00000000a5800000| Complete 
| 601|0x00000000a5900000, 0x00000000a5a00000, 0x00000000a5a00000|100%| E|CS|TAMS 0x00000000a5900000, 0x00000000a5900000| Complete 
| 602|0x00000000a5a00000, 0x00000000a5b00000, 0x00000000a5b00000|100%| E|CS|TAMS 0x00000000a5a00000, 0x00000000a5a00000| Complete 
| 603|0x00000000a5b00000, 0x00000000a5c00000, 0x00000000a5c00000|100%| E|CS|TAMS 0x00000000a5b00000, 0x00000000a5b00000| Complete 
| 604|0x00000000a5c00000, 0x00000000a5d00000, 0x00000000a5d00000|100%| E|CS|TAMS 0x00000000a5c00000, 0x00000000a5c00000| Complete 
| 605|0x00000000a5d00000, 0x00000000a5e00000, 0x00000000a5e00000|100%| E|CS|TAMS 0x00000000a5d00000, 0x00000000a5d00000| Complete 
| 606|0x00000000a5e00000, 0x00000000a5f00000, 0x00000000a5f00000|100%| E|CS|TAMS 0x00000000a5e00000, 0x00000000a5e00000| Complete 
| 607|0x00000000a5f00000, 0x00000000a6000000, 0x00000000a6000000|100%| E|CS|TAMS 0x00000000a5f00000, 0x00000000a5f00000| Complete 
| 608|0x00000000a6000000, 0x00000000a6100000, 0x00000000a6100000|100%| E|CS|TAMS 0x00000000a6000000, 0x00000000a6000000| Complete 
| 609|0x00000000a6100000, 0x00000000a6200000, 0x00000000a6200000|100%| E|CS|TAMS 0x00000000a6100000, 0x00000000a6100000| Complete 
| 610|0x00000000a6200000, 0x00000000a6300000, 0x00000000a6300000|100%| E|CS|TAMS 0x00000000a6200000, 0x00000000a6200000| Complete 
| 611|0x00000000a6300000, 0x00000000a6400000, 0x00000000a6400000|100%| E|CS|TAMS 0x00000000a6300000, 0x00000000a6300000| Complete 
| 612|0x00000000a6400000, 0x00000000a6500000, 0x00000000a6500000|100%| E|CS|TAMS 0x00000000a6400000, 0x00000000a6400000| Complete 
| 613|0x00000000a6500000, 0x00000000a6600000, 0x00000000a6600000|100%| E|CS|TAMS 0x00000000a6500000, 0x00000000a6500000| Complete 
| 614|0x00000000a6600000, 0x00000000a6700000, 0x00000000a6700000|100%| E|CS|TAMS 0x00000000a6600000, 0x00000000a6600000| Complete 
| 615|0x00000000a6700000, 0x00000000a6800000, 0x00000000a6800000|100%| E|CS|TAMS 0x00000000a6700000, 0x00000000a6700000| Complete 
| 616|0x00000000a6800000, 0x00000000a6900000, 0x00000000a6900000|100%| E|CS|TAMS 0x00000000a6800000, 0x00000000a6800000| Complete 
| 617|0x00000000a6900000, 0x00000000a6a00000, 0x00000000a6a00000|100%| E|CS|TAMS 0x00000000a6900000, 0x00000000a6900000| Complete 
| 618|0x00000000a6a00000, 0x00000000a6b00000, 0x00000000a6b00000|100%| E|CS|TAMS 0x00000000a6a00000, 0x00000000a6a00000| Complete 
| 619|0x00000000a6b00000, 0x00000000a6c00000, 0x00000000a6c00000|100%| E|CS|TAMS 0x00000000a6b00000, 0x00000000a6b00000| Complete 
| 620|0x00000000a6c00000, 0x00000000a6d00000, 0x00000000a6d00000|100%| E|CS|TAMS 0x00000000a6c00000, 0x00000000a6c00000| Complete 
| 621|0x00000000a6d00000, 0x00000000a6e00000, 0x00000000a6e00000|100%| E|CS|TAMS 0x00000000a6d00000, 0x00000000a6d00000| Complete 
| 622|0x00000000a6e00000, 0x00000000a6f00000, 0x00000000a6f00000|100%| E|CS|TAMS 0x00000000a6e00000, 0x00000000a6e00000| Complete 
| 623|0x00000000a6f00000, 0x00000000a7000000, 0x00000000a7000000|100%| E|CS|TAMS 0x00000000a6f00000, 0x00000000a6f00000| Complete 
| 624|0x00000000a7000000, 0x00000000a7100000, 0x00000000a7100000|100%| E|CS|TAMS 0x00000000a7000000, 0x00000000a7000000| Complete 
| 625|0x00000000a7100000, 0x00000000a7200000, 0x00000000a7200000|100%| E|CS|TAMS 0x00000000a7100000, 0x00000000a7100000| Complete 
| 626|0x00000000a7200000, 0x00000000a7300000, 0x00000000a7300000|100%| E|CS|TAMS 0x00000000a7200000, 0x00000000a7200000| Complete 
| 627|0x00000000a7300000, 0x00000000a7400000, 0x00000000a7400000|100%| E|CS|TAMS 0x00000000a7300000, 0x00000000a7300000| Complete 
| 628|0x00000000a7400000, 0x00000000a7500000, 0x00000000a7500000|100%| E|CS|TAMS 0x00000000a7400000, 0x00000000a7400000| Complete 
| 629|0x00000000a7500000, 0x00000000a7600000, 0x00000000a7600000|100%| E|CS|TAMS 0x00000000a7500000, 0x00000000a7500000| Complete 
| 630|0x00000000a7600000, 0x00000000a7700000, 0x00000000a7700000|100%| E|CS|TAMS 0x00000000a7600000, 0x00000000a7600000| Complete 
| 631|0x00000000a7700000, 0x00000000a7800000, 0x00000000a7800000|100%| E|CS|TAMS 0x00000000a7700000, 0x00000000a7700000| Complete 
| 632|0x00000000a7800000, 0x00000000a7900000, 0x00000000a7900000|100%| E|CS|TAMS 0x00000000a7800000, 0x00000000a7800000| Complete 
| 633|0x00000000a7900000, 0x00000000a7a00000, 0x00000000a7a00000|100%| E|CS|TAMS 0x00000000a7900000, 0x00000000a7900000| Complete 
| 634|0x00000000a7a00000, 0x00000000a7b00000, 0x00000000a7b00000|100%| E|CS|TAMS 0x00000000a7a00000, 0x00000000a7a00000| Complete 
| 635|0x00000000a7b00000, 0x00000000a7c00000, 0x00000000a7c00000|100%| E|CS|TAMS 0x00000000a7b00000, 0x00000000a7b00000| Complete 
| 636|0x00000000a7c00000, 0x00000000a7d00000, 0x00000000a7d00000|100%| E|CS|TAMS 0x00000000a7c00000, 0x00000000a7c00000| Complete 
| 637|0x00000000a7d00000, 0x00000000a7e00000, 0x00000000a7e00000|100%| E|CS|TAMS 0x00000000a7d00000, 0x00000000a7d00000| Complete 
| 638|0x00000000a7e00000, 0x00000000a7f00000, 0x00000000a7f00000|100%| E|CS|TAMS 0x00000000a7e00000, 0x00000000a7e00000| Complete 
| 639|0x00000000a7f00000, 0x00000000a8000000, 0x00000000a8000000|100%| E|CS|TAMS 0x00000000a7f00000, 0x00000000a7f00000| Complete 
| 640|0x00000000a8000000, 0x00000000a8100000, 0x00000000a8100000|100%| E|CS|TAMS 0x00000000a8000000, 0x00000000a8000000| Complete 
| 641|0x00000000a8100000, 0x00000000a8200000, 0x00000000a8200000|100%| E|CS|TAMS 0x00000000a8100000, 0x00000000a8100000| Complete 
| 642|0x00000000a8200000, 0x00000000a8300000, 0x00000000a8300000|100%| E|CS|TAMS 0x00000000a8200000, 0x00000000a8200000| Complete 
| 643|0x00000000a8300000, 0x00000000a8400000, 0x00000000a8400000|100%| E|CS|TAMS 0x00000000a8300000, 0x00000000a8300000| Complete 
| 644|0x00000000a8400000, 0x00000000a8500000, 0x00000000a8500000|100%| E|CS|TAMS 0x00000000a8400000, 0x00000000a8400000| Complete 
| 645|0x00000000a8500000, 0x00000000a8600000, 0x00000000a8600000|100%| E|CS|TAMS 0x00000000a8500000, 0x00000000a8500000| Complete 
| 646|0x00000000a8600000, 0x00000000a8700000, 0x00000000a8700000|100%| E|CS|TAMS 0x00000000a8600000, 0x00000000a8600000| Complete 
| 647|0x00000000a8700000, 0x00000000a8800000, 0x00000000a8800000|100%| E|CS|TAMS 0x00000000a8700000, 0x00000000a8700000| Complete 
| 648|0x00000000a8800000, 0x00000000a8900000, 0x00000000a8900000|100%| E|CS|TAMS 0x00000000a8800000, 0x00000000a8800000| Complete 
| 649|0x00000000a8900000, 0x00000000a8a00000, 0x00000000a8a00000|100%| E|CS|TAMS 0x00000000a8900000, 0x00000000a8900000| Complete 
| 650|0x00000000a8a00000, 0x00000000a8b00000, 0x00000000a8b00000|100%| E|CS|TAMS 0x00000000a8a00000, 0x00000000a8a00000| Complete 
| 651|0x00000000a8b00000, 0x00000000a8c00000, 0x00000000a8c00000|100%| E|CS|TAMS 0x00000000a8b00000, 0x00000000a8b00000| Complete 
| 652|0x00000000a8c00000, 0x00000000a8d00000, 0x00000000a8d00000|100%| E|CS|TAMS 0x00000000a8c00000, 0x00000000a8c00000| Complete 
| 653|0x00000000a8d00000, 0x00000000a8e00000, 0x00000000a8e00000|100%| E|CS|TAMS 0x00000000a8d00000, 0x00000000a8d00000| Complete 

Card table byte_map: [0x00000285f0970000,0x00000285f0d70000] _byte_map_base: 0x00000285f0570000

Marking Bits (Prev, Next): (CMBitMap*) 0x00000285d977a8d0, (CMBitMap*) 0x00000285d977a910
 Prev Bits: [0x00000285f1170000, 0x00000285f3170000)
 Next Bits: [0x00000285f3170000, 0x00000285f5170000)

Polling page: 0x00000285d7580000

Metaspace:

Usage:
  Non-class:    116.86 MB used.
      Class:     17.78 MB used.
       Both:    134.64 MB used.

Virtual space:
  Non-class space:      128.00 MB reserved,     118.12 MB ( 92%) committed,  2 nodes.
      Class space:        1.00 GB reserved,      18.81 MB (  2%) committed,  1 nodes.
             Both:        1.12 GB reserved,     136.94 MB ( 12%) committed. 

Chunk freelists:
   Non-Class:  9.82 MB
       Class:  13.19 MB
        Both:  23.01 MB

MaxMetaspaceSize: unlimited
CompressedClassSpaceSize: 1.00 GB
Initial GC threshold: 21.00 MB
Current GC threshold: 219.94 MB
CDS: on
MetaspaceReclaimPolicy: balanced
 - commit_granule_bytes: 65536.
 - commit_granule_words: 8192.
 - virtual_space_node_default_size: 8388608.
 - enlarge_chunks_in_place: 1.
 - new_chunks_are_fully_committed: 0.
 - uncommit_free_chunks: 1.
 - use_allocation_guard: 0.
 - handle_deallocations: 1.


Internal statistics:

num_allocs_failed_limit: 6.
num_arena_births: 4126.
num_arena_deaths: 264.
num_vsnodes_births: 3.
num_vsnodes_deaths: 0.
num_space_committed: 2189.
num_space_uncommitted: 0.
num_chunks_returned_to_freelist: 297.
num_chunks_taken_from_freelist: 10853.
num_chunk_merges: 104.
num_chunk_splits: 6382.
num_chunks_enlarged: 3233.
num_inconsistent_stats: 0.

CodeHeap 'non-profiled nmethods': size=120000Kb used=23568Kb max_used=23568Kb free=96432Kb
 bounds [0x00000285e8d10000, 0x00000285ea420000, 0x00000285f0240000]
CodeHeap 'profiled nmethods': size=120000Kb used=44928Kb max_used=46328Kb free=75071Kb
 bounds [0x00000285e1240000, 0x00000285e3fa0000, 0x00000285e8770000]
CodeHeap 'non-nmethods': size=5760Kb used=2523Kb max_used=2592Kb free=3236Kb
 bounds [0x00000285e8770000, 0x00000285e8a00000, 0x00000285e8d10000]
 total_blobs=24587 nmethods=23516 adapters=981
 compilation: enabled
              stopped_count=0, restarted_count=0
 full_count=0

Compilation events (20 events):
Event: 5701.283 Thread 0x00000285f756cf10 nmethod 29692 0x00000285e26aaa10 code [0x00000285e26aabc0, 0x00000285e26aad08]
Event: 5701.284 Thread 0x00000285f756cf10 29693       3       java.lang.invoke.LambdaForm$Name::cloneWithIndex (47 bytes)
Event: 5701.345 Thread 0x00000285f756cf10 nmethod 29693 0x00000285e20f9710 code [0x00000285e20f9900, 0x00000285e20f9e68]
Event: 5701.646 Thread 0x00000285f755c370 29694   !   4       java.net.URLClassLoader$1::run (81 bytes)
Event: 5701.758 Thread 0x00000285f756cf10 29695       3       org.gradle.internal.logging.services.DefaultLoggingManager::start (5 bytes)
Event: 5701.759 Thread 0x00000285f756cf10 nmethod 29695 0x00000285e29d5190 code [0x00000285e29d5340, 0x00000285e29d5488]
Event: 5701.770 Thread 0x00000285f756cf10 29696       3       java.lang.invoke.BoundMethodHandle$Species_LL::speciesData (4 bytes)
Event: 5701.771 Thread 0x00000285f756cf10 nmethod 29696 0x00000285e2adf010 code [0x00000285e2adf1a0, 0x00000285e2adf2b8]
Event: 5701.780 Thread 0x00000285f756cf10 29698       3       java.lang.invoke.BoundMethodHandle$Species_LL::copyWithExtendL (25 bytes)
Event: 5701.781 Thread 0x00000285f756cf10 nmethod 29698 0x00000285e2478590 code [0x00000285e2478760, 0x00000285e2478be8]
Event: 5701.783 Thread 0x00000285f756cf10 29699       3       java.lang.invoke.LambdaForm$NamedFunction::<init> (95 bytes)
Event: 5701.785 Thread 0x00000285f756cf10 nmethod 29699 0x00000285e219b290 code [0x00000285e219b480, 0x00000285e219b978]
Event: 5701.910 Thread 0x00000285f756cf10 29703       3       java.lang.invoke.LambdaFormEditor::buffer (12 bytes)
Event: 5701.910 Thread 0x00000285f756cf10 nmethod 29703 0x00000285e2507190 code [0x00000285e2507340, 0x00000285e25074e8]
Event: 5701.911 Thread 0x00000285f756cf10 29704       3       java.lang.invoke.LambdaFormBuffer::<init> (89 bytes)
Event: 5701.911 Thread 0x00000285f756cf10 nmethod 29704 0x00000285e2c18d10 code [0x00000285e2c18ec0, 0x00000285e2c192b8]
Event: 5701.912 Thread 0x00000285f756cf10 29705       3       java.lang.invoke.LambdaFormBuffer::startEdit (247 bytes)
Event: 5701.913 Thread 0x00000285f756cf10 nmethod 29705 0x00000285e20a0b10 code [0x00000285e20a0d00, 0x00000285e20a13f8]
Event: 5701.913 Thread 0x00000285f756cf10 29706   !   3       java.lang.invoke.LambdaFormEditor::putInCache (523 bytes)
Event: 5701.917 Thread 0x00000285f756cf10 nmethod 29706 0x00000285e2914d90 code [0x00000285e2915200, 0x00000285e2917dc8]

GC Heap History (20 events):
Event: 5392.167 GC heap before
{Heap before GC invocations=151 (full 0):
 garbage-first heap   total 669696K, used 384539K [0x0000000080000000, 0x0000000100000000)
  region size 1024K, 54 young (55296K), 4 survivors (4096K)
 Metaspace       used 133915K, committed 136064K, reserved 1179648K
  class space    used 17683K, committed 18688K, reserved 1048576K
}
Event: 5392.198 GC heap after
{Heap after GC invocations=152 (full 0):
 garbage-first heap   total 669696K, used 342280K [0x0000000080000000, 0x0000000100000000)
  region size 1024K, 7 young (7168K), 7 survivors (7168K)
 Metaspace       used 133915K, committed 136064K, reserved 1179648K
  class space    used 17683K, committed 18688K, reserved 1048576K
}
Event: 5393.641 GC heap before
{Heap before GC invocations=152 (full 0):
 garbage-first heap   total 669696K, used 386312K [0x0000000080000000, 0x0000000100000000)
  region size 1024K, 51 young (52224K), 7 survivors (7168K)
 Metaspace       used 133958K, committed 136128K, reserved 1179648K
  class space    used 17683K, committed 18688K, reserved 1048576K
}
Event: 5393.679 GC heap after
{Heap after GC invocations=153 (full 0):
 garbage-first heap   total 669696K, used 349897K [0x0000000080000000, 0x0000000100000000)
  region size 1024K, 7 young (7168K), 7 survivors (7168K)
 Metaspace       used 133958K, committed 136128K, reserved 1179648K
  class space    used 17683K, committed 18688K, reserved 1048576K
}
Event: 5397.136 GC heap before
{Heap before GC invocations=153 (full 0):
 garbage-first heap   total 669696K, used 419529K [0x0000000080000000, 0x0000000100000000)
  region size 1024K, 75 young (76800K), 7 survivors (7168K)
 Metaspace       used 134052K, committed 136192K, reserved 1179648K
  class space    used 17684K, committed 18688K, reserved 1048576K
}
Event: 5397.192 GC heap after
{Heap after GC invocations=154 (full 0):
 garbage-first heap   total 669696K, used 362813K [0x0000000080000000, 0x0000000100000000)
  region size 1024K, 10 young (10240K), 10 survivors (10240K)
 Metaspace       used 134052K, committed 136192K, reserved 1179648K
  class space    used 17684K, committed 18688K, reserved 1048576K
}
Event: 5586.320 GC heap before
{Heap before GC invocations=154 (full 0):
 garbage-first heap   total 669696K, used 427325K [0x0000000080000000, 0x0000000100000000)
  region size 1024K, 73 young (74752K), 10 survivors (10240K)
 Metaspace       used 134159K, committed 136256K, reserved 1179648K
  class space    used 17698K, committed 18688K, reserved 1048576K
}
Event: 5586.580 GC heap after
{Heap after GC invocations=155 (full 0):
 garbage-first heap   total 669696K, used 366471K [0x0000000080000000, 0x0000000100000000)
  region size 1024K, 3 young (3072K), 3 survivors (3072K)
 Metaspace       used 134159K, committed 136256K, reserved 1179648K
  class space    used 17698K, committed 18688K, reserved 1048576K
}
Event: 5663.177 GC heap before
{Heap before GC invocations=155 (full 0):
 garbage-first heap   total 669696K, used 446343K [0x0000000080000000, 0x0000000100000000)
  region size 1024K, 82 young (83968K), 3 survivors (3072K)
 Metaspace       used 134250K, committed 136320K, reserved 1179648K
  class space    used 17699K, committed 18688K, reserved 1048576K
}
Event: 5663.332 GC heap after
{Heap after GC invocations=156 (full 0):
 garbage-first heap   total 669696K, used 368674K [0x0000000080000000, 0x0000000100000000)
  region size 1024K, 5 young (5120K), 5 survivors (5120K)
 Metaspace       used 134250K, committed 136320K, reserved 1179648K
  class space    used 17699K, committed 18688K, reserved 1048576K
}
Event: 5676.820 GC heap before
{Heap before GC invocations=156 (full 0):
 garbage-first heap   total 669696K, used 453666K [0x0000000080000000, 0x0000000100000000)
  region size 1024K, 88 young (90112K), 5 survivors (5120K)
 Metaspace       used 134489K, committed 136576K, reserved 1179648K
  class space    used 17717K, committed 18688K, reserved 1048576K
}
Event: 5676.874 GC heap after
{Heap after GC invocations=157 (full 0):
 garbage-first heap   total 669696K, used 379245K [0x0000000080000000, 0x0000000100000000)
  region size 1024K, 11 young (11264K), 11 survivors (11264K)
 Metaspace       used 134489K, committed 136576K, reserved 1179648K
  class space    used 17717K, committed 18688K, reserved 1048576K
}
Event: 5679.662 GC heap before
{Heap before GC invocations=157 (full 0):
 garbage-first heap   total 669696K, used 445805K [0x0000000080000000, 0x0000000100000000)
  region size 1024K, 77 young (78848K), 11 survivors (11264K)
 Metaspace       used 134572K, committed 136640K, reserved 1179648K
  class space    used 17720K, committed 18688K, reserved 1048576K
}
Event: 5679.730 GC heap after
{Heap after GC invocations=158 (full 0):
 garbage-first heap   total 669696K, used 389851K [0x0000000080000000, 0x0000000100000000)
  region size 1024K, 10 young (10240K), 10 survivors (10240K)
 Metaspace       used 134572K, committed 136640K, reserved 1179648K
  class space    used 17720K, committed 18688K, reserved 1048576K
}
Event: 5683.358 GC heap before
{Heap before GC invocations=158 (full 0):
 garbage-first heap   total 669696K, used 480987K [0x0000000080000000, 0x0000000100000000)
  region size 1024K, 99 young (101376K), 10 survivors (10240K)
 Metaspace       used 134821K, committed 136896K, reserved 1179648K
  class space    used 17748K, committed 18752K, reserved 1048576K
}
Event: 5683.441 GC heap after
{Heap after GC invocations=159 (full 0):
 garbage-first heap   total 669696K, used 405966K [0x0000000080000000, 0x0000000100000000)
  region size 1024K, 13 young (13312K), 13 survivors (13312K)
 Metaspace       used 134821K, committed 136896K, reserved 1179648K
  class space    used 17748K, committed 18752K, reserved 1048576K
}
Event: 5687.758 GC heap before
{Heap before GC invocations=159 (full 0):
 garbage-first heap   total 669696K, used 498126K [0x0000000080000000, 0x0000000100000000)
  region size 1024K, 103 young (105472K), 13 survivors (13312K)
 Metaspace       used 134940K, committed 137024K, reserved 1179648K
  class space    used 17755K, committed 18752K, reserved 1048576K
}
Event: 5687.986 GC heap after
{Heap after GC invocations=160 (full 0):
 garbage-first heap   total 669696K, used 420128K [0x0000000080000000, 0x0000000100000000)
  region size 1024K, 13 young (13312K), 13 survivors (13312K)
 Metaspace       used 134940K, committed 137024K, reserved 1179648K
  class space    used 17755K, committed 18752K, reserved 1048576K
}
Event: 5693.305 GC heap before
{Heap before GC invocations=160 (full 0):
 garbage-first heap   total 669696K, used 494880K [0x0000000080000000, 0x0000000100000000)
  region size 1024K, 86 young (88064K), 13 survivors (13312K)
 Metaspace       used 135379K, committed 137600K, reserved 1179648K
  class space    used 17853K, committed 18880K, reserved 1048576K
}
Event: 5693.356 GC heap after
{Heap after GC invocations=161 (full 0):
 garbage-first heap   total 669696K, used 428979K [0x0000000080000000, 0x0000000100000000)
  region size 1024K, 9 young (9216K), 9 survivors (9216K)
 Metaspace       used 135379K, committed 137600K, reserved 1179648K
  class space    used 17853K, committed 18880K, reserved 1048576K
}

Dll operation events (15 events):
Event: 0.059 Loaded shared library C:\Program Files\Microsoft\jdk-17.0.12.7-hotspot\bin\java.dll
Event: 0.090 Loaded shared library C:\Program Files\Microsoft\jdk-17.0.12.7-hotspot\bin\jsvml.dll
Event: 0.179 Loaded shared library C:\Program Files\Microsoft\jdk-17.0.12.7-hotspot\bin\zip.dll
Event: 0.197 Loaded shared library C:\Program Files\Microsoft\jdk-17.0.12.7-hotspot\bin\instrument.dll
Event: 0.208 Loaded shared library C:\Program Files\Microsoft\jdk-17.0.12.7-hotspot\bin\net.dll
Event: 0.212 Loaded shared library C:\Program Files\Microsoft\jdk-17.0.12.7-hotspot\bin\nio.dll
Event: 0.218 Loaded shared library C:\Program Files\Microsoft\jdk-17.0.12.7-hotspot\bin\zip.dll
Event: 0.849 Loaded shared library C:\Program Files\Microsoft\jdk-17.0.12.7-hotspot\bin\jimage.dll
Event: 1.439 Loaded shared library C:\Program Files\Microsoft\jdk-17.0.12.7-hotspot\bin\verify.dll
Event: 1.798 Loaded shared library C:\Users\Abutalib\.gradle\native\c067742578af261105cb4f569cf0c3c89f3d7b1fecec35dd04571415982c5e48\windows-amd64\native-platform.dll
Event: 1.848 Loaded shared library C:\Users\Abutalib\.gradle\native\100fb08df4bc3b14c8652ba06237920a3bd2aa13389f12d3474272988ae205f9\windows-amd64\native-platform-file-events.dll
Event: 5.686 Loaded shared library C:\Program Files\Microsoft\jdk-17.0.12.7-hotspot\bin\management.dll
Event: 5.691 Loaded shared library C:\Program Files\Microsoft\jdk-17.0.12.7-hotspot\bin\management_ext.dll
Event: 6.221 Loaded shared library C:\Program Files\Microsoft\jdk-17.0.12.7-hotspot\bin\extnet.dll
Event: 6.919 Loaded shared library C:\Program Files\Microsoft\jdk-17.0.12.7-hotspot\bin\sunmscapi.dll

Deoptimization events (20 events):
Event: 5701.874 Thread 0x00000285fdf98190 Uncommon trap: trap_request=0xffffffde fr.pc=0x00000285e95a3f50 relative=0x0000000000000910
Event: 5701.876 Thread 0x00000285fdf98190 Uncommon trap: reason=class_check action=maybe_recompile pc=0x00000285e95a3f50 method=org.gradle.internal.operations.DefaultBuildOperationAncestryTracker.findClosestExistingAncestor(Lorg/gradle/internal/operations/OperationIdentifier;Ljava/util/function/F
Event: 5701.876 Thread 0x00000285fdf98190 DEOPT PACKING pc=0x00000285e95a3f50 sp=0x000000c1d23fabe0
Event: 5701.883 Thread 0x00000285fdf98190 DEOPT UNPACKING pc=0x00000285e87c69a3 sp=0x000000c1d23faba0 mode 2
Event: 5701.883 Thread 0x00000285fdf98190 Uncommon trap: trap_request=0xffffffde fr.pc=0x00000285e95a3f50 relative=0x0000000000000910
Event: 5701.884 Thread 0x00000285fdf98190 Uncommon trap: reason=class_check action=maybe_recompile pc=0x00000285e95a3f50 method=org.gradle.internal.operations.DefaultBuildOperationAncestryTracker.findClosestExistingAncestor(Lorg/gradle/internal/operations/OperationIdentifier;Ljava/util/function/F
Event: 5701.884 Thread 0x00000285fdf98190 DEOPT PACKING pc=0x00000285e95a3f50 sp=0x000000c1d23fab60
Event: 5701.885 Thread 0x00000285fdf98190 DEOPT UNPACKING pc=0x00000285e87c69a3 sp=0x000000c1d23fab20 mode 2
Event: 5701.885 Thread 0x00000285fdf98190 Uncommon trap: trap_request=0xffffffde fr.pc=0x00000285e95a3f50 relative=0x0000000000000910
Event: 5701.885 Thread 0x00000285fdf98190 Uncommon trap: reason=class_check action=maybe_recompile pc=0x00000285e95a3f50 method=org.gradle.internal.operations.DefaultBuildOperationAncestryTracker.findClosestExistingAncestor(Lorg/gradle/internal/operations/OperationIdentifier;Ljava/util/function/F
Event: 5701.885 Thread 0x00000285fdf98190 DEOPT PACKING pc=0x00000285e95a3f50 sp=0x000000c1d23faae0
Event: 5701.885 Thread 0x00000285fdf98190 DEOPT UNPACKING pc=0x00000285e87c69a3 sp=0x000000c1d23faaa0 mode 2
Event: 5701.941 Thread 0x00000285f7e76e80 Uncommon trap: trap_request=0xffffffde fr.pc=0x00000285e9794d0c relative=0x000000000000006c
Event: 5701.941 Thread 0x00000285f7e76e80 Uncommon trap: reason=class_check action=maybe_recompile pc=0x00000285e9794d0c method=java.lang.invoke.Invokers$Holder.linkToTargetMethod(Ljava/lang/Object;Ljava/lang/Object;Ljava/lang/Object;Ljava/lang/Object;Ljava/lang/Object;Ljava/lang/Object;)Ljava/la
Event: 5701.941 Thread 0x00000285f7e76e80 DEOPT PACKING pc=0x00000285e9794d0c sp=0x000000c1d7afd830
Event: 5701.941 Thread 0x00000285f7e76e80 DEOPT UNPACKING pc=0x00000285e87c69a3 sp=0x000000c1d7afd7c0 mode 2
Event: 5701.942 Thread 0x00000285fdf98190 Uncommon trap: trap_request=0xffffffc6 fr.pc=0x00000285e9a47e10 relative=0x0000000000002250
Event: 5701.943 Thread 0x00000285fdf98190 Uncommon trap: reason=bimorphic_or_optimized_type_check action=maybe_recompile pc=0x00000285e9a47e10 method=org.gradle.util.internal.GUtil.addToCollection(Ljava/util/Collection;ZLjava/lang/Iterable;)Ljava/util/Collection; @ 1 c2
Event: 5701.943 Thread 0x00000285fdf98190 DEOPT PACKING pc=0x00000285e9a47e10 sp=0x000000c1d23fab80
Event: 5701.945 Thread 0x00000285fdf98190 DEOPT UNPACKING pc=0x00000285e87c69a3 sp=0x000000c1d23faba0 mode 2

Classes loaded (20 events):
Event: 296.305 Loading class sun/nio/ch/SocketChannelImpl$DefaultOptionsHolder
Event: 296.306 Loading class sun/nio/ch/SocketChannelImpl$DefaultOptionsHolder done
Event: 312.532 Loading class java/util/Locale$1
Event: 312.532 Loading class java/util/Locale$1 done
Event: 312.568 Loading class java/util/concurrent/CompletableFuture$AsyncRun
Event: 312.569 Loading class java/util/concurrent/CompletableFuture$AsyncRun done
Event: 3227.000 Loading class sun/net/ConnectionResetException
Event: 3227.035 Loading class sun/net/ConnectionResetException done
Event: 3227.328 Loading class sun/net/util/SocketExceptions
Event: 3227.403 Loading class sun/net/util/SocketExceptions done
Event: 3605.301 Loading class jdk/internal/math/FormattedFloatingDecimal$Form
Event: 3605.400 Loading class jdk/internal/math/FormattedFloatingDecimal$Form done
Event: 3605.407 Loading class jdk/internal/math/FormattedFloatingDecimal
Event: 3605.507 Loading class jdk/internal/math/FormattedFloatingDecimal done
Event: 3605.514 Loading class jdk/internal/math/FormattedFloatingDecimal$1
Event: 3605.536 Loading class jdk/internal/math/FormattedFloatingDecimal$1 done
Event: 3605.610 Loading class jdk/internal/math/FormattedFloatingDecimal$2
Event: 3605.616 Loading class jdk/internal/math/FormattedFloatingDecimal$2 done
Event: 5695.356 Loading class javax/crypto/NoSuchPaddingException
Event: 5695.422 Loading class javax/crypto/NoSuchPaddingException done

Classes unloaded (20 events):
Event: 4156.251 Thread 0x00000285f7533ea0 Unloading class 0x00000285811e2800 'java/lang/invoke/LambdaForm$MH+0x00000285811e2800'
Event: 4156.251 Thread 0x00000285f7533ea0 Unloading class 0x00000285811e2400 'java/lang/invoke/LambdaForm$MH+0x00000285811e2400'
Event: 4156.251 Thread 0x00000285f7533ea0 Unloading class 0x00000285811e2000 'java/lang/invoke/LambdaForm$MH+0x00000285811e2000'
Event: 4156.251 Thread 0x00000285f7533ea0 Unloading class 0x00000285811e1c00 'java/lang/invoke/LambdaForm$MH+0x00000285811e1c00'
Event: 4156.251 Thread 0x00000285f7533ea0 Unloading class 0x00000285811e1800 'java/lang/invoke/LambdaForm$MH+0x00000285811e1800'
Event: 4156.251 Thread 0x00000285f7533ea0 Unloading class 0x00000285811e1400 'java/lang/invoke/LambdaForm$MH+0x00000285811e1400'
Event: 4156.251 Thread 0x00000285f7533ea0 Unloading class 0x00000285811e0400 'java/lang/invoke/LambdaForm$MH+0x00000285811e0400'
Event: 4156.251 Thread 0x00000285f7533ea0 Unloading class 0x00000285811e0000 'java/lang/invoke/LambdaForm$BMH+0x00000285811e0000'
Event: 4156.251 Thread 0x00000285f7533ea0 Unloading class 0x0000028581110800 'java/lang/invoke/LambdaForm$DMH+0x0000028581110800'
Event: 4156.252 Thread 0x00000285f7533ea0 Unloading class 0x0000028581110000 'java/lang/invoke/LambdaForm$DMH+0x0000028581110000'
Event: 4156.252 Thread 0x00000285f7533ea0 Unloading class 0x00000285810e6000 'java/lang/invoke/LambdaForm$MH+0x00000285810e6000'
Event: 4156.252 Thread 0x00000285f7533ea0 Unloading class 0x00000285810e5800 'java/lang/invoke/LambdaForm$MH+0x00000285810e5800'
Event: 4156.252 Thread 0x00000285f7533ea0 Unloading class 0x00000285810e5400 'java/lang/invoke/LambdaForm$MH+0x00000285810e5400'
Event: 4156.252 Thread 0x00000285f7533ea0 Unloading class 0x00000285810e5000 'java/lang/invoke/LambdaForm$MH+0x00000285810e5000'
Event: 4156.252 Thread 0x00000285f7533ea0 Unloading class 0x00000285810e4c00 'java/lang/invoke/LambdaForm$MH+0x00000285810e4c00'
Event: 4156.252 Thread 0x00000285f7533ea0 Unloading class 0x00000285810e4400 'java/lang/invoke/LambdaForm$MH+0x00000285810e4400'
Event: 4156.253 Thread 0x00000285f7533ea0 Unloading class 0x0000028581038400 'java/lang/invoke/LambdaForm$DMH+0x0000028581038400'
Event: 4156.253 Thread 0x00000285f7533ea0 Unloading class 0x000002858102e800 'java/lang/invoke/LambdaForm$MH+0x000002858102e800'
Event: 4156.253 Thread 0x00000285f7533ea0 Unloading class 0x000002858102e400 'java/lang/invoke/LambdaForm$MH+0x000002858102e400'
Event: 4156.253 Thread 0x00000285f7533ea0 Unloading class 0x000002858102c000 'java/lang/invoke/LambdaForm$MH+0x000002858102c000'

Classes redefined (0 events):
No events

Internal exceptions (20 events):
Event: 5682.889 Thread 0x00000285fdf93fc0 Exception <a 'sun/nio/fs/WindowsException'{0x00000000a3236348}> (0x00000000a3236348) 
thrown [s\src\hotspot\share\prims\jni.cpp, line 516]
Event: 5682.890 Thread 0x00000285fdf93fc0 Exception <a 'sun/nio/fs/WindowsException'{0x00000000a32375d8}> (0x00000000a32375d8) 
thrown [s\src\hotspot\share\prims\jni.cpp, line 516]
Event: 5682.890 Thread 0x00000285fdf93fc0 Exception <a 'sun/nio/fs/WindowsException'{0x00000000a32388b8}> (0x00000000a32388b8) 
thrown [s\src\hotspot\share\prims\jni.cpp, line 516]
Event: 5682.891 Thread 0x00000285fdf93fc0 Exception <a 'sun/nio/fs/WindowsException'{0x00000000a3239b98}> (0x00000000a3239b98) 
thrown [s\src\hotspot\share\prims\jni.cpp, line 516]
Event: 5684.744 Thread 0x00000285fdf93fc0 Implicit null exception at 0x00000285ea3593f7 to 0x00000285ea359574
Event: 5685.076 Thread 0x00000285fdf93fc0 Implicit null exception at 0x00000285e9c9b60a to 0x00000285e9c9caf8
Event: 5685.587 Thread 0x00000285fdf93fc0 Implicit null exception at 0x00000285ea3d759e to 0x00000285ea3d76fc
Event: 5685.765 Thread 0x00000285fdf93fc0 Exception <a 'sun/nio/fs/WindowsException'{0x00000000a6a246c8}> (0x00000000a6a246c8) 
thrown [s\src\hotspot\share\prims\jni.cpp, line 516]
Event: 5685.766 Thread 0x00000285fdf93fc0 Exception <a 'sun/nio/fs/WindowsException'{0x00000000a6a25c00}> (0x00000000a6a25c00) 
thrown [s\src\hotspot\share\prims\jni.cpp, line 516]
Event: 5685.766 Thread 0x00000285fdf93fc0 Exception <a 'sun/nio/fs/WindowsException'{0x00000000a6a27188}> (0x00000000a6a27188) 
thrown [s\src\hotspot\share\prims\jni.cpp, line 516]
Event: 5685.767 Thread 0x00000285fdf93fc0 Exception <a 'sun/nio/fs/WindowsException'{0x00000000a6a28710}> (0x00000000a6a28710) 
thrown [s\src\hotspot\share\prims\jni.cpp, line 516]
Event: 5697.686 Thread 0x00000285fdf93fc0 Exception <a 'sun/nio/fs/WindowsException'{0x00000000a5a3d878}> (0x00000000a5a3d878) 
thrown [s\src\hotspot\share\prims\jni.cpp, line 516]
Event: 5700.539 Thread 0x00000285fdf97260 Implicit null exception at 0x00000285e943f5f3 to 0x00000285e9442d40
Event: 5701.203 Thread 0x00000285fdf96840 Exception <a 'sun/nio/fs/WindowsException'{0x00000000a56d8b90}> (0x00000000a56d8b90) 
thrown [s\src\hotspot\share\prims\jni.cpp, line 516]
Event: 5701.205 Thread 0x00000285fdf96840 Exception <a 'sun/nio/fs/WindowsException'{0x00000000a56d9a98}> (0x00000000a56d9a98) 
thrown [s\src\hotspot\share\prims\jni.cpp, line 516]
Event: 5701.207 Thread 0x00000285fdf96840 Exception <a 'sun/nio/fs/WindowsException'{0x00000000a56d9b28}> (0x00000000a56d9b28) 
thrown [s\src\hotspot\share\prims\jni.cpp, line 516]
Event: 5701.207 Thread 0x00000285fdf96840 Exception <a 'sun/nio/fs/WindowsException'{0x00000000a56d9df8}> (0x00000000a56d9df8) 
thrown [s\src\hotspot\share\prims\jni.cpp, line 516]
Event: 5701.347 Thread 0x00000285fdf96840 Implicit null exception at 0x00000285ea376bcd to 0x00000285ea37705c
Event: 5701.846 Thread 0x00000285f7e76e80 Exception <a 'java/lang/NoSuchMethodError'{0x00000000a5374068}: 'java.lang.Object java.lang.invoke.DirectMethodHandle$Holder.invokeSpecial(java.lang.Object, java.lang.Object, long, java.lang.Object, java.lang.Object, java.lang.Object, java.lang.Object, java.lang.Object, java.lang.Object, java.lang.Object, java.lang.Object, java.lang.Object)'> (0x00000000a5374068) 
thrown [s\src\hotspot\share\interpreter\linkResolver.cpp, line 759]
Event: 5701.859 Thread 0x00000285f7e76e80 Exception <a 'java/lang/NoSuchMethodError'{0x00000000a5378810}: 'java.lang.Object java.lang.invoke.DelegatingMethodHandle$Holder.reinvoke_L(java.lang.Object, long, java.lang.Object, java.lang.Object, java.lang.Object, java.lang.Object, java.lang.Object, java.lang.Object, java.lang.Object, java.lang.Object, java.lang.Object)'> (0x00000000a5378810) 
thrown [s\src\hotspot\share\interpreter\linkResolver.cpp, line 759]

VM Operations (20 events):
Event: 5687.633 Executing VM operation: Cleanup done
Event: 5687.758 Executing VM operation: G1CollectForAllocation
Event: 5687.988 Executing VM operation: G1CollectForAllocation done
Event: 5688.440 Executing VM operation: HandshakeAllThreads
Event: 5688.441 Executing VM operation: HandshakeAllThreads done
Event: 5689.445 Executing VM operation: Cleanup
Event: 5689.462 Executing VM operation: Cleanup done
Event: 5690.472 Executing VM operation: Cleanup
Event: 5690.536 Executing VM operation: Cleanup done
Event: 5693.305 Executing VM operation: G1CollectForAllocation
Event: 5693.357 Executing VM operation: G1CollectForAllocation done
Event: 5694.358 Executing VM operation: Cleanup
Event: 5694.359 Executing VM operation: Cleanup done
Event: 5697.390 Executing VM operation: Cleanup
Event: 5697.390 Executing VM operation: Cleanup done
Event: 5698.391 Executing VM operation: Cleanup
Event: 5698.391 Executing VM operation: Cleanup done
Event: 5701.422 Executing VM operation: Cleanup
Event: 5701.454 Executing VM operation: Cleanup done
Event: 5702.459 Executing VM operation: Cleanup

Events (20 events):
Event: 5688.611 Thread 0x00000285f75898f0 flushing nmethod 0x00000285e33d4890
Event: 5688.611 Thread 0x00000285f75898f0 flushing nmethod 0x00000285e33dbd10
Event: 5688.611 Thread 0x00000285f75898f0 flushing nmethod 0x00000285e33ee110
Event: 5688.612 Thread 0x00000285f75898f0 flushing nmethod 0x00000285e34efc10
Event: 5688.612 Thread 0x00000285f75898f0 flushing nmethod 0x00000285e34fdb10
Event: 5688.612 Thread 0x00000285f75898f0 flushing nmethod 0x00000285e3530890
Event: 5688.615 Thread 0x00000285f75898f0 flushing nmethod 0x00000285e35e2d90
Event: 5688.615 Thread 0x00000285f75898f0 flushing nmethod 0x00000285e3611c10
Event: 5688.622 Thread 0x00000285f75898f0 flushing nmethod 0x00000285e3b29a90
Event: 5688.623 Thread 0x00000285f75898f0 flushing nmethod 0x00000285e3bb2510
Event: 5688.624 Thread 0x00000285f75898f0 flushing nmethod 0x00000285e3c7fb10
Event: 5688.627 Thread 0x00000285f75898f0 flushing nmethod 0x00000285e3dc1c10
Event: 5688.628 Thread 0x00000285f75898f0 flushing nmethod 0x00000285e3e2b710
Event: 5688.628 Thread 0x00000285f75898f0 flushing nmethod 0x00000285e3e2dd90
Event: 5688.628 Thread 0x00000285f75898f0 flushing nmethod 0x00000285e3e31090
Event: 5697.702 Thread 0x00000285f7e75020 Thread added: 0x00000285f7e75020
Event: 5697.708 Thread 0x00000285f7e75a40 Thread added: 0x00000285f7e75a40
Event: 5697.773 Thread 0x00000285f7e74b10 Thread added: 0x00000285f7e74b10
Event: 5701.627 Thread 0x00000285f7e76e80 Thread added: 0x00000285f7e76e80
Event: 5702.930 Thread 0x00000285f7e736d0 Thread added: 0x00000285f7e736d0


Dynamic libraries:
0x00007ff7fcaa0000 - 0x00007ff7fcaae000 	C:\Program Files\Microsoft\jdk-17.0.12.7-hotspot\bin\java.exe
0x00007ff956920000 - 0x00007ff956b86000 	C:\WINDOWS\SYSTEM32\ntdll.dll
0x00007ff956630000 - 0x00007ff9566f9000 	C:\WINDOWS\System32\KERNEL32.DLL
0x00007ff953ef0000 - 0x00007ff9542bc000 	C:\WINDOWS\System32\KERNELBASE.dll
0x00007ff9542c0000 - 0x00007ff95440b000 	C:\WINDOWS\System32\ucrtbase.dll
0x00007ff90ca50000 - 0x00007ff90ca6d000 	C:\Program Files\Microsoft\jdk-17.0.12.7-hotspot\bin\VCRUNTIME140.dll
0x00007ff910e70000 - 0x00007ff910e87000 	C:\Program Files\Microsoft\jdk-17.0.12.7-hotspot\bin\jli.dll
0x00007ff955180000 - 0x00007ff95534a000 	C:\WINDOWS\System32\USER32.dll
0x00007ff953bf0000 - 0x00007ff953c17000 	C:\WINDOWS\System32\win32u.dll
0x00007ff9554b0000 - 0x00007ff9554db000 	C:\WINDOWS\System32\GDI32.dll
0x00007ff93cea0000 - 0x00007ff93d13a000 	C:\WINDOWS\WinSxS\amd64_microsoft.windows.common-controls_6595b64144ccf1df_6.0.26100.3912_none_3e07963ce335137e\COMCTL32.dll
0x00007ff953ab0000 - 0x00007ff953be2000 	C:\WINDOWS\System32\gdi32full.dll
0x00007ff955ba0000 - 0x00007ff955c49000 	C:\WINDOWS\System32\msvcrt.dll
0x00007ff9544b0000 - 0x00007ff954553000 	C:\WINDOWS\System32\msvcp_win.dll
0x00007ff955460000 - 0x00007ff955490000 	C:\WINDOWS\System32\IMM32.DLL
0x00007ff93af00000 - 0x00007ff93af0c000 	C:\Program Files\Microsoft\jdk-17.0.12.7-hotspot\bin\vcruntime140_1.dll
0x00007ff901990000 - 0x00007ff901a1d000 	C:\Program Files\Microsoft\jdk-17.0.12.7-hotspot\bin\msvcp140.dll
0x00007ff8f2e20000 - 0x00007ff8f3a90000 	C:\Program Files\Microsoft\jdk-17.0.12.7-hotspot\bin\server\jvm.dll
0x00007ff956700000 - 0x00007ff9567b2000 	C:\WINDOWS\System32\ADVAPI32.dll
0x00007ff9562a0000 - 0x00007ff956346000 	C:\WINDOWS\System32\sechost.dll
0x00007ff9567c0000 - 0x00007ff9568d6000 	C:\WINDOWS\System32\RPCRT4.dll
0x00007ff955350000 - 0x00007ff9553c4000 	C:\WINDOWS\System32\WS2_32.dll
0x00007ff953900000 - 0x00007ff95395e000 	C:\WINDOWS\SYSTEM32\POWRPROF.dll
0x00007ff94ccd0000 - 0x00007ff94ccdb000 	C:\WINDOWS\SYSTEM32\VERSION.dll
0x00007ff94cc90000 - 0x00007ff94ccc6000 	C:\WINDOWS\SYSTEM32\WINMM.dll
0x00007ff9538e0000 - 0x00007ff9538f4000 	C:\WINDOWS\SYSTEM32\UMPDC.dll
0x00007ff952870000 - 0x00007ff95288a000 	C:\WINDOWS\SYSTEM32\kernel.appcore.dll
0x00007ff93ad80000 - 0x00007ff93ad8a000 	C:\Program Files\Microsoft\jdk-17.0.12.7-hotspot\bin\jimage.dll
0x00007ff946960000 - 0x00007ff946ba1000 	C:\WINDOWS\SYSTEM32\DBGHELP.DLL
0x00007ff955c50000 - 0x00007ff955fd4000 	C:\WINDOWS\System32\combase.dll
0x00007ff9560a0000 - 0x00007ff956180000 	C:\WINDOWS\System32\OLEAUT32.dll
0x00007ff936f80000 - 0x00007ff936fb9000 	C:\WINDOWS\SYSTEM32\dbgcore.DLL
0x00007ff954410000 - 0x00007ff9544a9000 	C:\WINDOWS\System32\bcryptPrimitives.dll
0x00007ff92c4f0000 - 0x00007ff92c4fe000 	C:\Program Files\Microsoft\jdk-17.0.12.7-hotspot\bin\instrument.dll
0x00007ff90b2a0000 - 0x00007ff90b2c5000 	C:\Program Files\Microsoft\jdk-17.0.12.7-hotspot\bin\java.dll
0x00007ff901360000 - 0x00007ff901437000 	C:\Program Files\Microsoft\jdk-17.0.12.7-hotspot\bin\jsvml.dll
0x00007ff9546e0000 - 0x00007ff954e0d000 	C:\WINDOWS\System32\SHELL32.dll
0x00007ff954560000 - 0x00007ff9546d4000 	C:\WINDOWS\System32\wintypes.dll
0x00007ff951720000 - 0x00007ff951f76000 	C:\WINDOWS\SYSTEM32\windows.storage.dll
0x00007ff954f00000 - 0x00007ff954fef000 	C:\WINDOWS\System32\SHCORE.dll
0x00007ff956030000 - 0x00007ff956099000 	C:\WINDOWS\System32\shlwapi.dll
0x00007ff9539c0000 - 0x00007ff9539ef000 	C:\WINDOWS\SYSTEM32\profapi.dll
0x00007ff908480000 - 0x00007ff908498000 	C:\Program Files\Microsoft\jdk-17.0.12.7-hotspot\bin\zip.dll
0x00007ff90c730000 - 0x00007ff90c74a000 	C:\Program Files\Microsoft\jdk-17.0.12.7-hotspot\bin\net.dll
0x00007ff94a840000 - 0x00007ff94a95e000 	C:\WINDOWS\SYSTEM32\WINHTTP.dll
0x00007ff952de0000 - 0x00007ff952e4a000 	C:\WINDOWS\system32\mswsock.dll
0x00007ff909510000 - 0x00007ff909526000 	C:\Program Files\Microsoft\jdk-17.0.12.7-hotspot\bin\nio.dll
0x00007ff93ac90000 - 0x00007ff93aca0000 	C:\Program Files\Microsoft\jdk-17.0.12.7-hotspot\bin\verify.dll
0x00007ff908450000 - 0x00007ff908477000 	C:\Users\Abutalib\.gradle\native\c067742578af261105cb4f569cf0c3c89f3d7b1fecec35dd04571415982c5e48\windows-amd64\native-platform.dll
0x00007ff8fc2c0000 - 0x00007ff8fc404000 	C:\Users\Abutalib\.gradle\native\100fb08df4bc3b14c8652ba06237920a3bd2aa13389f12d3474272988ae205f9\windows-amd64\native-platform-file-events.dll
0x00007ff9389f0000 - 0x00007ff9389fa000 	C:\Program Files\Microsoft\jdk-17.0.12.7-hotspot\bin\management.dll
0x00007ff938980000 - 0x00007ff93898b000 	C:\Program Files\Microsoft\jdk-17.0.12.7-hotspot\bin\management_ext.dll
0x00007ff9554a0000 - 0x00007ff9554a8000 	C:\WINDOWS\System32\PSAPI.DLL
0x00007ff953080000 - 0x00007ff95309c000 	C:\WINDOWS\SYSTEM32\CRYPTSP.dll
0x00007ff9527d0000 - 0x00007ff95280a000 	C:\WINDOWS\system32\rsaenh.dll
0x00007ff952e80000 - 0x00007ff952eab000 	C:\WINDOWS\SYSTEM32\USERENV.dll
0x00007ff953990000 - 0x00007ff9539b6000 	C:\WINDOWS\SYSTEM32\bcrypt.dll
0x00007ff9530a0000 - 0x00007ff9530ac000 	C:\WINDOWS\SYSTEM32\CRYPTBASE.dll
0x00007ff952290000 - 0x00007ff9522c3000 	C:\WINDOWS\SYSTEM32\IPHLPAPI.DLL
0x00007ff955170000 - 0x00007ff95517a000 	C:\WINDOWS\System32\NSI.dll
0x00007ff94ab30000 - 0x00007ff94ab4f000 	C:\WINDOWS\SYSTEM32\dhcpcsvc6.DLL
0x00007ff94ab00000 - 0x00007ff94ab25000 	C:\WINDOWS\SYSTEM32\dhcpcsvc.DLL
0x00007ff952320000 - 0x00007ff952447000 	C:\WINDOWS\SYSTEM32\DNSAPI.dll
0x00007ff934ad0000 - 0x00007ff934ad9000 	C:\Program Files\Microsoft\jdk-17.0.12.7-hotspot\bin\extnet.dll
0x00007ff929570000 - 0x00007ff92957e000 	C:\Program Files\Microsoft\jdk-17.0.12.7-hotspot\bin\sunmscapi.dll
0x00007ff953c20000 - 0x00007ff953d97000 	C:\WINDOWS\System32\CRYPT32.dll
0x00007ff953290000 - 0x00007ff9532c0000 	C:\WINDOWS\SYSTEM32\ncrypt.dll
0x00007ff953240000 - 0x00007ff95327f000 	C:\WINDOWS\SYSTEM32\NTASN1.dll
0x00007ff8b6010000 - 0x00007ff8b6018000 	C:\WINDOWS\system32\wshunix.dll
0x00007ff94a670000 - 0x00007ff94a67b000 	C:\Windows\System32\rasadhlp.dll
0x00007ff94d530000 - 0x00007ff94d5b6000 	C:\WINDOWS\System32\fwpuclnt.dll
0x00007ff931870000 - 0x00007ff931888000 	C:\WINDOWS\system32\napinsp.dll
0x00007ff92cd80000 - 0x00007ff92cd92000 	C:\WINDOWS\System32\winrnr.dll
0x00007ff92c320000 - 0x00007ff92c350000 	C:\WINDOWS\system32\nlansp_c.dll
0x00007ff947960000 - 0x00007ff947980000 	C:\WINDOWS\system32\wshbth.dll

dbghelp: loaded successfully - version: 4.0.5 - missing functions: none
symbol engine: initialized successfully - sym options: 0x614 - pdb path: .;C:\Program Files\Microsoft\jdk-17.0.12.7-hotspot\bin;C:\WINDOWS\SYSTEM32;C:\WINDOWS\WinSxS\amd64_microsoft.windows.common-controls_6595b64144ccf1df_6.0.26100.3912_none_3e07963ce335137e;C:\Program Files\Microsoft\jdk-17.0.12.7-hotspot\bin\server;C:\Users\Abutalib\.gradle\native\c067742578af261105cb4f569cf0c3c89f3d7b1fecec35dd04571415982c5e48\windows-amd64;C:\Users\Abutalib\.gradle\native\100fb08df4bc3b14c8652ba06237920a3bd2aa13389f12d3474272988ae205f9\windows-amd64

VM Arguments:
jvm_args: -XX:+HeapDumpOnOutOfMemoryError --add-opens=java.base/java.util=ALL-UNNAMED --add-opens=java.base/java.lang=ALL-UNNAMED --add-opens=java.base/java.lang.invoke=ALL-UNNAMED --add-opens=java.prefs/java.util.prefs=ALL-UNNAMED --add-exports=jdk.compiler/com.sun.tools.javac.api=ALL-UNNAMED --add-exports=jdk.compiler/com.sun.tools.javac.util=ALL-UNNAMED --add-opens=java.base/java.nio.charset=ALL-UNNAMED --add-opens=java.base/java.net=ALL-UNNAMED --add-opens=java.base/java.util.concurrent.atomic=ALL-UNNAMED -Xmx2048m -Dfile.encoding=UTF-8 -Duser.country=IN -Duser.language=en -Duser.variant -javaagent:C:\Users\Abutalib\.gradle\wrapper\dists\gradle-8.10.2-all\7iv73wktx1xtkvlq19urqw1wm\gradle-8.10.2\lib\agents\gradle-instrumentation-agent-8.10.2.jar 
java_command: org.gradle.launcher.daemon.bootstrap.GradleDaemon 8.10.2
java_class_path (initial): C:\Users\Abutalib\.gradle\wrapper\dists\gradle-8.10.2-all\7iv73wktx1xtkvlq19urqw1wm\gradle-8.10.2\lib\gradle-daemon-main-8.10.2.jar
Launcher Type: SUN_STANDARD

[Global flags]
     intx CICompilerCount                          = 4                                         {product} {ergonomic}
     uint ConcGCThreads                            = 2                                         {product} {ergonomic}
     uint G1ConcRefinementThreads                  = 8                                         {product} {ergonomic}
   size_t G1HeapRegionSize                         = 1048576                                   {product} {ergonomic}
    uintx GCDrainStackTargetSize                   = 64                                        {product} {ergonomic}
     bool HeapDumpOnOutOfMemoryError               = true                                   {manageable} {command line}
   size_t InitialHeapSize                          = 123731968                                 {product} {ergonomic}
   size_t MarkStackSize                            = 4194304                                   {product} {ergonomic}
   size_t MaxHeapSize                              = 2147483648                                {product} {command line}
   size_t MaxNewSize                               = 1287651328                                {product} {ergonomic}
   size_t MinHeapDeltaBytes                        = 1048576                                   {product} {ergonomic}
   size_t MinHeapSize                              = 8388608                                   {product} {ergonomic}
    uintx NonNMethodCodeHeapSize                   = 5839372                                {pd product} {ergonomic}
    uintx NonProfiledCodeHeapSize                  = 122909434                              {pd product} {ergonomic}
    uintx ProfiledCodeHeapSize                     = 122909434                              {pd product} {ergonomic}
    uintx ReservedCodeCacheSize                    = 251658240                              {pd product} {ergonomic}
     bool SegmentedCodeCache                       = true                                      {product} {ergonomic}
   size_t SoftMaxHeapSize                          = 2147483648                             {manageable} {ergonomic}
     bool UseCompressedClassPointers               = true                           {product lp64_product} {ergonomic}
     bool UseCompressedOops                        = true                           {product lp64_product} {ergonomic}
     bool UseG1GC                                  = true                                      {product} {ergonomic}
     bool UseLargePagesIndividualAllocation        = false                                  {pd product} {ergonomic}

Logging:
Log output configuration:
 #0: stdout all=warning uptime,level,tags
 #1: stderr all=off uptime,level,tags

Environment Variables:
JAVA_HOME=C:\Program Files\Microsoft\jdk-17.0.12.7-hotspot
CLASSPATH=C:\NexgenLMS\NexGenMobile\android\\gradle\wrapper\gradle-wrapper.jar
PATH=C:\NexgenLMS\NexGenMobile\node_modules\.bin;C:\NexgenLMS\node_modules\.bin;C:\node_modules\.bin;C:\Users\Abutalib\AppData\Roaming\npm\node_modules\npm\node_modules\@npmcli\run-script\lib\node-gyp-bin;C:\Program Files\Microsoft\jdk-17.0.12.7-hotspot\bin;C:\Users\Abutalib\AppData\Local\Programs\Python\Python311\Scripts\;C:\Users\Abutalib\AppData\Local\Programs\Python\Python311\;C:\Ruby32-x64\bin;C:\Program Files\Common Files\Oracle\Java\javapath;C:\Users\Abutalib\AppData\Local\Programs\Python\Python311;c:\users\abutalib\appdata\local\programs\python\python311\lib\site-packages\pip\__init__.py;C:\WINDOWS\system32;C:\WINDOWS;C:\WINDOWS\System32\OpenSSH\;C:\WINDOWS\System32\Wbem;C:\WINDOWS\System32\WindowsPowerShell\v1.0\;C:\Program Files (x86)\Yarn\bin\;C:\Program Files\Git\cmd;C:\ProgramData\chocolatey\bin;C:\php;C:\ProgramData\ComposerSetup\bin;C:\Program Files\Amazon\AWSCLIV2\;C:\Users\Abutalib\AppData\Local\nvm;C:\nvm4w\nodejs;C:\Program Files\nodejs\;;C:\Users\Abutalib\AppData\Local\Microsoft\WindowsApps;C:\Users\Abutalib\AppData\Local\Android\Sdk\emulator;C:\Users\Abutalib\AppData\Local\Android\Sdk\platform-tools;C:\Users\Abutalib\AppData\Local\Android\Sdk\cmdline-tools\13.0\bin;C:\java programs\Microsoft VS Code\bin;C:\Users\Abutalib\PyCharm Community Edition 2022.3\bin;;C:\MinGW\bin;C:\MinGW\bin\gcc.exe;C:\Users\Abutalib\AppData\Local\Yarn\bin;C:\Program Files\Microsoft\jdk-17.0.12.7-hotspot\bin;C:\Users\Abutalib\AppData\Local\Microsoft\WinGet\Packages\Schniz.fnm_Microsoft.Winget.Source_8wekyb3d8bbwe;C:\Users\Abutalib\AppData\Local\Android\Sdk\system-images\android-34-ext12\google_apis_playstore\x86_64;C:\Users\Abutalib\AppData\Local\nvm;C:\nvm4w\nodejs;C:\Users\Abutalib\AppData\Roaming\npm
USERNAME=Abutalib
OS=Windows_NT
PROCESSOR_IDENTIFIER=AMD64 Family 23 Model 104 Stepping 1, AuthenticAMD
TMP=C:\Users\Abutalib\AppData\Local\Temp
TEMP=C:\Users\Abutalib\AppData\Local\Temp



Periodic native trim disabled


---------------  S Y S T E M  ---------------

OS:
 Windows 11 , 64 bit Build 26100 (10.0.26100.3912)
OS uptime: 1 days 10:13 hours
Hyper-V role detected

CPU: total 8 (initial active 8) (8 cores per cpu, 2 threads per core) family 23 model 104 stepping 1 microcode 0x8608107, cx8, cmov, fxsr, ht, mmx, 3dnowpref, sse, sse2, sse3, ssse3, sse4a, sse4.1, sse4.2, popcnt, lzcnt, tsc, tscinvbit, avx, avx2, aes, clmul, bmi1, bmi2, adx, sha, fma, vzeroupper, clflush, clflushopt, hv
Processor Information for the first 8 processors :
  Max Mhz: 2600, Current Mhz: 2600, Mhz Limit: 2600

Memory: 4k page, system-wide physical 7502M (130M free)
TotalPageFile size 30030M (AvailPageFile size 14M)
current process WorkingSet (physical memory assigned to process): 307M, peak: 740M
current process commit charge ("private bytes"): 1136M, peak: 1138M

vm_info: OpenJDK 64-Bit Server VM (17.0.12+7-LTS) for windows-amd64 JRE (17.0.12+7-LTS), built on Jul 16 2024 18:11:44 by "MicrosoftCorporation" with unknown MS VC++:1939

END.
