#
# There is insufficient memory for the Java Runtime Environment to continue.
# Native memory allocation (malloc) failed to allocate 1462256 bytes. Error detail: Chunk::new
# Possible reasons:
#   The system is out of physical RAM or swap space
#   This process is running with CompressedOops enabled, and the Java Heap may be blocking the growth of the native heap
# Possible solutions:
#   Reduce memory load on the system
#   Increase physical memory or swap space
#   Check if swap backing store is full
#   Decrease Java heap size (-Xmx/-Xms)
#   Decrease number of Java threads
#   Decrease Java thread stack sizes (-Xss)
#   Set larger code cache with -XX:ReservedCodeCacheSize=
#   JVM is running with Zero Based Compressed Oops mode in which the Java heap is
#     placed in the first 32GB address space. The Java Heap base address is the
#     maximum limit for the native heap growth. Please use -XX:HeapBaseMinAddress
#     to set the Java Heap base and to place the Java Heap above 32GB virtual address.
# This output file may be truncated or incomplete.
#
#  Out of Memory Error (arena.cpp:191), pid=33552, tid=16340
#
# JRE version: OpenJDK Runtime Environment Microsoft-9889599 (17.0.12+7) (build 17.0.12+7-LTS)
# Java VM: OpenJDK 64-Bit Server VM Microsoft-9889599 (17.0.12+7-LTS, mixed mode, sharing, tiered, compressed oops, compressed class ptrs, g1 gc, windows-amd64)
# No core dump will be written. Minidumps are not enabled by default on client versions of Windows
#

---------------  S U M M A R Y ------------

Command Line: --add-opens=java.base/java.util=ALL-UNNAMED --add-opens=java.base/java.lang=ALL-UNNAMED --add-opens=java.base/java.lang.invoke=ALL-UNNAMED --add-opens=java.prefs/java.util.prefs=ALL-UNNAMED --add-exports=jdk.compiler/com.sun.tools.javac.api=ALL-UNNAMED --add-exports=jdk.compiler/com.sun.tools.javac.util=ALL-UNNAMED --add-opens=java.base/java.nio.charset=ALL-UNNAMED --add-opens=java.base/java.net=ALL-UNNAMED --add-opens=java.base/java.util.concurrent.atomic=ALL-UNNAMED -Xmx4096m -Dfile.encoding=windows-1252 -Duser.country=IN -Duser.language=en -Duser.variant -javaagent:C:\Users\Abutalib\.gradle\wrapper\dists\gradle-8.10.2-all\7iv73wktx1xtkvlq19urqw1wm\gradle-8.10.2\lib\agents\gradle-instrumentation-agent-8.10.2.jar org.gradle.launcher.daemon.bootstrap.GradleDaemon 8.10.2

Host: AMD Ryzen 3 5300U with Radeon Graphics         , 8 cores, 7G,  Windows 11 , 64 bit Build 26100 (10.0.26100.4202)
Time: Sun Jun 29 13:28:28 2025 India Standard Time elapsed time: 552.457849 seconds (0d 0h 9m 12s)

---------------  T H R E A D  ---------------

Current thread (0x000001cc46f4abe0):  JavaThread "C2 CompilerThread2" daemon [_thread_in_native, id=16340, stack(0x000000421ea00000,0x000000421eb00000)]


Current CompileTask:
C2: 552458 106298       4       com.intellij.psi.stubs.MaterialStubList$1::visitStub (110 bytes)

Stack: [0x000000421ea00000,0x000000421eb00000]
Native frames: (J=compiled Java code, j=interpreted, Vv=VM code, C=native code)
V  [jvm.dll+0x686d99]
V  [jvm.dll+0x83daf8]
V  [jvm.dll+0x83f5a3]
V  [jvm.dll+0x83fc13]
V  [jvm.dll+0x2492ef]
V  [jvm.dll+0xad0a4]
V  [jvm.dll+0xad73c]
V  [jvm.dll+0x36a3ff]
V  [jvm.dll+0x1bd015]
V  [jvm.dll+0x21a6ac]
V  [jvm.dll+0x21996f]
V  [jvm.dll+0x1a53e6]
V  [jvm.dll+0x229faa]
V  [jvm.dll+0x2280fb]
V  [jvm.dll+0x7f3508]
V  [jvm.dll+0x7ed87c]
V  [jvm.dll+0x685c77]
C  [ucrtbase.dll+0x37b0]
C  [KERNEL32.DLL+0x2e8d7]
C  [ntdll.dll+0x3c34c]


---------------  P R O C E S S  ---------------

Threads class SMR info:
_java_thread_list=0x000001cc46925070, length=160, elements={
0x000001cbbdd06040, 0x000001cbe096b840, 0x000001cbe096c400, 0x000001cbe09a4df0,
0x000001cbe09a58c0, 0x000001cbe09a7490, 0x000001cbe09a9e60, 0x000001cbe09aab50,
0x000001cc26000080, 0x000001cc26000690, 0x000001cc261152b0, 0x000001cc261d4d40,
0x000001cc2725f4b0, 0x000001cc27d35e10, 0x000001cc27171950, 0x000001cc27daa050,
0x000001cc27d7fae0, 0x000001cc27d80500, 0x000001cc27d7e6a0, 0x000001cc27f103a0,
0x000001cc27f0fe90, 0x000001cc27f0ea50, 0x000001cc2aaf4e80, 0x000001cc2aaf3a40,
0x000001cc2a137d20, 0x000001cc2a039c50, 0x000001cc2a03b5a0, 0x000001cc2a6e3730,
0x000001cc2a6e5aa0, 0x000001cc2a6e3c40, 0x000001cc27f10dc0, 0x000001cc32021a40,
0x000001cc2a038810, 0x000001cc2a0373d0, 0x000001cc2a035060, 0x000001cc2a0378e0,
0x000001cc2a035a80, 0x000001cc2a035f90, 0x000001cc2a036ec0, 0x000001cc2a038d20,
0x000001cc2a037df0, 0x000001cc2a035570, 0x000001cc2a039230, 0x000001cc2a039740,
0x000001cc2a0364a0, 0x000001cc2a03bab0, 0x000001cc2a03bfc0, 0x000001cc2a03c4d0,
0x000001cc2a03b090, 0x000001cc2a03c9e0, 0x000001cc2a03a160, 0x000001cc2a03a670,
0x000001cc2a1354a0, 0x000001cc2a1359b0, 0x000001cc2a135ec0, 0x000001cc2a134f90,
0x000001cc2a137810, 0x000001cc2a134060, 0x000001cc2a134570, 0x000001cc2a137300,
0x000001cc2a138230, 0x000001cc2a1363d0, 0x000001cc2a138740, 0x000001cc2a139670,
0x000001cc2a139160, 0x000001cc2a139b80, 0x000001cc2a1368e0, 0x000001cc2a13aab0,
0x000001cc2a13afc0, 0x000001cc2a13b4d0, 0x000001cc2aaf16d0, 0x000001cc2aaf2600,
0x000001cc2aaf62c0, 0x000001cc2aaf5390, 0x000001cc2aaf3530, 0x000001cc2aaf2b10,
0x000001cc2aaf8630, 0x000001cc2aaf8b40, 0x000001cc2aaf67d0, 0x000001cc2aaf9050,
0x000001cc2aaf6ce0, 0x000001cc2aaf71f0, 0x000001cc2aaf7700, 0x000001cc2a4604f0,
0x000001cc2a460a00, 0x000001cc2a45e690, 0x000001cc2a463ca0, 0x000001cc2a463790,
0x000001cc2a460f10, 0x000001cc2a461420, 0x000001cc2a461930, 0x000001cc2a461e40,
0x000001cc2a462350, 0x000001cc2a462860, 0x000001cc2a462d70, 0x000001cc32024ce0,
0x000001cc32025c10, 0x000001cc320251f0, 0x000001cc32026120, 0x000001cc32026630,
0x000001cc32026b40, 0x000001cc32027a70, 0x000001cc32027560, 0x000001cc32025700,
0x000001cc32027050, 0x000001cc2a6e5080, 0x000001cc2a6e5590, 0x000001cc2a6e69d0,
0x000001cc2a6e3220, 0x000001cc2a6e6ee0, 0x000001cc2a6e4150, 0x000001cc27d7d770,
0x000001cc27d7dc80, 0x000001cc27d7f5d0, 0x000001cc27d7e190, 0x000001cc27d7ebb0,
0x000001cc27f112d0, 0x000001cc27f117e0, 0x000001cc27f0e540, 0x000001cc27f0f980,
0x000001cc321fd6a0, 0x000001cc321fd190, 0x000001cc321fc770, 0x000001cc321fdbb0,
0x000001cc321fc260, 0x000001cc321fe0c0, 0x000001cc321fe5d0, 0x000001cc321feae0,
0x000001cc321feff0, 0x000001cc321ff500, 0x000001cc321fbd50, 0x000001cc321ffa10,
0x000001cc321fff20, 0x000001cc32200430, 0x000001cc322031c0, 0x000001cc32200940,
0x000001cc32200e50, 0x000001cc32201d80, 0x000001cc2a0369b0, 0x000001cc2a5eff90,
0x000001cc34619810, 0x000001cc34620260, 0x000001cc3461def0, 0x000001cc3461d9e0,
0x000001cc3461e910, 0x000001cc34622ae0, 0x000001cc34623a10, 0x000001cc34624430,
0x000001cc34622ff0, 0x000001cc34625360, 0x000001cc46aab0a0, 0x000001cc46a093a0,
0x000001cc3435c630, 0x000001cc4c071d00, 0x000001cc3b8f1060, 0x000001cc3631d360,
0x000001cc3435b700, 0x000001cc3631fbe0, 0x000001cc4068a610, 0x000001cc46f4abe0
}
_to_delete_list=0x000001cc3b450ef0, length=159, elements={
0x000001cbbdd06040, 0x000001cbe096b840, 0x000001cbe096c400, 0x000001cbe09a4df0,
0x000001cbe09a58c0, 0x000001cbe09a7490, 0x000001cbe09a9e60, 0x000001cbe09aab50,
0x000001cc26000080, 0x000001cc26000690, 0x000001cc261152b0, 0x000001cc261d4d40,
0x000001cc2725f4b0, 0x000001cc27d35e10, 0x000001cc27171950, 0x000001cc27daa050,
0x000001cc27d7fae0, 0x000001cc27d80500, 0x000001cc27d7e6a0, 0x000001cc27f103a0,
0x000001cc27f0fe90, 0x000001cc27f0ea50, 0x000001cc2aaf4e80, 0x000001cc2aaf3a40,
0x000001cc2a137d20, 0x000001cc2a039c50, 0x000001cc2a03b5a0, 0x000001cc2a6e3730,
0x000001cc2a6e5aa0, 0x000001cc2a6e3c40, 0x000001cc27f10dc0, 0x000001cc32021a40,
0x000001cc2a038810, 0x000001cc2a0373d0, 0x000001cc2a035060, 0x000001cc2a0378e0,
0x000001cc2a035a80, 0x000001cc2a035f90, 0x000001cc2a036ec0, 0x000001cc2a038d20,
0x000001cc2a037df0, 0x000001cc2a035570, 0x000001cc2a039230, 0x000001cc2a039740,
0x000001cc2a0364a0, 0x000001cc2a03bab0, 0x000001cc2a03bfc0, 0x000001cc2a03c4d0,
0x000001cc2a03b090, 0x000001cc2a03c9e0, 0x000001cc2a03a160, 0x000001cc2a03a670,
0x000001cc2a1354a0, 0x000001cc2a1359b0, 0x000001cc2a135ec0, 0x000001cc2a134f90,
0x000001cc2a137810, 0x000001cc2a134060, 0x000001cc2a134570, 0x000001cc2a137300,
0x000001cc2a138230, 0x000001cc2a1363d0, 0x000001cc2a138740, 0x000001cc2a139670,
0x000001cc2a139160, 0x000001cc2a139b80, 0x000001cc2a1368e0, 0x000001cc2a13aab0,
0x000001cc2a13afc0, 0x000001cc2a13b4d0, 0x000001cc2aaf16d0, 0x000001cc2aaf2600,
0x000001cc2aaf62c0, 0x000001cc2aaf5390, 0x000001cc2aaf3530, 0x000001cc2aaf2b10,
0x000001cc2aaf8630, 0x000001cc2aaf8b40, 0x000001cc2aaf67d0, 0x000001cc2aaf9050,
0x000001cc2aaf6ce0, 0x000001cc2aaf71f0, 0x000001cc2aaf7700, 0x000001cc2a4604f0,
0x000001cc2a460a00, 0x000001cc2a45e690, 0x000001cc2a463ca0, 0x000001cc2a463790,
0x000001cc2a460f10, 0x000001cc2a461420, 0x000001cc2a461930, 0x000001cc2a461e40,
0x000001cc2a462350, 0x000001cc2a462860, 0x000001cc2a462d70, 0x000001cc32024ce0,
0x000001cc32025c10, 0x000001cc320251f0, 0x000001cc32026120, 0x000001cc32026630,
0x000001cc32026b40, 0x000001cc32027a70, 0x000001cc32027560, 0x000001cc32025700,
0x000001cc32027050, 0x000001cc2a6e5080, 0x000001cc2a6e5590, 0x000001cc2a6e69d0,
0x000001cc2a6e3220, 0x000001cc2a6e6ee0, 0x000001cc2a6e4150, 0x000001cc27d7d770,
0x000001cc27d7dc80, 0x000001cc27d7f5d0, 0x000001cc27d7e190, 0x000001cc27d7ebb0,
0x000001cc27f112d0, 0x000001cc27f117e0, 0x000001cc27f0e540, 0x000001cc27f0f980,
0x000001cc321fd6a0, 0x000001cc321fd190, 0x000001cc321fc770, 0x000001cc321fdbb0,
0x000001cc321fc260, 0x000001cc321fe0c0, 0x000001cc321fe5d0, 0x000001cc321feae0,
0x000001cc321feff0, 0x000001cc321ff500, 0x000001cc321fbd50, 0x000001cc321ffa10,
0x000001cc321fff20, 0x000001cc32200430, 0x000001cc322031c0, 0x000001cc32200940,
0x000001cc32200e50, 0x000001cc32201d80, 0x000001cc2a0369b0, 0x000001cc2a5eff90,
0x000001cc34619810, 0x000001cc34620260, 0x000001cc3461def0, 0x000001cc3461d9e0,
0x000001cc3461e910, 0x000001cc34622ae0, 0x000001cc34623a10, 0x000001cc34624430,
0x000001cc34622ff0, 0x000001cc34625360, 0x000001cc46aab0a0, 0x000001cc46a093a0,
0x000001cc3435c630, 0x000001cc4c071d00, 0x000001cc3b8f1060, 0x000001cc3631d360,
0x000001cc3435b700, 0x000001cc3631fbe0, 0x000001cc4068a610
}

Java Threads: ( => current thread )
  0x000001cbbdd06040 JavaThread "main" [_thread_blocked, id=10700, stack(0x0000004219400000,0x0000004219500000)]
  0x000001cbe096b840 JavaThread "Reference Handler" daemon [_thread_blocked, id=15720, stack(0x0000004219b00000,0x0000004219c00000)]
  0x000001cbe096c400 JavaThread "Finalizer" daemon [_thread_blocked, id=15468, stack(0x0000004219c00000,0x0000004219d00000)]
  0x000001cbe09a4df0 JavaThread "Signal Dispatcher" daemon [_thread_blocked, id=29328, stack(0x0000004219d00000,0x0000004219e00000)]
  0x000001cbe09a58c0 JavaThread "Attach Listener" daemon [_thread_blocked, id=17924, stack(0x0000004219e00000,0x0000004219f00000)]
  0x000001cbe09a7490 JavaThread "Service Thread" daemon [_thread_blocked, id=29032, stack(0x0000004219f00000,0x000000421a000000)]
  0x000001cbe09a9e60 JavaThread "Monitor Deflation Thread" daemon [_thread_blocked, id=16472, stack(0x000000421a000000,0x000000421a100000)]
  0x000001cbe09aab50 JavaThread "C2 CompilerThread0" daemon [_thread_in_native, id=13356, stack(0x000000421a100000,0x000000421a200000)]
  0x000001cc26000080 JavaThread "C1 CompilerThread0" daemon [_thread_in_native, id=33888, stack(0x000000421a200000,0x000000421a300000)]
  0x000001cc26000690 JavaThread "Sweeper thread" daemon [_thread_blocked, id=18696, stack(0x000000421a300000,0x000000421a400000)]
  0x000001cc261152b0 JavaThread "Common-Cleaner" daemon [_thread_blocked, id=6536, stack(0x000000421a400000,0x000000421a500000)]
  0x000001cc261d4d40 JavaThread "Notification Thread" daemon [_thread_blocked, id=27136, stack(0x000000421a500000,0x000000421a600000)]
  0x000001cc2725f4b0 JavaThread "Daemon health stats" [_thread_blocked, id=452, stack(0x000000421a700000,0x000000421a800000)]
  0x000001cc27d35e10 JavaThread "Incoming local TCP Connector on port 61001" [_thread_in_native, id=868, stack(0x000000421a800000,0x000000421a900000)]
  0x000001cc27171950 JavaThread "Daemon periodic checks" [_thread_blocked, id=22800, stack(0x000000421ad00000,0x000000421ae00000)]
  0x000001cc27daa050 JavaThread "Daemon" [_thread_blocked, id=12744, stack(0x000000421ae00000,0x000000421af00000)]
  0x000001cc27d7fae0 JavaThread "Daemon worker" [_thread_blocked, id=740, stack(0x000000421b100000,0x000000421b200000)]
  0x000001cc27d80500 JavaThread "Cache worker for journal cache (C:\Users\Abutalib\.gradle\caches\journal-1)" [_thread_blocked, id=22180, stack(0x000000421b500000,0x000000421b600000)]
  0x000001cc27d7e6a0 JavaThread "File lock request listener" [_thread_in_native, id=25464, stack(0x000000421b600000,0x000000421b700000)]
  0x000001cc27f103a0 JavaThread "Cache worker for file hash cache (C:\Users\Abutalib\.gradle\caches\8.10.2\fileHashes)" [_thread_blocked, id=12656, stack(0x000000421b700000,0x000000421b800000)]
  0x000001cc27f0fe90 JavaThread "File watcher server" daemon [_thread_in_native, id=1772, stack(0x000000421bc00000,0x000000421bd00000)]
  0x000001cc27f0ea50 JavaThread "File watcher consumer" daemon [_thread_blocked, id=4932, stack(0x000000421c000000,0x000000421c100000)]
  0x000001cc2aaf4e80 JavaThread "Cache worker for file content cache (C:\Users\Abutalib\.gradle\caches\8.10.2\fileContent)" [_thread_blocked, id=32056, stack(0x000000421c200000,0x000000421c300000)]
  0x000001cc2aaf3a40 JavaThread "jar transforms" [_thread_blocked, id=16296, stack(0x000000421c600000,0x000000421c700000)]
  0x000001cc2a137d20 JavaThread "Memory manager" [_thread_blocked, id=27400, stack(0x000000421e300000,0x000000421e400000)]
  0x000001cc2a039c50 JavaThread "jar transforms Thread 2" [_thread_blocked, id=17788, stack(0x0000004222500000,0x0000004222600000)]
  0x000001cc2a03b5a0 JavaThread "jar transforms Thread 3" [_thread_blocked, id=12204, stack(0x0000004222600000,0x0000004222700000)]
  0x000001cc2a6e3730 JavaThread "jar transforms Thread 4" [_thread_blocked, id=33976, stack(0x0000004223000000,0x0000004223100000)]
  0x000001cc2a6e5aa0 JavaThread "jar transforms Thread 5" [_thread_blocked, id=32928, stack(0x0000004220f00000,0x0000004221000000)]
  0x000001cc2a6e3c40 JavaThread "jar transforms Thread 6" [_thread_blocked, id=22864, stack(0x0000004222f00000,0x0000004223000000)]
  0x000001cc27f10dc0 JavaThread "jar transforms Thread 7" [_thread_blocked, id=30188, stack(0x0000004223600000,0x0000004223700000)]
  0x000001cc32021a40 JavaThread "jar transforms Thread 8" [_thread_blocked, id=17968, stack(0x0000004223700000,0x0000004223800000)]
  0x000001cc2a038810 JavaThread "Handler for socket connection from /127.0.0.1:61001 to /127.0.0.1:61015" [_thread_in_native, id=30268, stack(0x0000004219100000,0x0000004219200000)]
  0x000001cc2a0373d0 JavaThread "Cancel handler" [_thread_blocked, id=14752, stack(0x0000004219200000,0x0000004219300000)]
  0x000001cc2a035060 JavaThread "Asynchronous log dispatcher for DefaultDaemonConnection: socket connection from /127.0.0.1:61001 to /127.0.0.1:61015" [_thread_blocked, id=24680, stack(0x0000004219300000,0x0000004219400000)]
  0x000001cc2a0378e0 JavaThread "Stdin handler" [_thread_blocked, id=22468, stack(0x000000421af00000,0x000000421b000000)]
  0x000001cc2a035a80 JavaThread "Daemon client event forwarder" [_thread_blocked, id=33812, stack(0x000000421b000000,0x000000421b100000)]
  0x000001cc2a035f90 JavaThread "Cache worker for file hash cache (C:\NexgenLMS\NexGenMobile\android\.gradle\8.10.2\fileHashes)" [_thread_blocked, id=29724, stack(0x000000421b300000,0x000000421b400000)]
  0x000001cc2a036ec0 JavaThread "Cache worker for Build Output Cleanup Cache (C:\NexgenLMS\NexGenMobile\android\.gradle\buildOutputCleanup)" [_thread_blocked, id=22448, stack(0x000000421b400000,0x000000421b500000)]
  0x000001cc2a038d20 JavaThread "Cache worker for checksums cache (C:\NexgenLMS\NexGenMobile\android\.gradle\8.10.2\checksums)" [_thread_blocked, id=14816, stack(0x000000421be00000,0x000000421bf00000)]
  0x000001cc2a037df0 JavaThread "Cache worker for cache directory md-rule (C:\Users\Abutalib\.gradle\caches\8.10.2\md-rule)" [_thread_blocked, id=30156, stack(0x000000421c100000,0x000000421c200000)]
  0x000001cc2a035570 JavaThread "Cache worker for cache directory md-supplier (C:\Users\Abutalib\.gradle\caches\8.10.2\md-supplier)" [_thread_blocked, id=34548, stack(0x000000421c300000,0x000000421c400000)]
  0x000001cc2a039230 JavaThread "Cache worker for Build Output Cleanup Cache (C:\NexgenLMS\NexGenMobile\node_modules\@react-native\gradle-plugin\.gradle\buildOutputCleanup)" [_thread_blocked, id=13028, stack(0x000000421c400000,0x000000421c500000)]
  0x000001cc2a039740 JavaThread "Unconstrained build operations" [_thread_blocked, id=18568, stack(0x000000421c500000,0x000000421c600000)]
  0x000001cc2a0364a0 JavaThread "Unconstrained build operations Thread 2" [_thread_blocked, id=11480, stack(0x000000421c700000,0x000000421c800000)]
  0x000001cc2a03bab0 JavaThread "Unconstrained build operations Thread 3" [_thread_blocked, id=34088, stack(0x000000421c800000,0x000000421c900000)]
  0x000001cc2a03bfc0 JavaThread "Unconstrained build operations Thread 4" [_thread_blocked, id=30548, stack(0x000000421c900000,0x000000421ca00000)]
  0x000001cc2a03c4d0 JavaThread "Unconstrained build operations Thread 5" [_thread_blocked, id=33824, stack(0x000000421cb00000,0x000000421cc00000)]
  0x000001cc2a03b090 JavaThread "Unconstrained build operations Thread 6" [_thread_blocked, id=20868, stack(0x000000421cc00000,0x000000421cd00000)]
  0x000001cc2a03c9e0 JavaThread "Unconstrained build operations Thread 7" [_thread_blocked, id=23808, stack(0x000000421cd00000,0x000000421ce00000)]
  0x000001cc2a03a160 JavaThread "Unconstrained build operations Thread 8" [_thread_blocked, id=33052, stack(0x000000421ce00000,0x000000421cf00000)]
  0x000001cc2a03a670 JavaThread "Unconstrained build operations Thread 9" [_thread_blocked, id=18768, stack(0x000000421cf00000,0x000000421d000000)]
  0x000001cc2a1354a0 JavaThread "Unconstrained build operations Thread 10" [_thread_blocked, id=27040, stack(0x000000421d000000,0x000000421d100000)]
  0x000001cc2a1359b0 JavaThread "Unconstrained build operations Thread 11" [_thread_blocked, id=608, stack(0x000000421d100000,0x000000421d200000)]
  0x000001cc2a135ec0 JavaThread "Unconstrained build operations Thread 12" [_thread_blocked, id=24840, stack(0x000000421d200000,0x000000421d300000)]
  0x000001cc2a134f90 JavaThread "Unconstrained build operations Thread 13" [_thread_blocked, id=23508, stack(0x000000421d300000,0x000000421d400000)]
  0x000001cc2a137810 JavaThread "Unconstrained build operations Thread 14" [_thread_blocked, id=11984, stack(0x000000421d400000,0x000000421d500000)]
  0x000001cc2a134060 JavaThread "Unconstrained build operations Thread 15" [_thread_blocked, id=16004, stack(0x000000421d500000,0x000000421d600000)]
  0x000001cc2a134570 JavaThread "Unconstrained build operations Thread 16" [_thread_blocked, id=25628, stack(0x000000421d600000,0x000000421d700000)]
  0x000001cc2a137300 JavaThread "Unconstrained build operations Thread 17" [_thread_blocked, id=23836, stack(0x000000421d700000,0x000000421d800000)]
  0x000001cc2a138230 JavaThread "Unconstrained build operations Thread 18" [_thread_blocked, id=2204, stack(0x000000421d800000,0x000000421d900000)]
  0x000001cc2a1363d0 JavaThread "build event listener" [_thread_blocked, id=13292, stack(0x000000421d900000,0x000000421da00000)]
  0x000001cc2a138740 JavaThread "included builds" [_thread_blocked, id=5024, stack(0x000000421da00000,0x000000421db00000)]
  0x000001cc2a139670 JavaThread "Execution worker" [_thread_blocked, id=31500, stack(0x000000421db00000,0x000000421dc00000)]
  0x000001cc2a139160 JavaThread "Execution worker Thread 2" [_thread_blocked, id=5680, stack(0x000000421dc00000,0x000000421dd00000)]
  0x000001cc2a139b80 JavaThread "Execution worker Thread 3" [_thread_blocked, id=32556, stack(0x000000421dd00000,0x000000421de00000)]
  0x000001cc2a1368e0 JavaThread "Execution worker Thread 4" [_thread_blocked, id=34644, stack(0x000000421de00000,0x000000421df00000)]
  0x000001cc2a13aab0 JavaThread "Execution worker Thread 5" [_thread_blocked, id=22148, stack(0x000000421df00000,0x000000421e000000)]
  0x000001cc2a13afc0 JavaThread "Execution worker Thread 6" [_thread_blocked, id=11360, stack(0x000000421e000000,0x000000421e100000)]
  0x000001cc2a13b4d0 JavaThread "Execution worker Thread 7" [_thread_blocked, id=21964, stack(0x000000421e100000,0x000000421e200000)]
  0x000001cc2aaf16d0 JavaThread "Cache worker for execution history cache (C:\NexgenLMS\NexGenMobile\node_modules\@react-native\gradle-plugin\.gradle\8.10.2\executionHistory)" [_thread_blocked, id=33376, stack(0x000000421e200000,0x000000421e300000)]
  0x000001cc2aaf2600 JavaThread "Unconstrained build operations Thread 19" [_thread_blocked, id=29016, stack(0x000000421e400000,0x000000421e500000)]
  0x000001cc2aaf62c0 JavaThread "Unconstrained build operations Thread 20" [_thread_blocked, id=2996, stack(0x000000421f000000,0x000000421f100000)]
  0x000001cc2aaf5390 JavaThread "Unconstrained build operations Thread 21" [_thread_blocked, id=29536, stack(0x000000421f100000,0x000000421f200000)]
  0x000001cc2aaf3530 JavaThread "Unconstrained build operations Thread 22" [_thread_blocked, id=32296, stack(0x000000421f200000,0x000000421f300000)]
  0x000001cc2aaf2b10 JavaThread "Unconstrained build operations Thread 23" [_thread_blocked, id=31968, stack(0x000000421f300000,0x000000421f400000)]
  0x000001cc2aaf8630 JavaThread "Unconstrained build operations Thread 24" [_thread_blocked, id=4888, stack(0x000000421f400000,0x000000421f500000)]
  0x000001cc2aaf8b40 JavaThread "Unconstrained build operations Thread 25" [_thread_blocked, id=26696, stack(0x000000421f500000,0x000000421f600000)]
  0x000001cc2aaf67d0 JavaThread "Unconstrained build operations Thread 26" [_thread_blocked, id=28964, stack(0x000000421f600000,0x000000421f700000)]
  0x000001cc2aaf9050 JavaThread "Unconstrained build operations Thread 27" [_thread_blocked, id=32316, stack(0x000000421f700000,0x000000421f800000)]
  0x000001cc2aaf6ce0 JavaThread "Unconstrained build operations Thread 28" [_thread_blocked, id=18976, stack(0x000000421f800000,0x000000421f900000)]
  0x000001cc2aaf71f0 JavaThread "Unconstrained build operations Thread 29" [_thread_blocked, id=33292, stack(0x000000421f900000,0x000000421fa00000)]
  0x000001cc2aaf7700 JavaThread "Unconstrained build operations Thread 30" [_thread_blocked, id=32116, stack(0x000000421fa00000,0x000000421fb00000)]
  0x000001cc2a4604f0 JavaThread "Unconstrained build operations Thread 31" [_thread_blocked, id=27340, stack(0x000000421fb00000,0x000000421fc00000)]
  0x000001cc2a460a00 JavaThread "Unconstrained build operations Thread 32" [_thread_blocked, id=33256, stack(0x000000421fc00000,0x000000421fd00000)]
  0x000001cc2a45e690 JavaThread "Unconstrained build operations Thread 33" [_thread_blocked, id=24300, stack(0x000000421fd00000,0x000000421fe00000)]
  0x000001cc2a463ca0 JavaThread "Unconstrained build operations Thread 34" [_thread_blocked, id=26704, stack(0x000000421fe00000,0x000000421ff00000)]
  0x000001cc2a463790 JavaThread "Unconstrained build operations Thread 35" [_thread_blocked, id=27228, stack(0x000000421ff00000,0x0000004220000000)]
  0x000001cc2a460f10 JavaThread "Unconstrained build operations Thread 36" [_thread_blocked, id=22912, stack(0x0000004220000000,0x0000004220100000)]
  0x000001cc2a461420 JavaThread "Unconstrained build operations Thread 37" [_thread_blocked, id=18772, stack(0x0000004220100000,0x0000004220200000)]
  0x000001cc2a461930 JavaThread "Unconstrained build operations Thread 38" [_thread_blocked, id=34340, stack(0x0000004220200000,0x0000004220300000)]
  0x000001cc2a461e40 JavaThread "Unconstrained build operations Thread 39" [_thread_blocked, id=10164, stack(0x0000004220300000,0x0000004220400000)]
  0x000001cc2a462350 JavaThread "Unconstrained build operations Thread 40" [_thread_blocked, id=2972, stack(0x0000004220400000,0x0000004220500000)]
  0x000001cc2a462860 JavaThread "Unconstrained build operations Thread 41" [_thread_blocked, id=14712, stack(0x0000004220500000,0x0000004220600000)]
  0x000001cc2a462d70 JavaThread "Unconstrained build operations Thread 42" [_thread_blocked, id=32124, stack(0x0000004220600000,0x0000004220700000)]
  0x000001cc32024ce0 JavaThread "Unconstrained build operations Thread 43" [_thread_blocked, id=14404, stack(0x0000004220700000,0x0000004220800000)]
  0x000001cc32025c10 JavaThread "Unconstrained build operations Thread 44" [_thread_blocked, id=32344, stack(0x0000004220800000,0x0000004220900000)]
  0x000001cc320251f0 JavaThread "Unconstrained build operations Thread 45" [_thread_blocked, id=4312, stack(0x0000004220900000,0x0000004220a00000)]
  0x000001cc32026120 JavaThread "Unconstrained build operations Thread 46" [_thread_blocked, id=34628, stack(0x0000004220a00000,0x0000004220b00000)]
  0x000001cc32026630 JavaThread "Unconstrained build operations Thread 47" [_thread_blocked, id=10800, stack(0x0000004220b00000,0x0000004220c00000)]
  0x000001cc32026b40 JavaThread "Unconstrained build operations Thread 48" [_thread_blocked, id=11232, stack(0x0000004220c00000,0x0000004220d00000)]
  0x000001cc32027a70 JavaThread "Unconstrained build operations Thread 49" [_thread_blocked, id=25276, stack(0x0000004220d00000,0x0000004220e00000)]
  0x000001cc32027560 JavaThread "Unconstrained build operations Thread 50" [_thread_blocked, id=29924, stack(0x0000004220e00000,0x0000004220f00000)]
  0x000001cc32025700 JavaThread "Unconstrained build operations Thread 51" [_thread_blocked, id=15400, stack(0x0000004221000000,0x0000004221100000)]
  0x000001cc32027050 JavaThread "Unconstrained build operations Thread 52" [_thread_blocked, id=33240, stack(0x0000004221100000,0x0000004221200000)]
  0x000001cc2a6e5080 JavaThread "Unconstrained build operations Thread 53" [_thread_blocked, id=12404, stack(0x0000004221200000,0x0000004221300000)]
  0x000001cc2a6e5590 JavaThread "Unconstrained build operations Thread 54" [_thread_blocked, id=27660, stack(0x0000004221300000,0x0000004221400000)]
  0x000001cc2a6e69d0 JavaThread "Unconstrained build operations Thread 55" [_thread_blocked, id=19404, stack(0x0000004221400000,0x0000004221500000)]
  0x000001cc2a6e3220 JavaThread "Unconstrained build operations Thread 56" [_thread_blocked, id=28380, stack(0x0000004221500000,0x0000004221600000)]
  0x000001cc2a6e6ee0 JavaThread "Unconstrained build operations Thread 57" [_thread_blocked, id=33768, stack(0x0000004221600000,0x0000004221700000)]
  0x000001cc2a6e4150 JavaThread "Unconstrained build operations Thread 58" [_thread_blocked, id=30648, stack(0x0000004221700000,0x0000004221800000)]
  0x000001cc27d7d770 JavaThread "Unconstrained build operations Thread 59" [_thread_blocked, id=14476, stack(0x0000004221800000,0x0000004221900000)]
  0x000001cc27d7dc80 JavaThread "Unconstrained build operations Thread 60" [_thread_blocked, id=20088, stack(0x0000004221900000,0x0000004221a00000)]
  0x000001cc27d7f5d0 JavaThread "Unconstrained build operations Thread 61" [_thread_blocked, id=9560, stack(0x0000004221a00000,0x0000004221b00000)]
  0x000001cc27d7e190 JavaThread "Unconstrained build operations Thread 62" [_thread_blocked, id=25024, stack(0x0000004221b00000,0x0000004221c00000)]
  0x000001cc27d7ebb0 JavaThread "Unconstrained build operations Thread 63" [_thread_blocked, id=25124, stack(0x0000004221c00000,0x0000004221d00000)]
  0x000001cc27f112d0 JavaThread "build event listener" [_thread_blocked, id=4384, stack(0x0000004221d00000,0x0000004221e00000)]
  0x000001cc27f117e0 JavaThread "Unconstrained build operations Thread 64" [_thread_blocked, id=8460, stack(0x0000004221e00000,0x0000004221f00000)]
  0x000001cc27f0e540 JavaThread "Unconstrained build operations Thread 65" [_thread_blocked, id=26784, stack(0x0000004221f00000,0x0000004222000000)]
  0x000001cc27f0f980 JavaThread "Unconstrained build operations Thread 66" [_thread_blocked, id=13208, stack(0x0000004222000000,0x0000004222100000)]
  0x000001cc321fd6a0 JavaThread "Unconstrained build operations Thread 67" [_thread_blocked, id=31336, stack(0x0000004222100000,0x0000004222200000)]
  0x000001cc321fd190 JavaThread "Unconstrained build operations Thread 68" [_thread_blocked, id=11320, stack(0x0000004222200000,0x0000004222300000)]
  0x000001cc321fc770 JavaThread "Unconstrained build operations Thread 69" [_thread_blocked, id=5884, stack(0x0000004222300000,0x0000004222400000)]
  0x000001cc321fdbb0 JavaThread "Unconstrained build operations Thread 70" [_thread_blocked, id=13564, stack(0x0000004222400000,0x0000004222500000)]
  0x000001cc321fc260 JavaThread "Unconstrained build operations Thread 71" [_thread_blocked, id=32588, stack(0x0000004222700000,0x0000004222800000)]
  0x000001cc321fe0c0 JavaThread "Unconstrained build operations Thread 72" [_thread_blocked, id=6008, stack(0x0000004222800000,0x0000004222900000)]
  0x000001cc321fe5d0 JavaThread "Unconstrained build operations Thread 73" [_thread_blocked, id=31092, stack(0x0000004222900000,0x0000004222a00000)]
  0x000001cc321feae0 JavaThread "Unconstrained build operations Thread 74" [_thread_blocked, id=31432, stack(0x0000004222a00000,0x0000004222b00000)]
  0x000001cc321feff0 JavaThread "Unconstrained build operations Thread 75" [_thread_blocked, id=23676, stack(0x0000004222b00000,0x0000004222c00000)]
  0x000001cc321ff500 JavaThread "Unconstrained build operations Thread 76" [_thread_blocked, id=29836, stack(0x0000004222c00000,0x0000004222d00000)]
  0x000001cc321fbd50 JavaThread "Unconstrained build operations Thread 77" [_thread_blocked, id=7660, stack(0x0000004222d00000,0x0000004222e00000)]
  0x000001cc321ffa10 JavaThread "Unconstrained build operations Thread 78" [_thread_blocked, id=31272, stack(0x0000004222e00000,0x0000004222f00000)]
  0x000001cc321fff20 JavaThread "Unconstrained build operations Thread 79" [_thread_blocked, id=34504, stack(0x0000004223100000,0x0000004223200000)]
  0x000001cc32200430 JavaThread "Unconstrained build operations Thread 80" [_thread_blocked, id=28904, stack(0x0000004223400000,0x0000004223500000)]
  0x000001cc322031c0 JavaThread "pool-4-thread-1" [_thread_blocked, id=31352, stack(0x000000421bd00000,0x000000421be00000)]
  0x000001cc32200940 JavaThread "build event listener" [_thread_blocked, id=28748, stack(0x0000004223500000,0x0000004223600000)]
  0x000001cc32200e50 JavaThread "Cache worker for execution history cache (C:\NexgenLMS\NexGenMobile\android\.gradle\8.10.2\executionHistory)" [_thread_blocked, id=10496, stack(0x0000004223800000,0x0000004223900000)]
  0x000001cc32201d80 JavaThread "WorkerExecutor Queue" [_thread_blocked, id=17376, stack(0x0000004223900000,0x0000004223a00000)]
  0x000001cc2a0369b0 JavaThread "WorkerExecutor Queue Thread 4" [_thread_blocked, id=24792, stack(0x0000004223b00000,0x0000004223c00000)]
  0x000001cc2a5eff90 JavaThread "WorkerExecutor Queue Thread 5" [_thread_in_native, id=21472, stack(0x0000004223c00000,0x0000004223d00000)]
  0x000001cc34619810 JavaThread "WorkerExecutor Queue Thread 9" [_thread_in_native, id=22796, stack(0x0000004224e00000,0x0000004224f00000)]
  0x000001cc34620260 JavaThread "Cache worker for Java compile cache (C:\Users\Abutalib\.gradle\caches\8.10.2\javaCompile)" [_thread_blocked, id=32112, stack(0x0000004224f00000,0x0000004225000000)]
  0x000001cc3461def0 JavaThread "Build operations" [_thread_blocked, id=33764, stack(0x0000004224d00000,0x0000004224e00000)]
  0x000001cc3461d9e0 JavaThread "Build operations Thread 2" [_thread_blocked, id=1952, stack(0x0000004225000000,0x0000004225100000)]
  0x000001cc3461e910 JavaThread "Build operations Thread 3" [_thread_blocked, id=6004, stack(0x0000004225100000,0x0000004225200000)]
  0x000001cc34622ae0 JavaThread "Build operations Thread 4" [_thread_blocked, id=27544, stack(0x0000004225200000,0x0000004225300000)]
  0x000001cc34623a10 JavaThread "Build operations Thread 5" [_thread_blocked, id=15644, stack(0x0000004225300000,0x0000004225400000)]
  0x000001cc34624430 JavaThread "Build operations Thread 6" [_thread_blocked, id=20128, stack(0x0000004225400000,0x0000004225500000)]
  0x000001cc34622ff0 JavaThread "Build operations Thread 7" [_thread_blocked, id=12020, stack(0x0000004225500000,0x0000004225600000)]
  0x000001cc34625360 JavaThread "Build operations Thread 8" [_thread_blocked, id=27932, stack(0x0000004224c00000,0x0000004224d00000)]
  0x000001cc46aab0a0 JavaThread "Exec process Thread 4" [_thread_in_native, id=21572, stack(0x000000421bb00000,0x000000421bc00000)]
  0x000001cc46a093a0 JavaThread "WorkerExecutor Queue Thread 12" [_thread_blocked, id=17416, stack(0x000000421e800000,0x000000421e900000)]
  0x000001cc3435c630 JavaThread "WorkerExecutor Queue Thread 13" [_thread_blocked, id=28804, stack(0x000000421e700000,0x000000421e800000)]
  0x000001cc4c071d00 JavaThread "pool-11-thread-1" [_thread_in_Java, id=15384, stack(0x0000004223f00000,0x0000004224000000)]
  0x000001cc3b8f1060 JavaThread "WorkerExecutor Queue Thread 14" [_thread_blocked, id=13468, stack(0x0000004225700000,0x0000004225800000)]
  0x000001cc3631d360 JavaThread "Exec process Thread 7" [_thread_in_native, id=7028, stack(0x000000421eb00000,0x000000421ec00000)]
  0x000001cc3435b700 JavaThread "Exec process Thread 9" [_thread_in_native, id=28372, stack(0x0000004225a00000,0x0000004225b00000)]
  0x000001cc3631fbe0 JavaThread "WorkerExecutor Queue Thread 15" [_thread_in_vm, id=31008, stack(0x000000421e600000,0x000000421e700000)]
  0x000001cc4068a610 JavaThread "C2 CompilerThread1" daemon [_thread_in_native, id=11632, stack(0x000000421e900000,0x000000421ea00000)]
=>0x000001cc46f4abe0 JavaThread "C2 CompilerThread2" daemon [_thread_in_native, id=16340, stack(0x000000421ea00000,0x000000421eb00000)]

Other Threads:
  0x000001cbe09691f0 VMThread "VM Thread" [stack: 0x0000004219a00000,0x0000004219b00000] [id=31928]
  0x000001cbbdd06ec0 WatcherThread [stack: 0x000000421a600000,0x000000421a700000] [id=14640]
  0x000001cbbdd768b0 GCTaskThread "GC Thread#0" [stack: 0x0000004219500000,0x0000004219600000] [id=14392]
  0x000001cc26507aa0 GCTaskThread "GC Thread#1" [stack: 0x000000421a900000,0x000000421aa00000] [id=14056]
  0x000001cc2698c280 GCTaskThread "GC Thread#2" [stack: 0x000000421aa00000,0x000000421ab00000] [id=4288]
  0x000001cc26f39ee0 GCTaskThread "GC Thread#3" [stack: 0x000000421ab00000,0x000000421ac00000] [id=30492]
  0x000001cc26f3a1a0 GCTaskThread "GC Thread#4" [stack: 0x000000421ac00000,0x000000421ad00000] [id=3744]
  0x000001cc28aac090 GCTaskThread "GC Thread#5" [stack: 0x000000421b800000,0x000000421b900000] [id=9924]
  0x000001cc28aac350 GCTaskThread "GC Thread#6" [stack: 0x000000421b900000,0x000000421ba00000] [id=17644]
  0x000001cc28aac610 GCTaskThread "GC Thread#7" [stack: 0x000000421ba00000,0x000000421bb00000] [id=10552]
  0x000001cbbdd87800 ConcurrentGCThread "G1 Main Marker" [stack: 0x0000004219600000,0x0000004219700000] [id=18484]
  0x000001cbbdd88ef0 ConcurrentGCThread "G1 Conc#0" [stack: 0x0000004219700000,0x0000004219800000] [id=23408]
  0x000001cc290cd310 ConcurrentGCThread "G1 Conc#1" [stack: 0x000000421bf00000,0x000000421c000000] [id=32456]
  0x000001cbbddbec40 ConcurrentGCThread "G1 Refine#0" [stack: 0x0000004219800000,0x0000004219900000] [id=25248]
  0x000001cc2ad22860 ConcurrentGCThread "G1 Refine#1" [stack: 0x000000421ca00000,0x000000421cb00000] [id=5708]
  0x000001cc2b2d7440 ConcurrentGCThread "G1 Refine#2" [stack: 0x000000421b200000,0x000000421b300000] [id=29144]
  0x000001cc2b2d5100 ConcurrentGCThread "G1 Refine#3" [stack: 0x000000421e500000,0x000000421e600000] [id=1340]
  0x000001cc479c6460 ConcurrentGCThread "G1 Refine#4" [stack: 0x000000421ed00000,0x000000421ee00000] [id=15800]
  0x000001cc32d9cdc0 ConcurrentGCThread "G1 Refine#5" [stack: 0x000000421ec00000,0x000000421ed00000] [id=23200]
  0x000001cc289e5db0 ConcurrentGCThread "G1 Refine#6" [stack: 0x000000421ee00000,0x000000421ef00000] [id=13364]
  0x000001cc3b238710 ConcurrentGCThread "G1 Refine#7" [stack: 0x0000004223e00000,0x0000004223f00000] [id=16788]
  0x000001cbe08255c0 ConcurrentGCThread "G1 Service" [stack: 0x0000004219900000,0x0000004219a00000] [id=22276]

Threads with active compile tasks:
C2 CompilerThread0   552585 106628       4       java.lang.Module::canRead (86 bytes)
C1 CompilerThread0   552585 106667       3       com.intellij.lang.java.parser.BasicReferenceParser::parseTypeInfo (606 bytes)
C2 CompilerThread1   552585 106658       4       com.intellij.lang.impl.PsiBuilderImpl::precede (77 bytes)
C2 CompilerThread2   552585 106298       4       com.intellij.psi.stubs.MaterialStubList$1::visitStub (110 bytes)

VM state: not at safepoint (normal execution)

VM Mutex/Monitor currently owned by a thread: None

Heap address: 0x0000000700000000, size: 4096 MB, Compressed Oops mode: Zero based, Oop shift amount: 3

CDS archive(s) mapped at: [0x000001cbe1000000-0x000001cbe1bb0000-0x000001cbe1bb0000), size 12255232, SharedBaseAddress: 0x000001cbe1000000, ArchiveRelocationMode: 1.
Compressed class space mapped at: 0x000001cbe2000000-0x000001cc22000000, reserved size: 1073741824
Narrow klass base: 0x000001cbe1000000, Narrow klass shift: 0, Narrow klass range: 0x100000000

GC Precious Log:
 CPUs: 8 total, 8 available
 Memory: 7502M
 Large Page Support: Disabled
 NUMA Support: Disabled
 Compressed Oops: Enabled (Zero based)
 Heap Region Size: 2M
 Heap Min Capacity: 8M
 Heap Initial Capacity: 118M
 Heap Max Capacity: 4G
 Pre-touch: Disabled
 Parallel Workers: 8
 Concurrent Workers: 2
 Concurrent Refinement Workers: 8
 Periodic GC: Disabled

Heap:
 garbage-first heap   total 1701888K, used 696320K [0x0000000700000000, 0x0000000800000000)
  region size 2048K, 39 young (79872K), 16 survivors (32768K)
 Metaspace       used 428303K, committed 449088K, reserved 1572864K
  class space    used 52065K, committed 56448K, reserved 1048576K

Heap Regions: E=young(eden), S=young(survivor), O=old, HS=humongous(starts), HC=humongous(continues), CS=collection set, F=free, OA=open archive, CA=closed archive, TAMS=top-at-mark-start (previous, next)
|   0|0x0000000700000000, 0x0000000700200000, 0x0000000700200000|100%|HS|  |TAMS 0x0000000700200000, 0x0000000700000000| Complete 
|   1|0x0000000700200000, 0x0000000700400000, 0x0000000700400000|100%|HC|  |TAMS 0x0000000700400000, 0x0000000700200000| Complete 
|   2|0x0000000700400000, 0x0000000700600000, 0x0000000700600000|100%| O|  |TAMS 0x0000000700600000, 0x0000000700400000| Untracked 
|   3|0x0000000700600000, 0x0000000700800000, 0x0000000700800000|100%| O|  |TAMS 0x0000000700800000, 0x0000000700600000| Untracked 
|   4|0x0000000700800000, 0x0000000700a00000, 0x0000000700a00000|100%| O|  |TAMS 0x0000000700a00000, 0x0000000700800000| Untracked 
|   5|0x0000000700a00000, 0x0000000700c00000, 0x0000000700c00000|100%| O|  |TAMS 0x0000000700c00000, 0x0000000700a00000| Untracked 
|   6|0x0000000700c00000, 0x0000000700e00000, 0x0000000700e00000|100%| O|  |TAMS 0x0000000700e00000, 0x0000000700c00000| Untracked 
|   7|0x0000000700e00000, 0x0000000701000000, 0x0000000701000000|100%| O|  |TAMS 0x0000000701000000, 0x0000000700e00000| Untracked 
|   8|0x0000000701000000, 0x0000000701200000, 0x0000000701200000|100%| O|  |TAMS 0x0000000701200000, 0x0000000701000000| Untracked 
|   9|0x0000000701200000, 0x0000000701400000, 0x0000000701400000|100%| O|  |TAMS 0x0000000701400000, 0x0000000701200000| Untracked 
|  10|0x0000000701400000, 0x0000000701600000, 0x0000000701600000|100%| O|  |TAMS 0x0000000701600000, 0x0000000701400000| Untracked 
|  11|0x0000000701600000, 0x0000000701800000, 0x0000000701800000|100%| O|  |TAMS 0x0000000701800000, 0x0000000701600000| Untracked 
|  12|0x0000000701800000, 0x0000000701a00000, 0x0000000701a00000|100%| O|  |TAMS 0x0000000701a00000, 0x0000000701800000| Untracked 
|  13|0x0000000701a00000, 0x0000000701c00000, 0x0000000701c00000|100%| O|  |TAMS 0x0000000701c00000, 0x0000000701a00000| Untracked 
|  14|0x0000000701c00000, 0x0000000701e00000, 0x0000000701e00000|100%| O|  |TAMS 0x0000000701e00000, 0x0000000701c00000| Untracked 
|  15|0x0000000701e00000, 0x0000000702000000, 0x0000000702000000|100%| O|  |TAMS 0x0000000702000000, 0x0000000701e00000| Untracked 
|  16|0x0000000702000000, 0x0000000702200000, 0x0000000702200000|100%| O|  |TAMS 0x0000000702200000, 0x0000000702000000| Untracked 
|  17|0x0000000702200000, 0x0000000702400000, 0x0000000702400000|100%| O|  |TAMS 0x0000000702400000, 0x0000000702200000| Untracked 
|  18|0x0000000702400000, 0x0000000702600000, 0x0000000702600000|100%|HS|  |TAMS 0x0000000702600000, 0x0000000702400000| Complete 
|  19|0x0000000702600000, 0x0000000702800000, 0x0000000702800000|100%|HS|  |TAMS 0x0000000702800000, 0x0000000702600000| Complete 
|  20|0x0000000702800000, 0x0000000702a00000, 0x0000000702a00000|100%| O|  |TAMS 0x0000000702a00000, 0x0000000702800000| Untracked 
|  21|0x0000000702a00000, 0x0000000702c00000, 0x0000000702c00000|100%| O|  |TAMS 0x0000000702c00000, 0x0000000702a00000| Untracked 
|  22|0x0000000702c00000, 0x0000000702e00000, 0x0000000702e00000|100%| O|  |TAMS 0x0000000702e00000, 0x0000000702c00000| Untracked 
|  23|0x0000000702e00000, 0x0000000703000000, 0x0000000703000000|100%| O|  |TAMS 0x0000000703000000, 0x0000000702e00000| Untracked 
|  24|0x0000000703000000, 0x0000000703200000, 0x0000000703200000|100%|HS|  |TAMS 0x0000000703200000, 0x0000000703000000| Complete 
|  25|0x0000000703200000, 0x0000000703400000, 0x0000000703400000|100%|HC|  |TAMS 0x0000000703400000, 0x0000000703200000| Complete 
|  26|0x0000000703400000, 0x0000000703600000, 0x0000000703600000|100%| O|  |TAMS 0x0000000703600000, 0x0000000703400000| Untracked 
|  27|0x0000000703600000, 0x0000000703800000, 0x0000000703800000|100%| O|  |TAMS 0x0000000703600000, 0x0000000703600000| Untracked 
|  28|0x0000000703800000, 0x0000000703a00000, 0x0000000703a00000|100%|HS|  |TAMS 0x0000000703a00000, 0x0000000703800000| Complete 
|  29|0x0000000703a00000, 0x0000000703c00000, 0x0000000703c00000|100%|HC|  |TAMS 0x0000000703c00000, 0x0000000703a00000| Complete 
|  30|0x0000000703c00000, 0x0000000703e00000, 0x0000000703e00000|100%| O|  |TAMS 0x0000000703e00000, 0x0000000703c00000| Untracked 
|  31|0x0000000703e00000, 0x0000000704000000, 0x0000000704000000|100%| O|  |TAMS 0x0000000704000000, 0x0000000703e00000| Untracked 
|  32|0x0000000704000000, 0x0000000704200000, 0x0000000704200000|100%| O|  |TAMS 0x0000000704200000, 0x0000000704000000| Untracked 
|  33|0x0000000704200000, 0x0000000704400000, 0x0000000704400000|100%| O|  |TAMS 0x0000000704400000, 0x0000000704200000| Untracked 
|  34|0x0000000704400000, 0x0000000704600000, 0x0000000704600000|100%| O|  |TAMS 0x0000000704600000, 0x0000000704400000| Untracked 
|  35|0x0000000704600000, 0x0000000704800000, 0x0000000704800000|100%| O|  |TAMS 0x0000000704800000, 0x0000000704600000| Untracked 
|  36|0x0000000704800000, 0x0000000704a00000, 0x0000000704a00000|100%| O|  |TAMS 0x0000000704a00000, 0x0000000704800000| Untracked 
|  37|0x0000000704a00000, 0x0000000704c00000, 0x0000000704c00000|100%| O|  |TAMS 0x0000000704c00000, 0x0000000704a00000| Untracked 
|  38|0x0000000704c00000, 0x0000000704e00000, 0x0000000704e00000|100%| O|  |TAMS 0x0000000704e00000, 0x0000000704c00000| Untracked 
|  39|0x0000000704e00000, 0x0000000705000000, 0x0000000705000000|100%| O|  |TAMS 0x0000000705000000, 0x0000000704e00000| Untracked 
|  40|0x0000000705000000, 0x0000000705200000, 0x0000000705200000|100%| O|  |TAMS 0x0000000705200000, 0x0000000705000000| Untracked 
|  41|0x0000000705200000, 0x0000000705400000, 0x0000000705400000|100%| O|  |TAMS 0x0000000705400000, 0x0000000705200000| Untracked 
|  42|0x0000000705400000, 0x0000000705600000, 0x0000000705600000|100%|HS|  |TAMS 0x0000000705600000, 0x0000000705400000| Complete 
|  43|0x0000000705600000, 0x0000000705800000, 0x0000000705800000|100%| O|  |TAMS 0x0000000705800000, 0x0000000705600000| Untracked 
|  44|0x0000000705800000, 0x0000000705a00000, 0x0000000705a00000|100%| O|  |TAMS 0x0000000705a00000, 0x0000000705800000| Untracked 
|  45|0x0000000705a00000, 0x0000000705c00000, 0x0000000705c00000|100%| O|  |TAMS 0x0000000705c00000, 0x0000000705a00000| Untracked 
|  46|0x0000000705c00000, 0x0000000705e00000, 0x0000000705e00000|100%| O|  |TAMS 0x0000000705e00000, 0x0000000705c00000| Untracked 
|  47|0x0000000705e00000, 0x0000000706000000, 0x0000000706000000|100%| O|  |TAMS 0x0000000706000000, 0x0000000705e00000| Untracked 
|  48|0x0000000706000000, 0x0000000706200000, 0x0000000706200000|100%| O|  |TAMS 0x0000000706000000, 0x0000000706000000| Untracked 
|  49|0x0000000706200000, 0x0000000706400000, 0x0000000706400000|100%| O|  |TAMS 0x0000000706400000, 0x0000000706200000| Untracked 
|  50|0x0000000706400000, 0x0000000706600000, 0x0000000706600000|100%| O|  |TAMS 0x0000000706600000, 0x0000000706400000| Untracked 
|  51|0x0000000706600000, 0x0000000706800000, 0x0000000706800000|100%| O|  |TAMS 0x0000000706800000, 0x0000000706600000| Untracked 
|  52|0x0000000706800000, 0x0000000706a00000, 0x0000000706a00000|100%| O|  |TAMS 0x0000000706800000, 0x0000000706800000| Untracked 
|  53|0x0000000706a00000, 0x0000000706c00000, 0x0000000706c00000|100%| O|  |TAMS 0x0000000706c00000, 0x0000000706a00000| Untracked 
|  54|0x0000000706c00000, 0x0000000706e00000, 0x0000000706e00000|100%|HS|  |TAMS 0x0000000706c00000, 0x0000000706c00000| Complete 
|  55|0x0000000706e00000, 0x0000000707000000, 0x0000000707000000|100%| O|  |TAMS 0x0000000707000000, 0x0000000706e00000| Untracked 
|  56|0x0000000707000000, 0x0000000707200000, 0x0000000707200000|100%| O|  |TAMS 0x0000000707200000, 0x0000000707000000| Untracked 
|  57|0x0000000707200000, 0x0000000707400000, 0x0000000707400000|100%| O|  |TAMS 0x0000000707400000, 0x0000000707200000| Untracked 
|  58|0x0000000707400000, 0x0000000707600000, 0x0000000707600000|100%| O|  |TAMS 0x0000000707600000, 0x0000000707400000| Untracked 
|  59|0x0000000707600000, 0x0000000707800000, 0x0000000707800000|100%|HS|  |TAMS 0x0000000707800000, 0x0000000707600000| Complete 
|  60|0x0000000707800000, 0x0000000707a00000, 0x0000000707a00000|100%| O|  |TAMS 0x0000000707a00000, 0x0000000707800000| Untracked 
|  61|0x0000000707a00000, 0x0000000707c00000, 0x0000000707c00000|100%| O|  |TAMS 0x0000000707c00000, 0x0000000707a00000| Untracked 
|  62|0x0000000707c00000, 0x0000000707e00000, 0x0000000707e00000|100%| O|  |TAMS 0x0000000707c00000, 0x0000000707c00000| Untracked 
|  63|0x0000000707e00000, 0x0000000708000000, 0x0000000708000000|100%| O|  |TAMS 0x0000000707e00000, 0x0000000707e00000| Untracked 
|  64|0x0000000708000000, 0x0000000708200000, 0x0000000708200000|100%| O|  |TAMS 0x0000000708200000, 0x0000000708000000| Untracked 
|  65|0x0000000708200000, 0x0000000708400000, 0x0000000708400000|100%| O|  |TAMS 0x0000000708400000, 0x0000000708200000| Untracked 
|  66|0x0000000708400000, 0x0000000708600000, 0x0000000708600000|100%| O|  |TAMS 0x0000000708600000, 0x0000000708400000| Untracked 
|  67|0x0000000708600000, 0x0000000708800000, 0x0000000708800000|100%| O|  |TAMS 0x0000000708600000, 0x0000000708600000| Untracked 
|  68|0x0000000708800000, 0x0000000708a00000, 0x0000000708a00000|100%| O|  |TAMS 0x0000000708800000, 0x0000000708800000| Untracked 
|  69|0x0000000708a00000, 0x0000000708c00000, 0x0000000708c00000|100%| O|  |TAMS 0x0000000708c00000, 0x0000000708a00000| Untracked 
|  70|0x0000000708c00000, 0x0000000708e00000, 0x0000000708e00000|100%| O|  |TAMS 0x0000000708c00000, 0x0000000708c00000| Untracked 
|  71|0x0000000708e00000, 0x0000000709000000, 0x0000000709000000|100%| O|  |TAMS 0x0000000708e00000, 0x0000000708e00000| Untracked 
|  72|0x0000000709000000, 0x0000000709200000, 0x0000000709200000|100%| O|  |TAMS 0x0000000709000000, 0x0000000709000000| Untracked 
|  73|0x0000000709200000, 0x0000000709400000, 0x0000000709400000|100%| O|  |TAMS 0x0000000709400000, 0x0000000709200000| Untracked 
|  74|0x0000000709400000, 0x0000000709600000, 0x0000000709600000|100%| O|  |TAMS 0x0000000709400000, 0x0000000709400000| Untracked 
|  75|0x0000000709600000, 0x0000000709800000, 0x0000000709800000|100%| O|  |TAMS 0x0000000709800000, 0x0000000709600000| Untracked 
|  76|0x0000000709800000, 0x0000000709a00000, 0x0000000709a00000|100%| O|  |TAMS 0x0000000709a00000, 0x0000000709800000| Untracked 
|  77|0x0000000709a00000, 0x0000000709c00000, 0x0000000709c00000|100%| O|  |TAMS 0x0000000709c00000, 0x0000000709a00000| Untracked 
|  78|0x0000000709c00000, 0x0000000709e00000, 0x0000000709e00000|100%| O|  |TAMS 0x0000000709c00000, 0x0000000709c00000| Untracked 
|  79|0x0000000709e00000, 0x000000070a000000, 0x000000070a000000|100%| O|  |TAMS 0x0000000709e00000, 0x0000000709e00000| Untracked 
|  80|0x000000070a000000, 0x000000070a200000, 0x000000070a200000|100%| O|  |TAMS 0x000000070a000000, 0x000000070a000000| Untracked 
|  81|0x000000070a200000, 0x000000070a400000, 0x000000070a400000|100%| O|  |TAMS 0x000000070a400000, 0x000000070a200000| Untracked 
|  82|0x000000070a400000, 0x000000070a600000, 0x000000070a600000|100%| O|  |TAMS 0x000000070a400000, 0x000000070a400000| Untracked 
|  83|0x000000070a600000, 0x000000070a800000, 0x000000070a800000|100%| O|  |TAMS 0x000000070a800000, 0x000000070a600000| Untracked 
|  84|0x000000070a800000, 0x000000070aa00000, 0x000000070aa00000|100%| O|  |TAMS 0x000000070aa00000, 0x000000070a800000| Untracked 
|  85|0x000000070aa00000, 0x000000070ac00000, 0x000000070ac00000|100%| O|  |TAMS 0x000000070aa00000, 0x000000070aa00000| Untracked 
|  86|0x000000070ac00000, 0x000000070ae00000, 0x000000070ae00000|100%|HS|  |TAMS 0x000000070ac00000, 0x000000070ac00000| Complete 
|  87|0x000000070ae00000, 0x000000070b000000, 0x000000070b000000|100%|HC|  |TAMS 0x000000070ae00000, 0x000000070ae00000| Complete 
|  88|0x000000070b000000, 0x000000070b200000, 0x000000070b200000|100%| O|  |TAMS 0x000000070b000000, 0x000000070b000000| Untracked 
|  89|0x000000070b200000, 0x000000070b400000, 0x000000070b400000|100%| O|  |TAMS 0x000000070b400000, 0x000000070b200000| Untracked 
|  90|0x000000070b400000, 0x000000070b600000, 0x000000070b600000|100%| O|  |TAMS 0x000000070b600000, 0x000000070b400000| Untracked 
|  91|0x000000070b600000, 0x000000070b800000, 0x000000070b800000|100%| O|  |TAMS 0x000000070b800000, 0x000000070b600000| Untracked 
|  92|0x000000070b800000, 0x000000070ba00000, 0x000000070ba00000|100%| O|  |TAMS 0x000000070b800000, 0x000000070b800000| Untracked 
|  93|0x000000070ba00000, 0x000000070bc00000, 0x000000070bc00000|100%| O|  |TAMS 0x000000070bc00000, 0x000000070ba00000| Untracked 
|  94|0x000000070bc00000, 0x000000070be00000, 0x000000070be00000|100%| O|  |TAMS 0x000000070be00000, 0x000000070bc00000| Untracked 
|  95|0x000000070be00000, 0x000000070c000000, 0x000000070c000000|100%| O|  |TAMS 0x000000070c000000, 0x000000070be00000| Untracked 
|  96|0x000000070c000000, 0x000000070c200000, 0x000000070c200000|100%| O|  |TAMS 0x000000070c000000, 0x000000070c000000| Untracked 
|  97|0x000000070c200000, 0x000000070c400000, 0x000000070c400000|100%| O|  |TAMS 0x000000070c400000, 0x000000070c200000| Untracked 
|  98|0x000000070c400000, 0x000000070c600000, 0x000000070c600000|100%| O|  |TAMS 0x000000070c400000, 0x000000070c400000| Untracked 
|  99|0x000000070c600000, 0x000000070c800000, 0x000000070c800000|100%| O|  |TAMS 0x000000070c800000, 0x000000070c600000| Untracked 
| 100|0x000000070c800000, 0x000000070ca00000, 0x000000070ca00000|100%| O|  |TAMS 0x000000070ca00000, 0x000000070c800000| Untracked 
| 101|0x000000070ca00000, 0x000000070cc00000, 0x000000070cc00000|100%| O|  |TAMS 0x000000070cc00000, 0x000000070ca00000| Untracked 
| 102|0x000000070cc00000, 0x000000070ce00000, 0x000000070ce00000|100%| O|  |TAMS 0x000000070ce00000, 0x000000070cc00000| Untracked 
| 103|0x000000070ce00000, 0x000000070d000000, 0x000000070d000000|100%| O|  |TAMS 0x000000070d000000, 0x000000070ce00000| Untracked 
| 104|0x000000070d000000, 0x000000070d200000, 0x000000070d200000|100%| O|  |TAMS 0x000000070d200000, 0x000000070d000000| Untracked 
| 105|0x000000070d200000, 0x000000070d400000, 0x000000070d400000|100%| O|  |TAMS 0x000000070d400000, 0x000000070d200000| Untracked 
| 106|0x000000070d400000, 0x000000070d600000, 0x000000070d600000|100%| O|  |TAMS 0x000000070d600000, 0x000000070d400000| Untracked 
| 107|0x000000070d600000, 0x000000070d800000, 0x000000070d800000|100%| O|  |TAMS 0x000000070d800000, 0x000000070d600000| Untracked 
| 108|0x000000070d800000, 0x000000070da00000, 0x000000070da00000|100%| O|  |TAMS 0x000000070da00000, 0x000000070d800000| Untracked 
| 109|0x000000070da00000, 0x000000070dc00000, 0x000000070dc00000|100%| O|  |TAMS 0x000000070dc00000, 0x000000070da00000| Untracked 
| 110|0x000000070dc00000, 0x000000070de00000, 0x000000070de00000|100%| O|  |TAMS 0x000000070de00000, 0x000000070dc00000| Untracked 
| 111|0x000000070de00000, 0x000000070e000000, 0x000000070e000000|100%| O|  |TAMS 0x000000070e000000, 0x000000070de00000| Untracked 
| 112|0x000000070e000000, 0x000000070e200000, 0x000000070e200000|100%| O|  |TAMS 0x000000070e200000, 0x000000070e000000| Untracked 
| 113|0x000000070e200000, 0x000000070e400000, 0x000000070e400000|100%| O|  |TAMS 0x000000070e400000, 0x000000070e200000| Untracked 
| 114|0x000000070e400000, 0x000000070e600000, 0x000000070e600000|100%| O|  |TAMS 0x000000070e400000, 0x000000070e400000| Untracked 
| 115|0x000000070e600000, 0x000000070e800000, 0x000000070e800000|100%| O|  |TAMS 0x000000070e800000, 0x000000070e600000| Untracked 
| 116|0x000000070e800000, 0x000000070ea00000, 0x000000070ea00000|100%| O|  |TAMS 0x000000070ea00000, 0x000000070e800000| Untracked 
| 117|0x000000070ea00000, 0x000000070ec00000, 0x000000070ec00000|100%| O|  |TAMS 0x000000070ec00000, 0x000000070ea00000| Untracked 
| 118|0x000000070ec00000, 0x000000070ee00000, 0x000000070ee00000|100%| O|  |TAMS 0x000000070ee00000, 0x000000070ec00000| Untracked 
| 119|0x000000070ee00000, 0x000000070f000000, 0x000000070f000000|100%| O|  |TAMS 0x000000070f000000, 0x000000070ee00000| Untracked 
| 120|0x000000070f000000, 0x000000070f200000, 0x000000070f200000|100%| O|  |TAMS 0x000000070f000000, 0x000000070f000000| Untracked 
| 121|0x000000070f200000, 0x000000070f400000, 0x000000070f400000|100%| O|  |TAMS 0x000000070f400000, 0x000000070f200000| Untracked 
| 122|0x000000070f400000, 0x000000070f600000, 0x000000070f600000|100%| O|  |TAMS 0x000000070f600000, 0x000000070f400000| Untracked 
| 123|0x000000070f600000, 0x000000070f800000, 0x000000070f800000|100%| O|  |TAMS 0x000000070f800000, 0x000000070f600000| Untracked 
| 124|0x000000070f800000, 0x000000070fa00000, 0x000000070fa00000|100%| O|  |TAMS 0x000000070fa00000, 0x000000070f800000| Untracked 
| 125|0x000000070fa00000, 0x000000070fc00000, 0x000000070fc00000|100%| O|  |TAMS 0x000000070fc00000, 0x000000070fa00000| Untracked 
| 126|0x000000070fc00000, 0x000000070fe00000, 0x000000070fe00000|100%| O|  |TAMS 0x000000070fe00000, 0x000000070fc00000| Untracked 
| 127|0x000000070fe00000, 0x0000000710000000, 0x0000000710000000|100%| O|  |TAMS 0x0000000710000000, 0x000000070fe00000| Untracked 
| 128|0x0000000710000000, 0x0000000710200000, 0x0000000710200000|100%| O|  |TAMS 0x0000000710000000, 0x0000000710000000| Untracked 
| 129|0x0000000710200000, 0x0000000710400000, 0x0000000710400000|100%| O|  |TAMS 0x0000000710400000, 0x0000000710200000| Untracked 
| 130|0x0000000710400000, 0x0000000710600000, 0x0000000710600000|100%| O|  |TAMS 0x0000000710600000, 0x0000000710400000| Untracked 
| 131|0x0000000710600000, 0x0000000710800000, 0x0000000710800000|100%| O|  |TAMS 0x0000000710800000, 0x0000000710600000| Untracked 
| 132|0x0000000710800000, 0x0000000710a00000, 0x0000000710a00000|100%| O|  |TAMS 0x0000000710a00000, 0x0000000710800000| Untracked 
| 133|0x0000000710a00000, 0x0000000710c00000, 0x0000000710c00000|100%| O|  |TAMS 0x0000000710c00000, 0x0000000710a00000| Untracked 
| 134|0x0000000710c00000, 0x0000000710e00000, 0x0000000710e00000|100%| O|  |TAMS 0x0000000710e00000, 0x0000000710c00000| Untracked 
| 135|0x0000000710e00000, 0x0000000711000000, 0x0000000711000000|100%| O|  |TAMS 0x0000000711000000, 0x0000000710e00000| Untracked 
| 136|0x0000000711000000, 0x0000000711200000, 0x0000000711200000|100%| O|  |TAMS 0x0000000711200000, 0x0000000711000000| Untracked 
| 137|0x0000000711200000, 0x0000000711400000, 0x0000000711400000|100%| O|  |TAMS 0x0000000711400000, 0x0000000711200000| Untracked 
| 138|0x0000000711400000, 0x0000000711600000, 0x0000000711600000|100%| O|  |TAMS 0x0000000711600000, 0x0000000711400000| Untracked 
| 139|0x0000000711600000, 0x0000000711800000, 0x0000000711800000|100%| O|  |TAMS 0x0000000711800000, 0x0000000711600000| Untracked 
| 140|0x0000000711800000, 0x0000000711a00000, 0x0000000711a00000|100%| O|  |TAMS 0x0000000711a00000, 0x0000000711800000| Untracked 
| 141|0x0000000711a00000, 0x0000000711c00000, 0x0000000711c00000|100%| O|  |TAMS 0x0000000711c00000, 0x0000000711a00000| Untracked 
| 142|0x0000000711c00000, 0x0000000711e00000, 0x0000000711e00000|100%| O|  |TAMS 0x0000000711e00000, 0x0000000711c00000| Untracked 
| 143|0x0000000711e00000, 0x0000000712000000, 0x0000000712000000|100%| O|  |TAMS 0x0000000712000000, 0x0000000711e00000| Untracked 
| 144|0x0000000712000000, 0x0000000712200000, 0x0000000712200000|100%| O|  |TAMS 0x0000000712200000, 0x0000000712000000| Untracked 
| 145|0x0000000712200000, 0x0000000712400000, 0x0000000712400000|100%| O|  |TAMS 0x0000000712400000, 0x0000000712200000| Untracked 
| 146|0x0000000712400000, 0x0000000712600000, 0x0000000712600000|100%| O|  |TAMS 0x0000000712600000, 0x0000000712400000| Untracked 
| 147|0x0000000712600000, 0x0000000712800000, 0x0000000712800000|100%| O|  |TAMS 0x0000000712800000, 0x0000000712600000| Untracked 
| 148|0x0000000712800000, 0x0000000712a00000, 0x0000000712a00000|100%| O|  |TAMS 0x0000000712a00000, 0x0000000712800000| Untracked 
| 149|0x0000000712a00000, 0x0000000712c00000, 0x0000000712c00000|100%| O|  |TAMS 0x0000000712c00000, 0x0000000712a00000| Untracked 
| 150|0x0000000712c00000, 0x0000000712e00000, 0x0000000712e00000|100%| O|  |TAMS 0x0000000712e00000, 0x0000000712c00000| Untracked 
| 151|0x0000000712e00000, 0x0000000713000000, 0x0000000713000000|100%| O|  |TAMS 0x0000000712e00000, 0x0000000712e00000| Untracked 
| 152|0x0000000713000000, 0x0000000713200000, 0x0000000713200000|100%| O|  |TAMS 0x0000000713000000, 0x0000000713000000| Untracked 
| 153|0x0000000713200000, 0x0000000713400000, 0x0000000713400000|100%| O|  |TAMS 0x0000000713200000, 0x0000000713200000| Untracked 
| 154|0x0000000713400000, 0x0000000713600000, 0x0000000713600000|100%| O|  |TAMS 0x0000000713600000, 0x0000000713400000| Untracked 
| 155|0x0000000713600000, 0x0000000713800000, 0x0000000713800000|100%| O|  |TAMS 0x0000000713800000, 0x0000000713600000| Untracked 
| 156|0x0000000713800000, 0x0000000713a00000, 0x0000000713a00000|100%| O|  |TAMS 0x0000000713800000, 0x0000000713800000| Untracked 
| 157|0x0000000713a00000, 0x0000000713c00000, 0x0000000713c00000|100%| O|  |TAMS 0x0000000713c00000, 0x0000000713a00000| Untracked 
| 158|0x0000000713c00000, 0x0000000713e00000, 0x0000000713e00000|100%| O|  |TAMS 0x0000000713c00000, 0x0000000713c00000| Untracked 
| 159|0x0000000713e00000, 0x0000000714000000, 0x0000000714000000|100%| O|  |TAMS 0x0000000713e00000, 0x0000000713e00000| Untracked 
| 160|0x0000000714000000, 0x0000000714200000, 0x0000000714200000|100%| O|  |TAMS 0x0000000714000000, 0x0000000714000000| Untracked 
| 161|0x0000000714200000, 0x0000000714400000, 0x0000000714400000|100%| O|  |TAMS 0x0000000714400000, 0x0000000714200000| Untracked 
| 162|0x0000000714400000, 0x0000000714600000, 0x0000000714600000|100%| O|  |TAMS 0x0000000714600000, 0x0000000714400000| Untracked 
| 163|0x0000000714600000, 0x0000000714800000, 0x0000000714800000|100%| O|  |TAMS 0x0000000714800000, 0x0000000714600000| Untracked 
| 164|0x0000000714800000, 0x0000000714a00000, 0x0000000714a00000|100%| O|  |TAMS 0x0000000714800000, 0x0000000714800000| Untracked 
| 165|0x0000000714a00000, 0x0000000714c00000, 0x0000000714c00000|100%| O|  |TAMS 0x0000000714a00000, 0x0000000714a00000| Untracked 
| 166|0x0000000714c00000, 0x0000000714e00000, 0x0000000714e00000|100%| O|  |TAMS 0x0000000714c00000, 0x0000000714c00000| Untracked 
| 167|0x0000000714e00000, 0x0000000715000000, 0x0000000715000000|100%| O|  |TAMS 0x0000000714f00000, 0x0000000714e00000| Untracked 
| 168|0x0000000715000000, 0x0000000715200000, 0x0000000715200000|100%| O|  |TAMS 0x0000000715000000, 0x0000000715000000| Untracked 
| 169|0x0000000715200000, 0x0000000715400000, 0x0000000715400000|100%| O|  |TAMS 0x0000000715200000, 0x0000000715200000| Untracked 
| 170|0x0000000715400000, 0x0000000715600000, 0x0000000715600000|100%| O|  |TAMS 0x0000000715400000, 0x0000000715400000| Untracked 
| 171|0x0000000715600000, 0x0000000715800000, 0x0000000715800000|100%| O|  |TAMS 0x0000000715800000, 0x0000000715600000| Untracked 
| 172|0x0000000715800000, 0x0000000715a00000, 0x0000000715a00000|100%| O|  |TAMS 0x0000000715800000, 0x0000000715800000| Untracked 
| 173|0x0000000715a00000, 0x0000000715c00000, 0x0000000715c00000|100%| O|  |TAMS 0x0000000715c00000, 0x0000000715a00000| Untracked 
| 174|0x0000000715c00000, 0x0000000715e00000, 0x0000000715e00000|100%| O|  |TAMS 0x0000000715c00000, 0x0000000715c00000| Untracked 
| 175|0x0000000715e00000, 0x0000000716000000, 0x0000000716000000|100%| O|  |TAMS 0x0000000715e00000, 0x0000000715e00000| Untracked 
| 176|0x0000000716000000, 0x0000000716200000, 0x0000000716200000|100%| O|  |TAMS 0x0000000716200000, 0x0000000716000000| Untracked 
| 177|0x0000000716200000, 0x0000000716400000, 0x0000000716400000|100%| O|  |TAMS 0x0000000716200000, 0x0000000716200000| Untracked 
| 178|0x0000000716400000, 0x0000000716600000, 0x0000000716600000|100%| O|  |TAMS 0x0000000716400000, 0x0000000716400000| Untracked 
| 179|0x0000000716600000, 0x0000000716800000, 0x0000000716800000|100%| O|  |TAMS 0x0000000716600000, 0x0000000716600000| Untracked 
| 180|0x0000000716800000, 0x0000000716a00000, 0x0000000716a00000|100%| O|  |TAMS 0x0000000716a00000, 0x0000000716800000| Untracked 
| 181|0x0000000716a00000, 0x0000000716c00000, 0x0000000716c00000|100%| O|  |TAMS 0x0000000716c00000, 0x0000000716a00000| Untracked 
| 182|0x0000000716c00000, 0x0000000716e00000, 0x0000000716e00000|100%| O|  |TAMS 0x0000000716e00000, 0x0000000716c00000| Untracked 
| 183|0x0000000716e00000, 0x0000000717000000, 0x0000000717000000|100%| O|  |TAMS 0x0000000717000000, 0x0000000716e00000| Untracked 
| 184|0x0000000717000000, 0x0000000717200000, 0x0000000717200000|100%|HS|  |TAMS 0x0000000717000000, 0x0000000717000000| Complete 
| 185|0x0000000717200000, 0x0000000717400000, 0x0000000717400000|100%|HC|  |TAMS 0x0000000717200000, 0x0000000717200000| Complete 
| 186|0x0000000717400000, 0x0000000717600000, 0x0000000717600000|100%| O|  |TAMS 0x0000000717400000, 0x0000000717400000| Untracked 
| 187|0x0000000717600000, 0x0000000717800000, 0x0000000717800000|100%| O|  |TAMS 0x0000000717600000, 0x0000000717600000| Untracked 
| 188|0x0000000717800000, 0x0000000717a00000, 0x0000000717a00000|100%| O|  |TAMS 0x0000000717800000, 0x0000000717800000| Untracked 
| 189|0x0000000717a00000, 0x0000000717c00000, 0x0000000717c00000|100%| O|  |TAMS 0x0000000717a00000, 0x0000000717a00000| Untracked 
| 190|0x0000000717c00000, 0x0000000717e00000, 0x0000000717e00000|100%| O|  |TAMS 0x0000000717c00000, 0x0000000717c00000| Untracked 
| 191|0x0000000717e00000, 0x0000000718000000, 0x0000000718000000|100%| O|  |TAMS 0x0000000717e00000, 0x0000000717e00000| Untracked 
| 192|0x0000000718000000, 0x0000000718200000, 0x0000000718200000|100%| O|  |TAMS 0x0000000718000000, 0x0000000718000000| Untracked 
| 193|0x0000000718200000, 0x0000000718400000, 0x0000000718400000|100%| O|  |TAMS 0x0000000718400000, 0x0000000718200000| Untracked 
| 194|0x0000000718400000, 0x0000000718600000, 0x0000000718600000|100%| O|  |TAMS 0x0000000718400000, 0x0000000718400000| Untracked 
| 195|0x0000000718600000, 0x0000000718800000, 0x0000000718800000|100%| O|  |TAMS 0x0000000718600000, 0x0000000718600000| Untracked 
| 196|0x0000000718800000, 0x0000000718a00000, 0x0000000718a00000|100%| O|  |TAMS 0x0000000718a00000, 0x0000000718800000| Untracked 
| 197|0x0000000718a00000, 0x0000000718c00000, 0x0000000718c00000|100%| O|  |TAMS 0x0000000718c00000, 0x0000000718a00000| Untracked 
| 198|0x0000000718c00000, 0x0000000718e00000, 0x0000000718e00000|100%| O|  |TAMS 0x0000000718c00000, 0x0000000718c00000| Untracked 
| 199|0x0000000718e00000, 0x0000000719000000, 0x0000000719000000|100%| O|  |TAMS 0x0000000718e00000, 0x0000000718e00000| Untracked 
| 200|0x0000000719000000, 0x0000000719200000, 0x0000000719200000|100%| O|  |TAMS 0x0000000719000000, 0x0000000719000000| Untracked 
| 201|0x0000000719200000, 0x0000000719400000, 0x0000000719400000|100%| O|  |TAMS 0x0000000719200000, 0x0000000719200000| Untracked 
| 202|0x0000000719400000, 0x0000000719600000, 0x0000000719600000|100%| O|  |TAMS 0x0000000719400000, 0x0000000719400000| Untracked 
| 203|0x0000000719600000, 0x0000000719800000, 0x0000000719800000|100%| O|  |TAMS 0x0000000719600000, 0x0000000719600000| Untracked 
| 204|0x0000000719800000, 0x0000000719a00000, 0x0000000719a00000|100%| O|  |TAMS 0x0000000719800000, 0x0000000719800000| Untracked 
| 205|0x0000000719a00000, 0x0000000719c00000, 0x0000000719c00000|100%| O|  |TAMS 0x0000000719a00000, 0x0000000719a00000| Untracked 
| 206|0x0000000719c00000, 0x0000000719e00000, 0x0000000719e00000|100%| O|  |TAMS 0x0000000719c00000, 0x0000000719c00000| Untracked 
| 207|0x0000000719e00000, 0x000000071a000000, 0x000000071a000000|100%| O|  |TAMS 0x0000000719e00000, 0x0000000719e00000| Untracked 
| 208|0x000000071a000000, 0x000000071a200000, 0x000000071a200000|100%| O|  |TAMS 0x000000071a200000, 0x000000071a000000| Untracked 
| 209|0x000000071a200000, 0x000000071a400000, 0x000000071a400000|100%| O|  |TAMS 0x000000071a400000, 0x000000071a200000| Untracked 
| 210|0x000000071a400000, 0x000000071a600000, 0x000000071a600000|100%| O|  |TAMS 0x000000071a600000, 0x000000071a400000| Untracked 
| 211|0x000000071a600000, 0x000000071a800000, 0x000000071a800000|100%| O|  |TAMS 0x000000071a800000, 0x000000071a600000| Untracked 
| 212|0x000000071a800000, 0x000000071aa00000, 0x000000071aa00000|100%| O|  |TAMS 0x000000071aa00000, 0x000000071a800000| Untracked 
| 213|0x000000071aa00000, 0x000000071ac00000, 0x000000071ac00000|100%| O|  |TAMS 0x000000071aa00000, 0x000000071aa00000| Untracked 
| 214|0x000000071ac00000, 0x000000071ae00000, 0x000000071ae00000|100%| O|  |TAMS 0x000000071ac00000, 0x000000071ac00000| Untracked 
| 215|0x000000071ae00000, 0x000000071b000000, 0x000000071b000000|100%| O|  |TAMS 0x000000071b000000, 0x000000071ae00000| Untracked 
| 216|0x000000071b000000, 0x000000071b200000, 0x000000071b200000|100%| O|  |TAMS 0x000000071b000000, 0x000000071b000000| Untracked 
| 217|0x000000071b200000, 0x000000071b400000, 0x000000071b400000|100%| O|  |TAMS 0x000000071b400000, 0x000000071b200000| Untracked 
| 218|0x000000071b400000, 0x000000071b600000, 0x000000071b600000|100%| O|  |TAMS 0x000000071b600000, 0x000000071b400000| Untracked 
| 219|0x000000071b600000, 0x000000071b800000, 0x000000071b800000|100%| O|  |TAMS 0x000000071b600000, 0x000000071b600000| Untracked 
| 220|0x000000071b800000, 0x000000071ba00000, 0x000000071ba00000|100%| O|  |TAMS 0x000000071ba00000, 0x000000071b800000| Untracked 
| 221|0x000000071ba00000, 0x000000071bc00000, 0x000000071bc00000|100%| O|  |TAMS 0x000000071ba00000, 0x000000071ba00000| Untracked 
| 222|0x000000071bc00000, 0x000000071be00000, 0x000000071be00000|100%| O|  |TAMS 0x000000071be00000, 0x000000071bc00000| Untracked 
| 223|0x000000071be00000, 0x000000071c000000, 0x000000071c000000|100%| O|  |TAMS 0x000000071be00000, 0x000000071be00000| Untracked 
| 224|0x000000071c000000, 0x000000071c200000, 0x000000071c200000|100%| O|  |TAMS 0x000000071c200000, 0x000000071c000000| Untracked 
| 225|0x000000071c200000, 0x000000071c400000, 0x000000071c400000|100%| O|  |TAMS 0x000000071c400000, 0x000000071c200000| Untracked 
| 226|0x000000071c400000, 0x000000071c600000, 0x000000071c600000|100%| O|  |TAMS 0x000000071c400000, 0x000000071c400000| Untracked 
| 227|0x000000071c600000, 0x000000071c800000, 0x000000071c800000|100%| O|  |TAMS 0x000000071c800000, 0x000000071c600000| Untracked 
| 228|0x000000071c800000, 0x000000071ca00000, 0x000000071ca00000|100%| O|  |TAMS 0x000000071c800000, 0x000000071c800000| Untracked 
| 229|0x000000071ca00000, 0x000000071cc00000, 0x000000071cc00000|100%| O|  |TAMS 0x000000071ca00000, 0x000000071ca00000| Untracked 
| 230|0x000000071cc00000, 0x000000071ce00000, 0x000000071ce00000|100%| O|  |TAMS 0x000000071cc00000, 0x000000071cc00000| Untracked 
| 231|0x000000071ce00000, 0x000000071d000000, 0x000000071d000000|100%| O|  |TAMS 0x000000071ce00000, 0x000000071ce00000| Untracked 
| 232|0x000000071d000000, 0x000000071d200000, 0x000000071d200000|100%| O|  |TAMS 0x000000071d000000, 0x000000071d000000| Untracked 
| 233|0x000000071d200000, 0x000000071d400000, 0x000000071d400000|100%| O|  |TAMS 0x000000071d400000, 0x000000071d200000| Untracked 
| 234|0x000000071d400000, 0x000000071d600000, 0x000000071d600000|100%| O|  |TAMS 0x000000071d400000, 0x000000071d400000| Untracked 
| 235|0x000000071d600000, 0x000000071d800000, 0x000000071d800000|100%| O|  |TAMS 0x000000071d600000, 0x000000071d600000| Untracked 
| 236|0x000000071d800000, 0x000000071da00000, 0x000000071da00000|100%| O|  |TAMS 0x000000071d800000, 0x000000071d800000| Untracked 
| 237|0x000000071da00000, 0x000000071dc00000, 0x000000071dc00000|100%| O|  |TAMS 0x000000071da00000, 0x000000071da00000| Untracked 
| 238|0x000000071dc00000, 0x000000071de00000, 0x000000071de00000|100%| O|  |TAMS 0x000000071dc00000, 0x000000071dc00000| Untracked 
| 239|0x000000071de00000, 0x000000071e000000, 0x000000071e000000|100%| O|  |TAMS 0x000000071de00000, 0x000000071de00000| Untracked 
| 240|0x000000071e000000, 0x000000071e200000, 0x000000071e200000|100%| O|  |TAMS 0x000000071e000000, 0x000000071e000000| Untracked 
| 241|0x000000071e200000, 0x000000071e400000, 0x000000071e400000|100%| O|  |TAMS 0x000000071e200000, 0x000000071e200000| Untracked 
| 242|0x000000071e400000, 0x000000071e600000, 0x000000071e600000|100%| O|  |TAMS 0x000000071e400000, 0x000000071e400000| Untracked 
| 243|0x000000071e600000, 0x000000071e800000, 0x000000071e800000|100%| O|  |TAMS 0x000000071e600000, 0x000000071e600000| Untracked 
| 244|0x000000071e800000, 0x000000071ea00000, 0x000000071ea00000|100%| O|  |TAMS 0x000000071e800000, 0x000000071e800000| Untracked 
| 245|0x000000071ea00000, 0x000000071ec00000, 0x000000071ec00000|100%| O|  |TAMS 0x000000071ea00000, 0x000000071ea00000| Untracked 
| 246|0x000000071ec00000, 0x000000071ee00000, 0x000000071ee00000|100%| O|  |TAMS 0x000000071ec00000, 0x000000071ec00000| Untracked 
| 247|0x000000071ee00000, 0x000000071f000000, 0x000000071f000000|100%| O|  |TAMS 0x000000071ee00000, 0x000000071ee00000| Untracked 
| 248|0x000000071f000000, 0x000000071f200000, 0x000000071f200000|100%| O|  |TAMS 0x000000071f000000, 0x000000071f000000| Untracked 
| 249|0x000000071f200000, 0x000000071f400000, 0x000000071f400000|100%| O|  |TAMS 0x000000071f200000, 0x000000071f200000| Untracked 
| 250|0x000000071f400000, 0x000000071f600000, 0x000000071f600000|100%| O|  |TAMS 0x000000071f400000, 0x000000071f400000| Untracked 
| 251|0x000000071f600000, 0x000000071f800000, 0x000000071f800000|100%| O|  |TAMS 0x000000071f600000, 0x000000071f600000| Untracked 
| 252|0x000000071f800000, 0x000000071fa00000, 0x000000071fa00000|100%| O|  |TAMS 0x000000071fa00000, 0x000000071f800000| Untracked 
| 253|0x000000071fa00000, 0x000000071fc00000, 0x000000071fc00000|100%| O|  |TAMS 0x000000071fa00000, 0x000000071fa00000| Untracked 
| 254|0x000000071fc00000, 0x000000071fe00000, 0x000000071fe00000|100%| O|  |TAMS 0x000000071fc00000, 0x000000071fc00000| Untracked 
| 255|0x000000071fe00000, 0x0000000720000000, 0x0000000720000000|100%| O|  |TAMS 0x000000071fe00000, 0x000000071fe00000| Untracked 
| 256|0x0000000720000000, 0x0000000720200000, 0x0000000720200000|100%| O|  |TAMS 0x0000000720200000, 0x0000000720000000| Untracked 
| 257|0x0000000720200000, 0x0000000720400000, 0x0000000720400000|100%| O|  |TAMS 0x0000000720400000, 0x0000000720200000| Untracked 
| 258|0x0000000720400000, 0x0000000720600000, 0x0000000720600000|100%| O|  |TAMS 0x0000000720400000, 0x0000000720400000| Untracked 
| 259|0x0000000720600000, 0x0000000720800000, 0x0000000720800000|100%| O|  |TAMS 0x0000000720600000, 0x0000000720600000| Untracked 
| 260|0x0000000720800000, 0x0000000720a00000, 0x0000000720a00000|100%| O|  |TAMS 0x0000000720800000, 0x0000000720800000| Untracked 
| 261|0x0000000720a00000, 0x0000000720c00000, 0x0000000720c00000|100%| O|  |TAMS 0x0000000720a00000, 0x0000000720a00000| Untracked 
| 262|0x0000000720c00000, 0x0000000720e00000, 0x0000000720e00000|100%| O|  |TAMS 0x0000000720c00000, 0x0000000720c00000| Untracked 
| 263|0x0000000720e00000, 0x0000000721000000, 0x0000000721000000|100%| O|  |TAMS 0x0000000720e00000, 0x0000000720e00000| Untracked 
| 264|0x0000000721000000, 0x0000000721200000, 0x0000000721200000|100%| O|  |TAMS 0x0000000721000000, 0x0000000721000000| Untracked 
| 265|0x0000000721200000, 0x0000000721400000, 0x0000000721400000|100%| O|  |TAMS 0x0000000721400000, 0x0000000721200000| Untracked 
| 266|0x0000000721400000, 0x0000000721600000, 0x0000000721600000|100%| O|  |TAMS 0x0000000721400000, 0x0000000721400000| Untracked 
| 267|0x0000000721600000, 0x0000000721800000, 0x0000000721800000|100%| O|  |TAMS 0x0000000721800000, 0x0000000721600000| Untracked 
| 268|0x0000000721800000, 0x0000000721a00000, 0x0000000721a00000|100%| O|  |TAMS 0x0000000721800000, 0x0000000721800000| Untracked 
| 269|0x0000000721a00000, 0x0000000721c00000, 0x0000000721c00000|100%| O|  |TAMS 0x0000000721a00000, 0x0000000721a00000| Untracked 
| 270|0x0000000721c00000, 0x0000000721e00000, 0x0000000721e00000|100%| O|  |TAMS 0x0000000721c00000, 0x0000000721c00000| Untracked 
| 271|0x0000000721e00000, 0x0000000722000000, 0x0000000722000000|100%| O|  |TAMS 0x0000000722000000, 0x0000000721e00000| Untracked 
| 272|0x0000000722000000, 0x0000000722200000, 0x0000000722200000|100%| O|  |TAMS 0x0000000722000000, 0x0000000722000000| Untracked 
| 273|0x0000000722200000, 0x0000000722400000, 0x0000000722400000|100%| O|  |TAMS 0x0000000722200000, 0x0000000722200000| Untracked 
| 274|0x0000000722400000, 0x0000000722600000, 0x0000000722600000|100%| O|  |TAMS 0x0000000722400000, 0x0000000722400000| Untracked 
| 275|0x0000000722600000, 0x0000000722800000, 0x0000000722800000|100%| O|  |TAMS 0x0000000722600000, 0x0000000722600000| Untracked 
| 276|0x0000000722800000, 0x0000000722a00000, 0x0000000722a00000|100%| O|  |TAMS 0x0000000722800000, 0x0000000722800000| Untracked 
| 277|0x0000000722a00000, 0x0000000722c00000, 0x0000000722c00000|100%| O|  |TAMS 0x0000000722a00000, 0x0000000722a00000| Untracked 
| 278|0x0000000722c00000, 0x0000000722e00000, 0x0000000722e00000|100%| O|  |TAMS 0x0000000722c00000, 0x0000000722c00000| Untracked 
| 279|0x0000000722e00000, 0x0000000723000000, 0x0000000723000000|100%| O|  |TAMS 0x0000000722e00000, 0x0000000722e00000| Untracked 
| 280|0x0000000723000000, 0x0000000723200000, 0x0000000723200000|100%| O|  |TAMS 0x0000000723000000, 0x0000000723000000| Untracked 
| 281|0x0000000723200000, 0x0000000723400000, 0x0000000723400000|100%| O|  |TAMS 0x0000000723200000, 0x0000000723200000| Untracked 
| 282|0x0000000723400000, 0x0000000723600000, 0x0000000723600000|100%| O|  |TAMS 0x0000000723400000, 0x0000000723400000| Untracked 
| 283|0x0000000723600000, 0x0000000723800000, 0x0000000723800000|100%| O|  |TAMS 0x0000000723600000, 0x0000000723600000| Untracked 
| 284|0x0000000723800000, 0x0000000723a00000, 0x0000000723a00000|100%| O|  |TAMS 0x0000000723800000, 0x0000000723800000| Untracked 
| 285|0x0000000723a00000, 0x0000000723c00000, 0x0000000723c00000|100%| O|  |TAMS 0x0000000723a00000, 0x0000000723a00000| Untracked 
| 286|0x0000000723c00000, 0x0000000723e00000, 0x0000000723e00000|100%| O|  |TAMS 0x0000000723c00000, 0x0000000723c00000| Untracked 
| 287|0x0000000723e00000, 0x0000000723e00000, 0x0000000724000000|  0%| F|  |TAMS 0x0000000723e00000, 0x0000000723e00000| Untracked 
| 288|0x0000000724000000, 0x0000000724000000, 0x0000000724200000|  0%| F|  |TAMS 0x0000000724000000, 0x0000000724000000| Untracked 
| 289|0x0000000724200000, 0x0000000724200000, 0x0000000724400000|  0%| F|  |TAMS 0x0000000724200000, 0x0000000724200000| Untracked 
| 290|0x0000000724400000, 0x0000000724400000, 0x0000000724600000|  0%| F|  |TAMS 0x0000000724400000, 0x0000000724400000| Untracked 
| 291|0x0000000724600000, 0x0000000724600000, 0x0000000724800000|  0%| F|  |TAMS 0x0000000724600000, 0x0000000724600000| Untracked 
| 292|0x0000000724800000, 0x0000000724800000, 0x0000000724a00000|  0%| F|  |TAMS 0x0000000724800000, 0x0000000724800000| Untracked 
| 293|0x0000000724a00000, 0x0000000724c00000, 0x0000000724c00000|100%| O|  |TAMS 0x0000000724c00000, 0x0000000724a00000| Untracked 
| 294|0x0000000724c00000, 0x0000000724c00000, 0x0000000724e00000|  0%| F|  |TAMS 0x0000000724c00000, 0x0000000724c00000| Untracked 
| 295|0x0000000724e00000, 0x0000000724e00000, 0x0000000725000000|  0%| F|  |TAMS 0x0000000724e00000, 0x0000000724e00000| Untracked 
| 296|0x0000000725000000, 0x0000000725000000, 0x0000000725200000|  0%| F|  |TAMS 0x0000000725000000, 0x0000000725000000| Untracked 
| 297|0x0000000725200000, 0x0000000725200000, 0x0000000725400000|  0%| F|  |TAMS 0x0000000725200000, 0x0000000725200000| Untracked 
| 298|0x0000000725400000, 0x0000000725400000, 0x0000000725600000|  0%| F|  |TAMS 0x0000000725400000, 0x0000000725400000| Untracked 
| 299|0x0000000725600000, 0x0000000725600000, 0x0000000725800000|  0%| F|  |TAMS 0x0000000725600000, 0x0000000725600000| Untracked 
| 300|0x0000000725800000, 0x0000000725800000, 0x0000000725a00000|  0%| F|  |TAMS 0x0000000725800000, 0x0000000725800000| Untracked 
| 301|0x0000000725a00000, 0x0000000725a00000, 0x0000000725c00000|  0%| F|  |TAMS 0x0000000725a00000, 0x0000000725a00000| Untracked 
| 302|0x0000000725c00000, 0x0000000725c00000, 0x0000000725e00000|  0%| F|  |TAMS 0x0000000725c00000, 0x0000000725c00000| Untracked 
| 303|0x0000000725e00000, 0x0000000725e00000, 0x0000000726000000|  0%| F|  |TAMS 0x0000000725e00000, 0x0000000725e00000| Untracked 
| 304|0x0000000726000000, 0x0000000726000000, 0x0000000726200000|  0%| F|  |TAMS 0x0000000726000000, 0x0000000726000000| Untracked 
| 305|0x0000000726200000, 0x0000000726200000, 0x0000000726400000|  0%| F|  |TAMS 0x0000000726200000, 0x0000000726200000| Untracked 
| 306|0x0000000726400000, 0x0000000726600000, 0x0000000726600000|100%| O|  |TAMS 0x0000000726600000, 0x0000000726400000| Untracked 
| 307|0x0000000726600000, 0x0000000726600000, 0x0000000726800000|  0%| F|  |TAMS 0x0000000726600000, 0x0000000726600000| Untracked 
| 308|0x0000000726800000, 0x0000000726800000, 0x0000000726a00000|  0%| F|  |TAMS 0x0000000726800000, 0x0000000726800000| Untracked 
| 309|0x0000000726a00000, 0x0000000726a00000, 0x0000000726c00000|  0%| F|  |TAMS 0x0000000726a00000, 0x0000000726a00000| Untracked 
| 310|0x0000000726c00000, 0x0000000726c00000, 0x0000000726e00000|  0%| F|  |TAMS 0x0000000726c00000, 0x0000000726c00000| Untracked 
| 311|0x0000000726e00000, 0x0000000727000000, 0x0000000727000000|100%| O|  |TAMS 0x0000000727000000, 0x0000000726e00000| Untracked 
| 312|0x0000000727000000, 0x0000000727200000, 0x0000000727200000|100%| O|  |TAMS 0x0000000727200000, 0x0000000727000000| Untracked 
| 313|0x0000000727200000, 0x0000000727400000, 0x0000000727400000|100%| O|  |TAMS 0x0000000727400000, 0x0000000727200000| Untracked 
| 314|0x0000000727400000, 0x0000000727600000, 0x0000000727600000|100%| O|  |TAMS 0x0000000727600000, 0x0000000727400000| Untracked 
| 315|0x0000000727600000, 0x0000000727800000, 0x0000000727800000|100%| O|  |TAMS 0x0000000727800000, 0x0000000727600000| Untracked 
| 316|0x0000000727800000, 0x0000000727800000, 0x0000000727a00000|  0%| F|  |TAMS 0x0000000727800000, 0x0000000727800000| Untracked 
| 317|0x0000000727a00000, 0x0000000727c00000, 0x0000000727c00000|100%| O|  |TAMS 0x0000000727c00000, 0x0000000727a00000| Untracked 
| 318|0x0000000727c00000, 0x0000000727c00000, 0x0000000727e00000|  0%| F|  |TAMS 0x0000000727c00000, 0x0000000727c00000| Untracked 
| 319|0x0000000727e00000, 0x0000000728000000, 0x0000000728000000|100%| O|  |TAMS 0x0000000728000000, 0x0000000727e00000| Untracked 
| 320|0x0000000728000000, 0x0000000728200000, 0x0000000728200000|100%| O|  |TAMS 0x0000000728200000, 0x0000000728000000| Untracked 
| 321|0x0000000728200000, 0x0000000728400000, 0x0000000728400000|100%| O|  |TAMS 0x0000000728400000, 0x0000000728200000| Untracked 
| 322|0x0000000728400000, 0x0000000728600000, 0x0000000728600000|100%| O|  |TAMS 0x0000000728600000, 0x0000000728400000| Untracked 
| 323|0x0000000728600000, 0x0000000728800000, 0x0000000728800000|100%| O|  |TAMS 0x0000000728800000, 0x0000000728600000| Untracked 
| 324|0x0000000728800000, 0x0000000728800000, 0x0000000728a00000|  0%| F|  |TAMS 0x0000000728800000, 0x0000000728800000| Untracked 
| 325|0x0000000728a00000, 0x0000000728a00000, 0x0000000728c00000|  0%| F|  |TAMS 0x0000000728a00000, 0x0000000728a00000| Untracked 
| 326|0x0000000728c00000, 0x0000000728c00000, 0x0000000728e00000|  0%| F|  |TAMS 0x0000000728c00000, 0x0000000728c00000| Untracked 
| 327|0x0000000728e00000, 0x0000000728e00000, 0x0000000729000000|  0%| F|  |TAMS 0x0000000728e00000, 0x0000000728e00000| Untracked 
| 328|0x0000000729000000, 0x0000000729000000, 0x0000000729200000|  0%| F|  |TAMS 0x0000000729000000, 0x0000000729000000| Untracked 
| 329|0x0000000729200000, 0x0000000729200000, 0x0000000729400000|  0%| F|  |TAMS 0x0000000729200000, 0x0000000729200000| Untracked 
| 330|0x0000000729400000, 0x0000000729400000, 0x0000000729600000|  0%| F|  |TAMS 0x0000000729400000, 0x0000000729400000| Untracked 
| 331|0x0000000729600000, 0x0000000729600000, 0x0000000729800000|  0%| F|  |TAMS 0x0000000729600000, 0x0000000729600000| Untracked 
| 332|0x0000000729800000, 0x0000000729a00000, 0x0000000729a00000|100%| O|  |TAMS 0x0000000729a00000, 0x0000000729800000| Untracked 
| 333|0x0000000729a00000, 0x0000000729c00000, 0x0000000729c00000|100%| O|  |TAMS 0x0000000729c00000, 0x0000000729a00000| Untracked 
| 334|0x0000000729c00000, 0x0000000729e00000, 0x0000000729e00000|100%| O|  |TAMS 0x0000000729e00000, 0x0000000729c00000| Untracked 
| 335|0x0000000729e00000, 0x0000000729e00000, 0x000000072a000000|  0%| F|  |TAMS 0x0000000729e00000, 0x0000000729e00000| Untracked 
| 336|0x000000072a000000, 0x000000072a000000, 0x000000072a200000|  0%| F|  |TAMS 0x000000072a000000, 0x000000072a000000| Untracked 
| 337|0x000000072a200000, 0x000000072a200000, 0x000000072a400000|  0%| F|  |TAMS 0x000000072a200000, 0x000000072a200000| Untracked 
| 338|0x000000072a400000, 0x000000072a400000, 0x000000072a600000|  0%| F|  |TAMS 0x000000072a400000, 0x000000072a400000| Untracked 
| 339|0x000000072a600000, 0x000000072a600000, 0x000000072a800000|  0%| F|  |TAMS 0x000000072a600000, 0x000000072a600000| Untracked 
| 340|0x000000072a800000, 0x000000072a800000, 0x000000072aa00000|  0%| F|  |TAMS 0x000000072a800000, 0x000000072a800000| Untracked 
| 341|0x000000072aa00000, 0x000000072aa00000, 0x000000072ac00000|  0%| F|  |TAMS 0x000000072aa00000, 0x000000072aa00000| Untracked 
| 342|0x000000072ac00000, 0x000000072ac00000, 0x000000072ae00000|  0%| F|  |TAMS 0x000000072ac00000, 0x000000072ac00000| Untracked 
| 343|0x000000072ae00000, 0x000000072ae00000, 0x000000072b000000|  0%| F|  |TAMS 0x000000072ae00000, 0x000000072ae00000| Untracked 
| 344|0x000000072b000000, 0x000000072b000000, 0x000000072b200000|  0%| F|  |TAMS 0x000000072b000000, 0x000000072b000000| Untracked 
| 345|0x000000072b200000, 0x000000072b200000, 0x000000072b400000|  0%| F|  |TAMS 0x000000072b200000, 0x000000072b200000| Untracked 
| 346|0x000000072b400000, 0x000000072b400000, 0x000000072b600000|  0%| F|  |TAMS 0x000000072b400000, 0x000000072b400000| Untracked 
| 347|0x000000072b600000, 0x000000072b600000, 0x000000072b800000|  0%| F|  |TAMS 0x000000072b600000, 0x000000072b600000| Untracked 
| 348|0x000000072b800000, 0x000000072b800000, 0x000000072ba00000|  0%| F|  |TAMS 0x000000072b800000, 0x000000072b800000| Untracked 
| 349|0x000000072ba00000, 0x000000072ba00000, 0x000000072bc00000|  0%| F|  |TAMS 0x000000072ba00000, 0x000000072ba00000| Untracked 
| 350|0x000000072bc00000, 0x000000072bc00000, 0x000000072be00000|  0%| F|  |TAMS 0x000000072bc00000, 0x000000072bc00000| Untracked 
| 351|0x000000072be00000, 0x000000072be00000, 0x000000072c000000|  0%| F|  |TAMS 0x000000072be00000, 0x000000072be00000| Untracked 
| 352|0x000000072c000000, 0x000000072c000000, 0x000000072c200000|  0%| F|  |TAMS 0x000000072c000000, 0x000000072c000000| Untracked 
| 353|0x000000072c200000, 0x000000072c200000, 0x000000072c400000|  0%| F|  |TAMS 0x000000072c200000, 0x000000072c200000| Untracked 
| 354|0x000000072c400000, 0x000000072c400000, 0x000000072c600000|  0%| F|  |TAMS 0x000000072c400000, 0x000000072c400000| Untracked 
| 355|0x000000072c600000, 0x000000072c600000, 0x000000072c800000|  0%| F|  |TAMS 0x000000072c600000, 0x000000072c600000| Untracked 
| 356|0x000000072c800000, 0x000000072c800000, 0x000000072ca00000|  0%| F|  |TAMS 0x000000072c800000, 0x000000072c800000| Untracked 
| 357|0x000000072ca00000, 0x000000072ca00000, 0x000000072cc00000|  0%| F|  |TAMS 0x000000072ca00000, 0x000000072ca00000| Untracked 
| 358|0x000000072cc00000, 0x000000072cc00000, 0x000000072ce00000|  0%| F|  |TAMS 0x000000072cc00000, 0x000000072cc00000| Untracked 
| 359|0x000000072ce00000, 0x000000072ce00000, 0x000000072d000000|  0%| F|  |TAMS 0x000000072ce00000, 0x000000072ce00000| Untracked 
| 360|0x000000072d000000, 0x000000072d000000, 0x000000072d200000|  0%| F|  |TAMS 0x000000072d000000, 0x000000072d000000| Untracked 
| 361|0x000000072d200000, 0x000000072d200000, 0x000000072d400000|  0%| F|  |TAMS 0x000000072d200000, 0x000000072d200000| Untracked 
| 362|0x000000072d400000, 0x000000072d400000, 0x000000072d600000|  0%| F|  |TAMS 0x000000072d400000, 0x000000072d400000| Untracked 
| 363|0x000000072d600000, 0x000000072d600000, 0x000000072d800000|  0%| F|  |TAMS 0x000000072d600000, 0x000000072d600000| Untracked 
| 364|0x000000072d800000, 0x000000072d800000, 0x000000072da00000|  0%| F|  |TAMS 0x000000072d800000, 0x000000072d800000| Untracked 
| 365|0x000000072da00000, 0x000000072da00000, 0x000000072dc00000|  0%| F|  |TAMS 0x000000072da00000, 0x000000072da00000| Untracked 
| 366|0x000000072dc00000, 0x000000072dc00000, 0x000000072de00000|  0%| F|  |TAMS 0x000000072dc00000, 0x000000072dc00000| Untracked 
| 367|0x000000072de00000, 0x000000072de00000, 0x000000072e000000|  0%| F|  |TAMS 0x000000072de00000, 0x000000072de00000| Untracked 
| 368|0x000000072e000000, 0x000000072e000000, 0x000000072e200000|  0%| F|  |TAMS 0x000000072e000000, 0x000000072e000000| Untracked 
| 369|0x000000072e200000, 0x000000072e200000, 0x000000072e400000|  0%| F|  |TAMS 0x000000072e200000, 0x000000072e200000| Untracked 
| 370|0x000000072e400000, 0x000000072e400000, 0x000000072e600000|  0%| F|  |TAMS 0x000000072e400000, 0x000000072e400000| Untracked 
| 371|0x000000072e600000, 0x000000072e600000, 0x000000072e800000|  0%| F|  |TAMS 0x000000072e600000, 0x000000072e600000| Untracked 
| 372|0x000000072e800000, 0x000000072e800000, 0x000000072ea00000|  0%| F|  |TAMS 0x000000072e800000, 0x000000072e800000| Untracked 
| 373|0x000000072ea00000, 0x000000072ea00000, 0x000000072ec00000|  0%| F|  |TAMS 0x000000072ea00000, 0x000000072ea00000| Untracked 
| 374|0x000000072ec00000, 0x000000072ec00000, 0x000000072ee00000|  0%| F|  |TAMS 0x000000072ec00000, 0x000000072ec00000| Untracked 
| 375|0x000000072ee00000, 0x000000072ee00000, 0x000000072f000000|  0%| F|  |TAMS 0x000000072ee00000, 0x000000072ee00000| Untracked 
| 376|0x000000072f000000, 0x000000072f000000, 0x000000072f200000|  0%| F|  |TAMS 0x000000072f000000, 0x000000072f000000| Untracked 
| 377|0x000000072f200000, 0x000000072f200000, 0x000000072f400000|  0%| F|  |TAMS 0x000000072f200000, 0x000000072f200000| Untracked 
| 378|0x000000072f400000, 0x000000072f400000, 0x000000072f600000|  0%| F|  |TAMS 0x000000072f400000, 0x000000072f400000| Untracked 
| 379|0x000000072f600000, 0x000000072f600000, 0x000000072f800000|  0%| F|  |TAMS 0x000000072f600000, 0x000000072f600000| Untracked 
| 380|0x000000072f800000, 0x000000072f800000, 0x000000072fa00000|  0%| F|  |TAMS 0x000000072f800000, 0x000000072f800000| Untracked 
| 381|0x000000072fa00000, 0x000000072fa00000, 0x000000072fc00000|  0%| F|  |TAMS 0x000000072fa00000, 0x000000072fa00000| Untracked 
| 382|0x000000072fc00000, 0x000000072fc00000, 0x000000072fe00000|  0%| F|  |TAMS 0x000000072fc00000, 0x000000072fc00000| Untracked 
| 383|0x000000072fe00000, 0x000000072fe00000, 0x0000000730000000|  0%| F|  |TAMS 0x000000072fe00000, 0x000000072fe00000| Untracked 
| 384|0x0000000730000000, 0x0000000730000000, 0x0000000730200000|  0%| F|  |TAMS 0x0000000730000000, 0x0000000730000000| Untracked 
| 385|0x0000000730200000, 0x0000000730200000, 0x0000000730400000|  0%| F|  |TAMS 0x0000000730200000, 0x0000000730200000| Untracked 
| 386|0x0000000730400000, 0x0000000730400000, 0x0000000730600000|  0%| F|  |TAMS 0x0000000730400000, 0x0000000730400000| Untracked 
| 387|0x0000000730600000, 0x0000000730600000, 0x0000000730800000|  0%| F|  |TAMS 0x0000000730600000, 0x0000000730600000| Untracked 
| 388|0x0000000730800000, 0x0000000730800000, 0x0000000730a00000|  0%| F|  |TAMS 0x0000000730800000, 0x0000000730800000| Untracked 
| 389|0x0000000730a00000, 0x0000000730a00000, 0x0000000730c00000|  0%| F|  |TAMS 0x0000000730a00000, 0x0000000730a00000| Untracked 
| 390|0x0000000730c00000, 0x0000000730c00000, 0x0000000730e00000|  0%| F|  |TAMS 0x0000000730c00000, 0x0000000730c00000| Untracked 
| 391|0x0000000730e00000, 0x0000000730e00000, 0x0000000731000000|  0%| F|  |TAMS 0x0000000730e00000, 0x0000000730e00000| Untracked 
| 392|0x0000000731000000, 0x0000000731000000, 0x0000000731200000|  0%| F|  |TAMS 0x0000000731000000, 0x0000000731000000| Untracked 
| 393|0x0000000731200000, 0x0000000731200000, 0x0000000731400000|  0%| F|  |TAMS 0x0000000731200000, 0x0000000731200000| Untracked 
| 394|0x0000000731400000, 0x0000000731400000, 0x0000000731600000|  0%| F|  |TAMS 0x0000000731400000, 0x0000000731400000| Untracked 
| 395|0x0000000731600000, 0x0000000731600000, 0x0000000731800000|  0%| F|  |TAMS 0x0000000731600000, 0x0000000731600000| Untracked 
| 396|0x0000000731800000, 0x0000000731800000, 0x0000000731a00000|  0%| F|  |TAMS 0x0000000731800000, 0x0000000731800000| Untracked 
| 397|0x0000000731a00000, 0x0000000731a00000, 0x0000000731c00000|  0%| F|  |TAMS 0x0000000731a00000, 0x0000000731a00000| Untracked 
| 398|0x0000000731c00000, 0x0000000731c00000, 0x0000000731e00000|  0%| F|  |TAMS 0x0000000731c00000, 0x0000000731c00000| Untracked 
| 399|0x0000000731e00000, 0x0000000731e00000, 0x0000000732000000|  0%| F|  |TAMS 0x0000000731e00000, 0x0000000731e00000| Untracked 
| 400|0x0000000732000000, 0x0000000732000000, 0x0000000732200000|  0%| F|  |TAMS 0x0000000732000000, 0x0000000732000000| Untracked 
| 401|0x0000000732200000, 0x0000000732200000, 0x0000000732400000|  0%| F|  |TAMS 0x0000000732200000, 0x0000000732200000| Untracked 
| 402|0x0000000732400000, 0x0000000732400000, 0x0000000732600000|  0%| F|  |TAMS 0x0000000732400000, 0x0000000732400000| Untracked 
| 403|0x0000000732600000, 0x0000000732600000, 0x0000000732800000|  0%| F|  |TAMS 0x0000000732600000, 0x0000000732600000| Untracked 
| 404|0x0000000732800000, 0x0000000732800000, 0x0000000732a00000|  0%| F|  |TAMS 0x0000000732800000, 0x0000000732800000| Untracked 
| 405|0x0000000732a00000, 0x0000000732a00000, 0x0000000732c00000|  0%| F|  |TAMS 0x0000000732a00000, 0x0000000732a00000| Untracked 
| 406|0x0000000732c00000, 0x0000000732c00000, 0x0000000732e00000|  0%| F|  |TAMS 0x0000000732c00000, 0x0000000732c00000| Untracked 
| 407|0x0000000732e00000, 0x0000000732e00000, 0x0000000733000000|  0%| F|  |TAMS 0x0000000732e00000, 0x0000000732e00000| Untracked 
| 408|0x0000000733000000, 0x0000000733000000, 0x0000000733200000|  0%| F|  |TAMS 0x0000000733000000, 0x0000000733000000| Untracked 
| 409|0x0000000733200000, 0x0000000733200000, 0x0000000733400000|  0%| F|  |TAMS 0x0000000733200000, 0x0000000733200000| Untracked 
| 410|0x0000000733400000, 0x0000000733400000, 0x0000000733600000|  0%| F|  |TAMS 0x0000000733400000, 0x0000000733400000| Untracked 
| 411|0x0000000733600000, 0x0000000733600000, 0x0000000733800000|  0%| F|  |TAMS 0x0000000733600000, 0x0000000733600000| Untracked 
| 412|0x0000000733800000, 0x0000000733800000, 0x0000000733a00000|  0%| F|  |TAMS 0x0000000733800000, 0x0000000733800000| Untracked 
| 413|0x0000000733a00000, 0x0000000733a00000, 0x0000000733c00000|  0%| F|  |TAMS 0x0000000733a00000, 0x0000000733a00000| Untracked 
| 414|0x0000000733c00000, 0x0000000733c00000, 0x0000000733e00000|  0%| F|  |TAMS 0x0000000733c00000, 0x0000000733c00000| Untracked 
| 415|0x0000000733e00000, 0x0000000733e00000, 0x0000000734000000|  0%| F|  |TAMS 0x0000000733e00000, 0x0000000733e00000| Untracked 
| 416|0x0000000734000000, 0x0000000734000000, 0x0000000734200000|  0%| F|  |TAMS 0x0000000734000000, 0x0000000734000000| Untracked 
| 417|0x0000000734200000, 0x0000000734200000, 0x0000000734400000|  0%| F|  |TAMS 0x0000000734200000, 0x0000000734200000| Untracked 
| 418|0x0000000734400000, 0x0000000734400000, 0x0000000734600000|  0%| F|  |TAMS 0x0000000734400000, 0x0000000734400000| Untracked 
| 419|0x0000000734600000, 0x0000000734600000, 0x0000000734800000|  0%| F|  |TAMS 0x0000000734600000, 0x0000000734600000| Untracked 
| 420|0x0000000734800000, 0x0000000734800000, 0x0000000734a00000|  0%| F|  |TAMS 0x0000000734800000, 0x0000000734800000| Untracked 
| 421|0x0000000734a00000, 0x0000000734a00000, 0x0000000734c00000|  0%| F|  |TAMS 0x0000000734a00000, 0x0000000734a00000| Untracked 
| 422|0x0000000734c00000, 0x0000000734c00000, 0x0000000734e00000|  0%| F|  |TAMS 0x0000000734c00000, 0x0000000734c00000| Untracked 
| 423|0x0000000734e00000, 0x0000000734e00000, 0x0000000735000000|  0%| F|  |TAMS 0x0000000734e00000, 0x0000000734e00000| Untracked 
| 424|0x0000000735000000, 0x0000000735000000, 0x0000000735200000|  0%| F|  |TAMS 0x0000000735000000, 0x0000000735000000| Untracked 
| 425|0x0000000735200000, 0x0000000735200000, 0x0000000735400000|  0%| F|  |TAMS 0x0000000735200000, 0x0000000735200000| Untracked 
| 426|0x0000000735400000, 0x0000000735400000, 0x0000000735600000|  0%| F|  |TAMS 0x0000000735400000, 0x0000000735400000| Untracked 
| 427|0x0000000735600000, 0x0000000735600000, 0x0000000735800000|  0%| F|  |TAMS 0x0000000735600000, 0x0000000735600000| Untracked 
| 428|0x0000000735800000, 0x0000000735800000, 0x0000000735a00000|  0%| F|  |TAMS 0x0000000735800000, 0x0000000735800000| Untracked 
| 429|0x0000000735a00000, 0x0000000735a00000, 0x0000000735c00000|  0%| F|  |TAMS 0x0000000735a00000, 0x0000000735a00000| Untracked 
| 430|0x0000000735c00000, 0x0000000735c00000, 0x0000000735e00000|  0%| F|  |TAMS 0x0000000735c00000, 0x0000000735c00000| Untracked 
| 431|0x0000000735e00000, 0x0000000735e00000, 0x0000000736000000|  0%| F|  |TAMS 0x0000000735e00000, 0x0000000735e00000| Untracked 
| 432|0x0000000736000000, 0x0000000736000000, 0x0000000736200000|  0%| F|  |TAMS 0x0000000736000000, 0x0000000736000000| Untracked 
| 433|0x0000000736200000, 0x0000000736200000, 0x0000000736400000|  0%| F|  |TAMS 0x0000000736200000, 0x0000000736200000| Untracked 
| 434|0x0000000736400000, 0x0000000736400000, 0x0000000736600000|  0%| F|  |TAMS 0x0000000736400000, 0x0000000736400000| Untracked 
| 435|0x0000000736600000, 0x0000000736600000, 0x0000000736800000|  0%| F|  |TAMS 0x0000000736600000, 0x0000000736600000| Untracked 
| 436|0x0000000736800000, 0x0000000736800000, 0x0000000736a00000|  0%| F|  |TAMS 0x0000000736800000, 0x0000000736800000| Untracked 
| 437|0x0000000736a00000, 0x0000000736a00000, 0x0000000736c00000|  0%| F|  |TAMS 0x0000000736a00000, 0x0000000736a00000| Untracked 
| 438|0x0000000736c00000, 0x0000000736c00000, 0x0000000736e00000|  0%| F|  |TAMS 0x0000000736c00000, 0x0000000736c00000| Untracked 
| 439|0x0000000736e00000, 0x0000000736e00000, 0x0000000737000000|  0%| F|  |TAMS 0x0000000736e00000, 0x0000000736e00000| Untracked 
| 440|0x0000000737000000, 0x0000000737000000, 0x0000000737200000|  0%| F|  |TAMS 0x0000000737000000, 0x0000000737000000| Untracked 
| 441|0x0000000737200000, 0x0000000737200000, 0x0000000737400000|  0%| F|  |TAMS 0x0000000737200000, 0x0000000737200000| Untracked 
| 442|0x0000000737400000, 0x0000000737400000, 0x0000000737600000|  0%| F|  |TAMS 0x0000000737400000, 0x0000000737400000| Untracked 
| 443|0x0000000737600000, 0x0000000737600000, 0x0000000737800000|  0%| F|  |TAMS 0x0000000737600000, 0x0000000737600000| Untracked 
| 444|0x0000000737800000, 0x0000000737800000, 0x0000000737a00000|  0%| F|  |TAMS 0x0000000737800000, 0x0000000737800000| Untracked 
| 445|0x0000000737a00000, 0x0000000737a00000, 0x0000000737c00000|  0%| F|  |TAMS 0x0000000737a00000, 0x0000000737a00000| Untracked 
| 446|0x0000000737c00000, 0x0000000737c00000, 0x0000000737e00000|  0%| F|  |TAMS 0x0000000737c00000, 0x0000000737c00000| Untracked 
| 447|0x0000000737e00000, 0x0000000737e00000, 0x0000000738000000|  0%| F|  |TAMS 0x0000000737e00000, 0x0000000737e00000| Untracked 
| 448|0x0000000738000000, 0x0000000738000000, 0x0000000738200000|  0%| F|  |TAMS 0x0000000738000000, 0x0000000738000000| Untracked 
| 449|0x0000000738200000, 0x0000000738200000, 0x0000000738400000|  0%| F|  |TAMS 0x0000000738200000, 0x0000000738200000| Untracked 
| 450|0x0000000738400000, 0x0000000738400000, 0x0000000738600000|  0%| F|  |TAMS 0x0000000738400000, 0x0000000738400000| Untracked 
| 451|0x0000000738600000, 0x0000000738600000, 0x0000000738800000|  0%| F|  |TAMS 0x0000000738600000, 0x0000000738600000| Untracked 
| 452|0x0000000738800000, 0x0000000738800000, 0x0000000738a00000|  0%| F|  |TAMS 0x0000000738800000, 0x0000000738800000| Untracked 
| 453|0x0000000738a00000, 0x0000000738a00000, 0x0000000738c00000|  0%| F|  |TAMS 0x0000000738a00000, 0x0000000738a00000| Untracked 
| 454|0x0000000738c00000, 0x0000000738c00000, 0x0000000738e00000|  0%| F|  |TAMS 0x0000000738c00000, 0x0000000738c00000| Untracked 
| 455|0x0000000738e00000, 0x0000000738e00000, 0x0000000739000000|  0%| F|  |TAMS 0x0000000738e00000, 0x0000000738e00000| Untracked 
| 456|0x0000000739000000, 0x0000000739000000, 0x0000000739200000|  0%| F|  |TAMS 0x0000000739000000, 0x0000000739000000| Untracked 
| 457|0x0000000739200000, 0x0000000739200000, 0x0000000739400000|  0%| F|  |TAMS 0x0000000739200000, 0x0000000739200000| Untracked 
| 458|0x0000000739400000, 0x0000000739400000, 0x0000000739600000|  0%| F|  |TAMS 0x0000000739400000, 0x0000000739400000| Untracked 
| 459|0x0000000739600000, 0x0000000739600000, 0x0000000739800000|  0%| F|  |TAMS 0x0000000739600000, 0x0000000739600000| Untracked 
| 460|0x0000000739800000, 0x0000000739800000, 0x0000000739a00000|  0%| F|  |TAMS 0x0000000739800000, 0x0000000739800000| Untracked 
| 461|0x0000000739a00000, 0x0000000739a00000, 0x0000000739c00000|  0%| F|  |TAMS 0x0000000739a00000, 0x0000000739a00000| Untracked 
| 462|0x0000000739c00000, 0x0000000739c00000, 0x0000000739e00000|  0%| F|  |TAMS 0x0000000739c00000, 0x0000000739c00000| Untracked 
| 463|0x0000000739e00000, 0x0000000739e00000, 0x000000073a000000|  0%| F|  |TAMS 0x0000000739e00000, 0x0000000739e00000| Untracked 
| 464|0x000000073a000000, 0x000000073a000000, 0x000000073a200000|  0%| F|  |TAMS 0x000000073a000000, 0x000000073a000000| Untracked 
| 465|0x000000073a200000, 0x000000073a200000, 0x000000073a400000|  0%| F|  |TAMS 0x000000073a200000, 0x000000073a200000| Untracked 
| 466|0x000000073a400000, 0x000000073a400000, 0x000000073a600000|  0%| F|  |TAMS 0x000000073a400000, 0x000000073a400000| Untracked 
| 467|0x000000073a600000, 0x000000073a600000, 0x000000073a800000|  0%| F|  |TAMS 0x000000073a600000, 0x000000073a600000| Untracked 
| 468|0x000000073a800000, 0x000000073a800000, 0x000000073aa00000|  0%| F|  |TAMS 0x000000073a800000, 0x000000073a800000| Untracked 
| 469|0x000000073aa00000, 0x000000073aa00000, 0x000000073ac00000|  0%| F|  |TAMS 0x000000073aa00000, 0x000000073aa00000| Untracked 
| 470|0x000000073ac00000, 0x000000073ac00000, 0x000000073ae00000|  0%| F|  |TAMS 0x000000073ac00000, 0x000000073ac00000| Untracked 
| 471|0x000000073ae00000, 0x000000073ae00000, 0x000000073b000000|  0%| F|  |TAMS 0x000000073ae00000, 0x000000073ae00000| Untracked 
| 472|0x000000073b000000, 0x000000073b000000, 0x000000073b200000|  0%| F|  |TAMS 0x000000073b000000, 0x000000073b000000| Untracked 
| 473|0x000000073b200000, 0x000000073b200000, 0x000000073b400000|  0%| F|  |TAMS 0x000000073b200000, 0x000000073b200000| Untracked 
| 474|0x000000073b400000, 0x000000073b400000, 0x000000073b600000|  0%| F|  |TAMS 0x000000073b400000, 0x000000073b400000| Untracked 
| 475|0x000000073b600000, 0x000000073b600000, 0x000000073b800000|  0%| F|  |TAMS 0x000000073b600000, 0x000000073b600000| Untracked 
| 476|0x000000073b800000, 0x000000073b800000, 0x000000073ba00000|  0%| F|  |TAMS 0x000000073b800000, 0x000000073b800000| Untracked 
| 477|0x000000073ba00000, 0x000000073ba00000, 0x000000073bc00000|  0%| F|  |TAMS 0x000000073ba00000, 0x000000073ba00000| Untracked 
| 478|0x000000073bc00000, 0x000000073bc00000, 0x000000073be00000|  0%| F|  |TAMS 0x000000073bc00000, 0x000000073bc00000| Untracked 
| 479|0x000000073be00000, 0x000000073be00000, 0x000000073c000000|  0%| F|  |TAMS 0x000000073be00000, 0x000000073be00000| Untracked 
| 480|0x000000073c000000, 0x000000073c000000, 0x000000073c200000|  0%| F|  |TAMS 0x000000073c000000, 0x000000073c000000| Untracked 
| 481|0x000000073c200000, 0x000000073c200000, 0x000000073c400000|  0%| F|  |TAMS 0x000000073c200000, 0x000000073c200000| Untracked 
| 482|0x000000073c400000, 0x000000073c400000, 0x000000073c600000|  0%| F|  |TAMS 0x000000073c400000, 0x000000073c400000| Untracked 
| 483|0x000000073c600000, 0x000000073c600000, 0x000000073c800000|  0%| F|  |TAMS 0x000000073c600000, 0x000000073c600000| Untracked 
| 484|0x000000073c800000, 0x000000073c800000, 0x000000073ca00000|  0%| F|  |TAMS 0x000000073c800000, 0x000000073c800000| Untracked 
| 485|0x000000073ca00000, 0x000000073ca00000, 0x000000073cc00000|  0%| F|  |TAMS 0x000000073ca00000, 0x000000073ca00000| Untracked 
| 486|0x000000073cc00000, 0x000000073cc00000, 0x000000073ce00000|  0%| F|  |TAMS 0x000000073cc00000, 0x000000073cc00000| Untracked 
| 487|0x000000073ce00000, 0x000000073ce00000, 0x000000073d000000|  0%| F|  |TAMS 0x000000073ce00000, 0x000000073ce00000| Untracked 
| 488|0x000000073d000000, 0x000000073d000000, 0x000000073d200000|  0%| F|  |TAMS 0x000000073d000000, 0x000000073d000000| Untracked 
| 489|0x000000073d200000, 0x000000073d200000, 0x000000073d400000|  0%| F|  |TAMS 0x000000073d200000, 0x000000073d200000| Untracked 
| 490|0x000000073d400000, 0x000000073d400000, 0x000000073d600000|  0%| F|  |TAMS 0x000000073d400000, 0x000000073d400000| Untracked 
| 491|0x000000073d600000, 0x000000073d600000, 0x000000073d800000|  0%| F|  |TAMS 0x000000073d600000, 0x000000073d600000| Untracked 
| 492|0x000000073d800000, 0x000000073d800000, 0x000000073da00000|  0%| F|  |TAMS 0x000000073d800000, 0x000000073d800000| Untracked 
| 493|0x000000073da00000, 0x000000073da00000, 0x000000073dc00000|  0%| F|  |TAMS 0x000000073da00000, 0x000000073da00000| Untracked 
| 494|0x000000073dc00000, 0x000000073dc00000, 0x000000073de00000|  0%| F|  |TAMS 0x000000073dc00000, 0x000000073dc00000| Untracked 
| 495|0x000000073de00000, 0x000000073de00000, 0x000000073e000000|  0%| F|  |TAMS 0x000000073de00000, 0x000000073de00000| Untracked 
| 496|0x000000073e000000, 0x000000073e000000, 0x000000073e200000|  0%| F|  |TAMS 0x000000073e000000, 0x000000073e000000| Untracked 
| 497|0x000000073e200000, 0x000000073e200000, 0x000000073e400000|  0%| F|  |TAMS 0x000000073e200000, 0x000000073e200000| Untracked 
| 498|0x000000073e400000, 0x000000073e400000, 0x000000073e600000|  0%| F|  |TAMS 0x000000073e400000, 0x000000073e400000| Untracked 
| 499|0x000000073e600000, 0x000000073e600000, 0x000000073e800000|  0%| F|  |TAMS 0x000000073e600000, 0x000000073e600000| Untracked 
| 500|0x000000073e800000, 0x000000073e800000, 0x000000073ea00000|  0%| F|  |TAMS 0x000000073e800000, 0x000000073e800000| Untracked 
| 501|0x000000073ea00000, 0x000000073ea00000, 0x000000073ec00000|  0%| F|  |TAMS 0x000000073ea00000, 0x000000073ea00000| Untracked 
| 502|0x000000073ec00000, 0x000000073ec00000, 0x000000073ee00000|  0%| F|  |TAMS 0x000000073ec00000, 0x000000073ec00000| Untracked 
| 503|0x000000073ee00000, 0x000000073ee00000, 0x000000073f000000|  0%| F|  |TAMS 0x000000073ee00000, 0x000000073ee00000| Untracked 
| 504|0x000000073f000000, 0x000000073f000000, 0x000000073f200000|  0%| F|  |TAMS 0x000000073f000000, 0x000000073f000000| Untracked 
| 505|0x000000073f200000, 0x000000073f200000, 0x000000073f400000|  0%| F|  |TAMS 0x000000073f200000, 0x000000073f200000| Untracked 
| 506|0x000000073f400000, 0x000000073f400000, 0x000000073f600000|  0%| F|  |TAMS 0x000000073f400000, 0x000000073f400000| Untracked 
| 507|0x000000073f600000, 0x000000073f600000, 0x000000073f800000|  0%| F|  |TAMS 0x000000073f600000, 0x000000073f600000| Untracked 
| 508|0x000000073f800000, 0x000000073f800000, 0x000000073fa00000|  0%| F|  |TAMS 0x000000073f800000, 0x000000073f800000| Untracked 
| 509|0x000000073fa00000, 0x000000073fa00000, 0x000000073fc00000|  0%| F|  |TAMS 0x000000073fa00000, 0x000000073fa00000| Untracked 
| 510|0x000000073fc00000, 0x000000073fc00000, 0x000000073fe00000|  0%| F|  |TAMS 0x000000073fc00000, 0x000000073fc00000| Untracked 
| 511|0x000000073fe00000, 0x000000073fe00000, 0x0000000740000000|  0%| F|  |TAMS 0x000000073fe00000, 0x000000073fe00000| Untracked 
| 512|0x0000000740000000, 0x0000000740000000, 0x0000000740200000|  0%| F|  |TAMS 0x0000000740000000, 0x0000000740000000| Untracked 
| 513|0x0000000740200000, 0x0000000740200000, 0x0000000740400000|  0%| F|  |TAMS 0x0000000740200000, 0x0000000740200000| Untracked 
| 514|0x0000000740400000, 0x0000000740400000, 0x0000000740600000|  0%| F|  |TAMS 0x0000000740400000, 0x0000000740400000| Untracked 
| 515|0x0000000740600000, 0x0000000740600000, 0x0000000740800000|  0%| F|  |TAMS 0x0000000740600000, 0x0000000740600000| Untracked 
| 516|0x0000000740800000, 0x0000000740800000, 0x0000000740a00000|  0%| F|  |TAMS 0x0000000740800000, 0x0000000740800000| Untracked 
| 517|0x0000000740a00000, 0x0000000740a00000, 0x0000000740c00000|  0%| F|  |TAMS 0x0000000740a00000, 0x0000000740a00000| Untracked 
| 518|0x0000000740c00000, 0x0000000740c00000, 0x0000000740e00000|  0%| F|  |TAMS 0x0000000740c00000, 0x0000000740c00000| Untracked 
| 519|0x0000000740e00000, 0x0000000740e00000, 0x0000000741000000|  0%| F|  |TAMS 0x0000000740e00000, 0x0000000740e00000| Untracked 
| 520|0x0000000741000000, 0x0000000741000000, 0x0000000741200000|  0%| F|  |TAMS 0x0000000741000000, 0x0000000741000000| Untracked 
| 521|0x0000000741200000, 0x0000000741200000, 0x0000000741400000|  0%| F|  |TAMS 0x0000000741200000, 0x0000000741200000| Untracked 
| 522|0x0000000741400000, 0x0000000741400000, 0x0000000741600000|  0%| F|  |TAMS 0x0000000741400000, 0x0000000741400000| Untracked 
| 523|0x0000000741600000, 0x0000000741600000, 0x0000000741800000|  0%| F|  |TAMS 0x0000000741600000, 0x0000000741600000| Untracked 
| 524|0x0000000741800000, 0x0000000741800000, 0x0000000741a00000|  0%| F|  |TAMS 0x0000000741800000, 0x0000000741800000| Untracked 
| 525|0x0000000741a00000, 0x0000000741a00000, 0x0000000741c00000|  0%| F|  |TAMS 0x0000000741a00000, 0x0000000741a00000| Untracked 
| 526|0x0000000741c00000, 0x0000000741c00000, 0x0000000741e00000|  0%| F|  |TAMS 0x0000000741c00000, 0x0000000741c00000| Untracked 
| 527|0x0000000741e00000, 0x0000000741e00000, 0x0000000742000000|  0%| F|  |TAMS 0x0000000741e00000, 0x0000000741e00000| Untracked 
| 528|0x0000000742000000, 0x0000000742000000, 0x0000000742200000|  0%| F|  |TAMS 0x0000000742000000, 0x0000000742000000| Untracked 
| 529|0x0000000742200000, 0x0000000742200000, 0x0000000742400000|  0%| F|  |TAMS 0x0000000742200000, 0x0000000742200000| Untracked 
| 530|0x0000000742400000, 0x0000000742400000, 0x0000000742600000|  0%| F|  |TAMS 0x0000000742400000, 0x0000000742400000| Untracked 
| 531|0x0000000742600000, 0x0000000742600000, 0x0000000742800000|  0%| F|  |TAMS 0x0000000742600000, 0x0000000742600000| Untracked 
| 532|0x0000000742800000, 0x0000000742800000, 0x0000000742a00000|  0%| F|  |TAMS 0x0000000742800000, 0x0000000742800000| Untracked 
| 533|0x0000000742a00000, 0x0000000742a00000, 0x0000000742c00000|  0%| F|  |TAMS 0x0000000742a00000, 0x0000000742a00000| Untracked 
| 534|0x0000000742c00000, 0x0000000742c00000, 0x0000000742e00000|  0%| F|  |TAMS 0x0000000742c00000, 0x0000000742c00000| Untracked 
| 535|0x0000000742e00000, 0x0000000742e00000, 0x0000000743000000|  0%| F|  |TAMS 0x0000000742e00000, 0x0000000742e00000| Untracked 
| 536|0x0000000743000000, 0x0000000743000000, 0x0000000743200000|  0%| F|  |TAMS 0x0000000743000000, 0x0000000743000000| Untracked 
| 537|0x0000000743200000, 0x0000000743200000, 0x0000000743400000|  0%| F|  |TAMS 0x0000000743200000, 0x0000000743200000| Untracked 
| 538|0x0000000743400000, 0x0000000743400000, 0x0000000743600000|  0%| F|  |TAMS 0x0000000743400000, 0x0000000743400000| Untracked 
| 539|0x0000000743600000, 0x0000000743600000, 0x0000000743800000|  0%| F|  |TAMS 0x0000000743600000, 0x0000000743600000| Untracked 
| 540|0x0000000743800000, 0x0000000743800000, 0x0000000743a00000|  0%| F|  |TAMS 0x0000000743800000, 0x0000000743800000| Untracked 
| 541|0x0000000743a00000, 0x0000000743a00000, 0x0000000743c00000|  0%| F|  |TAMS 0x0000000743a00000, 0x0000000743a00000| Untracked 
| 542|0x0000000743c00000, 0x0000000743c00000, 0x0000000743e00000|  0%| F|  |TAMS 0x0000000743c00000, 0x0000000743c00000| Untracked 
| 543|0x0000000743e00000, 0x0000000743e00000, 0x0000000744000000|  0%| F|  |TAMS 0x0000000743e00000, 0x0000000743e00000| Untracked 
| 544|0x0000000744000000, 0x0000000744000000, 0x0000000744200000|  0%| F|  |TAMS 0x0000000744000000, 0x0000000744000000| Untracked 
| 545|0x0000000744200000, 0x0000000744200000, 0x0000000744400000|  0%| F|  |TAMS 0x0000000744200000, 0x0000000744200000| Untracked 
| 546|0x0000000744400000, 0x0000000744400000, 0x0000000744600000|  0%| F|  |TAMS 0x0000000744400000, 0x0000000744400000| Untracked 
| 547|0x0000000744600000, 0x0000000744600000, 0x0000000744800000|  0%| F|  |TAMS 0x0000000744600000, 0x0000000744600000| Untracked 
| 548|0x0000000744800000, 0x0000000744800000, 0x0000000744a00000|  0%| F|  |TAMS 0x0000000744800000, 0x0000000744800000| Untracked 
| 549|0x0000000744a00000, 0x0000000744a00000, 0x0000000744c00000|  0%| F|  |TAMS 0x0000000744a00000, 0x0000000744a00000| Untracked 
| 550|0x0000000744c00000, 0x0000000744c00000, 0x0000000744e00000|  0%| F|  |TAMS 0x0000000744c00000, 0x0000000744c00000| Untracked 
| 551|0x0000000744e00000, 0x0000000744e00000, 0x0000000745000000|  0%| F|  |TAMS 0x0000000744e00000, 0x0000000744e00000| Untracked 
| 552|0x0000000745000000, 0x0000000745000000, 0x0000000745200000|  0%| F|  |TAMS 0x0000000745000000, 0x0000000745000000| Untracked 
| 553|0x0000000745200000, 0x0000000745200000, 0x0000000745400000|  0%| F|  |TAMS 0x0000000745200000, 0x0000000745200000| Untracked 
| 554|0x0000000745400000, 0x0000000745400000, 0x0000000745600000|  0%| F|  |TAMS 0x0000000745400000, 0x0000000745400000| Untracked 
| 555|0x0000000745600000, 0x0000000745600000, 0x0000000745800000|  0%| F|  |TAMS 0x0000000745600000, 0x0000000745600000| Untracked 
| 556|0x0000000745800000, 0x0000000745800000, 0x0000000745a00000|  0%| F|  |TAMS 0x0000000745800000, 0x0000000745800000| Untracked 
| 557|0x0000000745a00000, 0x0000000745a00000, 0x0000000745c00000|  0%| F|  |TAMS 0x0000000745a00000, 0x0000000745a00000| Untracked 
| 558|0x0000000745c00000, 0x0000000745c00000, 0x0000000745e00000|  0%| F|  |TAMS 0x0000000745c00000, 0x0000000745c00000| Untracked 
| 559|0x0000000745e00000, 0x0000000745e00000, 0x0000000746000000|  0%| F|  |TAMS 0x0000000745e00000, 0x0000000745e00000| Untracked 
| 560|0x0000000746000000, 0x0000000746000000, 0x0000000746200000|  0%| F|  |TAMS 0x0000000746000000, 0x0000000746000000| Untracked 
| 561|0x0000000746200000, 0x0000000746200000, 0x0000000746400000|  0%| F|  |TAMS 0x0000000746200000, 0x0000000746200000| Untracked 
| 562|0x0000000746400000, 0x0000000746400000, 0x0000000746600000|  0%| F|  |TAMS 0x0000000746400000, 0x0000000746400000| Untracked 
| 563|0x0000000746600000, 0x0000000746600000, 0x0000000746800000|  0%| F|  |TAMS 0x0000000746600000, 0x0000000746600000| Untracked 
| 564|0x0000000746800000, 0x0000000746800000, 0x0000000746a00000|  0%| F|  |TAMS 0x0000000746800000, 0x0000000746800000| Untracked 
| 565|0x0000000746a00000, 0x0000000746a00000, 0x0000000746c00000|  0%| F|  |TAMS 0x0000000746a00000, 0x0000000746a00000| Untracked 
| 566|0x0000000746c00000, 0x0000000746c00000, 0x0000000746e00000|  0%| F|  |TAMS 0x0000000746c00000, 0x0000000746c00000| Untracked 
| 567|0x0000000746e00000, 0x0000000746e00000, 0x0000000747000000|  0%| F|  |TAMS 0x0000000746e00000, 0x0000000746e00000| Untracked 
| 568|0x0000000747000000, 0x0000000747000000, 0x0000000747200000|  0%| F|  |TAMS 0x0000000747000000, 0x0000000747000000| Untracked 
| 569|0x0000000747200000, 0x0000000747200000, 0x0000000747400000|  0%| F|  |TAMS 0x0000000747200000, 0x0000000747200000| Untracked 
| 570|0x0000000747400000, 0x0000000747400000, 0x0000000747600000|  0%| F|  |TAMS 0x0000000747400000, 0x0000000747400000| Untracked 
| 571|0x0000000747600000, 0x0000000747600000, 0x0000000747800000|  0%| F|  |TAMS 0x0000000747600000, 0x0000000747600000| Untracked 
| 572|0x0000000747800000, 0x0000000747800000, 0x0000000747a00000|  0%| F|  |TAMS 0x0000000747800000, 0x0000000747800000| Untracked 
| 573|0x0000000747a00000, 0x0000000747a00000, 0x0000000747c00000|  0%| F|  |TAMS 0x0000000747a00000, 0x0000000747a00000| Untracked 
| 574|0x0000000747c00000, 0x0000000747c00000, 0x0000000747e00000|  0%| F|  |TAMS 0x0000000747c00000, 0x0000000747c00000| Untracked 
| 575|0x0000000747e00000, 0x0000000747e00000, 0x0000000748000000|  0%| F|  |TAMS 0x0000000747e00000, 0x0000000747e00000| Untracked 
| 576|0x0000000748000000, 0x0000000748000000, 0x0000000748200000|  0%| F|  |TAMS 0x0000000748000000, 0x0000000748000000| Untracked 
| 577|0x0000000748200000, 0x0000000748200000, 0x0000000748400000|  0%| F|  |TAMS 0x0000000748200000, 0x0000000748200000| Untracked 
| 578|0x0000000748400000, 0x0000000748400000, 0x0000000748600000|  0%| F|  |TAMS 0x0000000748400000, 0x0000000748400000| Untracked 
| 579|0x0000000748600000, 0x0000000748600000, 0x0000000748800000|  0%| F|  |TAMS 0x0000000748600000, 0x0000000748600000| Untracked 
| 580|0x0000000748800000, 0x0000000748800000, 0x0000000748a00000|  0%| F|  |TAMS 0x0000000748800000, 0x0000000748800000| Untracked 
| 581|0x0000000748a00000, 0x0000000748a00000, 0x0000000748c00000|  0%| F|  |TAMS 0x0000000748a00000, 0x0000000748a00000| Untracked 
| 582|0x0000000748c00000, 0x0000000748c00000, 0x0000000748e00000|  0%| F|  |TAMS 0x0000000748c00000, 0x0000000748c00000| Untracked 
| 583|0x0000000748e00000, 0x0000000748e00000, 0x0000000749000000|  0%| F|  |TAMS 0x0000000748e00000, 0x0000000748e00000| Untracked 
| 584|0x0000000749000000, 0x0000000749000000, 0x0000000749200000|  0%| F|  |TAMS 0x0000000749000000, 0x0000000749000000| Untracked 
| 585|0x0000000749200000, 0x0000000749200000, 0x0000000749400000|  0%| F|  |TAMS 0x0000000749200000, 0x0000000749200000| Untracked 
| 586|0x0000000749400000, 0x0000000749400000, 0x0000000749600000|  0%| F|  |TAMS 0x0000000749400000, 0x0000000749400000| Untracked 
| 587|0x0000000749600000, 0x0000000749600000, 0x0000000749800000|  0%| F|  |TAMS 0x0000000749600000, 0x0000000749600000| Untracked 
| 588|0x0000000749800000, 0x0000000749800000, 0x0000000749a00000|  0%| F|  |TAMS 0x0000000749800000, 0x0000000749800000| Untracked 
| 589|0x0000000749a00000, 0x0000000749a00000, 0x0000000749c00000|  0%| F|  |TAMS 0x0000000749a00000, 0x0000000749a00000| Untracked 
| 590|0x0000000749c00000, 0x0000000749c00000, 0x0000000749e00000|  0%| F|  |TAMS 0x0000000749c00000, 0x0000000749c00000| Untracked 
| 591|0x0000000749e00000, 0x0000000749e00000, 0x000000074a000000|  0%| F|  |TAMS 0x0000000749e00000, 0x0000000749e00000| Untracked 
| 592|0x000000074a000000, 0x000000074a000000, 0x000000074a200000|  0%| F|  |TAMS 0x000000074a000000, 0x000000074a000000| Untracked 
| 593|0x000000074a200000, 0x000000074a200000, 0x000000074a400000|  0%| F|  |TAMS 0x000000074a200000, 0x000000074a200000| Untracked 
| 594|0x000000074a400000, 0x000000074a400000, 0x000000074a600000|  0%| F|  |TAMS 0x000000074a400000, 0x000000074a400000| Untracked 
| 595|0x000000074a600000, 0x000000074a600000, 0x000000074a800000|  0%| F|  |TAMS 0x000000074a600000, 0x000000074a600000| Untracked 
| 596|0x000000074a800000, 0x000000074a800000, 0x000000074aa00000|  0%| F|  |TAMS 0x000000074a800000, 0x000000074a800000| Untracked 
| 597|0x000000074aa00000, 0x000000074aa00000, 0x000000074ac00000|  0%| F|  |TAMS 0x000000074aa00000, 0x000000074aa00000| Untracked 
| 598|0x000000074ac00000, 0x000000074ac00000, 0x000000074ae00000|  0%| F|  |TAMS 0x000000074ac00000, 0x000000074ac00000| Untracked 
| 599|0x000000074ae00000, 0x000000074ae00000, 0x000000074b000000|  0%| F|  |TAMS 0x000000074ae00000, 0x000000074ae00000| Untracked 
| 600|0x000000074b000000, 0x000000074b000000, 0x000000074b200000|  0%| F|  |TAMS 0x000000074b000000, 0x000000074b000000| Untracked 
| 601|0x000000074b200000, 0x000000074b200000, 0x000000074b400000|  0%| F|  |TAMS 0x000000074b200000, 0x000000074b200000| Untracked 
| 602|0x000000074b400000, 0x000000074b400000, 0x000000074b600000|  0%| F|  |TAMS 0x000000074b400000, 0x000000074b400000| Untracked 
| 603|0x000000074b600000, 0x000000074b600000, 0x000000074b800000|  0%| F|  |TAMS 0x000000074b600000, 0x000000074b600000| Untracked 
| 604|0x000000074b800000, 0x000000074b800000, 0x000000074ba00000|  0%| F|  |TAMS 0x000000074b800000, 0x000000074b800000| Untracked 
| 605|0x000000074ba00000, 0x000000074ba00000, 0x000000074bc00000|  0%| F|  |TAMS 0x000000074ba00000, 0x000000074ba00000| Untracked 
| 606|0x000000074bc00000, 0x000000074bc00000, 0x000000074be00000|  0%| F|  |TAMS 0x000000074bc00000, 0x000000074bc00000| Untracked 
| 607|0x000000074be00000, 0x000000074be00000, 0x000000074c000000|  0%| F|  |TAMS 0x000000074be00000, 0x000000074be00000| Untracked 
| 608|0x000000074c000000, 0x000000074c000000, 0x000000074c200000|  0%| F|  |TAMS 0x000000074c000000, 0x000000074c000000| Untracked 
| 609|0x000000074c200000, 0x000000074c200000, 0x000000074c400000|  0%| F|  |TAMS 0x000000074c200000, 0x000000074c200000| Untracked 
| 610|0x000000074c400000, 0x000000074c400000, 0x000000074c600000|  0%| F|  |TAMS 0x000000074c400000, 0x000000074c400000| Untracked 
| 611|0x000000074c600000, 0x000000074c600000, 0x000000074c800000|  0%| F|  |TAMS 0x000000074c600000, 0x000000074c600000| Untracked 
| 612|0x000000074c800000, 0x000000074c800000, 0x000000074ca00000|  0%| F|  |TAMS 0x000000074c800000, 0x000000074c800000| Untracked 
| 613|0x000000074ca00000, 0x000000074ca00000, 0x000000074cc00000|  0%| F|  |TAMS 0x000000074ca00000, 0x000000074ca00000| Untracked 
| 614|0x000000074cc00000, 0x000000074cc00000, 0x000000074ce00000|  0%| F|  |TAMS 0x000000074cc00000, 0x000000074cc00000| Untracked 
| 615|0x000000074ce00000, 0x000000074ce00000, 0x000000074d000000|  0%| F|  |TAMS 0x000000074ce00000, 0x000000074ce00000| Untracked 
| 616|0x000000074d000000, 0x000000074d000000, 0x000000074d200000|  0%| F|  |TAMS 0x000000074d000000, 0x000000074d000000| Untracked 
| 617|0x000000074d200000, 0x000000074d200000, 0x000000074d400000|  0%| F|  |TAMS 0x000000074d200000, 0x000000074d200000| Untracked 
| 618|0x000000074d400000, 0x000000074d400000, 0x000000074d600000|  0%| F|  |TAMS 0x000000074d400000, 0x000000074d400000| Untracked 
| 619|0x000000074d600000, 0x000000074d600000, 0x000000074d800000|  0%| F|  |TAMS 0x000000074d600000, 0x000000074d600000| Untracked 
| 620|0x000000074d800000, 0x000000074d800000, 0x000000074da00000|  0%| F|  |TAMS 0x000000074d800000, 0x000000074d800000| Untracked 
| 621|0x000000074da00000, 0x000000074da00000, 0x000000074dc00000|  0%| F|  |TAMS 0x000000074da00000, 0x000000074da00000| Untracked 
| 622|0x000000074dc00000, 0x000000074dc00000, 0x000000074de00000|  0%| F|  |TAMS 0x000000074dc00000, 0x000000074dc00000| Untracked 
| 623|0x000000074de00000, 0x000000074de00000, 0x000000074e000000|  0%| F|  |TAMS 0x000000074de00000, 0x000000074de00000| Untracked 
| 624|0x000000074e000000, 0x000000074e000000, 0x000000074e200000|  0%| F|  |TAMS 0x000000074e000000, 0x000000074e000000| Untracked 
| 625|0x000000074e200000, 0x000000074e200000, 0x000000074e400000|  0%| F|  |TAMS 0x000000074e200000, 0x000000074e200000| Untracked 
| 626|0x000000074e400000, 0x000000074e400000, 0x000000074e600000|  0%| F|  |TAMS 0x000000074e400000, 0x000000074e400000| Untracked 
| 627|0x000000074e600000, 0x000000074e600000, 0x000000074e800000|  0%| F|  |TAMS 0x000000074e600000, 0x000000074e600000| Untracked 
| 628|0x000000074e800000, 0x000000074e800000, 0x000000074ea00000|  0%| F|  |TAMS 0x000000074e800000, 0x000000074e800000| Untracked 
| 629|0x000000074ea00000, 0x000000074ea00000, 0x000000074ec00000|  0%| F|  |TAMS 0x000000074ea00000, 0x000000074ea00000| Untracked 
| 630|0x000000074ec00000, 0x000000074ec00000, 0x000000074ee00000|  0%| F|  |TAMS 0x000000074ec00000, 0x000000074ec00000| Untracked 
| 631|0x000000074ee00000, 0x000000074ee00000, 0x000000074f000000|  0%| F|  |TAMS 0x000000074ee00000, 0x000000074ee00000| Untracked 
| 632|0x000000074f000000, 0x000000074f000000, 0x000000074f200000|  0%| F|  |TAMS 0x000000074f000000, 0x000000074f000000| Untracked 
| 633|0x000000074f200000, 0x000000074f200000, 0x000000074f400000|  0%| F|  |TAMS 0x000000074f200000, 0x000000074f200000| Untracked 
| 634|0x000000074f400000, 0x000000074f400000, 0x000000074f600000|  0%| F|  |TAMS 0x000000074f400000, 0x000000074f400000| Untracked 
| 635|0x000000074f600000, 0x000000074f600000, 0x000000074f800000|  0%| F|  |TAMS 0x000000074f600000, 0x000000074f600000| Untracked 
| 636|0x000000074f800000, 0x000000074f800000, 0x000000074fa00000|  0%| F|  |TAMS 0x000000074f800000, 0x000000074f800000| Untracked 
| 637|0x000000074fa00000, 0x000000074fa00000, 0x000000074fc00000|  0%| F|  |TAMS 0x000000074fa00000, 0x000000074fa00000| Untracked 
| 638|0x000000074fc00000, 0x000000074fc00000, 0x000000074fe00000|  0%| F|  |TAMS 0x000000074fc00000, 0x000000074fc00000| Untracked 
| 639|0x000000074fe00000, 0x000000074fe00000, 0x0000000750000000|  0%| F|  |TAMS 0x000000074fe00000, 0x000000074fe00000| Untracked 
| 640|0x0000000750000000, 0x0000000750000000, 0x0000000750200000|  0%| F|  |TAMS 0x0000000750000000, 0x0000000750000000| Untracked 
| 641|0x0000000750200000, 0x0000000750200000, 0x0000000750400000|  0%| F|  |TAMS 0x0000000750200000, 0x0000000750200000| Untracked 
| 642|0x0000000750400000, 0x0000000750400000, 0x0000000750600000|  0%| F|  |TAMS 0x0000000750400000, 0x0000000750400000| Untracked 
| 643|0x0000000750600000, 0x0000000750600000, 0x0000000750800000|  0%| F|  |TAMS 0x0000000750600000, 0x0000000750600000| Untracked 
| 644|0x0000000750800000, 0x0000000750800000, 0x0000000750a00000|  0%| F|  |TAMS 0x0000000750800000, 0x0000000750800000| Untracked 
| 645|0x0000000750a00000, 0x0000000750a00000, 0x0000000750c00000|  0%| F|  |TAMS 0x0000000750a00000, 0x0000000750a00000| Untracked 
| 646|0x0000000750c00000, 0x0000000750c00000, 0x0000000750e00000|  0%| F|  |TAMS 0x0000000750c00000, 0x0000000750c00000| Untracked 
| 647|0x0000000750e00000, 0x0000000750e00000, 0x0000000751000000|  0%| F|  |TAMS 0x0000000750e00000, 0x0000000750e00000| Untracked 
| 648|0x0000000751000000, 0x0000000751000000, 0x0000000751200000|  0%| F|  |TAMS 0x0000000751000000, 0x0000000751000000| Untracked 
| 649|0x0000000751200000, 0x0000000751200000, 0x0000000751400000|  0%| F|  |TAMS 0x0000000751200000, 0x0000000751200000| Untracked 
| 650|0x0000000751400000, 0x0000000751400000, 0x0000000751600000|  0%| F|  |TAMS 0x0000000751400000, 0x0000000751400000| Untracked 
| 651|0x0000000751600000, 0x0000000751600000, 0x0000000751800000|  0%| F|  |TAMS 0x0000000751600000, 0x0000000751600000| Untracked 
| 652|0x0000000751800000, 0x0000000751800000, 0x0000000751a00000|  0%| F|  |TAMS 0x0000000751800000, 0x0000000751800000| Untracked 
| 653|0x0000000751a00000, 0x0000000751a00000, 0x0000000751c00000|  0%| F|  |TAMS 0x0000000751a00000, 0x0000000751a00000| Untracked 
| 654|0x0000000751c00000, 0x0000000751c00000, 0x0000000751e00000|  0%| F|  |TAMS 0x0000000751c00000, 0x0000000751c00000| Untracked 
| 655|0x0000000751e00000, 0x0000000751e00000, 0x0000000752000000|  0%| F|  |TAMS 0x0000000751e00000, 0x0000000751e00000| Untracked 
| 656|0x0000000752000000, 0x0000000752000000, 0x0000000752200000|  0%| F|  |TAMS 0x0000000752000000, 0x0000000752000000| Untracked 
| 657|0x0000000752200000, 0x0000000752200000, 0x0000000752400000|  0%| F|  |TAMS 0x0000000752200000, 0x0000000752200000| Untracked 
| 658|0x0000000752400000, 0x0000000752400000, 0x0000000752600000|  0%| F|  |TAMS 0x0000000752400000, 0x0000000752400000| Untracked 
| 659|0x0000000752600000, 0x0000000752600000, 0x0000000752800000|  0%| F|  |TAMS 0x0000000752600000, 0x0000000752600000| Untracked 
| 660|0x0000000752800000, 0x0000000752800000, 0x0000000752a00000|  0%| F|  |TAMS 0x0000000752800000, 0x0000000752800000| Untracked 
| 661|0x0000000752a00000, 0x0000000752a00000, 0x0000000752c00000|  0%| F|  |TAMS 0x0000000752a00000, 0x0000000752a00000| Untracked 
| 662|0x0000000752c00000, 0x0000000752c00000, 0x0000000752e00000|  0%| F|  |TAMS 0x0000000752c00000, 0x0000000752c00000| Untracked 
| 663|0x0000000752e00000, 0x0000000752e00000, 0x0000000753000000|  0%| F|  |TAMS 0x0000000752e00000, 0x0000000752e00000| Untracked 
| 664|0x0000000753000000, 0x0000000753000000, 0x0000000753200000|  0%| F|  |TAMS 0x0000000753000000, 0x0000000753000000| Untracked 
| 665|0x0000000753200000, 0x0000000753200000, 0x0000000753400000|  0%| F|  |TAMS 0x0000000753200000, 0x0000000753200000| Untracked 
| 666|0x0000000753400000, 0x0000000753400000, 0x0000000753600000|  0%| F|  |TAMS 0x0000000753400000, 0x0000000753400000| Untracked 
| 667|0x0000000753600000, 0x0000000753600000, 0x0000000753800000|  0%| F|  |TAMS 0x0000000753600000, 0x0000000753600000| Untracked 
| 668|0x0000000753800000, 0x0000000753800000, 0x0000000753a00000|  0%| F|  |TAMS 0x0000000753800000, 0x0000000753800000| Untracked 
| 669|0x0000000753a00000, 0x0000000753a00000, 0x0000000753c00000|  0%| F|  |TAMS 0x0000000753a00000, 0x0000000753a00000| Untracked 
| 670|0x0000000753c00000, 0x0000000753c00000, 0x0000000753e00000|  0%| F|  |TAMS 0x0000000753c00000, 0x0000000753c00000| Untracked 
| 671|0x0000000753e00000, 0x0000000753e00000, 0x0000000754000000|  0%| F|  |TAMS 0x0000000753e00000, 0x0000000753e00000| Untracked 
| 672|0x0000000754000000, 0x0000000754000000, 0x0000000754200000|  0%| F|  |TAMS 0x0000000754000000, 0x0000000754000000| Untracked 
| 673|0x0000000754200000, 0x0000000754200000, 0x0000000754400000|  0%| F|  |TAMS 0x0000000754200000, 0x0000000754200000| Untracked 
| 674|0x0000000754400000, 0x0000000754400000, 0x0000000754600000|  0%| F|  |TAMS 0x0000000754400000, 0x0000000754400000| Untracked 
| 675|0x0000000754600000, 0x0000000754600000, 0x0000000754800000|  0%| F|  |TAMS 0x0000000754600000, 0x0000000754600000| Untracked 
| 676|0x0000000754800000, 0x0000000754800000, 0x0000000754a00000|  0%| F|  |TAMS 0x0000000754800000, 0x0000000754800000| Untracked 
| 677|0x0000000754a00000, 0x0000000754a00000, 0x0000000754c00000|  0%| F|  |TAMS 0x0000000754a00000, 0x0000000754a00000| Untracked 
| 678|0x0000000754c00000, 0x0000000754c00000, 0x0000000754e00000|  0%| F|  |TAMS 0x0000000754c00000, 0x0000000754c00000| Untracked 
| 679|0x0000000754e00000, 0x0000000754e00000, 0x0000000755000000|  0%| F|  |TAMS 0x0000000754e00000, 0x0000000754e00000| Untracked 
| 680|0x0000000755000000, 0x0000000755000000, 0x0000000755200000|  0%| F|  |TAMS 0x0000000755000000, 0x0000000755000000| Untracked 
| 681|0x0000000755200000, 0x0000000755200000, 0x0000000755400000|  0%| F|  |TAMS 0x0000000755200000, 0x0000000755200000| Untracked 
| 682|0x0000000755400000, 0x0000000755600000, 0x0000000755600000|100%| S|CS|TAMS 0x0000000755400000, 0x0000000755400000| Complete 
| 683|0x0000000755600000, 0x0000000755800000, 0x0000000755800000|100%| S|CS|TAMS 0x0000000755600000, 0x0000000755600000| Complete 
| 684|0x0000000755800000, 0x0000000755a00000, 0x0000000755a00000|100%| S|CS|TAMS 0x0000000755800000, 0x0000000755800000| Complete 
| 685|0x0000000755a00000, 0x0000000755c00000, 0x0000000755c00000|100%| S|CS|TAMS 0x0000000755a00000, 0x0000000755a00000| Complete 
| 686|0x0000000755c00000, 0x0000000755e00000, 0x0000000755e00000|100%| S|CS|TAMS 0x0000000755c00000, 0x0000000755c00000| Complete 
| 687|0x0000000755e00000, 0x0000000756000000, 0x0000000756000000|100%| S|CS|TAMS 0x0000000755e00000, 0x0000000755e00000| Complete 
| 688|0x0000000756000000, 0x0000000756200000, 0x0000000756200000|100%| S|CS|TAMS 0x0000000756000000, 0x0000000756000000| Complete 
| 689|0x0000000756200000, 0x0000000756400000, 0x0000000756400000|100%| S|CS|TAMS 0x0000000756200000, 0x0000000756200000| Complete 
| 690|0x0000000756400000, 0x0000000756600000, 0x0000000756600000|100%| S|CS|TAMS 0x0000000756400000, 0x0000000756400000| Complete 
| 691|0x0000000756600000, 0x0000000756800000, 0x0000000756800000|100%| S|CS|TAMS 0x0000000756600000, 0x0000000756600000| Complete 
| 692|0x0000000756800000, 0x0000000756a00000, 0x0000000756a00000|100%| S|CS|TAMS 0x0000000756800000, 0x0000000756800000| Complete 
| 693|0x0000000756a00000, 0x0000000756c00000, 0x0000000756c00000|100%| S|CS|TAMS 0x0000000756a00000, 0x0000000756a00000| Complete 
| 694|0x0000000756c00000, 0x0000000756e00000, 0x0000000756e00000|100%| S|CS|TAMS 0x0000000756c00000, 0x0000000756c00000| Complete 
| 695|0x0000000756e00000, 0x0000000757000000, 0x0000000757000000|100%| S|CS|TAMS 0x0000000756e00000, 0x0000000756e00000| Complete 
| 696|0x0000000757000000, 0x0000000757200000, 0x0000000757200000|100%| S|CS|TAMS 0x0000000757000000, 0x0000000757000000| Complete 
| 697|0x0000000757200000, 0x0000000757400000, 0x0000000757400000|100%| S|CS|TAMS 0x0000000757200000, 0x0000000757200000| Complete 
| 698|0x0000000757400000, 0x0000000757400000, 0x0000000757600000|  0%| F|  |TAMS 0x0000000757400000, 0x0000000757400000| Untracked 
| 699|0x0000000757600000, 0x0000000757600000, 0x0000000757800000|  0%| F|  |TAMS 0x0000000757600000, 0x0000000757600000| Untracked 
| 700|0x0000000757800000, 0x0000000757800000, 0x0000000757a00000|  0%| F|  |TAMS 0x0000000757800000, 0x0000000757800000| Untracked 
| 701|0x0000000757a00000, 0x0000000757a00000, 0x0000000757c00000|  0%| F|  |TAMS 0x0000000757a00000, 0x0000000757a00000| Untracked 
| 702|0x0000000757c00000, 0x0000000757c00000, 0x0000000757e00000|  0%| F|  |TAMS 0x0000000757c00000, 0x0000000757c00000| Untracked 
| 703|0x0000000757e00000, 0x0000000757e00000, 0x0000000758000000|  0%| F|  |TAMS 0x0000000757e00000, 0x0000000757e00000| Untracked 
| 704|0x0000000758000000, 0x0000000758000000, 0x0000000758200000|  0%| F|  |TAMS 0x0000000758000000, 0x0000000758000000| Untracked 
| 705|0x0000000758200000, 0x0000000758200000, 0x0000000758400000|  0%| F|  |TAMS 0x0000000758200000, 0x0000000758200000| Untracked 
| 706|0x0000000758400000, 0x0000000758400000, 0x0000000758600000|  0%| F|  |TAMS 0x0000000758400000, 0x0000000758400000| Untracked 
| 707|0x0000000758600000, 0x0000000758600000, 0x0000000758800000|  0%| F|  |TAMS 0x0000000758600000, 0x0000000758600000| Untracked 
| 708|0x0000000758800000, 0x0000000758800000, 0x0000000758a00000|  0%| F|  |TAMS 0x0000000758800000, 0x0000000758800000| Untracked 
| 709|0x0000000758a00000, 0x0000000758a00000, 0x0000000758c00000|  0%| F|  |TAMS 0x0000000758a00000, 0x0000000758a00000| Untracked 
| 710|0x0000000758c00000, 0x0000000758c00000, 0x0000000758e00000|  0%| F|  |TAMS 0x0000000758c00000, 0x0000000758c00000| Untracked 
| 711|0x0000000758e00000, 0x0000000758e00000, 0x0000000759000000|  0%| F|  |TAMS 0x0000000758e00000, 0x0000000758e00000| Untracked 
| 712|0x0000000759000000, 0x0000000759000000, 0x0000000759200000|  0%| F|  |TAMS 0x0000000759000000, 0x0000000759000000| Untracked 
| 713|0x0000000759200000, 0x0000000759200000, 0x0000000759400000|  0%| F|  |TAMS 0x0000000759200000, 0x0000000759200000| Untracked 
| 714|0x0000000759400000, 0x0000000759400000, 0x0000000759600000|  0%| F|  |TAMS 0x0000000759400000, 0x0000000759400000| Untracked 
| 715|0x0000000759600000, 0x0000000759600000, 0x0000000759800000|  0%| F|  |TAMS 0x0000000759600000, 0x0000000759600000| Untracked 
| 716|0x0000000759800000, 0x0000000759800000, 0x0000000759a00000|  0%| F|  |TAMS 0x0000000759800000, 0x0000000759800000| Untracked 
| 717|0x0000000759a00000, 0x0000000759a00000, 0x0000000759c00000|  0%| F|  |TAMS 0x0000000759a00000, 0x0000000759a00000| Untracked 
| 718|0x0000000759c00000, 0x0000000759c00000, 0x0000000759e00000|  0%| F|  |TAMS 0x0000000759c00000, 0x0000000759c00000| Untracked 
| 719|0x0000000759e00000, 0x0000000759e00000, 0x000000075a000000|  0%| F|  |TAMS 0x0000000759e00000, 0x0000000759e00000| Untracked 
| 720|0x000000075a000000, 0x000000075a000000, 0x000000075a200000|  0%| F|  |TAMS 0x000000075a000000, 0x000000075a000000| Untracked 
| 721|0x000000075a200000, 0x000000075a200000, 0x000000075a400000|  0%| F|  |TAMS 0x000000075a200000, 0x000000075a200000| Untracked 
| 722|0x000000075a400000, 0x000000075a400000, 0x000000075a600000|  0%| F|  |TAMS 0x000000075a400000, 0x000000075a400000| Untracked 
| 723|0x000000075a600000, 0x000000075a600000, 0x000000075a800000|  0%| F|  |TAMS 0x000000075a600000, 0x000000075a600000| Untracked 
| 724|0x000000075a800000, 0x000000075a800000, 0x000000075aa00000|  0%| F|  |TAMS 0x000000075a800000, 0x000000075a800000| Untracked 
| 725|0x000000075aa00000, 0x000000075aa00000, 0x000000075ac00000|  0%| F|  |TAMS 0x000000075aa00000, 0x000000075aa00000| Untracked 
| 726|0x000000075ac00000, 0x000000075ac00000, 0x000000075ae00000|  0%| F|  |TAMS 0x000000075ac00000, 0x000000075ac00000| Untracked 
| 727|0x000000075ae00000, 0x000000075ae00000, 0x000000075b000000|  0%| F|  |TAMS 0x000000075ae00000, 0x000000075ae00000| Untracked 
| 728|0x000000075b000000, 0x000000075b000000, 0x000000075b200000|  0%| F|  |TAMS 0x000000075b000000, 0x000000075b000000| Untracked 
| 729|0x000000075b200000, 0x000000075b200000, 0x000000075b400000|  0%| F|  |TAMS 0x000000075b200000, 0x000000075b200000| Untracked 
| 730|0x000000075b400000, 0x000000075b400000, 0x000000075b600000|  0%| F|  |TAMS 0x000000075b400000, 0x000000075b400000| Untracked 
| 731|0x000000075b600000, 0x000000075b600000, 0x000000075b800000|  0%| F|  |TAMS 0x000000075b600000, 0x000000075b600000| Untracked 
| 732|0x000000075b800000, 0x000000075b800000, 0x000000075ba00000|  0%| F|  |TAMS 0x000000075b800000, 0x000000075b800000| Untracked 
| 733|0x000000075ba00000, 0x000000075ba00000, 0x000000075bc00000|  0%| F|  |TAMS 0x000000075ba00000, 0x000000075ba00000| Untracked 
| 734|0x000000075bc00000, 0x000000075bc00000, 0x000000075be00000|  0%| F|  |TAMS 0x000000075bc00000, 0x000000075bc00000| Untracked 
| 735|0x000000075be00000, 0x000000075be00000, 0x000000075c000000|  0%| F|  |TAMS 0x000000075be00000, 0x000000075be00000| Untracked 
| 736|0x000000075c000000, 0x000000075c000000, 0x000000075c200000|  0%| F|  |TAMS 0x000000075c000000, 0x000000075c000000| Untracked 
| 737|0x000000075c200000, 0x000000075c200000, 0x000000075c400000|  0%| F|  |TAMS 0x000000075c200000, 0x000000075c200000| Untracked 
| 738|0x000000075c400000, 0x000000075c400000, 0x000000075c600000|  0%| F|  |TAMS 0x000000075c400000, 0x000000075c400000| Untracked 
| 739|0x000000075c600000, 0x000000075c600000, 0x000000075c800000|  0%| F|  |TAMS 0x000000075c600000, 0x000000075c600000| Untracked 
| 740|0x000000075c800000, 0x000000075c800000, 0x000000075ca00000|  0%| F|  |TAMS 0x000000075c800000, 0x000000075c800000| Untracked 
| 741|0x000000075ca00000, 0x000000075ca00000, 0x000000075cc00000|  0%| F|  |TAMS 0x000000075ca00000, 0x000000075ca00000| Untracked 
| 742|0x000000075cc00000, 0x000000075cc00000, 0x000000075ce00000|  0%| F|  |TAMS 0x000000075cc00000, 0x000000075cc00000| Untracked 
| 743|0x000000075ce00000, 0x000000075ce00000, 0x000000075d000000|  0%| F|  |TAMS 0x000000075ce00000, 0x000000075ce00000| Untracked 
| 744|0x000000075d000000, 0x000000075d000000, 0x000000075d200000|  0%| F|  |TAMS 0x000000075d000000, 0x000000075d000000| Untracked 
| 745|0x000000075d200000, 0x000000075d200000, 0x000000075d400000|  0%| F|  |TAMS 0x000000075d200000, 0x000000075d200000| Untracked 
| 746|0x000000075d400000, 0x000000075d400000, 0x000000075d600000|  0%| F|  |TAMS 0x000000075d400000, 0x000000075d400000| Untracked 
| 747|0x000000075d600000, 0x000000075d600000, 0x000000075d800000|  0%| F|  |TAMS 0x000000075d600000, 0x000000075d600000| Untracked 
| 748|0x000000075d800000, 0x000000075d800000, 0x000000075da00000|  0%| F|  |TAMS 0x000000075d800000, 0x000000075d800000| Untracked 
| 749|0x000000075da00000, 0x000000075da00000, 0x000000075dc00000|  0%| F|  |TAMS 0x000000075da00000, 0x000000075da00000| Untracked 
| 750|0x000000075dc00000, 0x000000075dc00000, 0x000000075de00000|  0%| F|  |TAMS 0x000000075dc00000, 0x000000075dc00000| Untracked 
| 751|0x000000075de00000, 0x000000075de00000, 0x000000075e000000|  0%| F|  |TAMS 0x000000075de00000, 0x000000075de00000| Untracked 
| 752|0x000000075e000000, 0x000000075e000000, 0x000000075e200000|  0%| F|  |TAMS 0x000000075e000000, 0x000000075e000000| Untracked 
| 753|0x000000075e200000, 0x000000075e200000, 0x000000075e400000|  0%| F|  |TAMS 0x000000075e200000, 0x000000075e200000| Untracked 
| 754|0x000000075e400000, 0x000000075e400000, 0x000000075e600000|  0%| F|  |TAMS 0x000000075e400000, 0x000000075e400000| Untracked 
| 755|0x000000075e600000, 0x000000075e600000, 0x000000075e800000|  0%| F|  |TAMS 0x000000075e600000, 0x000000075e600000| Untracked 
| 756|0x000000075e800000, 0x000000075e800000, 0x000000075ea00000|  0%| F|  |TAMS 0x000000075e800000, 0x000000075e800000| Untracked 
| 757|0x000000075ea00000, 0x000000075ea00000, 0x000000075ec00000|  0%| F|  |TAMS 0x000000075ea00000, 0x000000075ea00000| Untracked 
| 758|0x000000075ec00000, 0x000000075ec00000, 0x000000075ee00000|  0%| F|  |TAMS 0x000000075ec00000, 0x000000075ec00000| Untracked 
| 759|0x000000075ee00000, 0x000000075ee00000, 0x000000075f000000|  0%| F|  |TAMS 0x000000075ee00000, 0x000000075ee00000| Untracked 
| 760|0x000000075f000000, 0x000000075f000000, 0x000000075f200000|  0%| F|  |TAMS 0x000000075f000000, 0x000000075f000000| Untracked 
| 761|0x000000075f200000, 0x000000075f200000, 0x000000075f400000|  0%| F|  |TAMS 0x000000075f200000, 0x000000075f200000| Untracked 
| 762|0x000000075f400000, 0x000000075f400000, 0x000000075f600000|  0%| F|  |TAMS 0x000000075f400000, 0x000000075f400000| Untracked 
| 763|0x000000075f600000, 0x000000075f600000, 0x000000075f800000|  0%| F|  |TAMS 0x000000075f600000, 0x000000075f600000| Untracked 
| 764|0x000000075f800000, 0x000000075f800000, 0x000000075fa00000|  0%| F|  |TAMS 0x000000075f800000, 0x000000075f800000| Untracked 
| 765|0x000000075fa00000, 0x000000075fa00000, 0x000000075fc00000|  0%| F|  |TAMS 0x000000075fa00000, 0x000000075fa00000| Untracked 
| 766|0x000000075fc00000, 0x000000075fc00000, 0x000000075fe00000|  0%| F|  |TAMS 0x000000075fc00000, 0x000000075fc00000| Untracked 
| 767|0x000000075fe00000, 0x000000075fe00000, 0x0000000760000000|  0%| F|  |TAMS 0x000000075fe00000, 0x000000075fe00000| Untracked 
| 768|0x0000000760000000, 0x0000000760000000, 0x0000000760200000|  0%| F|  |TAMS 0x0000000760000000, 0x0000000760000000| Untracked 
| 769|0x0000000760200000, 0x0000000760200000, 0x0000000760400000|  0%| F|  |TAMS 0x0000000760200000, 0x0000000760200000| Untracked 
| 770|0x0000000760400000, 0x0000000760400000, 0x0000000760600000|  0%| F|  |TAMS 0x0000000760400000, 0x0000000760400000| Untracked 
| 771|0x0000000760600000, 0x0000000760600000, 0x0000000760800000|  0%| F|  |TAMS 0x0000000760600000, 0x0000000760600000| Untracked 
| 772|0x0000000760800000, 0x0000000760800000, 0x0000000760a00000|  0%| F|  |TAMS 0x0000000760800000, 0x0000000760800000| Untracked 
| 773|0x0000000760a00000, 0x0000000760a00000, 0x0000000760c00000|  0%| F|  |TAMS 0x0000000760a00000, 0x0000000760a00000| Untracked 
| 774|0x0000000760c00000, 0x0000000760c00000, 0x0000000760e00000|  0%| F|  |TAMS 0x0000000760c00000, 0x0000000760c00000| Untracked 
| 775|0x0000000760e00000, 0x0000000760e00000, 0x0000000761000000|  0%| F|  |TAMS 0x0000000760e00000, 0x0000000760e00000| Untracked 
| 776|0x0000000761000000, 0x0000000761000000, 0x0000000761200000|  0%| F|  |TAMS 0x0000000761000000, 0x0000000761000000| Untracked 
| 777|0x0000000761200000, 0x0000000761200000, 0x0000000761400000|  0%| F|  |TAMS 0x0000000761200000, 0x0000000761200000| Untracked 
| 778|0x0000000761400000, 0x0000000761400000, 0x0000000761600000|  0%| F|  |TAMS 0x0000000761400000, 0x0000000761400000| Untracked 
| 779|0x0000000761600000, 0x0000000761600000, 0x0000000761800000|  0%| F|  |TAMS 0x0000000761600000, 0x0000000761600000| Untracked 
| 780|0x0000000761800000, 0x0000000761800000, 0x0000000761a00000|  0%| F|  |TAMS 0x0000000761800000, 0x0000000761800000| Untracked 
| 781|0x0000000761a00000, 0x0000000761a00000, 0x0000000761c00000|  0%| F|  |TAMS 0x0000000761a00000, 0x0000000761a00000| Untracked 
| 782|0x0000000761c00000, 0x0000000761c00000, 0x0000000761e00000|  0%| F|  |TAMS 0x0000000761c00000, 0x0000000761c00000| Untracked 
| 783|0x0000000761e00000, 0x0000000761e00000, 0x0000000762000000|  0%| F|  |TAMS 0x0000000761e00000, 0x0000000761e00000| Untracked 
| 784|0x0000000762000000, 0x0000000762000000, 0x0000000762200000|  0%| F|  |TAMS 0x0000000762000000, 0x0000000762000000| Untracked 
| 785|0x0000000762200000, 0x0000000762200000, 0x0000000762400000|  0%| F|  |TAMS 0x0000000762200000, 0x0000000762200000| Untracked 
| 786|0x0000000762400000, 0x0000000762400000, 0x0000000762600000|  0%| F|  |TAMS 0x0000000762400000, 0x0000000762400000| Untracked 
| 787|0x0000000762600000, 0x0000000762600000, 0x0000000762800000|  0%| F|  |TAMS 0x0000000762600000, 0x0000000762600000| Untracked 
| 788|0x0000000762800000, 0x0000000762800000, 0x0000000762a00000|  0%| F|  |TAMS 0x0000000762800000, 0x0000000762800000| Untracked 
| 789|0x0000000762a00000, 0x0000000762a00000, 0x0000000762c00000|  0%| F|  |TAMS 0x0000000762a00000, 0x0000000762a00000| Untracked 
| 790|0x0000000762c00000, 0x0000000762c00000, 0x0000000762e00000|  0%| F|  |TAMS 0x0000000762c00000, 0x0000000762c00000| Untracked 
| 791|0x0000000762e00000, 0x0000000762e00000, 0x0000000763000000|  0%| F|  |TAMS 0x0000000762e00000, 0x0000000762e00000| Untracked 
| 792|0x0000000763000000, 0x0000000763000000, 0x0000000763200000|  0%| F|  |TAMS 0x0000000763000000, 0x0000000763000000| Untracked 
| 793|0x0000000763200000, 0x0000000763200000, 0x0000000763400000|  0%| F|  |TAMS 0x0000000763200000, 0x0000000763200000| Untracked 
| 794|0x0000000763400000, 0x0000000763400000, 0x0000000763600000|  0%| F|  |TAMS 0x0000000763400000, 0x0000000763400000| Untracked 
| 795|0x0000000763600000, 0x0000000763600000, 0x0000000763800000|  0%| F|  |TAMS 0x0000000763600000, 0x0000000763600000| Untracked 
| 796|0x0000000763800000, 0x0000000763800000, 0x0000000763a00000|  0%| F|  |TAMS 0x0000000763800000, 0x0000000763800000| Untracked 
| 797|0x0000000763a00000, 0x0000000763a00000, 0x0000000763c00000|  0%| F|  |TAMS 0x0000000763a00000, 0x0000000763a00000| Untracked 
| 798|0x0000000763c00000, 0x0000000763c00000, 0x0000000763e00000|  0%| F|  |TAMS 0x0000000763c00000, 0x0000000763c00000| Untracked 
| 799|0x0000000763e00000, 0x0000000763e00000, 0x0000000764000000|  0%| F|  |TAMS 0x0000000763e00000, 0x0000000763e00000| Untracked 
| 800|0x0000000764000000, 0x0000000764000000, 0x0000000764200000|  0%| F|  |TAMS 0x0000000764000000, 0x0000000764000000| Untracked 
| 801|0x0000000764200000, 0x0000000764200000, 0x0000000764400000|  0%| F|  |TAMS 0x0000000764200000, 0x0000000764200000| Untracked 
| 802|0x0000000764400000, 0x0000000764400000, 0x0000000764600000|  0%| F|  |TAMS 0x0000000764400000, 0x0000000764400000| Untracked 
| 803|0x0000000764600000, 0x0000000764600000, 0x0000000764800000|  0%| F|  |TAMS 0x0000000764600000, 0x0000000764600000| Untracked 
| 804|0x0000000764800000, 0x0000000764800000, 0x0000000764a00000|  0%| F|  |TAMS 0x0000000764800000, 0x0000000764800000| Untracked 
| 805|0x0000000764a00000, 0x0000000764a00000, 0x0000000764c00000|  0%| F|  |TAMS 0x0000000764a00000, 0x0000000764a00000| Untracked 
| 806|0x0000000764c00000, 0x0000000764c00000, 0x0000000764e00000|  0%| F|  |TAMS 0x0000000764c00000, 0x0000000764c00000| Untracked 
| 807|0x0000000764e00000, 0x0000000764f67398, 0x0000000765000000| 70%| E|  |TAMS 0x0000000764e00000, 0x0000000764e00000| Complete 
| 808|0x0000000765000000, 0x0000000765200000, 0x0000000765200000|100%| E|CS|TAMS 0x0000000765000000, 0x0000000765000000| Complete 
| 809|0x0000000765200000, 0x0000000765400000, 0x0000000765400000|100%| E|CS|TAMS 0x0000000765200000, 0x0000000765200000| Complete 
| 810|0x0000000765400000, 0x0000000765600000, 0x0000000765600000|100%| E|CS|TAMS 0x0000000765400000, 0x0000000765400000| Complete 
| 811|0x0000000765600000, 0x0000000765800000, 0x0000000765800000|100%| E|CS|TAMS 0x0000000765600000, 0x0000000765600000| Complete 
| 812|0x0000000765800000, 0x0000000765a00000, 0x0000000765a00000|100%| E|CS|TAMS 0x0000000765800000, 0x0000000765800000| Complete 
| 813|0x0000000765a00000, 0x0000000765c00000, 0x0000000765c00000|100%| E|CS|TAMS 0x0000000765a00000, 0x0000000765a00000| Complete 
| 814|0x0000000765c00000, 0x0000000765e00000, 0x0000000765e00000|100%| E|CS|TAMS 0x0000000765c00000, 0x0000000765c00000| Complete 
| 815|0x0000000765e00000, 0x0000000766000000, 0x0000000766000000|100%| E|CS|TAMS 0x0000000765e00000, 0x0000000765e00000| Complete 
| 816|0x0000000766000000, 0x0000000766200000, 0x0000000766200000|100%| E|CS|TAMS 0x0000000766000000, 0x0000000766000000| Complete 
| 817|0x0000000766200000, 0x0000000766400000, 0x0000000766400000|100%| E|CS|TAMS 0x0000000766200000, 0x0000000766200000| Complete 
| 818|0x0000000766400000, 0x0000000766600000, 0x0000000766600000|100%| E|CS|TAMS 0x0000000766400000, 0x0000000766400000| Complete 
| 819|0x0000000766600000, 0x0000000766800000, 0x0000000766800000|100%| E|CS|TAMS 0x0000000766600000, 0x0000000766600000| Complete 
| 820|0x0000000766800000, 0x0000000766a00000, 0x0000000766a00000|100%| E|CS|TAMS 0x0000000766800000, 0x0000000766800000| Complete 
| 821|0x0000000766a00000, 0x0000000766c00000, 0x0000000766c00000|100%| E|CS|TAMS 0x0000000766a00000, 0x0000000766a00000| Complete 
| 822|0x0000000766c00000, 0x0000000766e00000, 0x0000000766e00000|100%| E|CS|TAMS 0x0000000766c00000, 0x0000000766c00000| Complete 
| 823|0x0000000766e00000, 0x0000000767000000, 0x0000000767000000|100%| E|CS|TAMS 0x0000000766e00000, 0x0000000766e00000| Complete 
| 824|0x0000000767000000, 0x0000000767200000, 0x0000000767200000|100%| E|CS|TAMS 0x0000000767000000, 0x0000000767000000| Complete 
| 825|0x0000000767200000, 0x0000000767400000, 0x0000000767400000|100%| E|  |TAMS 0x0000000767200000, 0x0000000767200000| Complete 
| 826|0x0000000767400000, 0x0000000767600000, 0x0000000767600000|100%| E|CS|TAMS 0x0000000767400000, 0x0000000767400000| Complete 
| 827|0x0000000767600000, 0x0000000767800000, 0x0000000767800000|100%| E|CS|TAMS 0x0000000767600000, 0x0000000767600000| Complete 
| 828|0x0000000767800000, 0x0000000767a00000, 0x0000000767a00000|100%| E|CS|TAMS 0x0000000767800000, 0x0000000767800000| Complete 
| 829|0x0000000767a00000, 0x0000000767c00000, 0x0000000767c00000|100%| E|CS|TAMS 0x0000000767a00000, 0x0000000767a00000| Complete 
| 830|0x0000000767c00000, 0x0000000767e00000, 0x0000000767e00000|100%| E|CS|TAMS 0x0000000767c00000, 0x0000000767c00000| Complete 

Card table byte_map: [0x000001cbd5360000,0x000001cbd5b60000] _byte_map_base: 0x000001cbd1b60000

Marking Bits (Prev, Next): (CMBitMap*) 0x000001cbbdd76f10, (CMBitMap*) 0x000001cbbdd76ed0
 Prev Bits: [0x000001cbda360000, 0x000001cbde360000)
 Next Bits: [0x000001cbd6360000, 0x000001cbda360000)

Polling page: 0x000001cbbbb70000

Metaspace:

Usage:
  Non-class:    367.51 MB used.
      Class:     50.85 MB used.
       Both:    418.37 MB used.

Virtual space:
  Non-class space:      512.00 MB reserved,     383.44 MB ( 75%) committed,  8 nodes.
      Class space:        1.00 GB reserved,      55.12 MB (  5%) committed,  1 nodes.
             Both:        1.50 GB reserved,     438.56 MB ( 29%) committed. 

Chunk freelists:
   Non-Class:  94.70 MB
       Class:  11.55 MB
        Both:  106.25 MB

MaxMetaspaceSize: unlimited
CompressedClassSpaceSize: 1.00 GB
Initial GC threshold: 21.00 MB
Current GC threshold: 844.19 MB
CDS: on
MetaspaceReclaimPolicy: balanced
 - commit_granule_bytes: 65536.
 - commit_granule_words: 8192.
 - virtual_space_node_default_size: 8388608.
 - enlarge_chunks_in_place: 1.
 - new_chunks_are_fully_committed: 0.
 - uncommit_free_chunks: 1.
 - use_allocation_guard: 0.
 - handle_deallocations: 1.


Internal statistics:

num_allocs_failed_limit: 117.
num_arena_births: 4816.
num_arena_deaths: 322.
num_vsnodes_births: 9.
num_vsnodes_deaths: 0.
num_space_committed: 8353.
num_space_uncommitted: 1346.
num_chunks_returned_to_freelist: 12066.
num_chunks_taken_from_freelist: 39929.
num_chunk_merges: 2709.
num_chunk_splits: 20402.
num_chunks_enlarged: 8318.
num_inconsistent_stats: 0.

CodeHeap 'non-profiled nmethods': size=120000Kb used=59765Kb max_used=83764Kb free=60234Kb
 bounds [0x000001cbcd300000, 0x000001cbd2540000, 0x000001cbd4830000]
CodeHeap 'profiled nmethods': size=120000Kb used=99302Kb max_used=119999Kb free=20697Kb
 bounds [0x000001cbc5830000, 0x000001cbccd60000, 0x000001cbccd60000]
CodeHeap 'non-nmethods': size=5760Kb used=2770Kb max_used=2854Kb free=2989Kb
 bounds [0x000001cbccd60000, 0x000001cbcd030000, 0x000001cbcd300000]
 total_blobs=54493 nmethods=53160 adapters=1239
 compilation: enabled
              stopped_count=0, restarted_count=0
 full_count=0

Compilation events (20 events):
Event: 551.427 Thread 0x000001cc4068a610 106530       4       com.intellij.lang.impl.PsiBuilderImpl::getTokenText (64 bytes)
Event: 551.428 Thread 0x000001cc26000080 nmethod 106556 0x000001cbcc4c1f90 code [0x000001cbcc4c2140, 0x000001cbcc4c23b8]
Event: 551.433 Thread 0x000001cc26000080 106558       3       org.jetbrains.kotlin.ir.util.SymbolTableExtension::getLock (8 bytes)
Event: 551.433 Thread 0x000001cc26000080 nmethod 106558 0x000001cbcca08890 code [0x000001cbcca08a20, 0x000001cbcca08b58]
Event: 551.433 Thread 0x000001cc26000080 106559       1       org.jetbrains.kotlin.ir.declarations.IrDeclarationOriginImpl::isSynthetic (5 bytes)
Event: 551.435 Thread 0x000001cc26000080 nmethod 106559 0x000001cbd1fb3f90 code [0x000001cbd1fb4120, 0x000001cbd1fb41f8]
Event: 551.438 Thread 0x000001cc26000080 106560       3       com.intellij.psi.impl.java.stubs.impl.PsiAnnotationStubImpl::<init> (40 bytes)
Event: 551.441 Thread 0x000001cc26000080 nmethod 106560 0x000001cbcca08010 code [0x000001cbcca08200, 0x000001cbcca086c8]
Event: 551.441 Thread 0x000001cc26000080 106562       3       org.jetbrains.kotlin.ir.util.TypeTranslator::addSpecialAnnotation (32 bytes)
Event: 551.442 Thread 0x000001cc26000080 nmethod 106562 0x000001cbcca07990 code [0x000001cbcca07b60, 0x000001cbcca07ed8]
Event: 551.442 Thread 0x000001cc26000080 106565       3       org.jetbrains.kotlin.ir.util.IrUtilsKt::getConstructedClassType (41 bytes)
Event: 551.445 Thread 0x000001cc26000080 nmethod 106565 0x000001cbcc38be10 code [0x000001cbcc38c140, 0x000001cbcc38d328]
Event: 551.445 Thread 0x000001cc26000080 106561       3       com.intellij.psi.impl.source.CharTableImpl::getStaticInterned (17 bytes)
Event: 551.445 Thread 0x000001cc26000080 nmethod 106561 0x000001cbcc38b990 code [0x000001cbcc38bb40, 0x000001cbcc38bd38]
Event: 551.445 Thread 0x000001cc26000080 106563       3       com.intellij.openapi.util.RecursionManager$CalculationStack::checkDepth (100 bytes)
Event: 551.447 Thread 0x000001cc26000080 nmethod 106563 0x000001cbcca06090 code [0x000001cbcca063a0, 0x000001cbcca07248]
Event: 551.447 Thread 0x000001cc26000080 106567       3       org.jetbrains.uast.java.JavaConverter::convertExpression$intellij_java_uast (40 bytes)
Event: 551.450 Thread 0x000001cc26000080 nmethod 106567 0x000001cbcc8f3590 code [0x000001cbcc8f3860, 0x000001cbcc8f4688]
Event: 551.450 Thread 0x000001cc26000080 106564       1       org.jetbrains.kotlin.load.java.lazy.LazyJavaResolverContext::getTypeParameterResolver (5 bytes)
Event: 552.450 Thread 0x000001cc26000080 nmethod 106564 0x000001cbce529790 code [0x000001cbce529920, 0x000001cbce5299f8]

GC Heap History (20 events):
Event: 432.133 GC heap before
{Heap before GC invocations=98 (full 0):
 garbage-first heap   total 1267712K, used 680960K [0x0000000700000000, 0x0000000800000000)
  region size 2048K, 30 young (61440K), 12 survivors (24576K)
 Metaspace       used 524624K, committed 527296K, reserved 1572864K
  class space    used 62199K, committed 63488K, reserved 1048576K
}
Event: 432.336 GC heap after
{Heap after GC invocations=99 (full 0):
 garbage-first heap   total 1267712K, used 571296K [0x0000000700000000, 0x0000000800000000)
  region size 2048K, 3 young (6144K), 3 survivors (6144K)
 Metaspace       used 524624K, committed 527296K, reserved 1572864K
  class space    used 62199K, committed 63488K, reserved 1048576K
}
Event: 433.608 GC heap before
{Heap before GC invocations=99 (full 0):
 garbage-first heap   total 1267712K, used 626592K [0x0000000700000000, 0x0000000800000000)
  region size 2048K, 30 young (61440K), 3 survivors (6144K)
 Metaspace       used 524872K, committed 527552K, reserved 1572864K
  class space    used 62207K, committed 63488K, reserved 1048576K
}
Event: 433.709 GC heap after
{Heap after GC invocations=100 (full 0):
 garbage-first heap   total 1267712K, used 558977K [0x0000000700000000, 0x0000000800000000)
  region size 2048K, 3 young (6144K), 3 survivors (6144K)
 Metaspace       used 524872K, committed 527552K, reserved 1572864K
  class space    used 62207K, committed 63488K, reserved 1048576K
}
Event: 445.361 GC heap before
{Heap before GC invocations=100 (full 0):
 garbage-first heap   total 1267712K, used 1036161K [0x0000000700000000, 0x0000000800000000)
  region size 2048K, 236 young (483328K), 3 survivors (6144K)
 Metaspace       used 531396K, committed 534080K, reserved 1572864K
  class space    used 62678K, committed 63936K, reserved 1048576K
}
Event: 445.406 GC heap after
{Heap after GC invocations=101 (full 0):
 garbage-first heap   total 1267712K, used 583140K [0x0000000700000000, 0x0000000800000000)
  region size 2048K, 14 young (28672K), 14 survivors (28672K)
 Metaspace       used 531396K, committed 534080K, reserved 1572864K
  class space    used 62678K, committed 63936K, reserved 1048576K
}
Event: 447.223 GC heap before
{Heap before GC invocations=101 (full 0):
 garbage-first heap   total 1267712K, used 673252K [0x0000000700000000, 0x0000000800000000)
  region size 2048K, 60 young (122880K), 14 survivors (28672K)
 Metaspace       used 531902K, committed 534592K, reserved 1572864K
  class space    used 62725K, committed 64000K, reserved 1048576K
}
Event: 447.255 GC heap after
{Heap after GC invocations=102 (full 0):
 garbage-first heap   total 1267712K, used 584135K [0x0000000700000000, 0x0000000800000000)
  region size 2048K, 16 young (32768K), 16 survivors (32768K)
 Metaspace       used 531902K, committed 534592K, reserved 1572864K
  class space    used 62725K, committed 64000K, reserved 1048576K
}
Event: 460.961 GC heap before
{Heap before GC invocations=103 (full 0):
 garbage-first heap   total 1267712K, used 1028551K [0x0000000700000000, 0x0000000800000000)
  region size 2048K, 231 young (473088K), 16 survivors (32768K)
 Metaspace       used 318181K, committed 448192K, reserved 1572864K
  class space    used 38624K, committed 56448K, reserved 1048576K
}
Event: 461.030 GC heap after
{Heap after GC invocations=104 (full 0):
 garbage-first heap   total 1267712K, used 584109K [0x0000000700000000, 0x0000000800000000)
  region size 2048K, 15 young (30720K), 15 survivors (30720K)
 Metaspace       used 318181K, committed 448192K, reserved 1572864K
  class space    used 38624K, committed 56448K, reserved 1048576K
}
Event: 462.890 GC heap before
{Heap before GC invocations=104 (full 0):
 garbage-first heap   total 1267712K, used 614829K [0x0000000700000000, 0x0000000800000000)
  region size 2048K, 30 young (61440K), 15 survivors (30720K)
 Metaspace       used 321754K, committed 448192K, reserved 1572864K
  class space    used 39132K, committed 56448K, reserved 1048576K
}
Event: 463.049 GC heap after
{Heap after GC invocations=105 (full 0):
 garbage-first heap   total 1267712K, used 495725K [0x0000000700000000, 0x0000000800000000)
  region size 2048K, 3 young (6144K), 3 survivors (6144K)
 Metaspace       used 321754K, committed 448192K, reserved 1572864K
  class space    used 39132K, committed 56448K, reserved 1048576K
}
Event: 465.454 GC heap before
{Heap before GC invocations=105 (full 0):
 garbage-first heap   total 1267712K, used 555117K [0x0000000700000000, 0x0000000800000000)
  region size 2048K, 30 young (61440K), 3 survivors (6144K)
 Metaspace       used 329791K, committed 448384K, reserved 1572864K
  class space    used 40411K, committed 56448K, reserved 1048576K
}
Event: 465.573 GC heap after
{Heap after GC invocations=106 (full 0):
 garbage-first heap   total 1701888K, used 474552K [0x0000000700000000, 0x0000000800000000)
  region size 2048K, 3 young (6144K), 3 survivors (6144K)
 Metaspace       used 329791K, committed 448384K, reserved 1572864K
  class space    used 40411K, committed 56448K, reserved 1048576K
}
Event: 487.136 GC heap before
{Heap before GC invocations=106 (full 0):
 garbage-first heap   total 1701888K, used 1361336K [0x0000000700000000, 0x0000000800000000)
  region size 2048K, 429 young (878592K), 3 survivors (6144K)
 Metaspace       used 383409K, committed 448960K, reserved 1572864K
  class space    used 46686K, committed 56448K, reserved 1048576K
}
Event: 487.364 GC heap after
{Heap after GC invocations=107 (full 0):
 garbage-first heap   total 1701888K, used 567432K [0x0000000700000000, 0x0000000800000000)
  region size 2048K, 44 young (90112K), 44 survivors (90112K)
 Metaspace       used 383409K, committed 448960K, reserved 1572864K
  class space    used 46686K, committed 56448K, reserved 1048576K
}
Event: 498.021 GC heap before
{Heap before GC invocations=107 (full 0):
 garbage-first heap   total 1701888K, used 946312K [0x0000000700000000, 0x0000000800000000)
  region size 2048K, 230 young (471040K), 44 survivors (90112K)
 Metaspace       used 389860K, committed 448960K, reserved 1572864K
  class space    used 47509K, committed 56448K, reserved 1048576K
}
Event: 498.358 GC heap after
{Heap after GC invocations=108 (full 0):
 garbage-first heap   total 1701888K, used 621232K [0x0000000700000000, 0x0000000800000000)
  region size 2048K, 29 young (59392K), 29 survivors (59392K)
 Metaspace       used 389860K, committed 448960K, reserved 1572864K
  class space    used 47509K, committed 56448K, reserved 1048576K
}
Event: 548.558 GC heap before
{Heap before GC invocations=108 (full 0):
 garbage-first heap   total 1701888K, used 891568K [0x0000000700000000, 0x0000000800000000)
  region size 2048K, 162 young (331776K), 29 survivors (59392K)
 Metaspace       used 423131K, committed 449088K, reserved 1572864K
  class space    used 51234K, committed 56448K, reserved 1048576K
}
Event: 548.840 GC heap after
{Heap after GC invocations=109 (full 0):
 garbage-first heap   total 1701888K, used 653312K [0x0000000700000000, 0x0000000800000000)
  region size 2048K, 16 young (32768K), 16 survivors (32768K)
 Metaspace       used 423131K, committed 449088K, reserved 1572864K
  class space    used 51234K, committed 56448K, reserved 1048576K
}

Dll operation events (15 events):
Event: 0.023 Loaded shared library C:\Program Files\Microsoft\jdk-17.0.12.7-hotspot\bin\java.dll
Event: 0.051 Loaded shared library C:\Program Files\Microsoft\jdk-17.0.12.7-hotspot\bin\jsvml.dll
Event: 0.118 Loaded shared library C:\Program Files\Microsoft\jdk-17.0.12.7-hotspot\bin\zip.dll
Event: 0.125 Loaded shared library C:\Program Files\Microsoft\jdk-17.0.12.7-hotspot\bin\instrument.dll
Event: 0.131 Loaded shared library C:\Program Files\Microsoft\jdk-17.0.12.7-hotspot\bin\net.dll
Event: 0.135 Loaded shared library C:\Program Files\Microsoft\jdk-17.0.12.7-hotspot\bin\nio.dll
Event: 0.140 Loaded shared library C:\Program Files\Microsoft\jdk-17.0.12.7-hotspot\bin\zip.dll
Event: 0.531 Loaded shared library C:\Program Files\Microsoft\jdk-17.0.12.7-hotspot\bin\jimage.dll
Event: 0.797 Loaded shared library C:\Program Files\Microsoft\jdk-17.0.12.7-hotspot\bin\verify.dll
Event: 1.023 Loaded shared library C:\Users\Abutalib\.gradle\native\c067742578af261105cb4f569cf0c3c89f3d7b1fecec35dd04571415982c5e48\windows-amd64\native-platform.dll
Event: 1.045 Loaded shared library C:\Users\Abutalib\.gradle\native\100fb08df4bc3b14c8652ba06237920a3bd2aa13389f12d3474272988ae205f9\windows-amd64\native-platform-file-events.dll
Event: 3.177 Loaded shared library C:\Program Files\Microsoft\jdk-17.0.12.7-hotspot\bin\management.dll
Event: 3.181 Loaded shared library C:\Program Files\Microsoft\jdk-17.0.12.7-hotspot\bin\management_ext.dll
Event: 3.487 Loaded shared library C:\Program Files\Microsoft\jdk-17.0.12.7-hotspot\bin\extnet.dll
Event: 5.548 Loaded shared library C:\Program Files\Microsoft\jdk-17.0.12.7-hotspot\bin\sunmscapi.dll

Deoptimization events (20 events):
Event: 551.363 Thread 0x000001cc3631fbe0 Uncommon trap: trap_request=0xffffffde fr.pc=0x000001cbcf167430 relative=0x0000000000000f50
Event: 551.363 Thread 0x000001cc3631fbe0 Uncommon trap: reason=class_check action=maybe_recompile pc=0x000001cbcf167430 method=com.intellij.lang.impl.TokenSequence$Builder.performLexing()Lcom/intellij/lang/impl/TokenSequence; @ 122 c2
Event: 551.363 Thread 0x000001cc3631fbe0 DEOPT PACKING pc=0x000001cbcf167430 sp=0x000000421e6fc1f0
Event: 551.363 Thread 0x000001cc3631fbe0 DEOPT UNPACKING pc=0x000001cbccdb69a3 sp=0x000000421e6fc1a0 mode 2
Event: 551.364 Thread 0x000001cc3631fbe0 Uncommon trap: trap_request=0xffffff45 fr.pc=0x000001cbcf535828 relative=0x0000000000000208
Event: 551.364 Thread 0x000001cc3631fbe0 Uncommon trap: reason=unstable_if action=reinterpret pc=0x000001cbcf535828 method=it.unimi.dsi.fastutil.ints.Int2ObjectOpenHashMap.b(I)I @ 56 c2
Event: 551.364 Thread 0x000001cc3631fbe0 DEOPT PACKING pc=0x000001cbcf535828 sp=0x000000421e6fc4d0
Event: 551.364 Thread 0x000001cc3631fbe0 DEOPT UNPACKING pc=0x000001cbccdb69a3 sp=0x000000421e6fc3e8 mode 2
Event: 551.393 Thread 0x000001cc3631fbe0 DEOPT PACKING pc=0x000001cbcb8b76e4 sp=0x000000421e6fc2b0
Event: 551.393 Thread 0x000001cc3631fbe0 DEOPT UNPACKING pc=0x000001cbccdb7143 sp=0x000000421e6fb740 mode 0
Event: 551.398 Thread 0x000001cc3631fbe0 DEOPT PACKING pc=0x000001cbca23f1ed sp=0x000000421e6fc3a0
Event: 551.398 Thread 0x000001cc3631fbe0 DEOPT UNPACKING pc=0x000001cbccdb7143 sp=0x000000421e6fb890 mode 0
Event: 551.398 Thread 0x000001cc3631fbe0 DEOPT PACKING pc=0x000001cbc81fcd4b sp=0x000000421e6fc4b0
Event: 551.398 Thread 0x000001cc3631fbe0 DEOPT UNPACKING pc=0x000001cbccdb7143 sp=0x000000421e6fb9a8 mode 0
Event: 551.406 Thread 0x000001cc3631fbe0 Uncommon trap: trap_request=0xffffffde fr.pc=0x000001cbcf167430 relative=0x0000000000000f50
Event: 551.406 Thread 0x000001cc3631fbe0 Uncommon trap: reason=class_check action=maybe_recompile pc=0x000001cbcf167430 method=com.intellij.lang.impl.TokenSequence$Builder.performLexing()Lcom/intellij/lang/impl/TokenSequence; @ 122 c2
Event: 551.406 Thread 0x000001cc3631fbe0 DEOPT PACKING pc=0x000001cbcf167430 sp=0x000000421e6fc1f0
Event: 551.406 Thread 0x000001cc3631fbe0 DEOPT UNPACKING pc=0x000001cbccdb69a3 sp=0x000000421e6fc1a0 mode 2
Event: 551.455 Thread 0x000001cc34619810 Uncommon trap: trap_request=0xffffff45 fr.pc=0x000001cbcd530a00 relative=0x0000000000000460
Event: 552.450 Thread 0x000001cc34619810 Uncommon trap: reason=unstable_if action=reinterpret pc=0x000001cbcd530a00 method=java.lang.String.substring(II)Ljava/lang/String; @ 31 c2

Classes loaded (20 events):
Event: 476.637 Loading class java/util/concurrent/atomic/AtomicIntegerFieldUpdater
Event: 476.638 Loading class java/util/concurrent/atomic/AtomicIntegerFieldUpdater done
Event: 476.638 Loading class java/util/concurrent/atomic/AtomicIntegerFieldUpdater$AtomicIntegerFieldUpdaterImpl
Event: 476.639 Loading class java/util/concurrent/atomic/AtomicIntegerFieldUpdater$AtomicIntegerFieldUpdaterImpl done
Event: 476.639 Loading class java/util/concurrent/atomic/AtomicIntegerFieldUpdater$AtomicIntegerFieldUpdaterImpl$1
Event: 476.640 Loading class java/util/concurrent/atomic/AtomicIntegerFieldUpdater$AtomicIntegerFieldUpdaterImpl$1 done
Event: 479.003 Loading class java/nio/channels/NonWritableChannelException
Event: 479.007 Loading class java/nio/channels/NonWritableChannelException done
Event: 486.201 Loading class java/nio/file/FileTreeIterator
Event: 486.203 Loading class java/nio/file/FileTreeIterator done
Event: 527.158 Loading class java/util/jar/JarInputStream
Event: 527.219 Loading class java/util/jar/JarInputStream done
Event: 528.252 Loading class java/io/PushbackInputStream
Event: 528.255 Loading class java/io/PushbackInputStream done
Event: 546.874 Loading class java/lang/Character$UnicodeBlock
Event: 546.893 Loading class java/lang/Character$Subset
Event: 546.903 Loading class java/lang/Character$Subset done
Event: 546.903 Loading class java/lang/Character$UnicodeBlock done
Event: 549.568 Loading class java/util/PropertyResourceBundle
Event: 549.589 Loading class java/util/PropertyResourceBundle done

Classes unloaded (20 events):
Event: 450.538 Thread 0x000001cbe09691f0 Unloading class 0x000001cbe33e1ad0 'org/jetbrains/kotlin/cli/common/arguments/CommonToolArguments'
Event: 450.538 Thread 0x000001cbe09691f0 Unloading class 0x000001cbe33e18c8 'org/jetbrains/kotlin/cli/common/arguments/Freezable'
Event: 450.538 Thread 0x000001cbe09691f0 Unloading class 0x000001cbe33e16c8 'org/jetbrains/kotlin/cli/jvm/K2JVMCompiler$Companion'
Event: 450.538 Thread 0x000001cbe09691f0 Unloading class 0x000001cbe33e14c8 'org/jetbrains/kotlin/cli/common/CLICompiler$Companion'
Event: 450.538 Thread 0x000001cbe09691f0 Unloading class 0x000001cbe33e1270 'org/jetbrains/kotlin/cli/jvm/compiler/CompileEnvironmentException'
Event: 450.538 Thread 0x000001cbe09691f0 Unloading class 0x000001cbe33e1070 'org/jetbrains/kotlin/cli/common/CLITool$Companion'
Event: 450.539 Thread 0x000001cbe09691f0 Unloading class 0x000001cbe33e0db0 'org/jetbrains/kotlin/codegen/CompilationException'
Event: 450.539 Thread 0x000001cbe09691f0 Unloading class 0x000001cbe33e0af8 'org/jetbrains/kotlin/utils/KotlinExceptionWithAttachments'
Event: 450.539 Thread 0x000001cbe09691f0 Unloading class 0x000001cbe33e0900 'org/jetbrains/kotlin/utils/exceptions/KotlinExceptionWithAttachments'
Event: 450.539 Thread 0x000001cbe09691f0 Unloading class 0x000001cbe33e0708 'org/jetbrains/kotlin/com/intellij/openapi/diagnostic/ExceptionWithAttachments'
Event: 450.539 Thread 0x000001cbe09691f0 Unloading class 0x000001cbe33e04b0 'org/jetbrains/kotlin/analyzer/CompilationErrorException'
Event: 450.539 Thread 0x000001cbe09691f0 Unloading class 0x000001cbe33e0258 'org/jetbrains/kotlin/progress/CompilationCanceledException'
Event: 450.539 Thread 0x000001cbe09691f0 Unloading class 0x000001cbe33e0000 'org/jetbrains/kotlin/com/intellij/openapi/progress/ProcessCanceledException'
Event: 450.539 Thread 0x000001cbe09691f0 Unloading class 0x000001cbe33dccd0 'org/jetbrains/kotlin/com/intellij/openapi/diagnostic/ControlFlowException'
Event: 450.539 Thread 0x000001cbe09691f0 Unloading class 0x000001cbe33dca78 'org/jetbrains/kotlin/cli/jvm/K2JVMCompiler'
Event: 450.539 Thread 0x000001cbe09691f0 Unloading class 0x000001cbe33dc828 'org/jetbrains/kotlin/cli/common/CLICompiler'
Event: 450.539 Thread 0x000001cbe09691f0 Unloading class 0x000001cbe33dc610 'org/jetbrains/kotlin/cli/common/CLITool'
Event: 450.539 Thread 0x000001cbe09691f0 Unloading class 0x000001cbe33dc408 'org/jetbrains/kotlin/config/Services$Builder'
Event: 450.539 Thread 0x000001cbe09691f0 Unloading class 0x000001cbe33dc208 'org/jetbrains/kotlin/config/Services$Companion'
Event: 450.539 Thread 0x000001cbe09691f0 Unloading class 0x000001cbe33dc000 'org/jetbrains/kotlin/config/Services'

Classes redefined (0 events):
No events

Internal exceptions (20 events):
Event: 489.615 Thread 0x000001cc3b8f1060 Exception <a 'sun/nio/fs/WindowsException'{0x0000000753e06128}> (0x0000000753e06128) 
thrown [s\src\hotspot\share\prims\jni.cpp, line 516]
Event: 489.615 Thread 0x000001cc3b8f1060 Exception <a 'sun/nio/fs/WindowsException'{0x0000000753e06df0}> (0x0000000753e06df0) 
thrown [s\src\hotspot\share\prims\jni.cpp, line 516]
Event: 489.615 Thread 0x000001cc3b8f1060 Exception <a 'sun/nio/fs/WindowsException'{0x0000000753e07b50}> (0x0000000753e07b50) 
thrown [s\src\hotspot\share\prims\jni.cpp, line 516]
Event: 489.710 Thread 0x000001cc2a5eff90 Exception <a 'sun/nio/fs/WindowsException'{0x00000007541fd640}> (0x00000007541fd640) 
thrown [s\src\hotspot\share\prims\jni.cpp, line 516]
Event: 489.711 Thread 0x000001cc2a5eff90 Exception <a 'sun/nio/fs/WindowsException'{0x00000007541fe400}> (0x00000007541fe400) 
thrown [s\src\hotspot\share\prims\jni.cpp, line 516]
Event: 489.711 Thread 0x000001cc2a5eff90 Exception <a 'sun/nio/fs/WindowsException'{0x00000007541fef90}> (0x00000007541fef90) 
thrown [s\src\hotspot\share\prims\jni.cpp, line 516]
Event: 489.711 Thread 0x000001cc2a5eff90 Exception <a 'sun/nio/fs/WindowsException'{0x00000007541ffbe8}> (0x00000007541ffbe8) 
thrown [s\src\hotspot\share\prims\jni.cpp, line 516]
Event: 489.711 Thread 0x000001cc2a5eff90 Exception <a 'sun/nio/fs/WindowsException'{0x0000000753e24670}> (0x0000000753e24670) 
thrown [s\src\hotspot\share\prims\jni.cpp, line 516]
Event: 494.604 Thread 0x000001cc4c071d00 Implicit null exception at 0x000001cbce70804c to 0x000001cbce708134
Event: 498.496 Thread 0x000001cc46a093a0 Implicit null exception at 0x000001cbcf1de909 to 0x000001cbcf1df32c
Event: 498.496 Thread 0x000001cc46a093a0 Implicit null exception at 0x000001cbcf4f5b43 to 0x000001cbcf4f8f98
Event: 513.299 Thread 0x000001cc3631fbe0 Exception <a 'java/lang/NoSuchMethodError'{0x0000000765f7eb98}: 'java.lang.Object java.lang.invoke.DirectMethodHandle$Holder.invokeStaticInit(java.lang.Object, long)'> (0x0000000765f7eb98) 
thrown [s\src\hotspot\share\interpreter\linkResolver.cpp, line 759]
Event: 524.828 Thread 0x000001cc34619810 Implicit null exception at 0x000001cbd1665ca3 to 0x000001cbd1666790
Event: 524.832 Thread 0x000001cc46a093a0 Implicit null exception at 0x000001cbd07a3559 to 0x000001cbd07a3698
Event: 524.833 Thread 0x000001cc2a5eff90 Implicit null exception at 0x000001cbd07a3559 to 0x000001cbd07a3698
Event: 543.761 Thread 0x000001cc34619810 Implicit null exception at 0x000001cbcd581fef to 0x000001cbcd582534
Event: 546.383 Thread 0x000001cc2a5eff90 Implicit null exception at 0x000001cbce82873c to 0x000001cbce828d30
Event: 548.472 Thread 0x000001cc34619810 Implicit null exception at 0x000001cbd0517b11 to 0x000001cbd05184f0
Event: 548.840 Thread 0x000001cc2a5eff90 Implicit null exception at 0x000001cbcd5820da to 0x000001cbcd58249c
Event: 549.610 Thread 0x000001cc46a093a0 Exception <a 'java/lang/IncompatibleClassChangeError'{0x00000007673d48c0}: Found class java.lang.Object, but interface was expected> (0x00000007673d48c0) 
thrown [s\src\hotspot\share\interpreter\linkResolver.cpp, line 826]

VM Operations (20 events):
Event: 548.385 Executing VM operation: HandshakeAllThreads done
Event: 548.552 Executing VM operation: G1CollectForAllocation
Event: 548.840 Executing VM operation: G1CollectForAllocation done
Event: 549.117 Executing VM operation: HandshakeAllThreads
Event: 549.118 Executing VM operation: HandshakeAllThreads done
Event: 549.247 Executing VM operation: HandshakeAllThreads
Event: 549.247 Executing VM operation: HandshakeAllThreads done
Event: 549.335 Executing VM operation: HandshakeAllThreads
Event: 549.336 Executing VM operation: HandshakeAllThreads done
Event: 550.227 Executing VM operation: HandshakeAllThreads
Event: 550.233 Executing VM operation: HandshakeAllThreads done
Event: 550.233 Executing VM operation: Cleanup
Event: 550.240 Executing VM operation: Cleanup done
Event: 550.254 Executing VM operation: HandshakeAllThreads
Event: 550.256 Executing VM operation: HandshakeAllThreads done
Event: 550.271 Executing VM operation: HandshakeAllThreads
Event: 550.272 Executing VM operation: HandshakeAllThreads done
Event: 551.206 Executing VM operation: HandshakeAllThreads
Event: 551.210 Executing VM operation: HandshakeAllThreads done
Event: 552.210 Executing VM operation: Cleanup

Events (20 events):
Event: 547.756 Thread 0x000001cc26000690 flushing nmethod 0x000001cbcc7bd510
Event: 547.756 Thread 0x000001cc26000690 flushing nmethod 0x000001cbcc7ca110
Event: 547.756 Thread 0x000001cc26000690 flushing nmethod 0x000001cbcc7db990
Event: 547.757 Thread 0x000001cc26000690 flushing nmethod 0x000001cbcc856a90
Event: 547.757 Thread 0x000001cc26000690 flushing nmethod 0x000001cbcc8b3190
Event: 547.757 Thread 0x000001cc26000690 flushing nmethod 0x000001cbcc908b90
Event: 547.758 Thread 0x000001cc26000690 flushing nmethod 0x000001cbcca12110
Event: 547.758 Thread 0x000001cc26000690 flushing nmethod 0x000001cbcca35490
Event: 547.758 Thread 0x000001cc26000690 flushing nmethod 0x000001cbcca36710
Event: 547.758 Thread 0x000001cc26000690 flushing nmethod 0x000001cbcca86a90
Event: 547.758 Thread 0x000001cc26000690 flushing nmethod 0x000001cbccae6b10
Event: 547.759 Thread 0x000001cc26000690 flushing nmethod 0x000001cbccb4fc90
Event: 547.759 Thread 0x000001cc26000690 flushing nmethod 0x000001cbccbb7d10
Event: 547.759 Thread 0x000001cc26000690 flushing nmethod 0x000001cbccbdfe90
Event: 547.759 Thread 0x000001cc26000690 flushing nmethod 0x000001cbccbe0b90
Event: 547.759 Thread 0x000001cc26000690 flushing nmethod 0x000001cbccc24190
Event: 548.259 Thread 0x000001cc46ce95b0 Thread added: 0x000001cc46ce95b0
Event: 548.400 Thread 0x000001cc46ce95b0 Thread exited: 0x000001cc46ce95b0
Event: 549.251 Thread 0x000001cc4068a610 Thread added: 0x000001cc4068a610
Event: 549.603 Thread 0x000001cc46f4abe0 Thread added: 0x000001cc46f4abe0


Dynamic libraries:
0x00007ff67d7c0000 - 0x00007ff67d7ce000 	C:\Program Files\Microsoft\jdk-17.0.12.7-hotspot\bin\java.exe
0x00007ffa68460000 - 0x00007ffa686c5000 	C:\WINDOWS\SYSTEM32\ntdll.dll
0x00007ffa67300000 - 0x00007ffa673c9000 	C:\WINDOWS\System32\KERNEL32.DLL
0x00007ffa65b30000 - 0x00007ffa65f18000 	C:\WINDOWS\System32\KERNELBASE.dll
0x00007ffa659b0000 - 0x00007ffa65afb000 	C:\WINDOWS\System32\ucrtbase.dll
0x00007ffa40920000 - 0x00007ffa4093d000 	C:\Program Files\Microsoft\jdk-17.0.12.7-hotspot\bin\VCRUNTIME140.dll
0x00007ffa4b6f0000 - 0x00007ffa4b707000 	C:\Program Files\Microsoft\jdk-17.0.12.7-hotspot\bin\jli.dll
0x00007ffa67b50000 - 0x00007ffa67d1a000 	C:\WINDOWS\System32\USER32.dll
0x00007ffa65b00000 - 0x00007ffa65b27000 	C:\WINDOWS\System32\win32u.dll
0x00007ffa649b0000 - 0x00007ffa64c4a000 	C:\WINDOWS\WinSxS\amd64_microsoft.windows.common-controls_6595b64144ccf1df_6.0.26100.4202_none_3e0698d4e335f517\COMCTL32.dll
0x00007ffa666b0000 - 0x00007ffa66759000 	C:\WINDOWS\System32\msvcrt.dll
0x00007ffa67b20000 - 0x00007ffa67b4b000 	C:\WINDOWS\System32\GDI32.dll
0x00007ffa65730000 - 0x00007ffa65867000 	C:\WINDOWS\System32\gdi32full.dll
0x00007ffa65870000 - 0x00007ffa65913000 	C:\WINDOWS\System32\msvcp_win.dll
0x00007ffa66870000 - 0x00007ffa668a0000 	C:\WINDOWS\System32\IMM32.DLL
0x00007ffa4f720000 - 0x00007ffa4f72c000 	C:\Program Files\Microsoft\jdk-17.0.12.7-hotspot\bin\vcruntime140_1.dll
0x00007ffa05f10000 - 0x00007ffa05f9d000 	C:\Program Files\Microsoft\jdk-17.0.12.7-hotspot\bin\msvcp140.dll
0x00007ff9ed3f0000 - 0x00007ff9ee060000 	C:\Program Files\Microsoft\jdk-17.0.12.7-hotspot\bin\server\jvm.dll
0x00007ffa66ca0000 - 0x00007ffa66d53000 	C:\WINDOWS\System32\ADVAPI32.dll
0x00007ffa67d20000 - 0x00007ffa67dc6000 	C:\WINDOWS\System32\sechost.dll
0x00007ffa662d0000 - 0x00007ffa663e5000 	C:\WINDOWS\System32\RPCRT4.dll
0x00007ffa67270000 - 0x00007ffa672e4000 	C:\WINDOWS\System32\WS2_32.dll
0x00007ffa65400000 - 0x00007ffa6545e000 	C:\WINDOWS\SYSTEM32\POWRPROF.dll
0x00007ffa5c960000 - 0x00007ffa5c96b000 	C:\WINDOWS\SYSTEM32\VERSION.dll
0x00007ffa5c920000 - 0x00007ffa5c955000 	C:\WINDOWS\SYSTEM32\WINMM.dll
0x00007ffa653e0000 - 0x00007ffa653f4000 	C:\WINDOWS\SYSTEM32\UMPDC.dll
0x00007ffa63a40000 - 0x00007ffa63a5b000 	C:\WINDOWS\SYSTEM32\kernel.appcore.dll
0x00007ffa4b970000 - 0x00007ffa4b97a000 	C:\Program Files\Microsoft\jdk-17.0.12.7-hotspot\bin\jimage.dll
0x00007ffa64d80000 - 0x00007ffa64fc1000 	C:\WINDOWS\SYSTEM32\DBGHELP.DLL
0x00007ffa668b0000 - 0x00007ffa66c35000 	C:\WINDOWS\System32\combase.dll
0x00007ffa66590000 - 0x00007ffa66671000 	C:\WINDOWS\System32\OLEAUT32.dll
0x00007ffa64c50000 - 0x00007ffa64c89000 	C:\WINDOWS\SYSTEM32\dbgcore.DLL
0x00007ffa65f20000 - 0x00007ffa65fb9000 	C:\WINDOWS\System32\bcryptPrimitives.dll
0x00007ffa3e870000 - 0x00007ffa3e87e000 	C:\Program Files\Microsoft\jdk-17.0.12.7-hotspot\bin\instrument.dll
0x00007ffa3e880000 - 0x00007ffa3e8a5000 	C:\Program Files\Microsoft\jdk-17.0.12.7-hotspot\bin\java.dll
0x00007ffa00440000 - 0x00007ffa00517000 	C:\Program Files\Microsoft\jdk-17.0.12.7-hotspot\bin\jsvml.dll
0x00007ffa673d0000 - 0x00007ffa67b12000 	C:\WINDOWS\System32\SHELL32.dll
0x00007ffa655b0000 - 0x00007ffa65724000 	C:\WINDOWS\System32\wintypes.dll
0x00007ffa627b0000 - 0x00007ffa63008000 	C:\WINDOWS\SYSTEM32\windows.storage.dll
0x00007ffa66fc0000 - 0x00007ffa670b1000 	C:\WINDOWS\System32\SHCORE.dll
0x00007ffa66260000 - 0x00007ffa662ca000 	C:\WINDOWS\System32\shlwapi.dll
0x00007ffa654c0000 - 0x00007ffa654ef000 	C:\WINDOWS\SYSTEM32\profapi.dll
0x00007ffa34240000 - 0x00007ffa34258000 	C:\Program Files\Microsoft\jdk-17.0.12.7-hotspot\bin\zip.dll
0x00007ffa357b0000 - 0x00007ffa357ca000 	C:\Program Files\Microsoft\jdk-17.0.12.7-hotspot\bin\net.dll
0x00007ffa59ef0000 - 0x00007ffa5a00e000 	C:\WINDOWS\SYSTEM32\WINHTTP.dll
0x00007ffa63f70000 - 0x00007ffa63fda000 	C:\WINDOWS\system32\mswsock.dll
0x00007ffa34aa0000 - 0x00007ffa34ab6000 	C:\Program Files\Microsoft\jdk-17.0.12.7-hotspot\bin\nio.dll
0x00007ffa4b580000 - 0x00007ffa4b590000 	C:\Program Files\Microsoft\jdk-17.0.12.7-hotspot\bin\verify.dll
0x00007ffa33710000 - 0x00007ffa33737000 	C:\Users\Abutalib\.gradle\native\c067742578af261105cb4f569cf0c3c89f3d7b1fecec35dd04571415982c5e48\windows-amd64\native-platform.dll
0x00007ff9fbed0000 - 0x00007ff9fc014000 	C:\Users\Abutalib\.gradle\native\100fb08df4bc3b14c8652ba06237920a3bd2aa13389f12d3474272988ae205f9\windows-amd64\native-platform-file-events.dll
0x00007ffa44700000 - 0x00007ffa4470a000 	C:\Program Files\Microsoft\jdk-17.0.12.7-hotspot\bin\management.dll
0x00007ffa40910000 - 0x00007ffa4091b000 	C:\Program Files\Microsoft\jdk-17.0.12.7-hotspot\bin\management_ext.dll
0x00007ffa672f0000 - 0x00007ffa672f8000 	C:\WINDOWS\System32\PSAPI.DLL
0x00007ffa650d0000 - 0x00007ffa650eb000 	C:\WINDOWS\SYSTEM32\CRYPTSP.dll
0x00007ffa64080000 - 0x00007ffa640ba000 	C:\WINDOWS\system32\rsaenh.dll
0x00007ffa64010000 - 0x00007ffa6403b000 	C:\WINDOWS\SYSTEM32\USERENV.dll
0x00007ffa65490000 - 0x00007ffa654b6000 	C:\WINDOWS\SYSTEM32\bcrypt.dll
0x00007ffa64260000 - 0x00007ffa6426c000 	C:\WINDOWS\SYSTEM32\CRYPTBASE.dll
0x00007ffa63490000 - 0x00007ffa634c3000 	C:\WINDOWS\SYSTEM32\IPHLPAPI.DLL
0x00007ffa666a0000 - 0x00007ffa666aa000 	C:\WINDOWS\System32\NSI.dll
0x00007ffa5e910000 - 0x00007ffa5e92f000 	C:\WINDOWS\SYSTEM32\dhcpcsvc6.DLL
0x00007ffa5a430000 - 0x00007ffa5a455000 	C:\WINDOWS\SYSTEM32\dhcpcsvc.DLL
0x00007ffa63520000 - 0x00007ffa63647000 	C:\WINDOWS\SYSTEM32\DNSAPI.dll
0x00007ffa3f640000 - 0x00007ffa3f649000 	C:\Program Files\Microsoft\jdk-17.0.12.7-hotspot\bin\extnet.dll
0x00007ffa3e7e0000 - 0x00007ffa3e7ee000 	C:\Program Files\Microsoft\jdk-17.0.12.7-hotspot\bin\sunmscapi.dll
0x00007ffa66080000 - 0x00007ffa661f7000 	C:\WINDOWS\System32\CRYPT32.dll
0x00007ffa64500000 - 0x00007ffa64530000 	C:\WINDOWS\SYSTEM32\ncrypt.dll
0x00007ffa64660000 - 0x00007ffa6469f000 	C:\WINDOWS\SYSTEM32\NTASN1.dll
0x00007ffa56ae0000 - 0x00007ffa56ae8000 	C:\WINDOWS\system32\wshunix.dll
0x00007ffa3f3d0000 - 0x00007ffa3f3e8000 	C:\WINDOWS\system32\napinsp.dll
0x00007ffa3f3b0000 - 0x00007ffa3f3c2000 	C:\WINDOWS\System32\winrnr.dll
0x00007ffa3f300000 - 0x00007ffa3f330000 	C:\WINDOWS\system32\nlansp_c.dll
0x00007ffa57ad0000 - 0x00007ffa57af0000 	C:\WINDOWS\system32\wshbth.dll
0x00007ffa5a420000 - 0x00007ffa5a42b000 	C:\Windows\System32\rasadhlp.dll
0x00007ffa5a250000 - 0x00007ffa5a2d6000 	C:\WINDOWS\System32\fwpuclnt.dll
0x00007ffa64d20000 - 0x00007ffa64d56000 	C:\WINDOWS\SYSTEM32\ntmarta.dll

dbghelp: loaded successfully - version: 4.0.5 - missing functions: none
symbol engine: initialized successfully - sym options: 0x614 - pdb path: .;C:\Program Files\Microsoft\jdk-17.0.12.7-hotspot\bin;C:\WINDOWS\SYSTEM32;C:\WINDOWS\WinSxS\amd64_microsoft.windows.common-controls_6595b64144ccf1df_6.0.26100.4202_none_3e0698d4e335f517;C:\Program Files\Microsoft\jdk-17.0.12.7-hotspot\bin\server;C:\Users\Abutalib\.gradle\native\c067742578af261105cb4f569cf0c3c89f3d7b1fecec35dd04571415982c5e48\windows-amd64;C:\Users\Abutalib\.gradle\native\100fb08df4bc3b14c8652ba06237920a3bd2aa13389f12d3474272988ae205f9\windows-amd64

VM Arguments:
jvm_args: --add-opens=java.base/java.util=ALL-UNNAMED --add-opens=java.base/java.lang=ALL-UNNAMED --add-opens=java.base/java.lang.invoke=ALL-UNNAMED --add-opens=java.prefs/java.util.prefs=ALL-UNNAMED --add-exports=jdk.compiler/com.sun.tools.javac.api=ALL-UNNAMED --add-exports=jdk.compiler/com.sun.tools.javac.util=ALL-UNNAMED --add-opens=java.base/java.nio.charset=ALL-UNNAMED --add-opens=java.base/java.net=ALL-UNNAMED --add-opens=java.base/java.util.concurrent.atomic=ALL-UNNAMED -Xmx4096m -Dfile.encoding=windows-1252 -Duser.country=IN -Duser.language=en -Duser.variant -javaagent:C:\Users\Abutalib\.gradle\wrapper\dists\gradle-8.10.2-all\7iv73wktx1xtkvlq19urqw1wm\gradle-8.10.2\lib\agents\gradle-instrumentation-agent-8.10.2.jar 
java_command: org.gradle.launcher.daemon.bootstrap.GradleDaemon 8.10.2
java_class_path (initial): C:\Users\Abutalib\.gradle\wrapper\dists\gradle-8.10.2-all\7iv73wktx1xtkvlq19urqw1wm\gradle-8.10.2\lib\gradle-daemon-main-8.10.2.jar
Launcher Type: SUN_STANDARD

[Global flags]
     intx CICompilerCount                          = 4                                         {product} {ergonomic}
     uint ConcGCThreads                            = 2                                         {product} {ergonomic}
     uint G1ConcRefinementThreads                  = 8                                         {product} {ergonomic}
   size_t G1HeapRegionSize                         = 2097152                                   {product} {ergonomic}
    uintx GCDrainStackTargetSize                   = 64                                        {product} {ergonomic}
   size_t InitialHeapSize                          = 123731968                                 {product} {ergonomic}
   size_t MarkStackSize                            = 4194304                                   {product} {ergonomic}
   size_t MaxHeapSize                              = 4294967296                                {product} {command line}
   size_t MaxNewSize                               = 2575302656                                {product} {ergonomic}
   size_t MinHeapDeltaBytes                        = 2097152                                   {product} {ergonomic}
   size_t MinHeapSize                              = 8388608                                   {product} {ergonomic}
    uintx NonNMethodCodeHeapSize                   = 5839372                                {pd product} {ergonomic}
    uintx NonProfiledCodeHeapSize                  = 122909434                              {pd product} {ergonomic}
    uintx ProfiledCodeHeapSize                     = 122909434                              {pd product} {ergonomic}
    uintx ReservedCodeCacheSize                    = 251658240                              {pd product} {ergonomic}
     bool SegmentedCodeCache                       = true                                      {product} {ergonomic}
   size_t SoftMaxHeapSize                          = 4294967296                             {manageable} {ergonomic}
     bool UseCompressedClassPointers               = true                           {product lp64_product} {ergonomic}
     bool UseCompressedOops                        = true                           {product lp64_product} {ergonomic}
     bool UseG1GC                                  = true                                      {product} {ergonomic}
     bool UseLargePagesIndividualAllocation        = false                                  {pd product} {ergonomic}

Logging:
Log output configuration:
 #0: stdout all=warning uptime,level,tags
 #1: stderr all=off uptime,level,tags

Environment Variables:
JAVA_HOME=C:\Program Files\Microsoft\jdk-17.0.12.7-hotspot
CLASSPATH=C:\NexgenLMS\NexGenMobile\android\\gradle\wrapper\gradle-wrapper.jar
PATH=C:\Program Files\Microsoft\jdk-17.0.12.7-hotspot\bin;C:\Users\Abutalib\AppData\Local\Programs\Python\Python311\Scripts\;C:\Users\Abutalib\AppData\Local\Programs\Python\Python311\;C:\Ruby32-x64\bin;C:\Program Files\Common Files\Oracle\Java\javapath;C:\Users\Abutalib\AppData\Local\Programs\Python\Python311;c:\users\abutalib\appdata\local\programs\python\python311\lib\site-packages\pip\__init__.py;C:\WINDOWS\system32;C:\WINDOWS;C:\WINDOWS\System32\OpenSSH\;C:\WINDOWS\System32\Wbem;C:\WINDOWS\System32\WindowsPowerShell\v1.0\;C:\Program Files (x86)\Yarn\bin\;C:\Program Files\Git\cmd;C:\ProgramData\chocolatey\bin;C:\php;C:\ProgramData\ComposerSetup\bin;C:\Program Files\Amazon\AWSCLIV2\;%NVM_HOME%;%NVM_SYMLINK%;C:\Program Files\nodejs\;;C:\Users\Abutalib\AppData\Local\Microsoft\WindowsApps;C:\Users\Abutalib\AppData\Local\Android\Sdk\emulator;C:\Users\Abutalib\AppData\Local\Android\Sdk\platform-tools;C:\Users\Abutalib\AppData\Local\Android\Sdk\cmdline-tools\13.0\bin;C:\java programs\Microsoft VS Code\bin;C:\Users\Abutalib\PyCharm Community Edition 2022.3\bin;;C:\MinGW\bin;C:\MinGW\bin\gcc.exe;C:\Users\Abutalib\AppData\Local\Yarn\bin;C:\Program Files\Microsoft\jdk-17.0.12.7-hotspot\bin;C:\Users\Abutalib\AppData\Local\Microsoft\WinGet\Packages\Schniz.fnm_Microsoft.Winget.Source_8wekyb3d8bbwe;C:\Users\Abutalib\AppData\Local\Android\Sdk\system-images\android-34-ext12\google_apis_playstore\x86_64;C:\Users\Abutalib\AppData\Local\nvm;C:\nvm4w\nodejs;C:\Users\Abutalib\AppData\Roaming\npm
USERNAME=Abutalib
OS=Windows_NT
PROCESSOR_IDENTIFIER=AMD64 Family 23 Model 104 Stepping 1, AuthenticAMD
TMP=C:\Users\Abutalib\AppData\Local\Temp
TEMP=C:\Users\Abutalib\AppData\Local\Temp



Periodic native trim disabled


---------------  S Y S T E M  ---------------

OS:
 Windows 11 , 64 bit Build 26100 (10.0.26100.4202)
OS uptime: 7 days 18:13 hours
Hyper-V role detected

CPU: total 8 (initial active 8) (8 cores per cpu, 2 threads per core) family 23 model 104 stepping 1 microcode 0x8608107, cx8, cmov, fxsr, ht, mmx, 3dnowpref, sse, sse2, sse3, ssse3, sse4a, sse4.1, sse4.2, popcnt, lzcnt, tsc, tscinvbit, avx, avx2, aes, clmul, bmi1, bmi2, adx, sha, fma, vzeroupper, clflush, clflushopt, hv
Processor Information for the first 8 processors :
  Max Mhz: 2600, Current Mhz: 2600, Mhz Limit: 2600

Memory: 4k page, system-wide physical 7502M (499M free)
TotalPageFile size 30030M (AvailPageFile size 0M)
current process WorkingSet (physical memory assigned to process): 1028M, peak: 1747M
current process commit charge ("private bytes"): 2747M, peak: 2769M

vm_info: OpenJDK 64-Bit Server VM (17.0.12+7-LTS) for windows-amd64 JRE (17.0.12+7-LTS), built on Jul 16 2024 18:11:44 by "MicrosoftCorporation" with unknown MS VC++:1939

END.
