JvmtiExport can_access_local_variables 0
JvmtiExport can_hotswap_or_post_breakpoint 0
JvmtiExport can_post_on_exceptions 0
# 712 ciObject found
instanceKlass org/jetbrains/kotlin/types/TypeSubstitutor
ciInstanceKlass java/lang/Cloneable 1 0 7 100 1 100 1 1 1
instanceKlass org/jetbrains/kotlin/resolve/calls/inference/model/ConstraintStorageKt$WhenMappings
instanceKlass org/jetbrains/kotlin/resolve/calls/inference/model/ConstraintStorageKt
instanceKlass org/jetbrains/kotlin/resolve/calls/components/CompletionModeCalculator$CalculatorForNestedCall$FixationDirectionForVariable
instanceKlass org/jetbrains/kotlin/resolve/calls/components/CompletionModeCalculator$CalculatorForNestedCall$WhenMappings
instanceKlass org/jetbrains/kotlin/resolve/calls/components/CompletionModeCalculator$CalculatorForNestedCall
instanceKlass org/jetbrains/kotlin/resolve/calls/inference/components/ConstraintInjector$TypeCheckerStateForConstraintInjector$WhenMappings
instanceKlass org/jetbrains/kotlin/resolve/jvm/checkers/EnhancedNullabilityInfo
instanceKlass org/jetbrains/kotlin/types/CommonFlexibleTypeBoundsChecker
instanceKlass org/jetbrains/kotlin/types/FlexibleTypeBoundsChecker
instanceKlass org/jetbrains/kotlin/types/checker/CapturedArguments
instanceKlass org/jetbrains/kotlin/resolve/checkers/ConfusingWhenBranchSyntaxChecker
instanceKlass org/jetbrains/kotlin/cfg/WhenOnExpectExhaustivenessChecker
instanceKlass org/jetbrains/kotlin/cfg/WhenOnNullableExhaustivenessChecker
instanceKlass org/jetbrains/kotlin/diagnostics/WhenMissingCase
instanceKlass org/jetbrains/kotlin/resolve/checkers/EmptyIntersectionTypeChecker
instanceKlass org/jetbrains/kotlin/resolve/scopes/TypeIntersectionScope$Companion
instanceKlass org/jetbrains/kotlin/types/AbstractFlexibilityChecker
instanceKlass org/jetbrains/kotlin/com/intellij/psi/impl/source/codeStyle/CodeEditUtil
instanceKlass org/jetbrains/kotlin/types/expressions/PatternMatchingTypingVisitor$Subject
instanceKlass org/jetbrains/kotlin/cfg/WhenOnClassExhaustivenessChecker
instanceKlass org/jetbrains/kotlin/cfg/WhenOnBooleanExhaustivenessChecker
instanceKlass org/jetbrains/kotlin/cfg/WhenExhaustivenessChecker
instanceKlass org/jetbrains/kotlin/cfg/WhenChecker
instanceKlass org/jetbrains/kotlin/resolve/calls/smartcasts/MultipleSmartCasts
instanceKlass org/jetbrains/kotlin/types/expressions/PreliminaryLoopVisitor$Companion
instanceKlass org/jetbrains/kotlin/resolve/calls/tower/MemberScopeTowerLevel$approximateCapturedTypes$wrappedSubstitution$1$WhenMappings
instanceKlass org/jetbrains/kotlin/resolve/ImportedFromObjectKt
instanceKlass org/jetbrains/kotlin/types/expressions/ControlStructureTypingUtils$ThrowingOnErrorTracingStrategy
instanceKlass org/jetbrains/kotlin/types/expressions/ControlStructureTypingUtils$1
instanceKlass org/jetbrains/kotlin/com/google/common/primitives/IntsMethodsForWeb
instanceKlass gnu/trove/HashFunctions
instanceKlass gnu/trove/TIntObjectProcedure
instanceKlass gnu/trove/TIntHashingStrategy
instanceKlass org/jetbrains/kotlin/resolve/calls/smartcasts/SingleSmartCast
instanceKlass org/jetbrains/kotlin/resolve/calls/smartcasts/ExplicitSmartCasts
instanceKlass org/jetbrains/kotlin/types/checker/NullabilityChecker
instanceKlass org/jetbrains/kotlin/types/checker/TypeIntersector
instanceKlass org/jetbrains/kotlin/types/expressions/LabelResolver
instanceKlass org/jetbrains/kotlin/contracts/model/structure/ESAnd
instanceKlass org/jetbrains/kotlin/contracts/model/structure/ESOr
instanceKlass org/jetbrains/kotlin/contracts/model/functors/FunctorsUtilsKt
instanceKlass org/jetbrains/kotlin/contracts/model/structure/ESIs
instanceKlass org/jetbrains/kotlin/resolve/calls/checkers/RttiExpressionInformation
instanceKlass org/jetbrains/kotlin/types/expressions/DefinitelyNotNullDeprecationKt
instanceKlass org/jetbrains/kotlin/resolve/calls/smartcasts/ConditionalDataFlowInfo$Companion
instanceKlass org/jetbrains/kotlin/types/CastDiagnosticsUtil
instanceKlass org/jetbrains/kotlin/types/TypeReconstructionResult
instanceKlass org/jetbrains/kotlin/types/expressions/TypeReconstructionUtil
instanceKlass org/jetbrains/kotlin/types/checker/IntersectionTypeKt
instanceKlass org/jetbrains/kotlin/contracts/model/visitors/Substitutor
instanceKlass org/jetbrains/kotlin/contracts/description/ReturnsEffectDeclaration
instanceKlass org/jetbrains/kotlin/contracts/description/ConditionalEffectDeclaration
instanceKlass org/jetbrains/kotlin/contracts/interpretation/CallsEffectInterpreter
instanceKlass org/jetbrains/kotlin/contracts/interpretation/ReturnsEffectInterpreter
instanceKlass org/jetbrains/kotlin/contracts/interpretation/EffectDeclarationInterpreter
instanceKlass org/jetbrains/kotlin/contracts/interpretation/ConditionalEffectInterpreter
instanceKlass org/jetbrains/kotlin/contracts/interpretation/ConditionInterpreter
instanceKlass org/jetbrains/kotlin/contracts/description/ContractDescriptionVisitor
instanceKlass org/jetbrains/kotlin/contracts/interpretation/ConstantValuesInterpreter
instanceKlass org/jetbrains/kotlin/contracts/interpretation/ContractInterpretationDispatcher
instanceKlass org/jetbrains/kotlin/resolve/calls/CommonSuperTypeUtilsKt
instanceKlass org/jetbrains/kotlin/types/AbstractTypeApproximator$ApproximationResult
instanceKlass org/jetbrains/kotlin/config/KotlinCompilerVersion
instanceKlass org/jetbrains/kotlin/resolve/deprecation/CommonDeprecationUtilsKt$WhenMappings
instanceKlass org/jetbrains/kotlin/resolve/deprecation/CommonDeprecationUtilsKt
instanceKlass org/jetbrains/kotlin/metadata/deserialization/VersionRequirement$Companion$WhenMappings
instanceKlass org/jetbrains/kotlin/metadata/deserialization/VersionRequirement$Version$Companion
instanceKlass org/jetbrains/kotlin/metadata/deserialization/VersionRequirement$Version
instanceKlass org/jetbrains/kotlin/contracts/description/AbstractContractProvider
instanceKlass org/jetbrains/kotlin/descriptors/ContractProvider
instanceKlass org/jetbrains/kotlin/contracts/description/ContractDescription
instanceKlass org/jetbrains/kotlin/contracts/description/CallsEffectDeclaration
instanceKlass org/jetbrains/kotlin/contracts/description/EffectDeclaration
instanceKlass org/jetbrains/kotlin/contracts/description/EventOccurrencesRange$Companion
instanceKlass org/jetbrains/kotlin/contracts/description/expressions/VariableReference
instanceKlass org/jetbrains/kotlin/contracts/ContractDeserializerImpl$ContractDeserializationWorker$WhenMappings
instanceKlass org/jetbrains/kotlin/contracts/ContractDeserializerImpl$ContractDeserializationWorker
instanceKlass org/jetbrains/kotlin/resolve/calls/checkers/AssignmentCheckUtilsKt
instanceKlass javaslang/collection/List$Cons
instanceKlass org/jetbrains/kotlin/resolve/calls/smartcasts/DataFlowInfoImplKt
instanceKlass org/jetbrains/kotlin/resolve/LateinitModifierApplicabilityChecker
instanceKlass org/jetbrains/kotlin/resolve/multiplatform/OptionalAnnotationUtil
instanceKlass org/jetbrains/kotlin/resolve/checkers/ClassifierUsageCheckerKt
instanceKlass org/jetbrains/kotlin/descriptors/EffectiveVisibilityUtilsKt$WhenMappings
instanceKlass org/jetbrains/kotlin/descriptors/DescriptorWithRelation
instanceKlass org/jetbrains/kotlin/descriptors/EffectiveVisibility$WhenMappings
instanceKlass org/jetbrains/kotlin/descriptors/EffectiveVisibilityUtilsKt
instanceKlass org/jetbrains/kotlin/descriptors/annotations/KotlinTarget$Companion$WhenMappings
instanceKlass org/jetbrains/kotlin/resolve/checkers/OptionalExpectationChecker
instanceKlass org/jetbrains/kotlin/resolve/checkers/PublishedApiUsageChecker
instanceKlass org/jetbrains/kotlin/resolve/OperatorModifierChecker
instanceKlass org/jetbrains/kotlin/resolve/jvm/JdkClassesKt
instanceKlass org/jetbrains/kotlin/resolve/jvm/checkers/BadInheritedJavaSignaturesCheckerKt
instanceKlass org/jetbrains/kotlin/resolve/checkers/ActualClassifierMustHasTheSameMembersAsNonFinalExpectClassifierCheckerKt
instanceKlass org/jetbrains/kotlin/resolve/AnnotationUseSiteTargetChecker
instanceKlass org/jetbrains/kotlin/types/SubstitutionUtils
instanceKlass org/jetbrains/kotlin/cfg/variable/PseudocodeVariablesData$VariablesForDeclaration
instanceKlass org/jetbrains/kotlin/cfg/pseudocodeTraverser/Edges
instanceKlass org/jetbrains/kotlin/cfg/pseudocode/instructions/eval/InstructionWithReceivers
instanceKlass org/jetbrains/kotlin/cfg/variable/PseudocodeVariablesData$ReadOnlyInitVariableControlFlowInfoImpl
instanceKlass javaslang/collection/HashSet
instanceKlass org/jetbrains/kotlin/cfg/variable/BlockScopeVariableInfoImpl
instanceKlass org/jetbrains/kotlin/cfg/variable/BlockScopeVariableInfo
instanceKlass org/jetbrains/kotlin/cfg/variable/PseudocodeVariableDataCollector
instanceKlass org/jetbrains/kotlin/cfg/ControlFlowInfo
instanceKlass org/jetbrains/kotlin/cfg/variable/VariableInitReadOnlyControlFlowInfo
instanceKlass org/jetbrains/kotlin/cfg/ReadOnlyControlFlowInfo
instanceKlass org/jetbrains/kotlin/cfg/variable/PseudocodeVariablesData$Companion
instanceKlass org/jetbrains/kotlin/cfg/variable/PseudocodeVariablesData
instanceKlass org/jetbrains/kotlin/cfg/pseudocodeTraverser/PseudocodeTraverserKt$WhenMappings
instanceKlass org/jetbrains/kotlin/cfg/pseudocodeTraverser/PseudocodeTraverserKt
instanceKlass org/jetbrains/kotlin/cfg/pseudocode/instructions/InstructionVisitor
instanceKlass org/jetbrains/kotlin/cfg/pseudocode/instructions/jumps/JumpInstruction
instanceKlass org/jetbrains/kotlin/cfg/pseudocode/PseudocodeUtilsKt
instanceKlass org/jetbrains/kotlin/cfg/pseudocode/instructions/eval/InstructionWithValue
instanceKlass org/jetbrains/kotlin/cfg/pseudocode/instructions/InstructionImpl
instanceKlass org/jetbrains/kotlin/cfg/pseudocode/instructions/KtElementInstruction
instanceKlass org/jetbrains/kotlin/cfg/pseudocode/instructions/Instruction
instanceKlass org/jetbrains/kotlin/cfg/BlockInfo
instanceKlass org/jetbrains/kotlin/cfg/pseudocode/instructions/BlockScope
instanceKlass org/jetbrains/kotlin/cfg/pseudocode/PseudoValueFactoryImpl
instanceKlass org/jetbrains/kotlin/cfg/pseudocode/PseudoValueFactory
instanceKlass org/jetbrains/kotlin/cfg/pseudocode/PseudocodeLabel
instanceKlass org/jetbrains/kotlin/cfg/Label
instanceKlass org/jetbrains/kotlin/com/intellij/util/containers/BidirectionalMap
instanceKlass org/jetbrains/kotlin/cfg/pseudocode/PseudocodeImpl
instanceKlass org/jetbrains/kotlin/cfg/pseudocode/Pseudocode
instanceKlass org/jetbrains/kotlin/cfg/pseudocode/ControlFlowInstructionsGenerator$ControlFlowInstructionsGeneratorWorker
instanceKlass org/jetbrains/kotlin/cfg/ControlFlowBuilderAdapter
instanceKlass org/jetbrains/kotlin/cfg/ControlFlowBuilder
instanceKlass org/jetbrains/kotlin/cfg/ControlFlowProcessor
instanceKlass org/jetbrains/kotlin/cfg/ControlFlowInformationProviderImpl$Companion
instanceKlass org/jetbrains/kotlin/cfg/ControlFlowInformationProviderImpl
instanceKlass org/jetbrains/kotlin/types/expressions/LocalClassDescriptorHolder$getClassDescriptor$2$declarationProviderFactory$1
instanceKlass org/jetbrains/kotlin/types/expressions/LocalClassDescriptorHolder$getClassDescriptor$2
instanceKlass org/jetbrains/kotlin/platform/PlatformSpecificDiagnosticComponents$Default
instanceKlass org/jetbrains/kotlin/resolve/deprecation/DeprecationSettings$Default
instanceKlass org/jetbrains/kotlin/resolve/lazy/FileScopeProvider$ThrowException
instanceKlass org/jetbrains/kotlin/resolve/lazy/NoTopLevelDescriptorProvider
instanceKlass org/jetbrains/kotlin/types/expressions/LocalClassDescriptorHolder
instanceKlass org/jetbrains/kotlin/context/ModuleContextImpl
instanceKlass org/jetbrains/kotlin/resolve/calls/inference/components/SimpleConstraintSystemImpl
instanceKlass org/jetbrains/kotlin/resolve/calls/results/OverloadingConflictResolver$WhenMappings
instanceKlass org/jetbrains/kotlin/resolve/constants/KClassValue$Value
instanceKlass org/jetbrains/kotlin/resolve/constants/KClassValue$Companion
instanceKlass org/jetbrains/kotlin/resolve/constants/ClassLiteralValue
instanceKlass org/jetbrains/kotlin/metadata/jvm/deserialization/JvmMemberSignature
instanceKlass org/jetbrains/kotlin/resolve/calls/NewCommonSuperTypeCalculator
instanceKlass org/jetbrains/kotlin/resolve/calls/inference/components/ResultTypeResolver$sinkIntegerLiteralTypes$$inlined$sortedBy$1
instanceKlass org/jetbrains/kotlin/types/expressions/BasicExpressionTypingVisitor$1
instanceKlass org/jetbrains/kotlin/types/expressions/LabelResolver$LabeledReceiverResolutionResult$Companion
instanceKlass org/jetbrains/kotlin/types/expressions/LabelResolver$LabeledReceiverResolutionResult
instanceKlass org/jetbrains/kotlin/resolve/calls/model/ResolvedCallImpl
instanceKlass org/jetbrains/kotlin/resolve/annotations/AnnotationUtilKt
instanceKlass org/jetbrains/kotlin/resolve/deprecation/DeprecatedByAnnotation$Companion
instanceKlass org/jetbrains/kotlin/resolve/deprecation/DeprecationInfo
instanceKlass org/jetbrains/kotlin/psi/KtElementUtilsKt
instanceKlass org/jetbrains/kotlin/resolve/calls/tower/FunctionLiteralTypes
instanceKlass org/jetbrains/kotlin/resolve/calls/tower/FunctionLiteralTypes$ProcessedType
instanceKlass org/jetbrains/kotlin/resolve/calls/components/ReturnArgumentsInfo$Companion
instanceKlass org/jetbrains/kotlin/resolve/calls/components/ReturnArgumentsInfo
instanceKlass org/jetbrains/kotlin/types/expressions/FunctionsTypingVisitorKt
instanceKlass org/jetbrains/kotlin/types/CommonSupertypes
instanceKlass org/jetbrains/kotlin/resolve/calls/util/FunctionTypeResolveUtilsKt
instanceKlass org/jetbrains/kotlin/resolve/calls/tower/LambdaContextInfo
instanceKlass org/jetbrains/kotlin/resolve/calls/tower/KotlinResolutionCallbacksImpl$LambdaInfo$Companion
instanceKlass org/jetbrains/kotlin/resolve/calls/components/BuiltInsProviderKt
instanceKlass org/jetbrains/kotlin/resolve/calls/model/FunctionExpression
instanceKlass org/jetbrains/kotlin/resolve/sam/SamConstructorTypeParameters
instanceKlass org/jetbrains/kotlin/resolve/sam/SamConstructorUtilsKt
instanceKlass org/jetbrains/kotlin/resolve/sam/SamConversionResolverKt
instanceKlass org/jetbrains/kotlin/load/java/sam/JavaBasedSamConversionOracle
instanceKlass org/jetbrains/kotlin/load/java/sam/JavaBasedSamConversionResolver
instanceKlass org/jetbrains/kotlin/load/java/sam/SamAdapterDescriptor
instanceKlass org/jetbrains/kotlin/descriptors/synthetic/FunctionInterfaceAdapterDescriptor
instanceKlass org/jetbrains/kotlin/load/java/sam/JavaSingleAbstractMethodUtils$FunctionInitializer
instanceKlass org/jetbrains/kotlin/load/java/sam/JavaSingleAbstractMethodUtils
instanceKlass org/jetbrains/kotlin/parsing/BindAll
instanceKlass org/jetbrains/kotlin/parsing/AllCommentsBinder
instanceKlass org/jetbrains/kotlin/parsing/KotlinWhitespaceAndCommentsBindersKt
instanceKlass org/jetbrains/kotlin/resolve/calls/inference/ConstraintSystemImpl$WhenMappings
instanceKlass org/jetbrains/kotlin/resolve/calls/inference/ConstraintSystemImpl$status$1
instanceKlass org/jetbrains/kotlin/resolve/calls/inference/ConstraintSystemStatus
instanceKlass org/jetbrains/kotlin/resolve/calls/inference/ConstraintSystemImpl
instanceKlass org/jetbrains/kotlin/resolve/calls/inference/ConstraintSystem
instanceKlass org/jetbrains/kotlin/resolve/calls/inference/ConstraintSystemBuilderImpl$Constraint
instanceKlass org/jetbrains/kotlin/types/FunctionPlaceholderTypeConstructor
instanceKlass org/jetbrains/kotlin/types/FunctionPlaceholdersKt
instanceKlass org/jetbrains/kotlin/resolve/calls/inference/ConstraintSystemBuilderImpl$addConstraint$typeCheckingProcedure$1
instanceKlass org/jetbrains/kotlin/resolve/calls/inference/ConstraintContext
instanceKlass org/jetbrains/kotlin/resolve/calls/inference/constraintPosition/ConstraintPositionImpl
instanceKlass org/jetbrains/kotlin/resolve/calls/inference/constraintPosition/ConstraintPosition
instanceKlass org/jetbrains/kotlin/resolve/calls/inference/CallHandle$NONE
instanceKlass org/jetbrains/kotlin/types/TypeIntersector$TypeUnifier$TypeParameterUsage
instanceKlass org/jetbrains/kotlin/resolve/calls/inference/CallHandle
instanceKlass org/jetbrains/kotlin/types/TypeIntersector$TypeUnifier
instanceKlass org/jetbrains/kotlin/resolve/calls/smartcasts/SmartCastReceiverValue
instanceKlass org/jetbrains/kotlin/resolve/calls/smartcasts/SmartCastUtilKt
instanceKlass kotlin/properties/NotNullVar
instanceKlass org/jetbrains/kotlin/synthetic/JavaSyntheticPropertiesScope$MyPropertyDescriptor$Companion
instanceKlass org/jetbrains/kotlin/synthetic/SyntheticExtensionsUtilsKt
instanceKlass org/jetbrains/kotlin/resolve/OverridingUtilsKt
instanceKlass org/jetbrains/kotlin/resolve/jvm/checkers/JavaNullabilityCheckerKt
instanceKlass org/jetbrains/kotlin/types/expressions/SenselessComparisonChecker$WhenMappings
instanceKlass org/jetbrains/kotlin/types/RangeUtilKt
instanceKlass org/jetbrains/kotlin/contracts/model/structure/ValuesKt
instanceKlass org/jetbrains/kotlin/contracts/model/structure/ESEqual
instanceKlass org/jetbrains/kotlin/contracts/model/ESOperator
instanceKlass org/jetbrains/kotlin/contracts/model/AbstractFunctor
instanceKlass org/jetbrains/kotlin/contracts/model/Functor
instanceKlass org/jetbrains/kotlin/resolve/calls/smartcasts/IdentifierInfo$SafeCast
instanceKlass org/jetbrains/kotlin/resolve/calls/smartcasts/Nullability$1
instanceKlass org/jetbrains/kotlin/resolve/calls/tower/StubTypesBasedInferenceSession
instanceKlass org/jetbrains/kotlin/types/expressions/SenselessComparisonChecker
instanceKlass org/jetbrains/kotlin/types/EnumCompatibilityCheckerKt
instanceKlass org/jetbrains/kotlin/types/TypeIntersector
instanceKlass org/jetbrains/kotlin/resolve/checkers/PrimitiveNumericComparisonInfo
instanceKlass org/jetbrains/kotlin/resolve/StatementFilterKt
instanceKlass org/jetbrains/kotlin/com/intellij/util/containers/ObjectIntHashMap
instanceKlass org/jetbrains/kotlin/com/intellij/util/containers/ObjectIntMap
instanceKlass org/jetbrains/kotlin/com/intellij/psi/util/TypeConversionUtil
instanceKlass org/jetbrains/kotlin/descriptors/impl/SyntheticFieldDescriptor$Companion
instanceKlass org/jetbrains/kotlin/resolve/sam/SamConversionResolverImplKt
instanceKlass org/jetbrains/kotlin/descriptors/impl/TypeAliasConstructorDescriptorImpl$Companion
instanceKlass org/jetbrains/kotlin/resolve/jvm/JvmBindingContextSlices
instanceKlass org/jetbrains/kotlin/resolve/jvm/RuntimeAssertionsKt
instanceKlass org/jetbrains/kotlin/resolve/calls/results/OverloadingConflictResolver$filterOutEquivalentCalls$$inlined$sortedBy$1
instanceKlass org/jetbrains/kotlin/resolve/calls/tower/SimpleTypeArgumentImpl
instanceKlass org/jetbrains/kotlin/resolve/calls/model/SimpleTypeArgument
instanceKlass org/jetbrains/kotlin/resolve/calls/model/TypeArgument
instanceKlass org/jetbrains/kotlin/resolve/ArrayFqNames
instanceKlass org/jetbrains/kotlin/contracts/ESDataFlowValue
instanceKlass org/jetbrains/kotlin/resolve/calls/results/OverloadResolutionResultsUtil
instanceKlass org/jetbrains/kotlin/contracts/ContextInfoToDataFlowInfoKt
instanceKlass org/jetbrains/kotlin/contracts/model/MutableContextInfo$Companion
instanceKlass org/jetbrains/kotlin/contracts/model/MutableContextInfo
instanceKlass org/jetbrains/kotlin/contracts/model/visitors/InfoCollector
instanceKlass org/jetbrains/kotlin/contracts/model/structure/UNKNOWN_COMPUTATION
instanceKlass org/jetbrains/kotlin/contracts/description/ContractProviderKey
instanceKlass org/jetbrains/kotlin/contracts/model/structure/CallComputation
instanceKlass org/jetbrains/kotlin/contracts/model/structure/TypesKt
instanceKlass org/jetbrains/kotlin/contracts/model/ESTypeSubstitution$Companion
instanceKlass org/jetbrains/kotlin/contracts/model/ESTypeSubstitution
instanceKlass org/jetbrains/kotlin/contracts/model/visitors/Reducer
instanceKlass org/jetbrains/kotlin/contracts/model/ESExpressionVisitor
instanceKlass org/jetbrains/kotlin/contracts/model/structure/ESType
instanceKlass org/jetbrains/kotlin/contracts/description/expressions/BooleanConstantReference$Companion
instanceKlass org/jetbrains/kotlin/contracts/description/expressions/ConstantReference$Companion
instanceKlass org/jetbrains/kotlin/contracts/description/expressions/ConstantReference
instanceKlass org/jetbrains/kotlin/contracts/description/expressions/ContractDescriptionValue
instanceKlass org/jetbrains/kotlin/contracts/description/BooleanExpression
instanceKlass org/jetbrains/kotlin/contracts/description/ContractDescriptionElement
instanceKlass org/jetbrains/kotlin/contracts/model/structure/AbstractESValue
instanceKlass org/jetbrains/kotlin/contracts/model/ESValue
instanceKlass org/jetbrains/kotlin/contracts/model/ESExpression
instanceKlass org/jetbrains/kotlin/contracts/model/Computation
instanceKlass org/jetbrains/kotlin/contracts/model/structure/ESConstants
instanceKlass org/jetbrains/kotlin/contracts/model/ESEffect
instanceKlass org/jetbrains/kotlin/resolve/calls/tower/InvokeProcessorsKt
instanceKlass org/jetbrains/kotlin/resolve/calls/tower/AbstractInvokeTowerProcessor$VariableInvokeProcessor
instanceKlass org/jetbrains/kotlin/resolve/calls/util/CallMaker$ExpressionValueArgument
instanceKlass org/jetbrains/kotlin/resolve/constants/evaluate/OperationsMapGeneratedKt$WhenMappings
instanceKlass org/jetbrains/kotlin/resolve/constants/evaluate/OperationsMapGeneratedKt
instanceKlass org/jetbrains/kotlin/resolve/constants/evaluate/ConstantExpressionEvaluatorVisitor$OperationArgument
instanceKlass org/jetbrains/kotlin/resolve/calls/CallTransformer
instanceKlass org/jetbrains/kotlin/resolve/calls/tower/AbstractInvokeTowerProcessor
instanceKlass org/jetbrains/kotlin/resolve/calls/tower/PSICallResolver$FactoryProviderForInvoke
instanceKlass org/jetbrains/kotlin/resolve/calls/tower/CandidateFactoryProviderForInvoke
instanceKlass org/jetbrains/kotlin/types/expressions/OperatorConventions
instanceKlass org/jetbrains/kotlin/resolve/ObservableBindingTrace$RecordHandler
instanceKlass org/jetbrains/kotlin/types/AbstractTypeApproximator$WhenMappings
instanceKlass kotlin/collections/builders/ListBuilder$Itr
instanceKlass kotlin/collections/builders/ListBuilder$Companion
instanceKlass org/jetbrains/kotlin/resolve/calls/inference/model/MutableVariableWithConstraints$WhenMappings
instanceKlass org/jetbrains/kotlin/resolve/calls/inference/components/VariableFixationFinder$WhenMappings
instanceKlass org/jetbrains/kotlin/com/intellij/psi/impl/source/PsiImmediateClassType$1
instanceKlass org/jetbrains/kotlin/asJava/classes/UltraLightUtilsKt$supportForSourceDeclaration$1
instanceKlass org/jetbrains/kotlin/asJava/classes/UltraLightUtilsKt$supportForDescriptor$1
instanceKlass org/jetbrains/kotlin/asJava/classes/TypeParametersSupport
instanceKlass org/jetbrains/kotlin/asJava/classes/UltraLightUtilsKt
instanceKlass org/jetbrains/kotlin/analyzer/KotlinModificationTrackerService$Companion
instanceKlass org/jetbrains/kotlin/analyzer/KotlinModificationTrackerService
instanceKlass org/jetbrains/kotlin/asJava/classes/UltraLightSupportKt
instanceKlass org/jetbrains/kotlin/asJava/classes/KtLightClassImpl$Companion
instanceKlass org/jetbrains/kotlin/asJava/classes/KtExtensibleLightClass
instanceKlass org/jetbrains/kotlin/asJava/classes/KtLightClass
instanceKlass org/jetbrains/kotlin/asJava/elements/KtLightDeclaration
instanceKlass org/jetbrains/kotlin/asJava/elements/KtLightElement
instanceKlass org/jetbrains/kotlin/asJava/classes/UltraLightUtilsKt$safeIsLocal$$inlined$runReadAction$1
instanceKlass org/jetbrains/kotlin/cli/jvm/compiler/CliLightClassGenerationSupport$CliLightClassSupport
instanceKlass org/jetbrains/kotlin/asJava/classes/KtUltraLightSupport
instanceKlass org/jetbrains/kotlin/asJava/LightClassCachedValue
instanceKlass org/jetbrains/kotlin/asJava/KotlinAsJavaSupportBase$WhenMappings
instanceKlass org/jetbrains/kotlin/asJava/classes/KtLightClassForSourceDeclarationKt
instanceKlass org/jetbrains/kotlin/com/intellij/notebook/editor/BackedVirtualFile
instanceKlass org/jetbrains/kotlin/com/intellij/psi/search/PsiSearchScopeUtil
instanceKlass org/jetbrains/org/objectweb/asm/Handle
instanceKlass org/jetbrains/kotlin/com/intellij/psi/scope/PsiScopeProcessor$Event$1
instanceKlass org/jetbrains/kotlin/com/intellij/psi/ExternallyDefinedPsiElement
instanceKlass jdk/internal/math/FDBigInteger
instanceKlass org/jetbrains/kotlin/com/intellij/psi/impl/compiled/SignatureParsing
instanceKlass org/jetbrains/kotlin/com/intellij/codeInsight/AnnotationCacheOwnerNormalizer
instanceKlass org/jetbrains/kotlin/com/intellij/psi/stub/JavaStubImplUtil
instanceKlass org/jetbrains/kotlin/com/intellij/psi/PsiClassType$ClassResolveResult$1
instanceKlass org/jetbrains/kotlin/com/intellij/psi/impl/source/PsiClassReferenceType$DelegatingClassResolveResult
instanceKlass org/jetbrains/kotlin/com/intellij/psi/ServerPageFile
instanceKlass org/jetbrains/kotlin/com/intellij/psi/FileResolveScopeProvider
instanceKlass org/jetbrains/kotlin/com/intellij/util/containers/JBIterator$2
instanceKlass org/jetbrains/kotlin/com/intellij/util/Function$Mono
instanceKlass org/jetbrains/kotlin/com/intellij/util/containers/JBIterator$Op
instanceKlass org/jetbrains/kotlin/com/intellij/util/containers/JBIterator
instanceKlass org/jetbrains/kotlin/com/intellij/util/containers/JBIterable$Stateful
instanceKlass org/jetbrains/kotlin/com/intellij/util/containers/JBIterable
instanceKlass org/jetbrains/kotlin/com/intellij/psi/impl/source/resolve/SymbolCollectingProcessor$ResultWithContext
instanceKlass org/jetbrains/kotlin/com/intellij/psi/impl/source/resolve/JavaResolveUtil
instanceKlass org/jetbrains/kotlin/com/intellij/psi/impl/compiled/StubBuildingVisitor$MethodInfo
instanceKlass org/jetbrains/kotlin/com/intellij/psi/impl/cache/TypeAnnotationContainer$Collector
instanceKlass java/util/stream/AbstractSpinedBuffer
instanceKlass java/util/stream/Node$Builder
instanceKlass java/util/stream/Node$OfDouble
instanceKlass java/util/stream/Node$OfLong
instanceKlass java/util/stream/Node$OfInt
instanceKlass java/util/stream/Node$OfPrimitive
instanceKlass java/util/stream/Nodes$EmptyNode
instanceKlass java/util/stream/Node
instanceKlass java/util/stream/Nodes
instanceKlass org/jetbrains/kotlin/one/util/streamex/StreamContext
instanceKlass java/util/HashMap$HashMapSpliterator
instanceKlass java/util/stream/DoubleStream
instanceKlass java/util/stream/LongStream
instanceKlass org/jetbrains/kotlin/one/util/streamex/Internals$CloneableSpliterator
instanceKlass org/jetbrains/kotlin/one/util/streamex/BaseStreamEx
instanceKlass org/jetbrains/kotlin/com/intellij/psi/impl/compiled/FirstPassData$InnerClassEntry
instanceKlass org/jetbrains/kotlin/com/intellij/psi/impl/source/PsiJavaFileBaseImpl$MyResolveCacheProcessor
instanceKlass org/jetbrains/kotlin/com/intellij/psi/PsiImportStaticStatement
instanceKlass org/jetbrains/kotlin/com/intellij/psi/PsiImportStatement
instanceKlass org/jetbrains/kotlin/com/intellij/psi/impl/ScopedClassHierarchy$1
instanceKlass org/jetbrains/kotlin/com/intellij/psi/impl/ScopedClassHierarchy
instanceKlass org/jetbrains/kotlin/com/intellij/psi/impl/PsiClassImplUtil$1
instanceKlass org/jetbrains/kotlin/com/intellij/psi/scope/JavaScopeProcessorEvent
instanceKlass org/jetbrains/kotlin/com/intellij/psi/ResolveState
instanceKlass org/jetbrains/kotlin/com/intellij/psi/scope/util/PsiScopesUtil
instanceKlass org/jetbrains/kotlin/com/intellij/psi/PsiResolveHelper$SERVICE
instanceKlass org/jetbrains/kotlin/com/intellij/psi/impl/source/resolve/ClassResolverProcessor
instanceKlass org/jetbrains/kotlin/com/intellij/psi/impl/source/PsiJavaCodeReferenceElementImpl$1
instanceKlass org/jetbrains/kotlin/com/intellij/psi/impl/source/PsiJavaCodeReferenceElementImpl$OurGenericsResolver
instanceKlass org/jetbrains/kotlin/com/intellij/util/PairFunction
instanceKlass org/jetbrains/kotlin/load/java/structure/impl/source/JavaElementTypeSource
instanceKlass org/jetbrains/kotlin/load/java/structure/impl/JavaClassifierTypeImpl$ResolutionResult
instanceKlass org/jetbrains/kotlin/load/java/structure/impl/JavaClassifierTypeImpl$Companion
instanceKlass org/jetbrains/kotlin/com/intellij/psi/PsiTypeVisitor
instanceKlass org/jetbrains/kotlin/load/java/structure/impl/JavaTypeImpl
instanceKlass org/jetbrains/kotlin/com/intellij/psi/impl/source/ClassReferencePointer$1
instanceKlass org/jetbrains/kotlin/com/intellij/psi/PsiClassType$ClassResolveResult
instanceKlass org/jetbrains/kotlin/com/intellij/lang/jvm/types/JvmTypeResolveResult
instanceKlass org/jetbrains/kotlin/com/intellij/psi/impl/PsiClassImplUtil$ClassIconRequest
instanceKlass org/jetbrains/kotlin/com/intellij/psi/impl/PsiClassImplUtil
instanceKlass org/jetbrains/kotlin/types/model/TypeSystemContextHelpersKt
instanceKlass org/jetbrains/kotlin/resolve/calls/inference/components/NewTypeSubstitutorKt$createCompositeSubstitutor$1
instanceKlass org/jetbrains/kotlin/resolve/calls/inference/components/NewTypeSubstitutorKt
instanceKlass org/jetbrains/kotlin/resolve/calls/inference/components/VariableFixationFinderKt
instanceKlass org/jetbrains/kotlin/types/model/MarkerExtensionsKt
instanceKlass org/jetbrains/kotlin/resolve/calls/inference/components/ConstraintContext
instanceKlass org/jetbrains/kotlin/resolve/calls/inference/model/MutableVariableWithConstraints
instanceKlass org/jetbrains/kotlin/resolve/calls/inference/model/TypeVariableKt
instanceKlass org/jetbrains/kotlin/resolve/calls/inference/model/TypeVariableTypeConstructor
instanceKlass org/jetbrains/kotlin/resolve/calls/inference/model/NewTypeVariable
instanceKlass org/jetbrains/kotlin/resolve/BodyResolver$2
instanceKlass org/jetbrains/kotlin/resolve/calls/inference/model/ConstraintSystemError
instanceKlass org/jetbrains/kotlin/resolve/calls/inference/model/NewConstraintMismatch
instanceKlass javaslang/ValueModule
instanceKlass org/jetbrains/kotlin/resolve/calls/smartcasts/IdentifierInfo$NULL
instanceKlass kotlin/jvm/internal/EnumCompanionObject
instanceKlass org/jetbrains/kotlin/load/java/typeEnhancement/EnhancedTypeAnnotationDescriptor
instanceKlass org/jetbrains/kotlin/types/checker/ClassicTypeSystemContextKt
instanceKlass org/jetbrains/kotlin/parsing/BindFirstShebangWithWhitespaceOnly
instanceKlass org/jetbrains/kotlin/com/intellij/model/BranchableSyntheticPsiElement
instanceKlass org/jetbrains/kotlin/psi/KtPsiFactory$Companion
instanceKlass org/jetbrains/kotlin/psi/KtPsiFactory
instanceKlass org/jetbrains/kotlin/resolve/FunctionDescriptorUtil
instanceKlass org/jetbrains/kotlin/name/NameUtils
instanceKlass org/jetbrains/kotlin/load/kotlin/PackagePartClassUtils
instanceKlass org/jetbrains/kotlin/fileClasses/JvmSimpleFileClassInfo
instanceKlass org/jetbrains/kotlin/fileClasses/JvmFileClassInfo
instanceKlass org/jetbrains/kotlin/fileClasses/JvmFileClassUtil
instanceKlass org/jetbrains/kotlin/resolve/calls/results/FlatSignatureKt
instanceKlass org/jetbrains/kotlin/resolve/calls/results/OverloadabilitySpecificityCallbacks
instanceKlass org/jetbrains/kotlin/resolve/calls/results/TypeWithConversion
instanceKlass org/jetbrains/kotlin/resolve/calls/results/FlatSignatureUtilsKt
instanceKlass org/jetbrains/kotlin/resolve/calls/results/FlatSignature$Companion
instanceKlass org/jetbrains/kotlin/resolve/calls/results/FlatSignature
instanceKlass org/jetbrains/kotlin/resolve/VarianceCheckerCore$WhenMappings
instanceKlass org/jetbrains/kotlin/types/EnrichedProjectionKind$Companion$WhenMappings
instanceKlass org/jetbrains/kotlin/types/EnrichedProjectionKind$Companion
instanceKlass org/jetbrains/kotlin/resolve/typeBinding/TypeArgumentBindingImpl
instanceKlass org/jetbrains/kotlin/resolve/typeBinding/TypeArgumentBinding
instanceKlass org/jetbrains/kotlin/resolve/typeBinding/ExplicitTypeBinding
instanceKlass org/jetbrains/kotlin/resolve/typeBinding/TypeBinding
instanceKlass org/jetbrains/kotlin/resolve/typeBinding/TypeBindingKt
instanceKlass org/jetbrains/kotlin/resolve/OverrideResolver$checkOverrideForComponentFunction$1
instanceKlass org/jetbrains/kotlin/com/google/common/collect/Collections2
instanceKlass org/jetbrains/kotlin/resolve/OverrideResolver$CollectErrorInformationForInheritedMembersStrategy
instanceKlass org/jetbrains/kotlin/resolve/OverrideResolver$CheckInheritedSignaturesReportStrategy
instanceKlass org/jetbrains/kotlin/resolve/OverrideResolver$checkOverrideForMember$1
instanceKlass org/jetbrains/kotlin/resolve/OverrideResolver$CheckOverrideReportForDeclaredMemberStrategy
instanceKlass org/jetbrains/kotlin/resolve/OverrideResolver$CheckOverrideReportStrategy
instanceKlass org/jetbrains/kotlin/com/google/common/collect/AbstractMapBasedMultimap$KeySet$1
instanceKlass org/jetbrains/kotlin/resolve/lazy/data/KtScriptInfo
instanceKlass org/jetbrains/kotlin/com/google/common/collect/AbstractMapBasedMultimap$AsMap$AsMapIterator
instanceKlass org/jetbrains/kotlin/util/OneElementArrayMap$iterator$1
instanceKlass org/jetbrains/kotlin/codegen/binding/CodegenBinding
instanceKlass org/jetbrains/kotlin/load/java/ErasedOverridabilityCondition$WhenMappings
instanceKlass org/jetbrains/kotlin/load/java/lazy/types/RawSubstitution$Companion
instanceKlass org/jetbrains/kotlin/codegen/AsmUtil
instanceKlass org/jetbrains/kotlin/load/kotlin/TypeMappingMode$WhenMappings
instanceKlass org/jetbrains/kotlin/builtins/KotlinBuiltIns$Primitives
instanceKlass org/jetbrains/kotlin/resolve/scopes/DescriptorKindExclude
instanceKlass java/util/concurrent/locks/AbstractQueuedSynchronizer$Node
instanceKlass org/jetbrains/kotlin/resolve/calls/smartcasts/IdentifierInfo$EnumEntry
instanceKlass org/jetbrains/kotlin/resolve/constants/evaluate/ConstantExpressionEvaluatorKt$WhenMappings
instanceKlass org/jetbrains/kotlin/resolve/constants/evaluate/ConstantExpressionEvaluatorKt
instanceKlass org/jetbrains/kotlin/load/kotlin/KotlinJvmBinaryClass$MethodAnnotationVisitor
instanceKlass org/jetbrains/kotlin/load/kotlin/AbstractBinaryClassAnnotationAndConstantLoader$loadAnnotationsAndInitializers$1$MemberAnnotationVisitor
instanceKlass org/jetbrains/kotlin/load/kotlin/AbstractBinaryClassAnnotationAndConstantLoader$loadAnnotationsAndInitializers$1
instanceKlass org/jetbrains/kotlin/load/kotlin/KotlinJvmBinaryClass$MemberVisitor
instanceKlass org/jetbrains/kotlin/metadata/jvm/deserialization/ClassMapperLite
instanceKlass org/jetbrains/kotlin/load/kotlin/MemberSignature$Companion
instanceKlass org/jetbrains/kotlin/descriptors/impl/EnumEntrySyntheticClassDescriptor$EnumEntryScope$3
instanceKlass org/jetbrains/kotlin/descriptors/impl/EnumEntrySyntheticClassDescriptor$EnumEntryScope$2
instanceKlass org/jetbrains/kotlin/descriptors/impl/EnumEntrySyntheticClassDescriptor$EnumEntryScope$1
instanceKlass org/jetbrains/kotlin/resolve/CliStdlibClassFinderImpl
instanceKlass org/jetbrains/kotlin/resolve/StdlibClassFinder
instanceKlass org/jetbrains/kotlin/resolve/StdlibClassFinderKt
instanceKlass org/jetbrains/kotlin/resolve/calls/tower/PSIErrorCallInfo
instanceKlass org/jetbrains/kotlin/resolve/calls/components/ErrorCallInfo
instanceKlass org/jetbrains/kotlin/diagnostics/DiagnosticWithParameters1Marker
instanceKlass org/jetbrains/kotlin/resolve/FunctionsFromAny
instanceKlass org/jetbrains/kotlin/resolve/DataClassResolver
instanceKlass org/jetbrains/kotlin/resolve/DataClassDescriptorResolver
instanceKlass org/jetbrains/kotlin/builtins/jvm/JvmBuiltInsCustomizer$WhenMappings
instanceKlass org/jetbrains/kotlin/types/checker/SubtypePathNode
instanceKlass org/jetbrains/kotlin/types/checker/UtilsKt
instanceKlass org/jetbrains/kotlin/types/checker/TypeCheckerProcedureCallbacksImpl
instanceKlass org/jetbrains/kotlin/types/checker/TypeCheckingProcedureCallbacks
instanceKlass org/jetbrains/kotlin/types/checker/TypeCheckingProcedure
instanceKlass org/jetbrains/kotlin/load/java/ClassicBuiltinSpecialProperties
instanceKlass org/jetbrains/kotlin/descriptors/impl/PropertyDescriptorImpl$CopyConfiguration
instanceKlass org/jetbrains/kotlin/resolve/jvm/kotlinSignature/SignaturesPropagationData$VarargCheckResult
instanceKlass org/jetbrains/kotlin/resolve/jvm/kotlinSignature/SignaturesPropagationData$TypeAndName
instanceKlass org/jetbrains/kotlin/codegen/state/InfoForMangling
instanceKlass org/jetbrains/kotlin/resolve/jvm/AsmTypes$1
instanceKlass org/jetbrains/kotlin/resolve/jvm/AsmTypes
instanceKlass org/jetbrains/kotlin/resolve/jvm/jvmSignature/JvmMethodParameterSignature
instanceKlass org/jetbrains/kotlin/util/Check$DefaultImpls
instanceKlass org/jetbrains/kotlin/resolve/MemberComparator$NameAndTypeMemberComparator
instanceKlass org/jetbrains/kotlin/load/java/components/JavaAnnotationTargetMapper
instanceKlass org/jetbrains/kotlin/resolve/ModifierCheckerHelpersKt$or$1
instanceKlass org/jetbrains/kotlin/resolve/ModifierCheckerHelpersKt$ifSupported$1
instanceKlass org/jetbrains/kotlin/resolve/ModifierCheckerHelpersKt$always$1
instanceKlass org/jetbrains/kotlin/resolve/TargetAllowedPredicate
instanceKlass org/jetbrains/kotlin/resolve/ModifierCheckerHelpersKt
instanceKlass org/jetbrains/kotlin/descriptors/ConstUtil
instanceKlass org/jetbrains/kotlin/resolve/calls/CallExpressionResolver$elementChain$1$WhenMappings
instanceKlass org/jetbrains/kotlin/diagnostics/AbstractDiagnostic
instanceKlass org/jetbrains/kotlin/diagnostics/DiagnosticWithParameters3Marker
instanceKlass org/jetbrains/kotlin/resolve/calls/tower/ErrorCandidate
instanceKlass org/jetbrains/kotlin/resolve/calls/tower/ErrorCandidateFactoryKt$WhenMappings
instanceKlass org/jetbrains/kotlin/resolve/calls/tower/ErrorCandidateContext
instanceKlass org/jetbrains/kotlin/resolve/calls/tower/ErrorCandidateFactoryKt
instanceKlass org/jetbrains/kotlin/resolve/calls/tower/PSICallResolver$WhenMappings
instanceKlass org/jetbrains/kotlin/resolve/scopes/receivers/TypeParameterQualifier
instanceKlass org/jetbrains/kotlin/resolve/QualifiedExpressionResolveUtilKt
instanceKlass org/jetbrains/kotlin/resolve/constants/PrimitiveTypeUtilKt
instanceKlass org/jetbrains/kotlin/resolve/constants/IntegerLiteralTypeConstructor$Companion
instanceKlass org/jetbrains/kotlin/resolve/constants/IntegerValueTypeConstant$Companion
instanceKlass org/jetbrains/kotlin/resolve/constants/CompileTimeConstantKt
instanceKlass org/jetbrains/kotlin/utils/NumberWithRadix
instanceKlass org/jetbrains/kotlin/utils/NumbersKt
instanceKlass org/jetbrains/kotlin/resolve/calls/tower/PrioritizedCompositeScopeTowerProcessor
instanceKlass org/jetbrains/kotlin/resolve/calls/CallExpressionElement
instanceKlass org/jetbrains/kotlin/resolve/calls/CallExpressionUnrollerKt
instanceKlass jdk/internal/math/FloatingDecimal$ASCIIToBinaryBuffer
instanceKlass jdk/internal/math/FloatingDecimal$PreparedASCIIToBinaryBuffer
instanceKlass jdk/internal/math/FloatingDecimal$ASCIIToBinaryConverter
instanceKlass jdk/internal/math/FloatingDecimal$BinaryToASCIIBuffer
instanceKlass jdk/internal/math/FloatingDecimal$ExceptionalBinaryToASCIIBuffer
instanceKlass jdk/internal/math/FloatingDecimal$BinaryToASCIIConverter
instanceKlass jdk/internal/math/FloatingDecimal
instanceKlass org/jetbrains/kotlin/com/intellij/openapi/util/text/CharFilter
instanceKlass org/jetbrains/kotlin/com/intellij/util/text/LiteralFormatUtil
instanceKlass org/jetbrains/kotlin/resolve/constants/CompileTimeConstantChecker
instanceKlass org/jetbrains/kotlin/resolve/constants/UnsignedErrorValueTypeConstant
instanceKlass org/jetbrains/kotlin/parsing/ParseUtilsKt
instanceKlass org/jetbrains/kotlin/resolve/calls/model/DefaultValueArgument
instanceKlass org/jetbrains/kotlin/resolve/calls/model/TransformableToWarning
instanceKlass org/jetbrains/kotlin/resolve/calls/model/KotlinCallDiagnostic
instanceKlass org/jetbrains/kotlin/descriptors/ConstUtilKt
instanceKlass org/jetbrains/kotlin/resolve/calls/smartcasts/IdentifierInfo$Qualified
instanceKlass org/jetbrains/kotlin/resolve/calls/smartcasts/IdentifierInfo$PackageOrClass
instanceKlass org/jetbrains/kotlin/resolve/scopes/receivers/ImplicitContextReceiver
instanceKlass org/jetbrains/kotlin/resolve/calls/smartcasts/DataFlowValueKindUtilsKt
instanceKlass org/jetbrains/kotlin/resolve/calls/smartcasts/IdentifierInfo$Variable
instanceKlass org/jetbrains/kotlin/resolve/TraceEntryFilter
instanceKlass org/jetbrains/kotlin/load/kotlin/KotlinJvmBinaryPackageSourceElement
instanceKlass org/jetbrains/kotlin/descriptors/DeclarationDescriptorWithNavigationSubstitute
instanceKlass org/jetbrains/kotlin/load/java/lazy/descriptors/JavaDescriptorUtilKt
instanceKlass org/jetbrains/kotlin/resolve/calls/DslMarkerUtils$DslMarkersFromReceiver
instanceKlass org/jetbrains/kotlin/resolve/calls/DslMarkerUtilsKt
instanceKlass org/jetbrains/kotlin/resolve/calls/DslMarkerUtils
instanceKlass org/jetbrains/kotlin/resolve/calls/checkers/CoroutineCallCheckerKt
instanceKlass org/jetbrains/kotlin/resolve/scopes/receivers/SuperCallReceiverValue
instanceKlass org/jetbrains/kotlin/types/AlternativeTypeSubstitutionKt$substituteAlternativesInPublicType$substitutor$1
instanceKlass org/jetbrains/kotlin/types/AlternativeTypeSubstitutionKt
instanceKlass org/jetbrains/kotlin/types/expressions/PreliminaryDeclarationVisitor$Companion
instanceKlass org/jetbrains/kotlin/resolve/calls/model/SimpleCandidateFactoryKt
instanceKlass org/jetbrains/kotlin/resolve/calls/model/ReceiverExpressionKotlinCallArgument$Companion
instanceKlass org/jetbrains/kotlin/resolve/calls/model/SimpleCandidateFactory$WhenMappings
instanceKlass org/jetbrains/kotlin/resolve/calls/tower/CandidateWithBoundDispatchReceiver
instanceKlass org/jetbrains/kotlin/resolve/calls/util/IsFromStdlibJre7Or8Kt
instanceKlass java/util/RegularEnumSet$EnumSetIterator
instanceKlass org/jetbrains/kotlin/resolve/scopes/ScopeUtils
instanceKlass org/jetbrains/kotlin/resolve/VariableAsPropertyInfo$Companion
instanceKlass org/jetbrains/kotlin/resolve/VariableAsPropertyInfo
instanceKlass org/jetbrains/kotlin/resolve/lazy/descriptors/ClassResolutionScopesSupportKt
instanceKlass org/jetbrains/kotlin/resolve/calls/tower/TowerLevelsKt
instanceKlass org/jetbrains/kotlin/resolve/scopes/MemberScopeKt
instanceKlass kotlin/sequences/SequencesKt___SequencesKt$asIterable$$inlined$Iterable$1
instanceKlass org/jetbrains/kotlin/synthetic/JavaSyntheticPropertiesScope$SyntheticPropertyHolder$Companion
instanceKlass org/jetbrains/kotlin/synthetic/JavaSyntheticPropertiesScope$SyntheticPropertyHolder
instanceKlass org/jetbrains/kotlin/resolve/calls/smartcasts/IdentifierInfo$Receiver
instanceKlass org/jetbrains/kotlin/resolve/scopes/DeprecatedLexicalScope
instanceKlass org/jetbrains/kotlin/resolve/calls/tower/AbstractScopeTowerLevel
instanceKlass org/jetbrains/kotlin/resolve/calls/tower/ScopeTowerLevel
instanceKlass org/jetbrains/kotlin/resolve/calls/tower/TowerResolver$Task
instanceKlass org/jetbrains/kotlin/resolve/calls/tower/AbstractSimpleScopeTowerProcessor
instanceKlass org/jetbrains/kotlin/resolve/calls/tower/SimpleScopeTowerProcessor
instanceKlass org/jetbrains/kotlin/resolve/calls/tower/VariableAndObjectScopeTowerProcessor
instanceKlass org/jetbrains/kotlin/resolve/calls/tower/ScopeTowerProcessorsKt
instanceKlass org/jetbrains/kotlin/resolve/calls/KotlinCallResolver$WhenMappings
instanceKlass org/jetbrains/kotlin/resolve/calls/util/CallMaker$CallImpl
instanceKlass org/jetbrains/kotlin/resolve/calls/context/TemporaryResolutionResultsCache
instanceKlass org/jetbrains/kotlin/types/DefinitelyNotNullType$Companion
instanceKlass org/jetbrains/kotlin/load/java/structure/JavaTypesKt
instanceKlass kotlin/sequences/DropSequence$iterator$1
instanceKlass kotlin/sequences/TakeWhileSequence$iterator$1
instanceKlass kotlin/sequences/TakeWhileSequence
instanceKlass kotlin/sequences/DropSequence
instanceKlass org/jetbrains/kotlin/resolve/DescriptorEquivalenceForOverrides
instanceKlass org/jetbrains/kotlin/resolve/OverridingUtil$2
instanceKlass org/jetbrains/kotlin/resolve/OverridingUtil$7
instanceKlass org/jetbrains/kotlin/resolve/OverridingUtil$6
instanceKlass org/jetbrains/kotlin/resolve/VisibilityUtilKt
instanceKlass org/jetbrains/kotlin/resolve/OverridingUtil$3
instanceKlass org/jetbrains/kotlin/resolve/scopes/receivers/ClassValueReceiver
instanceKlass org/jetbrains/kotlin/load/java/structure/JavaClassObjectAnnotationArgument
instanceKlass org/jetbrains/kotlin/descriptors/NotFoundClasses$ClassRequest
instanceKlass org/jetbrains/kotlin/com/intellij/psi/JavaResolveResult$1
instanceKlass org/jetbrains/kotlin/resolve/descriptorUtil/DescriptorUtilsKt$WhenMappings
instanceKlass org/jetbrains/kotlin/resolve/scopes/receivers/ClassQualifier
instanceKlass org/jetbrains/kotlin/resolve/scopes/receivers/ClassifierQualifier
instanceKlass org/jetbrains/kotlin/load/java/descriptors/UtilKt
instanceKlass org/jetbrains/kotlin/load/java/typeEnhancement/TypeEnhancementKt$WhenMappings
instanceKlass org/jetbrains/kotlin/utils/SmartSet$ArrayIterator
instanceKlass org/jetbrains/kotlin/descriptors/impl/FunctionDescriptorImpl$1
instanceKlass org/jetbrains/kotlin/resolve/jvm/jvmSignature/KotlinToJvmSignatureMapperKt
instanceKlass org/jetbrains/kotlin/resolve/jvm/InlineClassManglingRulesKt
instanceKlass org/jetbrains/kotlin/resolve/jvm/jvmSignature/JvmMethodSignature
instanceKlass org/jetbrains/org/objectweb/asm/commons/Method
instanceKlass org/jetbrains/kotlin/codegen/state/InlineClassManglingUtilsKt
instanceKlass org/jetbrains/kotlin/descriptors/ScriptDescriptor
instanceKlass org/jetbrains/kotlin/load/java/SpecialBuiltinMembers
instanceKlass org/jetbrains/kotlin/codegen/AccessorForCallableDescriptor
instanceKlass org/jetbrains/kotlin/codegen/state/KotlinTypeMapper$WhenMappings
instanceKlass org/jetbrains/kotlin/codegen/signature/AsmTypeFactory
instanceKlass org/jetbrains/kotlin/load/kotlin/JvmDescriptorTypeWriter
instanceKlass org/jetbrains/kotlin/codegen/JvmCodegenUtil
instanceKlass org/jetbrains/kotlin/codegen/coroutines/CoroutineCodegenUtilKt$INITIAL_SUSPEND_DESCRIPTOR_FOR_INVOKE_SUSPEND$1
instanceKlass org/jetbrains/kotlin/codegen/coroutines/CoroutineCodegenUtilKt$INITIAL_DESCRIPTOR_FOR_SUSPEND_FUNCTION$1
instanceKlass org/jetbrains/kotlin/codegen/CodegenUtilKt
instanceKlass org/jetbrains/kotlin/codegen/coroutines/CoroutineCodegenUtilKt
instanceKlass org/jetbrains/kotlin/resolve/ImportedFromObjectCallableDescriptor
instanceKlass org/jetbrains/kotlin/codegen/OwnerKind$Companion
instanceKlass org/jetbrains/kotlin/types/typesApproximation/CapturedTypeApproximationKt
instanceKlass org/jetbrains/kotlin/descriptors/annotations/FilteredAnnotations
instanceKlass org/jetbrains/kotlin/types/TypeSubstitutor$2
instanceKlass org/jetbrains/kotlin/builtins/jvm/MappingUtilKt
instanceKlass org/jetbrains/kotlin/load/java/components/JavaResolverCache$1
instanceKlass org/jetbrains/kotlin/descriptors/deserialization/AdditionalClassPartsProvider$None
instanceKlass org/jetbrains/kotlin/descriptors/deserialization/PlatformDependentDeclarationFilter$All
instanceKlass org/jetbrains/kotlin/builtins/jvm/FallbackBuiltIns$Companion
instanceKlass org/jetbrains/kotlin/descriptors/deserialization/PlatformDependentDeclarationFilterKt
instanceKlass kotlin/jvm/internal/TypeIntrinsics
instanceKlass org/jetbrains/kotlin/load/java/components/DescriptorResolverUtils$1$1
instanceKlass org/jetbrains/kotlin/types/DisjointKeysUnionTypeSubstitution$Companion
instanceKlass org/jetbrains/kotlin/types/DescriptorSubstitutor
instanceKlass org/jetbrains/kotlin/descriptors/impl/FunctionDescriptorImpl$CopyConfiguration
instanceKlass org/jetbrains/kotlin/resolve/OverridingUtil$4
instanceKlass org/jetbrains/kotlin/resolve/OverridingUtil$5
instanceKlass org/jetbrains/kotlin/load/java/typeEnhancement/PredefinedFunctionEnhancementInfo
instanceKlass org/jetbrains/kotlin/load/java/typeEnhancement/TypeEnhancementInfo
instanceKlass org/jetbrains/kotlin/load/java/typeEnhancement/SignatureEnhancementBuilder$ClassEnhancementBuilder$FunctionEnhancementBuilder
instanceKlass org/jetbrains/kotlin/load/java/typeEnhancement/SignatureEnhancementBuilder$ClassEnhancementBuilder
instanceKlass org/jetbrains/kotlin/load/java/typeEnhancement/SignatureEnhancementBuilder
instanceKlass org/jetbrains/kotlin/load/java/typeEnhancement/PredefinedEnhancementInfoKt
instanceKlass org/jetbrains/kotlin/load/kotlin/MethodSignatureBuildingUtilsKt
instanceKlass org/jetbrains/kotlin/load/kotlin/JvmType$Companion
instanceKlass org/jetbrains/kotlin/load/kotlin/JvmType
instanceKlass org/jetbrains/kotlin/load/kotlin/JvmTypeFactoryImpl$WhenMappings
instanceKlass org/jetbrains/kotlin/load/kotlin/TypeSignatureMappingKt
instanceKlass org/jetbrains/kotlin/utils/FunctionsKt
instanceKlass org/jetbrains/kotlin/load/kotlin/DescriptorBasedTypeSignatureMappingKt
instanceKlass org/jetbrains/kotlin/load/kotlin/TypeMappingConfigurationImpl
instanceKlass org/jetbrains/kotlin/load/kotlin/TypeMappingMode$Companion
instanceKlass org/jetbrains/kotlin/load/kotlin/TypeMappingMode
instanceKlass org/jetbrains/kotlin/load/kotlin/JvmTypeFactoryImpl
instanceKlass org/jetbrains/kotlin/load/kotlin/JvmTypeFactory
instanceKlass org/jetbrains/kotlin/load/kotlin/MethodSignatureMappingKt
instanceKlass org/jetbrains/kotlin/load/java/BuiltinSpecialPropertiesKt
instanceKlass org/jetbrains/kotlin/load/java/BuiltinSpecialProperties
instanceKlass org/jetbrains/kotlin/load/java/PropertiesConventionUtilKt
instanceKlass org/jetbrains/kotlin/load/java/lazy/descriptors/LazyJavaScope$MethodSignatureData
instanceKlass org/jetbrains/kotlin/resolve/jvm/kotlinSignature/SignaturesPropagationData$ValueParameters
instanceKlass org/jetbrains/kotlin/resolve/jvm/kotlinSignature/SignaturePropagationUtilKt
instanceKlass org/jetbrains/kotlin/util/CheckResult
instanceKlass org/jetbrains/kotlin/util/ReturnsCheck
instanceKlass org/jetbrains/kotlin/util/IsKPropertyCheck
instanceKlass org/jetbrains/kotlin/util/NoDefaultAndVarargsCheck
instanceKlass org/jetbrains/kotlin/util/ValueParameterCountCheck
instanceKlass org/jetbrains/kotlin/util/MemberKindCheck
instanceKlass org/jetbrains/kotlin/util/Check
instanceKlass org/jetbrains/kotlin/util/Checks
instanceKlass org/jetbrains/kotlin/util/AbstractModifierChecks
instanceKlass org/jetbrains/kotlin/codegen/state/KotlinTypeMapper$typeMappingConfiguration$1
instanceKlass org/jetbrains/kotlin/load/kotlin/TypeMappingConfiguration
instanceKlass org/jetbrains/kotlin/codegen/ClassBuilderMode
instanceKlass org/jetbrains/kotlin/resolve/InlineClassDescriptorResolver
instanceKlass org/jetbrains/kotlin/codegen/state/KotlinTypeMapper$Companion
instanceKlass org/jetbrains/kotlin/codegen/state/KotlinTypeMapperBase
instanceKlass org/jetbrains/kotlin/codegen/signature/KotlinToJvmSignatureMapperImpl
instanceKlass org/jetbrains/kotlin/resolve/jvm/jvmSignature/KotlinToJvmSignatureMapper
instanceKlass org/jetbrains/kotlin/resolve/jvm/kotlinSignature/SignaturesPropagationData
instanceKlass org/jetbrains/kotlin/load/java/lazy/descriptors/LazyJavaScope$ResolvedValueParameters
instanceKlass org/jetbrains/kotlin/load/java/descriptors/JavaMethodDescriptor$2
instanceKlass org/jetbrains/kotlin/load/java/descriptors/JavaMethodDescriptor$1
instanceKlass org/jetbrains/kotlin/types/TypeAliasExpansionReportStrategy$DO_NOTHING
instanceKlass org/jetbrains/kotlin/types/TypeAliasExpander$Companion
instanceKlass org/jetbrains/kotlin/types/TypeAliasExpander
instanceKlass org/jetbrains/kotlin/types/TypeAliasExpansion$Companion
instanceKlass org/jetbrains/kotlin/types/TypeAliasExpansion
instanceKlass org/jetbrains/kotlin/resolve/TypeResolver$TracingTypeAliasExpansionReportStrategy
instanceKlass org/jetbrains/kotlin/types/TypeAliasExpansionReportStrategy
instanceKlass org/jetbrains/kotlin/resolve/SinceKotlinValue
instanceKlass org/jetbrains/kotlin/descriptors/impl/AbstractTypeAliasDescriptor$typeConstructor$1
instanceKlass org/jetbrains/kotlin/serialization/deserialization/AnnotationDeserializer$WhenMappings
instanceKlass org/jetbrains/kotlin/types/TypeCapabilitiesKt
instanceKlass org/jetbrains/kotlin/descriptors/annotations/AnnotationsImpl
instanceKlass org/jetbrains/kotlin/descriptors/annotations/BuiltInAnnotationDescriptor
instanceKlass org/jetbrains/kotlin/builtins/functions/FunctionClassKind$Companion
instanceKlass org/jetbrains/kotlin/builtins/functions/FunctionClassDescriptor$Companion
instanceKlass org/jetbrains/kotlin/builtins/FunctionInterfacePackageFragment
instanceKlass org/jetbrains/kotlin/builtins/functions/FunctionTypeKindExtractor$KindWithArity
instanceKlass org/jetbrains/kotlin/resolve/constants/IntegerValueTypeConstant
instanceKlass org/jetbrains/kotlin/coroutines/CoroutineUtilKt
instanceKlass org/jetbrains/kotlin/resolve/jvm/RuntimeAssertionsDataFlowExtras
instanceKlass org/jetbrains/kotlin/resolve/jvm/RuntimeAssertionInfo$DataFlowExtras
instanceKlass org/jetbrains/kotlin/resolve/jvm/RuntimeAssertionInfo$Companion
instanceKlass org/jetbrains/kotlin/resolve/jvm/RuntimeAssertionInfo
instanceKlass org/jetbrains/kotlin/resolve/ImplicitIntegerCoercion
instanceKlass org/jetbrains/kotlin/resolve/calls/tower/NewAbstractResolvedCall$getDataFlowInfoForArguments$1
instanceKlass org/jetbrains/kotlin/resolve/calls/model/ArgumentMatchImpl
instanceKlass org/jetbrains/kotlin/resolve/calls/model/ArgumentMatch
instanceKlass org/jetbrains/kotlin/resolve/calls/model/ArgumentMapping
instanceKlass org/jetbrains/kotlin/resolve/calls/model/VarargValueArgument
instanceKlass org/jetbrains/kotlin/resolve/calls/tower/EmptyLabeledReturn
instanceKlass org/jetbrains/kotlin/resolve/calls/model/QualifierReceiverKotlinCallArgument
instanceKlass org/jetbrains/kotlin/resolve/calls/model/ReceiverExpressionKotlinCallArgument
instanceKlass org/jetbrains/kotlin/resolve/descriptorUtil/AnnotationsForResolveKt
instanceKlass org/jetbrains/kotlin/resolve/descriptorUtil/AnnotationsForResolveUtilsKt
instanceKlass org/jetbrains/kotlin/resolve/calls/inference/BuilderInferenceUtilKt
instanceKlass org/jetbrains/kotlin/resolve/calls/inference/model/InitialConstraint
instanceKlass org/jetbrains/kotlin/resolve/calls/inference/ConstraintSystemBuilderKt$WhenMappings
instanceKlass org/jetbrains/kotlin/resolve/calls/inference/ConstraintSystemTransaction
instanceKlass org/jetbrains/kotlin/resolve/calls/inference/ConstraintSystemBuilderKt
instanceKlass org/jetbrains/kotlin/resolve/calls/components/SimpleArgumentsChecksKt
instanceKlass org/jetbrains/kotlin/resolve/calls/components/PostponeArgumentsChecksKt
instanceKlass org/jetbrains/kotlin/builtins/UnsignedTypes
instanceKlass org/jetbrains/kotlin/resolve/calls/components/UnitTypeConversions
instanceKlass org/jetbrains/kotlin/resolve/calls/components/SuspendTypeConversions
instanceKlass org/jetbrains/kotlin/resolve/calls/components/TypeConversions$ConversionData
instanceKlass org/jetbrains/kotlin/builtins/FunctionTypesKt
instanceKlass org/jetbrains/kotlin/resolve/calls/components/SamTypeConversions
instanceKlass org/jetbrains/kotlin/resolve/calls/components/ParameterTypeConversion
instanceKlass org/jetbrains/kotlin/resolve/calls/components/TypeConversions
instanceKlass org/jetbrains/kotlin/resolve/calls/components/ResolutionPartsKt
instanceKlass org/jetbrains/kotlin/resolve/calls/components/ReceiverInfo$Companion
instanceKlass org/jetbrains/kotlin/resolve/calls/components/ReceiverInfo
instanceKlass org/jetbrains/kotlin/resolve/calls/model/ResolvedCallArgument
instanceKlass org/jetbrains/kotlin/resolve/calls/components/ArgumentsUtilsKt
instanceKlass org/jetbrains/kotlin/resolve/calls/components/ArgumentsToParametersMapper$CallArgumentProcessor
instanceKlass org/jetbrains/kotlin/resolve/calls/model/SubKotlinCallArgument
instanceKlass org/jetbrains/kotlin/resolve/calls/model/LambdaKotlinCallArgument
instanceKlass org/jetbrains/kotlin/resolve/calls/model/ExpressionKotlinCallArgument
instanceKlass org/jetbrains/kotlin/resolve/scopes/receivers/QualifierReceiverKt
instanceKlass javaslang/Tuple2
instanceKlass javaslang/Tuple
instanceKlass javaslang/collection/IteratorModule$EmptyIterator
instanceKlass javaslang/collection/AbstractIterator
instanceKlass javaslang/collection/List$Nil
instanceKlass javaslang/collection/List
instanceKlass javaslang/collection/Stack
instanceKlass javaslang/collection/Queue
instanceKlass javaslang/collection/LinearSeq
instanceKlass javaslang/collection/LinkedHashMap
instanceKlass javaslang/collection/LinkedHashSet
instanceKlass org/jetbrains/kotlin/types/checker/NewTypeVariableConstructor
instanceKlass org/jetbrains/kotlin/resolve/calls/smartcasts/DataFlowValueKt
instanceKlass org/jetbrains/kotlin/resolve/calls/smartcasts/IdentifierInfo$Expression
instanceKlass org/jetbrains/kotlin/resolve/calls/smartcasts/IdentifierInfo$ERROR
instanceKlass org/jetbrains/kotlin/resolve/calls/smartcasts/DataFlowValue$Companion
instanceKlass org/jetbrains/kotlin/resolve/calls/smartcasts/IdentifierInfo$NO
instanceKlass org/jetbrains/kotlin/resolve/calls/smartcasts/IdentifierInfo
instanceKlass org/jetbrains/kotlin/resolve/calls/smartcasts/IdentifierInfoKt
instanceKlass org/jetbrains/kotlin/resolve/scopes/receivers/AbstractReceiverValue
instanceKlass org/jetbrains/kotlin/resolve/scopes/receivers/ExpressionReceiver$Companion
instanceKlass org/jetbrains/kotlin/resolve/calls/util/PsiUtilsKt
instanceKlass org/jetbrains/kotlin/util/IncrementalTrackerUtilKt
instanceKlass org/jetbrains/kotlin/resolve/constants/CompileTimeConstant$DefaultImpls
instanceKlass org/jetbrains/kotlin/resolve/constants/TypedCompileTimeConstant
instanceKlass org/jetbrains/kotlin/resolve/constants/CompileTimeConstant$Parameters
instanceKlass org/jetbrains/kotlin/com/intellij/psi/impl/source/tree/AstBufferUtil
instanceKlass org/jetbrains/kotlin/types/expressions/typeInfoFactory/TypeInfoFactoryKt
instanceKlass org/jetbrains/kotlin/resolve/calls/tower/NewCallArgumentsKt
instanceKlass org/jetbrains/kotlin/psi/KtPsiUtil$KtExpressionWrapper
instanceKlass org/jetbrains/kotlin/resolve/CompileTimeConstantUtils
instanceKlass org/jetbrains/kotlin/load/kotlin/ModuleVisibilityUtilsKt
instanceKlass org/jetbrains/kotlin/resolve/calls/results/SingleOverloadResolutionResult$WhenMappings
instanceKlass org/jetbrains/kotlin/resolve/calls/results/AbstractOverloadResolutionResults
instanceKlass org/jetbrains/kotlin/resolve/calls/tower/CallInfo
instanceKlass org/jetbrains/kotlin/resolve/calls/components/CompletedCallInfo
instanceKlass org/jetbrains/kotlin/resolve/calls/DiagnosticReporterByTrackingStrategy
instanceKlass org/jetbrains/kotlin/resolve/calls/model/DiagnosticReporter
instanceKlass org/jetbrains/kotlin/resolve/calls/model/ResolvedCallAtomsKt
instanceKlass org/jetbrains/kotlin/resolve/calls/tower/TrackingBindingTrace
instanceKlass org/jetbrains/kotlin/resolve/inline/InlineUtil
instanceKlass org/jetbrains/kotlin/resolve/sam/SamConstructorDescriptor
instanceKlass org/jetbrains/kotlin/descriptors/synthetic/FunctionInterfaceConstructorDescriptor
instanceKlass org/jetbrains/kotlin/descriptors/synthetic/SyntheticMemberDescriptor
instanceKlass org/jetbrains/kotlin/synthetic/SyntheticJavaPropertyDescriptor
instanceKlass org/jetbrains/kotlin/resolve/calls/model/ArgumentMappingKt
instanceKlass org/jetbrains/kotlin/resolve/checkers/MissingDependencySupertypeChecker
instanceKlass org/jetbrains/kotlin/contracts/parsing/ContractsDslNames
instanceKlass org/jetbrains/kotlin/contracts/parsing/PsiContractsUtilsKt
instanceKlass org/jetbrains/kotlin/resolve/calls/model/ExpressionValueArgument
instanceKlass org/jetbrains/kotlin/resolve/calls/util/ResolvedCallUtilKt$WhenMappings
instanceKlass org/jetbrains/kotlin/resolve/calls/util/ResolvedCallUtilKt
instanceKlass org/jetbrains/kotlin/resolve/calls/checkers/ConstructorHeaderCallCheckerKt
instanceKlass org/jetbrains/kotlin/resolve/calls/tasks/DynamicCallsKt
instanceKlass org/jetbrains/kotlin/resolve/calls/checkers/CallCheckerKt
instanceKlass org/jetbrains/kotlin/resolve/calls/model/VariableAsFunctionResolvedCall
instanceKlass org/jetbrains/kotlin/resolve/calls/tower/PSIKotlinCallsKt
instanceKlass org/jetbrains/kotlin/resolve/calls/tower/ResolvedAtomCompleter
instanceKlass org/jetbrains/kotlin/resolve/calls/model/KotlinCallDiagnosticsKt
instanceKlass org/jetbrains/kotlin/resolve/calls/model/PostponedCallableReferenceMarker
instanceKlass org/jetbrains/kotlin/resolve/calls/model/LambdaWithTypeVariableAsExpectedTypeMarker
instanceKlass org/jetbrains/kotlin/resolve/calls/model/ResolutionAtomsKt
instanceKlass org/jetbrains/kotlin/resolve/calls/components/KotlinCallCompleter$WhenMappings
instanceKlass org/jetbrains/kotlin/resolve/calls/components/KotlinCallCompleterKt
instanceKlass org/jetbrains/kotlin/resolve/calls/components/CompletionModeCalculator$Companion
instanceKlass org/jetbrains/kotlin/resolve/calls/components/CompletionModeCalculator
instanceKlass org/jetbrains/kotlin/resolve/KtDescriptorUtilKt
instanceKlass org/jetbrains/kotlin/resolve/calls/inference/components/NewTypeSubstitutorByConstructorMap
instanceKlass org/jetbrains/kotlin/resolve/calls/inference/InferenceUtilsKt
instanceKlass org/jetbrains/kotlin/resolve/RecursiveContractHelperKt
instanceKlass org/jetbrains/kotlin/resolve/calls/tower/CandidateApplicabilityKt
instanceKlass org/jetbrains/kotlin/resolve/calls/tower/KnownResultProcessor
instanceKlass org/jetbrains/kotlin/resolve/calls/tower/ImplicitScopeTowerKt
instanceKlass org/jetbrains/kotlin/resolve/calls/components/CheckExplicitReceiverKindConsistency$WhenMappings
instanceKlass org/jetbrains/kotlin/resolve/calls/inference/components/EmptySubstitutor
instanceKlass org/jetbrains/kotlin/resolve/calls/inference/components/FreshVariableNewTypeSubstitutor$Companion
instanceKlass org/jetbrains/kotlin/resolve/calls/inference/components/FreshVariableNewTypeSubstitutor
instanceKlass org/jetbrains/kotlin/resolve/calls/tower/TowerUtilsKt
instanceKlass org/jetbrains/kotlin/descriptors/SyntheticPropertyDescriptor
instanceKlass org/jetbrains/kotlin/resolve/deprecation/DescriptorBasedDeprecationInfoKt$DEPRECATED_FUNCTION_KEY$1
instanceKlass org/jetbrains/kotlin/resolve/deprecation/DescriptorBasedDeprecationInfoKt
instanceKlass org/jetbrains/kotlin/resolve/calls/checkers/OperatorCallCheckerKt
instanceKlass org/jetbrains/kotlin/resolve/calls/tower/NewResolutionOldInferenceKt
instanceKlass org/jetbrains/kotlin/resolve/calls/inference/model/ConstraintStorage$Empty
instanceKlass org/jetbrains/kotlin/resolve/calls/inference/DescriptorRelatedInferenceUtilsKt
instanceKlass org/jetbrains/kotlin/resolve/calls/inference/model/MutableConstraintStorage
instanceKlass org/jetbrains/kotlin/resolve/calls/inference/NewConstraintSystem
instanceKlass org/jetbrains/kotlin/resolve/calls/components/ClassicTypeSystemContextForCSKt
instanceKlass org/jetbrains/kotlin/resolve/calls/model/SimpleCandidateFactory
instanceKlass org/jetbrains/kotlin/resolve/calls/model/KotlinCallKt$WhenMappings
instanceKlass org/jetbrains/kotlin/resolve/calls/model/KotlinCallKt
instanceKlass org/jetbrains/kotlin/resolve/calls/model/GivenCandidate
instanceKlass org/jetbrains/kotlin/psi/KtPsiFactoryKt
instanceKlass org/jetbrains/kotlin/resolve/calls/tower/PSICallResolver$ASTScopeTower
instanceKlass org/jetbrains/kotlin/resolve/calls/tower/PSIKotlinCall
instanceKlass org/jetbrains/kotlin/resolve/calls/util/DelegatingCall
instanceKlass org/jetbrains/kotlin/resolve/calls/util/CallUtilKt
instanceKlass org/jetbrains/kotlin/resolve/calls/model/ResolutionPart
instanceKlass org/jetbrains/kotlin/resolve/calls/GenericCandidateResolverKt
instanceKlass org/jetbrains/kotlin/resolve/calls/CallResolver$ResolutionTask
instanceKlass org/jetbrains/kotlin/resolve/calls/tasks/TracingStrategy$1
instanceKlass org/jetbrains/kotlin/resolve/calls/tasks/AbstractTracingStrategy
instanceKlass org/jetbrains/kotlin/resolve/scopes/SyntheticScopesKt
instanceKlass org/jetbrains/kotlin/resolve/calls/util/CallResolverUtilKt
instanceKlass org/jetbrains/kotlin/resolve/calls/context/ResolutionResultsCacheImpl
instanceKlass org/jetbrains/kotlin/resolve/calls/context/ResolutionResultsCache
instanceKlass org/jetbrains/kotlin/resolve/calls/components/InferenceSession$Companion$default$1
instanceKlass org/jetbrains/kotlin/resolve/calls/components/InferenceSession$Companion
instanceKlass org/jetbrains/kotlin/resolve/calls/util/CallMaker$3
instanceKlass org/jetbrains/kotlin/resolve/calls/util/CallMaker
instanceKlass org/jetbrains/kotlin/descriptors/Visibilities
instanceKlass org/jetbrains/kotlin/descriptors/DeserializedDeclarationsFromSupertypeConflictDataKey
instanceKlass org/jetbrains/kotlin/descriptors/CallableDescriptor$UserDataKey
instanceKlass org/jetbrains/kotlin/utils/SmartSet$SingletonIterator
instanceKlass org/jetbrains/kotlin/load/java/SpecialGenericSignatures$Companion$NameAndSignature
instanceKlass org/jetbrains/kotlin/load/java/SpecialGenericSignatures$Companion
instanceKlass org/jetbrains/kotlin/load/java/SpecialGenericSignatures
instanceKlass org/jetbrains/kotlin/resolve/OverridingUtil$8
instanceKlass org/jetbrains/kotlin/resolve/OverridingUtil$OverrideCompatibilityInfo
instanceKlass org/jetbrains/kotlin/resolve/OverridingUtilTypeSystemContext
instanceKlass org/jetbrains/kotlin/resolve/InlineClassesUtilsKt
instanceKlass org/jetbrains/kotlin/name/CallableId$Companion
instanceKlass org/jetbrains/kotlin/name/CallableId
instanceKlass org/jetbrains/kotlin/serialization/deserialization/SuspendFunctionTypeUtilKt
instanceKlass org/jetbrains/kotlin/resolve/BindingContextUtils
instanceKlass org/jetbrains/kotlin/resolve/lazy/ForceResolveUtil
instanceKlass kotlin/sequences/DropWhileSequence$iterator$1
instanceKlass kotlin/sequences/DropWhileSequence
instanceKlass org/jetbrains/kotlin/psi/typeRefHelpers/TypeRefHelpersKt
instanceKlass org/jetbrains/org/objectweb/asm/TypeReference
instanceKlass org/jetbrains/kotlin/types/StarProjectionImplKt
instanceKlass kotlin/collections/builders/SetBuilder$Companion
instanceKlass org/jetbrains/kotlin/types/checker/NewCapturedTypeConstructor
instanceKlass org/jetbrains/kotlin/types/NotNullTypeParameter
instanceKlass org/jetbrains/kotlin/types/AbstractTypeChecker$WhenMappings
instanceKlass org/jetbrains/kotlin/types/model/TypeSystemContextKt$WhenMappings
instanceKlass org/jetbrains/kotlin/types/model/TypeSystemContextKt
instanceKlass org/jetbrains/kotlin/types/checker/NewCapturedTypeKt
instanceKlass org/jetbrains/kotlin/descriptors/ModalityUtilsKt
instanceKlass org/jetbrains/kotlin/types/TypeParameterUpperBoundEraser$DataToEraseUpperBound
instanceKlass org/jetbrains/kotlin/load/java/lazy/types/RawProjectionComputer$WhenMappings
instanceKlass org/jetbrains/kotlin/storage/LockBasedStorageManager$RecursionDetectedResult
instanceKlass org/jetbrains/kotlin/types/FlexibleTypeImpl$Companion
instanceKlass org/jetbrains/kotlin/descriptors/annotations/AnnotationsKt
instanceKlass org/jetbrains/kotlin/com/intellij/psi/PsiClassLevelDeclarationStatement
instanceKlass java/util/ComparableTimSort
instanceKlass org/jetbrains/kotlin/com/intellij/psi/impl/source/PsiModifierListImpl$ModifierCache
instanceKlass org/jetbrains/kotlin/load/java/structure/impl/JavaElementUtil
instanceKlass org/jetbrains/kotlin/com/intellij/psi/impl/source/tree/RecursiveTreeElementWalkingVisitor$ASTTreeGuide
instanceKlass org/jetbrains/kotlin/com/intellij/util/WalkingState
instanceKlass org/jetbrains/kotlin/com/intellij/psi/impl/source/tree/JavaSourceUtil
instanceKlass org/jetbrains/kotlin/com/intellij/psi/impl/source/tree/ChildRole
instanceKlass org/jetbrains/kotlin/com/intellij/psi/javadoc/PsiDocTag
instanceKlass org/jetbrains/kotlin/com/intellij/psi/impl/source/tree/java/PsiMethodCallExpressionImpl$TypeEvaluator
instanceKlass org/jetbrains/kotlin/com/intellij/psi/PsiMethodCallExpression
instanceKlass org/jetbrains/kotlin/com/intellij/psi/PsiPrefixExpression
instanceKlass org/jetbrains/kotlin/com/intellij/psi/PsiUnaryExpression
instanceKlass org/jetbrains/kotlin/com/intellij/psi/PsiExpressionList
instanceKlass org/jetbrains/kotlin/com/intellij/psi/PsiNewExpression
instanceKlass org/jetbrains/kotlin/com/intellij/psi/impl/source/tree/java/PsiReferenceExpressionImpl$TypeEvaluator
instanceKlass org/jetbrains/kotlin/com/intellij/psi/PsiCallExpression
instanceKlass org/jetbrains/kotlin/com/intellij/psi/PsiCodeBlock
instanceKlass org/jetbrains/kotlin/com/intellij/psi/impl/source/ClassReferencePointer
instanceKlass org/jetbrains/kotlin/com/intellij/psi/impl/source/resolve/ResolveCache$PolyVariantResolver
instanceKlass org/jetbrains/kotlin/com/intellij/psi/PsiImportStaticReferenceElement
instanceKlass org/jetbrains/kotlin/com/intellij/patterns/ElementPattern
instanceKlass org/jetbrains/kotlin/com/intellij/psi/filters/ElementFilter
instanceKlass org/jetbrains/kotlin/com/intellij/psi/impl/source/SourceJavaCodeReference
instanceKlass org/jetbrains/kotlin/com/intellij/lang/java/parser/ExpressionParser$1
instanceKlass org/jetbrains/kotlin/com/intellij/lang/java/parser/ReferenceParser$TypeInfo
instanceKlass org/jetbrains/kotlin/com/intellij/lang/PsiBuilderUtil
instanceKlass org/jetbrains/kotlin/com/intellij/lang/java/parser/PatternParser
instanceKlass org/jetbrains/kotlin/com/intellij/lang/java/parser/ReferenceParser
instanceKlass org/jetbrains/kotlin/com/intellij/lang/java/parser/ExpressionParser
instanceKlass org/jetbrains/kotlin/com/intellij/lang/java/parser/StatementParser
instanceKlass org/jetbrains/kotlin/com/intellij/lang/java/parser/DeclarationParser
instanceKlass org/jetbrains/kotlin/com/intellij/lang/java/parser/ModuleParser
instanceKlass org/jetbrains/kotlin/com/intellij/lang/java/parser/FileParser
instanceKlass org/jetbrains/kotlin/com/intellij/lang/java/parser/JavaParser
instanceKlass org/jetbrains/kotlin/com/intellij/psi/impl/source/resolve/FileContextUtil
instanceKlass org/jetbrains/kotlin/com/intellij/lang/java/parser/JavaParserUtil$TrailingWhitespacesAndCommentsBinder
instanceKlass org/jetbrains/kotlin/com/intellij/lang/java/parser/JavaParserUtil$PrecedingWhitespacesAndCommentsBinder
instanceKlass org/jetbrains/kotlin/com/intellij/lang/java/parser/JavaParserUtil
instanceKlass org/jetbrains/kotlin/com/intellij/psi/impl/source/Constants
instanceKlass org/jetbrains/kotlin/com/intellij/psi/impl/source/PsiJavaFileBaseImpl$MyCacheBuilder
instanceKlass org/jetbrains/kotlin/com/intellij/psi/scope/PsiScopeProcessor$Event
instanceKlass org/jetbrains/kotlin/resolve/calls/util/UnderscoreUtilKt
instanceKlass org/jetbrains/kotlin/load/java/structure/JavaLoadingKt
instanceKlass org/jetbrains/kotlin/load/java/lazy/descriptors/ClassDeclaredMemberIndex
instanceKlass org/jetbrains/kotlin/load/java/lazy/descriptors/DeclaredMemberIndex
instanceKlass org/jetbrains/kotlin/load/java/typeEnhancement/EnhancedTypeAnnotations
instanceKlass org/jetbrains/kotlin/load/java/typeEnhancement/TypeEnhancementKt
instanceKlass org/jetbrains/kotlin/descriptors/annotations/AnnotationDescriptorImpl
instanceKlass org/jetbrains/kotlin/resolve/constants/ConstantValueFactory
instanceKlass org/jetbrains/kotlin/serialization/deserialization/descriptors/DeserializedCallableMemberDescriptor
instanceKlass org/jetbrains/kotlin/load/kotlin/BinaryClassAnnotationAndConstantLoaderImpl$AbstractAnnotationArgumentVisitor$visitArray$1
instanceKlass org/jetbrains/kotlin/load/kotlin/BinaryClassAnnotationAndConstantLoaderImpl$AbstractAnnotationArgumentVisitor
instanceKlass org/jetbrains/kotlin/SpecialJvmAnnotations
instanceKlass org/jetbrains/kotlin/load/kotlin/AbstractBinaryClassAnnotationLoader$loadClassAnnotations$1
instanceKlass org/jetbrains/kotlin/load/java/lazy/types/JavaTypeResolverKt
instanceKlass org/jetbrains/kotlin/load/java/descriptors/JavaCallableMemberDescriptor
instanceKlass org/jetbrains/kotlin/load/java/components/DescriptorResolverUtils
instanceKlass org/jetbrains/kotlin/asJava/KtLightClassMarker
instanceKlass org/jetbrains/kotlin/load/java/structure/impl/JavaClassImpl$Companion
instanceKlass org/jetbrains/kotlin/com/intellij/psi/EmptySubstitutor$Holder
instanceKlass org/jetbrains/kotlin/com/intellij/psi/EmptySubstitutor
instanceKlass org/jetbrains/kotlin/com/intellij/psi/infos/CandidateInfo
instanceKlass org/jetbrains/kotlin/resolve/source/PsiSourceElementKt
instanceKlass org/jetbrains/kotlin/resolve/DescriptorToSourceUtils
instanceKlass org/jetbrains/kotlin/resolve/lazy/ResolveSessionUtils
instanceKlass org/jetbrains/kotlin/com/intellij/util/containers/EmptyIterator
instanceKlass org/jetbrains/kotlin/com/intellij/util/CachedValueLeakChecker
instanceKlass org/jetbrains/kotlin/com/intellij/psi/util/CachedValuesManager$1
instanceKlass org/jetbrains/kotlin/com/intellij/psi/PsiDeclarationStatement
instanceKlass org/jetbrains/kotlin/it/unimi/dsi/fastutil/objects/Object2IntOpenHashMap$MapIterator
instanceKlass org/jetbrains/kotlin/com/intellij/psi/impl/cache/ModifierFlags
instanceKlass org/jetbrains/kotlin/com/intellij/psi/impl/PsiImplUtil
instanceKlass org/jetbrains/kotlin/com/intellij/lang/jvm/types/JvmWildcardType
instanceKlass org/jetbrains/kotlin/com/intellij/psi/impl/compiled/ClsJavaCodeReferenceElementImpl$Resolver
instanceKlass org/jetbrains/kotlin/com/intellij/psi/PsiNameHelper
instanceKlass org/jetbrains/kotlin/com/intellij/lang/jvm/types/JvmArrayType
instanceKlass org/jetbrains/kotlin/com/intellij/psi/impl/cache/TypeAnnotationContainer
instanceKlass org/jetbrains/kotlin/com/intellij/psi/JavaResolveResult
instanceKlass org/jetbrains/kotlin/com/intellij/psi/impl/source/resolve/ResolveCache$PolyVariantContextResolver
instanceKlass org/jetbrains/kotlin/com/intellij/psi/PsiReferenceParameterList
instanceKlass org/jetbrains/kotlin/com/intellij/psi/PsiAnnotatedJavaCodeReferenceElement
instanceKlass org/jetbrains/kotlin/com/intellij/psi/impl/source/ClassInnerStuffCache
instanceKlass org/jetbrains/kotlin/com/intellij/psi/javadoc/PsiDocComment
instanceKlass org/jetbrains/kotlin/com/intellij/psi/stubs/StubSpine
instanceKlass org/jetbrains/kotlin/com/intellij/psi/stubs/MaterialStubList$1
instanceKlass org/jetbrains/kotlin/com/intellij/psi/stubs/Hash
instanceKlass org/jetbrains/kotlin/com/intellij/psi/stubs/StrippedIntOpenHashMap
instanceKlass org/jetbrains/kotlin/com/intellij/psi/stubs/StubList$2
instanceKlass org/jetbrains/kotlin/com/intellij/util/containers/ConcurrentIntObjectHashMap$CollectionView
instanceKlass org/jetbrains/kotlin/com/intellij/util/containers/ConcurrentIntObjectHashMap$Node
instanceKlass org/jetbrains/kotlin/com/intellij/util/containers/IntObjectMap$Entry
instanceKlass org/jetbrains/kotlin/com/intellij/util/containers/ConcurrentIntObjectHashMap
instanceKlass org/jetbrains/kotlin/com/intellij/codeInsight/AnnotationUtil
instanceKlass org/jetbrains/kotlin/com/intellij/util/Consumer
instanceKlass org/jetbrains/kotlin/it/unimi/dsi/fastutil/objects/Object2IntMap$FastEntrySet
instanceKlass org/jetbrains/kotlin/it/unimi/dsi/fastutil/objects/AbstractObject2IntFunction
instanceKlass org/jetbrains/kotlin/it/unimi/dsi/fastutil/objects/Object2IntMap
instanceKlass org/jetbrains/kotlin/it/unimi/dsi/fastutil/objects/Object2IntFunction
instanceKlass java/util/function/ToIntFunction
instanceKlass org/jetbrains/kotlin/com/intellij/psi/impl/cache/TypeInfo
instanceKlass org/jetbrains/kotlin/com/intellij/psi/impl/compiled/SignatureParsing$TypeParametersDeclaration
instanceKlass org/jetbrains/kotlin/com/intellij/psi/impl/compiled/StubBuildingVisitor$ClassInfo
instanceKlass org/jetbrains/kotlin/com/intellij/util/BitUtil
instanceKlass org/jetbrains/kotlin/com/intellij/psi/impl/compiled/FirstPassData
instanceKlass org/jetbrains/org/objectweb/asm/RecordComponentVisitor
instanceKlass org/jetbrains/kotlin/com/intellij/psi/PsiEnumConstant
instanceKlass org/jetbrains/kotlin/com/intellij/psi/PsiConstructorCall
instanceKlass org/jetbrains/kotlin/com/intellij/psi/PsiCall
instanceKlass org/jetbrains/kotlin/com/intellij/lang/jvm/JvmEnumField
instanceKlass org/jetbrains/kotlin/com/intellij/psi/impl/compiled/ClsModifierListOwner
instanceKlass org/jetbrains/kotlin/com/intellij/psi/impl/PsiVariableEx
instanceKlass org/jetbrains/kotlin/com/intellij/psi/PsiAnonymousClass
instanceKlass org/jetbrains/kotlin/com/intellij/psi/impl/source/PsiExtensibleClass
instanceKlass org/jetbrains/kotlin/com/intellij/util/containers/UnsignedShortArrayList
instanceKlass org/jetbrains/kotlin/com/intellij/psi/stubs/MostlyUShortIntList
instanceKlass org/jetbrains/kotlin/com/intellij/psi/stubs/StubList$TempState
instanceKlass org/jetbrains/kotlin/com/intellij/psi/impl/java/stubs/StubPsiFactory
instanceKlass org/jetbrains/kotlin/com/intellij/psi/PsiArrayInitializerMemberValue
instanceKlass org/jetbrains/kotlin/com/intellij/psi/impl/compiled/ClsParsingUtil
instanceKlass org/jetbrains/kotlin/com/intellij/psi/stubs/StubBuilderType
instanceKlass org/jetbrains/kotlin/com/intellij/psi/stubs/StubTreeBuilder
instanceKlass org/jetbrains/kotlin/com/intellij/openapi/util/NotNullComputable
instanceKlass org/jetbrains/kotlin/com/intellij/util/indexing/PsiDependentFileContent
instanceKlass org/jetbrains/kotlin/com/intellij/util/indexing/FileContent
instanceKlass org/jetbrains/kotlin/com/intellij/util/indexing/IndexedFile
instanceKlass org/jetbrains/kotlin/com/intellij/psi/impl/source/tree/JavaElementType$TypeTextElementType$1
instanceKlass org/jetbrains/kotlin/com/intellij/psi/impl/java/stubs/PsiImportStatementStub
instanceKlass org/jetbrains/kotlin/com/intellij/psi/impl/java/stubs/PsiClassReferenceListStub
instanceKlass org/jetbrains/kotlin/com/intellij/psi/PsiReferenceList
instanceKlass org/jetbrains/kotlin/com/intellij/psi/impl/java/stubs/PsiFieldStub
instanceKlass org/jetbrains/kotlin/com/intellij/psi/impl/java/stubs/PsiMethodStub
instanceKlass org/jetbrains/kotlin/com/intellij/psi/impl/java/stubs/PsiClassStub
instanceKlass org/jetbrains/kotlin/com/intellij/psi/impl/java/stubs/PsiPackageAccessibilityStatementStub
instanceKlass org/jetbrains/kotlin/com/intellij/psi/PsiPackageAccessibilityStatement
instanceKlass org/jetbrains/kotlin/com/intellij/psi/impl/java/stubs/PsiRecordHeaderStub
instanceKlass org/jetbrains/kotlin/com/intellij/psi/PsiRecordHeader
instanceKlass org/jetbrains/kotlin/com/intellij/psi/impl/java/stubs/PsiRecordComponentStub
instanceKlass org/jetbrains/kotlin/com/intellij/psi/impl/java/stubs/PsiMemberStub
instanceKlass org/jetbrains/kotlin/com/intellij/psi/PsiRecordComponent
instanceKlass org/jetbrains/kotlin/com/intellij/psi/impl/java/stubs/PsiProvidesStatementStub
instanceKlass org/jetbrains/kotlin/com/intellij/psi/PsiProvidesStatement
instanceKlass org/jetbrains/kotlin/com/intellij/psi/impl/java/stubs/PsiUsesStatementStub
instanceKlass org/jetbrains/kotlin/com/intellij/psi/PsiUsesStatement
instanceKlass org/jetbrains/kotlin/com/intellij/psi/impl/java/stubs/PsiRequiresStatementStub
instanceKlass org/jetbrains/kotlin/com/intellij/psi/PsiRequiresStatement
instanceKlass org/jetbrains/kotlin/com/intellij/psi/PsiStatement
instanceKlass org/jetbrains/kotlin/com/intellij/psi/impl/java/stubs/PsiJavaModuleStub
instanceKlass org/jetbrains/kotlin/com/intellij/psi/PsiJavaModule
instanceKlass org/jetbrains/kotlin/com/intellij/psi/impl/java/stubs/PsiImportListStub
instanceKlass org/jetbrains/kotlin/com/intellij/psi/PsiImportList
instanceKlass org/jetbrains/kotlin/com/intellij/psi/impl/java/stubs/PsiClassInitializerStub
instanceKlass org/jetbrains/kotlin/com/intellij/psi/PsiClassInitializer
instanceKlass org/jetbrains/kotlin/com/intellij/psi/impl/java/stubs/PsiTypeParameterListStub
instanceKlass org/jetbrains/kotlin/com/intellij/psi/PsiTypeParameterList
instanceKlass org/jetbrains/kotlin/com/intellij/psi/impl/java/stubs/PsiTypeParameterStub
instanceKlass org/jetbrains/kotlin/com/intellij/psi/PsiTypeParameter
instanceKlass org/jetbrains/kotlin/com/intellij/psi/impl/java/stubs/PsiParameterStub
instanceKlass org/jetbrains/kotlin/com/intellij/psi/impl/java/stubs/PsiParameterListStub
instanceKlass org/jetbrains/kotlin/com/intellij/psi/PsiParameterList
instanceKlass org/jetbrains/kotlin/com/intellij/psi/PsiMethodReferenceExpression
instanceKlass org/jetbrains/kotlin/com/intellij/psi/PsiLambdaExpression
instanceKlass org/jetbrains/kotlin/com/intellij/psi/PsiFunctionalExpression
instanceKlass org/jetbrains/kotlin/com/intellij/psi/PsiLiteralExpression
instanceKlass org/jetbrains/kotlin/com/intellij/psi/PsiLiteral
instanceKlass org/jetbrains/kotlin/com/intellij/psi/PsiLiteralValue
instanceKlass org/jetbrains/kotlin/com/intellij/psi/impl/java/stubs/PsiNameValuePairStub
instanceKlass org/jetbrains/kotlin/com/intellij/psi/PsiNameValuePair
instanceKlass org/jetbrains/kotlin/com/intellij/lang/jvm/annotation/JvmAnnotationAttribute
instanceKlass org/jetbrains/kotlin/com/intellij/psi/impl/java/stubs/PsiAnnotationParameterListStub
instanceKlass org/jetbrains/kotlin/com/intellij/psi/PsiAnnotationParameterList
instanceKlass org/jetbrains/kotlin/com/intellij/psi/impl/java/stubs/PsiAnnotationStub
instanceKlass org/jetbrains/kotlin/com/intellij/psi/impl/java/stubs/PsiModifierListStub
instanceKlass org/jetbrains/kotlin/com/intellij/psi/impl/java/stubs/JavaStubElementTypes
instanceKlass org/jetbrains/kotlin/com/intellij/psi/tree/ILightLazyParseableElementType
instanceKlass org/jetbrains/kotlin/com/intellij/psi/impl/compiled/ClsFileImpl$1
instanceKlass org/jetbrains/kotlin/com/intellij/psi/PsiPackageStatement
instanceKlass org/jetbrains/kotlin/com/intellij/psi/impl/compiled/InnerClassSourceStrategy
instanceKlass org/jetbrains/kotlin/com/intellij/psi/PsiJavaFile
instanceKlass org/jetbrains/kotlin/com/intellij/psi/PsiCompiledFile
instanceKlass org/jetbrains/kotlin/com/intellij/psi/PsiCompiledElement
instanceKlass org/jetbrains/kotlin/com/intellij/psi/PsiClassOwnerEx
instanceKlass org/jetbrains/kotlin/com/intellij/openapi/extensions/impl/ExtensionPointImpl$1
instanceKlass org/jetbrains/kotlin/descriptors/DescriptorUtilKt
instanceKlass org/jetbrains/kotlin/load/java/structure/JavaWildcardType
instanceKlass org/jetbrains/kotlin/load/java/structure/impl/classFiles/BinaryJavaTypeParameter
instanceKlass org/jetbrains/kotlin/load/java/structure/JavaTypeParameter
instanceKlass org/jetbrains/kotlin/load/java/typeEnhancement/JavaTypeEnhancement$Result
instanceKlass org/jetbrains/kotlin/load/java/typeEnhancement/JavaTypeEnhancement$SimpleResult
instanceKlass org/jetbrains/kotlin/load/java/typeEnhancement/TypeComponentPositionKt
instanceKlass org/jetbrains/kotlin/load/java/typeEnhancement/TypeEnhancementUtilsKt
instanceKlass org/jetbrains/kotlin/load/java/typeEnhancement/JavaTypeQualifiers$Companion
instanceKlass org/jetbrains/kotlin/load/java/typeEnhancement/JavaTypeQualifiers
instanceKlass org/jetbrains/kotlin/load/java/components/JavaAnnotationDescriptor
instanceKlass gnu/trove/TIterator
instanceKlass gnu/trove/THashMap$MapBackedView
instanceKlass org/jetbrains/kotlin/load/java/JavaDefaultQualifiers
instanceKlass org/jetbrains/kotlin/load/java/JvmAnnotationNamesKt
instanceKlass org/jetbrains/kotlin/load/java/AnnotationQualifiersFqNamesKt
instanceKlass org/jetbrains/kotlin/load/java/lazy/descriptors/LazyJavaAnnotationDescriptor
instanceKlass org/jetbrains/kotlin/load/java/descriptors/PossiblyExternalAnnotationDescriptor
instanceKlass org/jetbrains/kotlin/com/intellij/util/IdempotenceChecker
instanceKlass org/jetbrains/kotlin/load/java/structure/impl/JavaElementCollectionFromPsiArrayUtil
instanceKlass org/jetbrains/kotlin/com/intellij/lang/jvm/JvmTypeParameter
instanceKlass org/jetbrains/kotlin/name/FqNamesUtilKt$WhenMappings
instanceKlass org/jetbrains/kotlin/com/intellij/openapi/roots/ProjectRootModificationTracker
instanceKlass org/jetbrains/kotlin/com/intellij/openapi/application/BaseActionRunnable
instanceKlass org/jetbrains/kotlin/com/intellij/openapi/application/ReadActionProcessor
instanceKlass org/jetbrains/kotlin/com/intellij/util/CollectionQuery
instanceKlass org/jetbrains/kotlin/com/intellij/util/CommonProcessors$CollectProcessor
instanceKlass org/jetbrains/kotlin/com/intellij/util/Processors
instanceKlass org/jetbrains/kotlin/com/intellij/psi/util/CachedValueProfiler$Overhead
instanceKlass org/jetbrains/kotlin/com/intellij/psi/util/CachedValueProfiler$ThreadContext
instanceKlass org/jetbrains/kotlin/com/intellij/psi/util/CachedValueProfiler$GlobalContext
instanceKlass org/jetbrains/kotlin/com/intellij/psi/util/CachedValueProfiler$EventPlace
instanceKlass org/jetbrains/kotlin/com/intellij/psi/util/CachedValueProfiler
instanceKlass org/jetbrains/kotlin/com/intellij/openapi/util/RecursionManager$StackFrame
instanceKlass org/jetbrains/kotlin/com/intellij/openapi/util/RecursionManager$MyKey
instanceKlass org/jetbrains/kotlin/com/intellij/util/CachedValueBase$Data
instanceKlass org/jetbrains/kotlin/com/intellij/psi/impl/file/PsiPackageImpl$PackageAnnotationValueProvider
instanceKlass org/jetbrains/kotlin/load/java/typeEnhancement/AbstractSignatureParts$TypeAndDefaultQualifiers
instanceKlass org/jetbrains/kotlin/load/java/typeEnhancement/AbstractSignatureParts
instanceKlass org/jetbrains/kotlin/types/TypeAttributeTranslator$DefaultImpls
instanceKlass org/jetbrains/kotlin/types/TypeAttributesKt
instanceKlass org/jetbrains/kotlin/load/java/structure/JavaAnnotationAsAnnotationArgument
instanceKlass org/jetbrains/kotlin/load/java/structure/JavaLiteralAnnotationArgument
instanceKlass org/jetbrains/kotlin/types/ErasureTypeAttributes
instanceKlass org/jetbrains/kotlin/load/java/lazy/types/JavaTypeAttributesKt
instanceKlass org/jetbrains/kotlin/load/java/FakePureImplementationsProvider
instanceKlass org/jetbrains/kotlin/load/java/components/JavaAnnotationMapper
instanceKlass org/jetbrains/kotlin/load/java/structure/impl/classFiles/BinaryJavaClass$WhenMappings
instanceKlass org/jetbrains/org/objectweb/asm/FieldVisitor
instanceKlass org/jetbrains/kotlin/load/java/structure/impl/classFiles/BinaryJavaField
instanceKlass org/jetbrains/kotlin/load/java/structure/impl/classFiles/ClassifierResolutionContext$Result
instanceKlass org/jetbrains/kotlin/utils/SmartList$SingletonIteratorBase
instanceKlass javaslang/control/Option$None
instanceKlass org/jetbrains/kotlin/load/java/structure/JavaConstructor
instanceKlass javaslang/control/Option$Some
instanceKlass javaslang/control/Option
instanceKlass org/jetbrains/kotlin/util/javaslang/JavaslangAdaptersKt
instanceKlass org/jetbrains/kotlin/load/java/structure/impl/classFiles/ClassifierResolutionContext$InnerClassInfo
instanceKlass org/jetbrains/kotlin/descriptors/annotations/TargetedAnnotations
instanceKlass org/jetbrains/kotlin/load/java/structure/JavaArrayType
instanceKlass org/jetbrains/kotlin/load/java/structure/JavaArrayAnnotationArgument
instanceKlass org/jetbrains/kotlin/load/java/structure/impl/classFiles/PlainJavaAnnotationArgument
instanceKlass org/jetbrains/kotlin/load/java/structure/JavaEnumValueAnnotationArgument
instanceKlass org/jetbrains/kotlin/load/java/structure/JavaAnnotationArgument
instanceKlass org/jetbrains/kotlin/descriptors/annotations/AnnotationDescriptor$DefaultImpls
instanceKlass org/jetbrains/kotlin/resolve/lazy/descriptors/LazyAnnotationDescriptor$FileDescriptorForVisibilityChecks
instanceKlass org/jetbrains/kotlin/resolve/lazy/descriptors/LazyAnnotationDescriptor
instanceKlass org/jetbrains/kotlin/load/java/JavaDescriptorVisibilities
instanceKlass org/jetbrains/kotlin/load/java/UtilsKt
instanceKlass org/jetbrains/kotlin/load/java/structure/impl/JavaModifierListOwnerImpl
instanceKlass org/jetbrains/kotlin/load/java/structure/impl/JavaAnnotationOwnerImpl
instanceKlass org/jetbrains/kotlin/load/java/lazy/LazyJavaTypeParameterResolver
instanceKlass org/jetbrains/kotlin/load/java/components/JavaSourceElementImpl
instanceKlass org/jetbrains/kotlin/load/java/lazy/descriptors/LazyJavaClassDescriptor$Companion
instanceKlass org/jetbrains/kotlin/load/java/structure/impl/classFiles/BinaryJavaAnnotation$Companion
instanceKlass org/jetbrains/kotlin/load/java/structure/impl/classFiles/BinaryJavaAnnotation
instanceKlass org/jetbrains/kotlin/load/java/structure/JavaAnnotation
instanceKlass org/jetbrains/org/objectweb/asm/MethodVisitor
instanceKlass org/jetbrains/kotlin/load/java/structure/impl/classFiles/BinaryJavaValueParameter
instanceKlass org/jetbrains/kotlin/load/java/structure/JavaValueParameter
instanceKlass org/jetbrains/kotlin/load/java/structure/impl/classFiles/BinaryJavaMethodBase$Companion$MethodInfo
instanceKlass org/jetbrains/kotlin/utils/addToStdlib/AddToStdlibKt
instanceKlass org/jetbrains/kotlin/load/java/structure/JavaPrimitiveType
instanceKlass java/text/StringCharacterIterator
instanceKlass java/text/CharacterIterator
instanceKlass org/jetbrains/kotlin/load/java/structure/impl/classFiles/BinaryJavaMethodBase$Companion
instanceKlass org/jetbrains/kotlin/load/java/structure/impl/classFiles/BinaryJavaMethodBase
instanceKlass org/jetbrains/kotlin/load/java/structure/impl/classFiles/CommonMixinsKt
instanceKlass org/jetbrains/kotlin/load/java/structure/impl/classFiles/JavaPlainType
instanceKlass org/jetbrains/kotlin/load/java/structure/JavaClassifierType
instanceKlass org/jetbrains/kotlin/load/java/structure/JavaType
instanceKlass org/jetbrains/kotlin/load/java/structure/ListBasedJavaAnnotationOwner
instanceKlass org/jetbrains/kotlin/load/java/structure/impl/classFiles/BinaryJavaModifierListOwner
instanceKlass org/jetbrains/kotlin/load/java/structure/impl/VirtualFileBoundJavaClass
instanceKlass org/jetbrains/kotlin/load/java/structure/MutableJavaAnnotationOwner
instanceKlass org/jetbrains/kotlin/load/java/structure/impl/classFiles/ClassifierResolutionContext
instanceKlass org/jetbrains/kotlin/resolve/PackageFragmentWithCustomSource
instanceKlass org/jetbrains/kotlin/descriptors/impl/AbstractTypeParameterDescriptor$2$1
instanceKlass org/jetbrains/kotlin/resolve/ResolutionAnchorProviderKt
instanceKlass org/jetbrains/kotlin/descriptors/FindClassInModuleKt
instanceKlass org/jetbrains/kotlin/resolve/OverridingStrategy
instanceKlass org/jetbrains/kotlin/resolve/DelegationResolver$Companion
instanceKlass org/jetbrains/kotlin/resolve/DelegationResolver
instanceKlass org/jetbrains/kotlin/resolve/lazy/descriptors/LazyClassMemberScope$generateDelegatingDescriptors$lazyMemberExtractor$1
instanceKlass org/jetbrains/kotlin/resolve/DelegationResolver$MemberExtractor
instanceKlass org/jetbrains/kotlin/resolve/lazy/descriptors/LazyClassMemberScope$generateDelegatingDescriptors$lazyTypeResolver$1
instanceKlass org/jetbrains/kotlin/resolve/DelegationResolver$TypeResolver
instanceKlass org/jetbrains/kotlin/resolve/DescriptorFactory
instanceKlass org/jetbrains/kotlin/descriptors/annotations/AnnotationSplitter$LazySplitAnnotations
instanceKlass org/jetbrains/kotlin/descriptors/annotations/CompositeAnnotations
instanceKlass org/jetbrains/kotlin/descriptors/annotations/AnnotationSplitter$Companion
instanceKlass org/jetbrains/kotlin/descriptors/annotations/AnnotationSplitter
instanceKlass org/jetbrains/kotlin/util/Box
instanceKlass java/util/stream/Sink$ChainedInt
instanceKlass java/util/stream/Sink$OfInt
instanceKlass java/util/function/IntConsumer
instanceKlass java/util/stream/ReduceOps$AccumulatingSink
instanceKlass java/util/stream/ReduceOps$Box
instanceKlass java/util/stream/ReduceOps$ReduceOp
instanceKlass java/util/stream/ReduceOps
instanceKlass java/util/stream/IntStream
instanceKlass org/jetbrains/kotlin/com/intellij/openapi/project/ProjectCoreUtil
instanceKlass org/jetbrains/kotlin/resolve/scopes/LexicalScopeStorage$IntList
instanceKlass org/jetbrains/kotlin/resolve/scopes/utils/LexicalScopeWrapper
instanceKlass org/jetbrains/kotlin/types/expressions/ExpressionTypingUtils
instanceKlass org/jetbrains/kotlin/descriptors/impl/ValueParameterDescriptorImpl$Companion
instanceKlass java/util/AbstractList$SubList$1
instanceKlass org/jetbrains/kotlin/resolve/constants/IntegerLiteralTypeConstructor
instanceKlass org/jetbrains/kotlin/types/AbstractNullabilityChecker
instanceKlass org/jetbrains/kotlin/types/TypeWithEnhancementKt
instanceKlass org/jetbrains/kotlin/resolve/constants/IntegerValueTypeConstructor
instanceKlass org/jetbrains/kotlin/resolve/calls/inference/CapturedTypeConstructorImpl
instanceKlass org/jetbrains/kotlin/resolve/calls/inference/CapturedTypeConstructor
instanceKlass org/jetbrains/kotlin/types/AbstractTypeChecker
instanceKlass org/jetbrains/kotlin/types/checker/ClassicTypeCheckerStateKt
instanceKlass org/jetbrains/kotlin/types/TypeSubstitutionKt
instanceKlass kotlin/reflect/jvm/internal/impl/name/SpecialNames
instanceKlass kotlin/reflect/jvm/internal/impl/builtins/CompanionObjectMapping
instanceKlass kotlin/reflect/jvm/internal/impl/name/FqNamesUtilKt
instanceKlass kotlin/reflect/jvm/internal/impl/utils/CollectionsKt
instanceKlass kotlin/reflect/jvm/internal/impl/builtins/PrimitiveType$Companion
instanceKlass kotlin/reflect/jvm/internal/impl/builtins/StandardNames$FqNames
instanceKlass kotlin/reflect/jvm/internal/impl/builtins/jvm/JavaToKotlinClassMap$PlatformMutabilityMapping
instanceKlass kotlin/reflect/jvm/internal/impl/builtins/functions/FunctionClassKind$Companion
instanceKlass kotlin/reflect/jvm/internal/impl/builtins/StandardNames
instanceKlass kotlin/reflect/jvm/internal/impl/builtins/jvm/JavaToKotlinClassMap
instanceKlass kotlin/jvm/functions/Function22
instanceKlass kotlin/jvm/functions/Function21
instanceKlass kotlin/jvm/functions/Function20
instanceKlass kotlin/jvm/functions/Function19
instanceKlass kotlin/jvm/functions/Function18
instanceKlass kotlin/jvm/functions/Function17
instanceKlass kotlin/jvm/functions/Function16
instanceKlass kotlin/jvm/functions/Function15
instanceKlass kotlin/jvm/functions/Function14
instanceKlass kotlin/jvm/functions/Function13
instanceKlass kotlin/jvm/functions/Function12
instanceKlass kotlin/jvm/functions/Function11
instanceKlass kotlin/jvm/functions/Function10
instanceKlass kotlin/jvm/functions/Function9
instanceKlass kotlin/jvm/functions/Function8
instanceKlass kotlin/jvm/functions/Function7
instanceKlass kotlin/jvm/functions/Function6
instanceKlass kotlin/jvm/functions/Function5
instanceKlass kotlin/reflect/jvm/internal/impl/descriptors/runtime/structure/ReflectClassUtilKt
instanceKlass kotlin/reflect/jvm/internal/impl/name/ClassId
instanceKlass kotlin/reflect/jvm/internal/impl/name/FqNameUnsafe$1
instanceKlass kotlin/reflect/jvm/internal/impl/name/Name
instanceKlass kotlin/reflect/jvm/internal/impl/name/FqNameUnsafe
instanceKlass kotlin/reflect/jvm/internal/impl/name/FqName
instanceKlass kotlin/reflect/jvm/internal/RuntimeTypeMapper
instanceKlass kotlin/reflect/jvm/internal/KDeclarationContainerImpl$Data
instanceKlass org/jetbrains/kotlin/util/AbstractArrayMapOwner$AbstractArrayMapAccessor
instanceKlass org/jetbrains/kotlin/types/TypeAttribute
instanceKlass org/jetbrains/kotlin/types/AnnotationsTypeAttributeKt
instanceKlass org/jetbrains/kotlin/types/SpecialTypesKt
instanceKlass org/jetbrains/kotlin/types/FlexibleTypesKt
instanceKlass org/jetbrains/kotlin/types/RawType
instanceKlass org/jetbrains/kotlin/types/DynamicTypesKt
instanceKlass org/jetbrains/kotlin/types/TypeWithEnhancement
instanceKlass org/jetbrains/kotlin/resolve/jvm/diagnostics/ErrorsJvm$1
instanceKlass org/jetbrains/kotlin/resolve/jvm/diagnostics/ErrorsJvm
instanceKlass org/jetbrains/kotlin/types/checker/ClassicTypeSystemContext$DefaultImpls
instanceKlass org/jetbrains/kotlin/types/AbstractStrictEqualityTypeChecker
instanceKlass org/jetbrains/kotlin/types/checker/StrictEqualityTypeChecker
instanceKlass org/jetbrains/kotlin/resolve/calls/inference/CapturedTypeConstructorKt
instanceKlass org/jetbrains/kotlin/resolve/scopes/SubstitutingScope
instanceKlass org/jetbrains/kotlin/descriptors/impl/ModuleAwareClassDescriptorKt
instanceKlass org/jetbrains/kotlin/types/TypeProjectionBase
instanceKlass org/jetbrains/kotlin/resolve/TypeResolver$Companion$WhenMappings
instanceKlass org/jetbrains/kotlin/resolve/scopes/LexicalWritableScope$Snapshot
instanceKlass org/jetbrains/kotlin/types/TypeConstructorSubstitution$Companion
instanceKlass org/jetbrains/kotlin/types/TypeSubstitution$Companion
instanceKlass org/jetbrains/kotlin/types/TypeSubstitution
instanceKlass org/jetbrains/kotlin/types/IntersectionTypeConstructor
instanceKlass org/jetbrains/kotlin/types/model/IntersectionTypeConstructorMarker
instanceKlass org/jetbrains/kotlin/types/CustomTypeParameter
instanceKlass org/jetbrains/kotlin/utils/SmartSet$Companion
instanceKlass org/jetbrains/kotlin/types/typeUtil/TypeUtilsKt
instanceKlass org/jetbrains/kotlin/util/EmptyArrayMap$iterator$1
instanceKlass org/jetbrains/kotlin/metadata/ProtoBuf$1
instanceKlass org/jetbrains/kotlin/resolve/deprecation/DeprecationResolver$DeprecationInfo$Companion
instanceKlass org/jetbrains/kotlin/metadata/deserialization/VersionRequirement$Companion
instanceKlass org/jetbrains/kotlin/metadata/deserialization/VersionRequirement
instanceKlass org/jetbrains/kotlin/serialization/deserialization/descriptors/DeserializedMemberDescriptor
instanceKlass org/jetbrains/kotlin/serialization/deserialization/descriptors/DescriptorWithContainerSource
instanceKlass org/jetbrains/kotlin/resolve/SinceKotlinAccessibility
instanceKlass org/jetbrains/kotlin/resolve/calls/util/FakeCallableDescriptorForObject
instanceKlass org/jetbrains/kotlin/resolve/SinceKotlinUtilKt
instanceKlass org/jetbrains/kotlin/load/kotlin/KotlinJvmBinarySourceElement
instanceKlass org/jetbrains/kotlin/cli/jvm/compiler/KotlinCliJavaFileManagerImpl$WhenMappings
instanceKlass org/jetbrains/kotlin/load/java/lazy/descriptors/LazyJavaPackageScope$KotlinClassLookupResult
instanceKlass org/jetbrains/kotlin/load/java/lazy/descriptors/LazyJavaPackageScope$FindClassRequest
instanceKlass org/jetbrains/kotlin/resolve/AllUnderImportScope$Companion
instanceKlass kotlin/collections/ArraysKt___ArraysKt$asIterable$$inlined$Iterable$1
instanceKlass org/jetbrains/kotlin/resolve/AnnotationTargetList
instanceKlass org/jetbrains/kotlin/resolve/AnnotationTargetLists$TargetListBuilder
instanceKlass org/jetbrains/kotlin/descriptors/annotations/KotlinTarget$Companion
instanceKlass org/jetbrains/kotlin/resolve/AnnotationTargetLists
instanceKlass org/jetbrains/kotlin/resolve/ModifierCheckerCore
instanceKlass org/jetbrains/kotlin/resolve/checkers/TrailingCommaChecker
instanceKlass org/jetbrains/kotlin/resolve/PlatformClassesMappedToKotlinChecker
instanceKlass org/jetbrains/kotlin/descriptors/impl/TypeAliasConstructorDescriptor
instanceKlass org/jetbrains/kotlin/descriptors/impl/DescriptorDerivedFromTypeAlias
instanceKlass org/jetbrains/kotlin/descriptors/DescriptorVisibilityUtils
instanceKlass org/jetbrains/kotlin/resolve/QualifiedExpressionResolverKt
instanceKlass org/jetbrains/kotlin/descriptors/DescriptorWithDeprecation$Companion
instanceKlass org/jetbrains/kotlin/descriptors/DescriptorWithDeprecation
instanceKlass org/jetbrains/kotlin/utils/CallOnceFunction
instanceKlass java/util/ArrayList$SubList$1
instanceKlass org/jetbrains/kotlin/resolve/jvm/KotlinJavaPsiFacade$3
instanceKlass org/jetbrains/kotlin/com/google/common/collect/PeekingIterator
instanceKlass org/jetbrains/kotlin/com/google/common/collect/Iterators
instanceKlass org/jetbrains/kotlin/com/google/common/collect/ObjectArrays
instanceKlass org/jetbrains/kotlin/com/google/common/collect/ImmutableMultimap$Builder
instanceKlass org/jetbrains/kotlin/resolve/scopes/ImportingScope$DefaultImpls
instanceKlass org/jetbrains/kotlin/resolve/lazy/FileScopeFactory$currentPackageScope$1
instanceKlass org/jetbrains/kotlin/resolve/lazy/LazyImportScope
instanceKlass org/jetbrains/kotlin/resolve/DelegatingBindingTrace$MyBindingContext
instanceKlass org/jetbrains/kotlin/resolve/AnalyzingUtils
instanceKlass org/jetbrains/kotlin/resolve/extensions/ExtraImportsProviderExtension$Companion$CompoundExtraImportsProviderExtension
instanceKlass org/jetbrains/kotlin/resolve/scopes/MemberScope$DefaultImpls
instanceKlass org/jetbrains/kotlin/resolve/scopes/ResolutionScope$DefaultImpls
instanceKlass org/jetbrains/kotlin/resolve/scopes/HierarchicalScope$DefaultImpls
instanceKlass org/jetbrains/kotlin/resolve/scopes/LexicalScope$DefaultImpls
instanceKlass org/jetbrains/kotlin/psi/KtCodeFragmentBase
instanceKlass org/jetbrains/kotlin/com/intellij/psi/JavaCodeFragment
instanceKlass org/jetbrains/kotlin/com/intellij/psi/PsiCodeFragment
instanceKlass org/jetbrains/kotlin/psi/codeFragmentUtil/CodeFragmentUtilKt
instanceKlass org/jetbrains/kotlin/resolve/scopes/AbstractLocalRedeclarationChecker
instanceKlass org/jetbrains/kotlin/resolve/scopes/receivers/ImplicitClassReceiver
instanceKlass org/jetbrains/kotlin/resolve/scopes/receivers/ThisClassReceiver
instanceKlass org/jetbrains/kotlin/resolve/scopes/receivers/ImplicitReceiver
instanceKlass org/jetbrains/kotlin/resolve/scopes/LexicalChainedScope$Companion
instanceKlass org/jetbrains/kotlin/resolve/scopes/LexicalChainedScope
instanceKlass kotlin/collections/ReversedList$listIterator$1
instanceKlass kotlin/jvm/internal/markers/KMutableListIterator
instanceKlass kotlin/jvm/internal/markers/KMutableList
instanceKlass org/jetbrains/kotlin/builtins/CompanionObjectMapping
instanceKlass org/jetbrains/kotlin/builtins/jvm/JavaToKotlinClassMap$PlatformMutabilityMapping
instanceKlass org/jetbrains/kotlin/name/StandardClassIdsKt
instanceKlass org/jetbrains/kotlin/name/StandardClassIds
instanceKlass org/jetbrains/kotlin/builtins/jvm/JavaToKotlinClassMap
instanceKlass org/jetbrains/kotlin/load/kotlin/SignatureBuildingComponents
instanceKlass org/jetbrains/kotlin/builtins/jvm/JvmBuiltInsSignatures
instanceKlass org/jetbrains/kotlin/metadata/deserialization/ProtoTypeTableUtilKt
instanceKlass org/jetbrains/kotlin/utils/DFS
instanceKlass org/jetbrains/kotlin/utils/DFS$AbstractNodeHandler
instanceKlass org/jetbrains/kotlin/utils/DFS$NodeHandler
instanceKlass org/jetbrains/kotlin/utils/DFS$VisitedWithSet
instanceKlass org/jetbrains/kotlin/utils/DFS$Visited
instanceKlass org/jetbrains/kotlin/resolve/FindLoopsInSupertypes
instanceKlass org/jetbrains/kotlin/utils/DFS$Neighbors
instanceKlass org/jetbrains/kotlin/storage/SingleThreadValue
instanceKlass org/jetbrains/kotlin/types/KotlinTypeKt
instanceKlass org/jetbrains/kotlin/metadata/ProtoBuf$TypeAliasOrBuilder
instanceKlass org/jetbrains/kotlin/metadata/ProtoBuf$Effect$InvocationKind$1
instanceKlass org/jetbrains/kotlin/metadata/ProtoBuf$Expression$ConstantValue$1
instanceKlass org/jetbrains/kotlin/metadata/ProtoBuf$ExpressionOrBuilder
instanceKlass org/jetbrains/kotlin/metadata/ProtoBuf$Effect$EffectType$1
instanceKlass org/jetbrains/kotlin/metadata/ProtoBuf$EffectOrBuilder
instanceKlass org/jetbrains/kotlin/metadata/ProtoBuf$VersionRequirement$VersionKind$1
instanceKlass org/jetbrains/kotlin/metadata/ProtoBuf$VersionRequirement$Level$1
instanceKlass org/jetbrains/kotlin/metadata/ProtoBuf$VersionRequirementOrBuilder
instanceKlass org/jetbrains/kotlin/metadata/jvm/deserialization/JvmNameResolverBase$WhenMappings
instanceKlass org/jetbrains/kotlin/metadata/deserialization/ProtoBufUtilKt
instanceKlass org/jetbrains/kotlin/load/kotlin/JvmPackagePartSource
instanceKlass org/jetbrains/kotlin/serialization/deserialization/descriptors/DeserializedContainerSource
instanceKlass org/jetbrains/kotlin/load/kotlin/FacadeClassSource
instanceKlass org/jetbrains/kotlin/metadata/jvm/deserialization/JvmNameResolverKt
instanceKlass org/jetbrains/kotlin/metadata/jvm/JvmProtoBuf$StringTableTypes$Record$Operation$1
instanceKlass org/jetbrains/kotlin/metadata/jvm/JvmProtoBuf$StringTableTypes$RecordOrBuilder
instanceKlass org/jetbrains/kotlin/metadata/jvm/JvmProtoBuf$StringTableTypesOrBuilder
instanceKlass kotlin/collections/IndexedValue
instanceKlass kotlin/collections/IndexingIterator
instanceKlass kotlin/collections/IndexingIterable
instanceKlass org/jetbrains/kotlin/metadata/jvm/deserialization/JvmNameResolverBase$Companion
instanceKlass org/jetbrains/kotlin/metadata/jvm/deserialization/JvmNameResolverBase
instanceKlass org/jetbrains/kotlin/metadata/jvm/deserialization/UtfEncodingKt
instanceKlass org/jetbrains/kotlin/metadata/jvm/deserialization/BitEncoding
instanceKlass org/jetbrains/kotlin/load/kotlin/FileBasedKotlinClass$OuterAndInnerName
instanceKlass org/jetbrains/kotlin/load/kotlin/header/KotlinClassHeader
instanceKlass org/jetbrains/kotlin/load/kotlin/header/ReadKotlinClassHeaderAnnotationVisitor$CollectStringArrayAnnotationVisitor
instanceKlass org/jetbrains/org/objectweb/asm/Type
instanceKlass org/jetbrains/kotlin/load/kotlin/KotlinJvmBinaryClass$AnnotationArrayArgumentVisitor
instanceKlass org/jetbrains/kotlin/load/kotlin/header/ReadKotlinClassHeaderAnnotationVisitor$KotlinMetadataArgumentVisitor
instanceKlass java/lang/Override
instanceKlass org/jetbrains/kotlin/load/java/JvmAnnotationNames
instanceKlass org/jetbrains/org/objectweb/asm/Context
instanceKlass org/jetbrains/org/objectweb/asm/Attribute
instanceKlass org/jetbrains/org/objectweb/asm/Label
instanceKlass org/jetbrains/org/objectweb/asm/ClassReader
instanceKlass org/jetbrains/kotlin/load/kotlin/FileBasedKotlinClass$InnerClassesInfo
instanceKlass org/jetbrains/kotlin/load/kotlin/KotlinJvmBinaryClass$AnnotationArgumentVisitor
instanceKlass org/jetbrains/kotlin/load/kotlin/header/ReadKotlinClassHeaderAnnotationVisitor
instanceKlass org/jetbrains/kotlin/load/kotlin/KotlinJvmBinaryClass$AnnotationVisitor
instanceKlass kotlin/jvm/functions/Function4
instanceKlass org/jetbrains/kotlin/load/kotlin/VirtualFileKotlinClass$Factory
instanceKlass org/jetbrains/org/objectweb/asm/AnnotationVisitor
instanceKlass org/jetbrains/org/objectweb/asm/ClassVisitor
instanceKlass org/jetbrains/kotlin/load/kotlin/FileBasedKotlinClass
instanceKlass org/jetbrains/kotlin/com/intellij/openapi/util/Computable
instanceKlass org/jetbrains/kotlin/load/kotlin/KotlinBinaryClassCache$RequestCache
instanceKlass org/jetbrains/kotlin/load/kotlin/KotlinClassFinderKt
instanceKlass org/jetbrains/kotlin/resolve/jvm/JvmClassName
instanceKlass org/jetbrains/kotlin/com/intellij/lang/java/lexer/_JavaLexer
instanceKlass org/jetbrains/kotlin/com/intellij/psi/impl/source/tree/ElementType
instanceKlass org/jetbrains/kotlin/com/intellij/psi/impl/source/tree/JavaElementType
instanceKlass org/jetbrains/kotlin/com/intellij/psi/impl/source/tree/JavaDocElementType
instanceKlass org/jetbrains/kotlin/com/intellij/psi/JavaTokenType
instanceKlass org/jetbrains/kotlin/com/intellij/psi/JavaDocTokenType
instanceKlass org/jetbrains/kotlin/cli/jvm/index/SingleJavaFileRootsIndex$JavaSourceClassIdReader$Companion
instanceKlass org/jetbrains/kotlin/cli/jvm/index/SingleJavaFileRootsIndex$JavaSourceClassIdReader
instanceKlass gnu/trove/TObjectProcedure
instanceKlass org/jetbrains/kotlin/resolve/jvm/multiplatform/OptionalAnnotationClassDataFinder
instanceKlass org/jetbrains/kotlin/cli/jvm/index/JvmDependenciesIndexImpl$SearchResult
instanceKlass org/jetbrains/kotlin/load/java/lazy/LazyJavaAnnotations
instanceKlass org/jetbrains/kotlin/load/java/lazy/LazyJavaAnnotationsKt
instanceKlass org/jetbrains/kotlin/load/java/lazy/descriptors/JvmPackageScope
instanceKlass kotlin/UnsafeLazyImpl
instanceKlass org/jetbrains/kotlin/load/java/lazy/ContextKt
instanceKlass org/jetbrains/kotlin/load/java/structure/JavaElementsKt
instanceKlass org/jetbrains/kotlin/load/java/structure/impl/source/JavaElementPsiSource
instanceKlass org/jetbrains/kotlin/load/java/structure/impl/JavaElementImpl
instanceKlass org/jetbrains/kotlin/load/java/structure/impl/source/JavaSourceFactoryOwner
instanceKlass org/jetbrains/kotlin/load/java/structure/MapBasedJavaAnnotationOwner
instanceKlass org/jetbrains/kotlin/load/java/structure/impl/source/JavaElementSourceFactory$Companion
instanceKlass org/jetbrains/kotlin/cli/jvm/index/JvmDependenciesIndexImpl$FindClassRequest
instanceKlass org/jetbrains/kotlin/cli/jvm/index/JvmDependenciesIndexImpl$WhenMappings
instanceKlass gnu/trove/PrimeFinder
instanceKlass org/jetbrains/kotlin/com/intellij/util/containers/IntArrayList
instanceKlass org/jetbrains/kotlin/cli/jvm/index/JvmDependenciesIndexImpl$Cache
instanceKlass java/util/regex/IntHashSet
instanceKlass java/util/regex/Matcher
instanceKlass java/util/regex/MatchResult
instanceKlass org/jetbrains/kotlin/cli/jvm/index/JvmDependenciesIndexImpl$TraverseRequest
instanceKlass org/jetbrains/kotlin/cli/jvm/index/JvmDependenciesIndexImpl$SearchRequest
instanceKlass org/jetbrains/kotlin/cli/jvm/compiler/KotlinCliJavaFileManagerImplKt
instanceKlass kotlin/jvm/internal/Ref$BooleanRef
instanceKlass org/jetbrains/kotlin/resolve/jvm/KotlinSafeClassFinder
instanceKlass org/jetbrains/kotlin/com/intellij/util/containers/ImmutableList$Itr
instanceKlass org/jetbrains/kotlin/resolve/jvm/KotlinJavaPsiFacade$CliFinder
instanceKlass org/jetbrains/kotlin/com/intellij/openapi/vfs/CompactVirtualFileSet$2
instanceKlass org/jetbrains/kotlin/com/intellij/util/containers/SequenceIterator
instanceKlass org/jetbrains/kotlin/resolve/jvm/KotlinJavaPsiFacade$PackageCache
instanceKlass org/jetbrains/kotlin/descriptors/annotations/Annotations$DefaultImpls
instanceKlass org/jetbrains/kotlin/resolve/jvm/annotations/JvmAnnotationUtilKt
instanceKlass org/jetbrains/kotlin/com/google/common/collect/Lists
instanceKlass org/jetbrains/kotlin/resolve/scopes/LexicalScopeImpl$InitializeHandler
instanceKlass org/jetbrains/kotlin/resolve/scopes/LocalRedeclarationChecker$DO_NOTHING
instanceKlass org/jetbrains/kotlin/resolve/scopes/utils/ScopeUtilsKt
instanceKlass org/jetbrains/kotlin/resolve/bindingContextUtil/BindingContextUtilsKt
instanceKlass org/jetbrains/kotlin/resolve/lazy/FileScopeFactory$FilesScopesBuilder$importResolver$1
instanceKlass org/jetbrains/kotlin/resolve/scopes/BaseHierarchicalScope
instanceKlass org/jetbrains/kotlin/resolve/lazy/FileScopeFactory$FilesScopesBuilder$lazyImportingScope$1
instanceKlass org/jetbrains/kotlin/resolve/lazy/FileScopeFactoryKt
instanceKlass org/jetbrains/kotlin/resolve/lazy/LazyImportResolver
instanceKlass org/jetbrains/kotlin/resolve/lazy/IndexedImports
instanceKlass org/jetbrains/kotlin/resolve/lazy/FileScopeFactory$FilesScopesBuilder
instanceKlass org/jetbrains/kotlin/resolve/lazy/FileScopeProviderKt
instanceKlass org/jetbrains/kotlin/types/AbstractTypeConstructor$Supertypes
instanceKlass org/jetbrains/kotlin/resolve/scopes/receivers/QualifierKt
instanceKlass org/jetbrains/kotlin/resolve/scopes/receivers/PackageQualifier
instanceKlass org/jetbrains/kotlin/psi/KtNamedDeclarationUtil
instanceKlass org/jetbrains/kotlin/resolve/lazy/descriptors/LazyClassMemberScope$Companion$EXTRACT_PROPERTIES$1
instanceKlass org/jetbrains/kotlin/resolve/lazy/descriptors/LazyClassMemberScope$Companion$EXTRACT_FUNCTIONS$1
instanceKlass org/jetbrains/kotlin/resolve/lazy/descriptors/LazyClassMemberScope$MemberExtractor
instanceKlass org/jetbrains/kotlin/resolve/lazy/descriptors/LazyClassMemberScope$Companion
instanceKlass org/jetbrains/kotlin/resolve/lazy/descriptors/ClassResolutionScopesSupport$Companion
instanceKlass org/jetbrains/kotlin/resolve/lazy/descriptors/ClassResolutionScopesSupport
instanceKlass org/jetbrains/kotlin/resolve/source/KotlinSourceElement
instanceKlass org/jetbrains/kotlin/resolve/source/PsiSourceElement
instanceKlass org/jetbrains/kotlin/resolve/source/KotlinSourceElementKt
instanceKlass org/jetbrains/kotlin/descriptors/ValueClassRepresentation
instanceKlass org/jetbrains/kotlin/resolve/lazy/data/KtClassOrObjectInfo
instanceKlass org/jetbrains/kotlin/resolve/lazy/data/KtClassInfoUtil
instanceKlass org/jetbrains/kotlin/com/google/common/collect/LinkedHashMultimap$ValueSet$1
instanceKlass org/jetbrains/kotlin/com/google/common/collect/AbstractMapBasedMultimap$WrappedCollection$WrappedIterator
instanceKlass org/jetbrains/kotlin/com/google/common/collect/ListMultimap
instanceKlass org/jetbrains/kotlin/resolve/lazy/declarations/AbstractPsiBasedDeclarationProvider$Index
instanceKlass org/jetbrains/kotlin/storage/LockBasedStorageManager$KeyWithComputation
instanceKlass org/jetbrains/kotlin/resolve/lazy/declarations/AbstractPsiBasedDeclarationProvider
instanceKlass org/jetbrains/kotlin/parsing/DoNotBindAnything
instanceKlass org/jetbrains/kotlin/parsing/KotlinParsing$4
instanceKlass org/jetbrains/kotlin/it/unimi/dsi/fastutil/ints/IntArrays$ArrayHashStrategy
instanceKlass org/jetbrains/kotlin/it/unimi/dsi/fastutil/ints/IntArrays$Segment
instanceKlass org/jetbrains/kotlin/it/unimi/dsi/fastutil/ints/IntArrays
instanceKlass java/util/function/IntUnaryOperator
instanceKlass org/jetbrains/kotlin/psi/psiUtil/KtPsiUtilKt
instanceKlass org/jetbrains/kotlin/com/intellij/psi/search/PsiElementProcessor$FindElement
instanceKlass org/jetbrains/kotlin/com/intellij/psi/search/PsiElementProcessor$CollectElements
instanceKlass org/jetbrains/kotlin/com/intellij/psi/search/PsiElementProcessor
instanceKlass org/jetbrains/kotlin/com/intellij/psi/util/PsiTreeUtil
instanceKlass org/jetbrains/kotlin/util/slicedMap/OpenAddressLinearProbingHashTableKt
instanceKlass org/jetbrains/kotlin/util/slicedMap/OpenAddressLinearProbingHashTable$Companion
instanceKlass org/jetbrains/kotlin/com/google/common/collect/Sets
instanceKlass org/jetbrains/kotlin/resolve/FilePreprocessorKt
instanceKlass org/jetbrains/kotlin/psi/KtPsiUtil
instanceKlass org/jetbrains/kotlin/psi/KtSimpleNameExpressionImpl$Companion
instanceKlass org/jetbrains/kotlin/psi/KtExpressionImpl$Companion
instanceKlass org/jetbrains/kotlin/psi/KtNameReferenceExpression$Companion
instanceKlass org/jetbrains/kotlin/com/intellij/psi/impl/source/SourceTreeToPsiMap
instanceKlass org/jetbrains/kotlin/psi/psiUtil/PsiUtilsKt$siblings$1$iterator$1
instanceKlass org/jetbrains/kotlin/psi/psiUtil/PsiUtilsKt$siblings$1
instanceKlass org/jetbrains/kotlin/psi/psiUtil/PsiUtilsKt
instanceKlass org/jetbrains/kotlin/psi/KtDotQualifiedExpression$Companion
instanceKlass org/jetbrains/kotlin/psi/KtStubbedPsiUtil
instanceKlass org/jetbrains/kotlin/com/intellij/openapi/application/AccessToken
instanceKlass org/jetbrains/kotlin/com/intellij/openapi/progress/Cancellation
instanceKlass org/jetbrains/kotlin/com/intellij/openapi/progress/WrappedProgressIndicator
instanceKlass org/jetbrains/kotlin/com/intellij/openapi/progress/impl/NonCancelableIndicator
instanceKlass org/jetbrains/kotlin/com/intellij/openapi/progress/StandardProgressIndicator
instanceKlass org/jetbrains/kotlin/com/intellij/openapi/util/ThrowableComputable
instanceKlass org/jetbrains/kotlin/kdoc/psi/api/KDoc
instanceKlass org/jetbrains/kotlin/kdoc/psi/api/KDocElement
instanceKlass org/jetbrains/kotlin/com/intellij/psi/PsiDocCommentBase
instanceKlass org/jetbrains/kotlin/com/intellij/psi/tree/ILeafElementType
instanceKlass org/jetbrains/kotlin/com/intellij/psi/tree/ICustomParsingType
instanceKlass org/jetbrains/kotlin/com/intellij/lang/WhitespacesAndCommentsBinder$RecursiveBinder
instanceKlass org/jetbrains/kotlin/com/intellij/lang/impl/PsiBuilderImpl$RelativeTokenTextView
instanceKlass org/jetbrains/kotlin/parsing/PrecedingDocCommentsBinder
instanceKlass org/jetbrains/kotlin/parsing/PrecedingCommentsBinder
instanceKlass org/jetbrains/kotlin/parsing/KotlinParsing$PropertyComponentKind$Collector
instanceKlass org/jetbrains/kotlin/parsing/AbstractKotlinParsing$OptionalMarker
instanceKlass org/jetbrains/kotlin/parsing/KotlinParsing$ModifierDetector
instanceKlass org/jetbrains/kotlin/com/intellij/lang/WhitespacesBinders$2
instanceKlass org/jetbrains/kotlin/com/intellij/lang/WhitespacesBinders$1
instanceKlass org/jetbrains/kotlin/com/intellij/lang/WhitespacesBinders
instanceKlass org/jetbrains/kotlin/parsing/TrailingCommentsBinder
instanceKlass org/jetbrains/kotlin/com/intellij/util/text/CharSequenceSubSequence
instanceKlass org/jetbrains/kotlin/it/unimi/dsi/fastutil/Arrays
instanceKlass org/jetbrains/kotlin/com/google/common/collect/ImmutableCollection$Builder
instanceKlass java/util/AbstractMap$SimpleImmutableEntry
instanceKlass org/jetbrains/kotlin/com/google/common/collect/ImmutableMap$Builder
instanceKlass org/jetbrains/kotlin/parsing/AbstractTokenStreamPredicate
instanceKlass org/jetbrains/kotlin/parsing/AbstractTokenStreamPattern
instanceKlass org/jetbrains/kotlin/parsing/TokenStreamPattern
instanceKlass org/jetbrains/kotlin/parsing/Consumer
instanceKlass org/jetbrains/kotlin/parsing/TokenStreamPredicate
instanceKlass org/jetbrains/kotlin/com/intellij/lang/WhitespacesAndCommentsBinder
instanceKlass org/jetbrains/kotlin/parsing/AbstractKotlinParsing
instanceKlass org/jetbrains/kotlin/com/intellij/lang/impl/PsiBuilderAdapter
instanceKlass org/jetbrains/kotlin/parsing/SemanticWhitespaceAwarePsiBuilder
instanceKlass org/jetbrains/kotlin/parsing/KotlinParser
instanceKlass org/jetbrains/kotlin/lexer/_JetLexer$State
instanceKlass org/jetbrains/kotlin/com/intellij/util/text/ImmutableText$InnerLeaf
instanceKlass org/jetbrains/kotlin/com/intellij/util/text/ImmutableText$CompositeNode
instanceKlass org/jetbrains/kotlin/com/intellij/lang/impl/TokenSequence$Builder
instanceKlass org/jetbrains/kotlin/com/intellij/lang/impl/TokenSequence
instanceKlass org/jetbrains/kotlin/com/intellij/lexer/TokenList
instanceKlass org/jetbrains/kotlin/com/intellij/lang/impl/PsiBuilderImpl$Token
instanceKlass org/jetbrains/kotlin/com/intellij/lang/LighterLazyParseableNode
instanceKlass org/jetbrains/kotlin/it/unimi/dsi/fastutil/ints/IntListIterator
instanceKlass org/jetbrains/kotlin/it/unimi/dsi/fastutil/ints/IntBidirectionalIterator
instanceKlass org/jetbrains/kotlin/it/unimi/dsi/fastutil/ints/IntStack
instanceKlass org/jetbrains/kotlin/it/unimi/dsi/fastutil/ints/IntList
instanceKlass org/jetbrains/kotlin/it/unimi/dsi/fastutil/ints/IntSpliterator
instanceKlass org/jetbrains/kotlin/it/unimi/dsi/fastutil/ints/IntIterator
instanceKlass java/util/PrimitiveIterator$OfInt
instanceKlass java/util/PrimitiveIterator
instanceKlass java/util/BitSet
instanceKlass org/jetbrains/kotlin/com/intellij/util/containers/IntStack
instanceKlass org/jetbrains/kotlin/it/unimi/dsi/fastutil/objects/ObjectArrays$ArrayHashStrategy
instanceKlass org/jetbrains/kotlin/it/unimi/dsi/fastutil/objects/ObjectArrays
instanceKlass org/jetbrains/kotlin/it/unimi/dsi/fastutil/objects/ObjectListIterator
instanceKlass org/jetbrains/kotlin/it/unimi/dsi/fastutil/objects/ObjectBidirectionalIterator
instanceKlass org/jetbrains/kotlin/it/unimi/dsi/fastutil/BidirectionalIterator
instanceKlass org/jetbrains/kotlin/it/unimi/dsi/fastutil/objects/ObjectList
instanceKlass org/jetbrains/kotlin/com/intellij/psi/text/BlockSupport
instanceKlass org/jetbrains/kotlin/com/intellij/psi/impl/source/tree/SharedImplUtil
instanceKlass org/jetbrains/kotlin/lexer/_JetLexer
instanceKlass org/jetbrains/kotlin/com/intellij/lexer/FlexLexer
instanceKlass org/jetbrains/kotlin/com/intellij/lexer/LexerPosition
instanceKlass org/jetbrains/kotlin/com/intellij/lang/WhitespacesAndCommentsBinder$TokenTextGetter
instanceKlass org/jetbrains/kotlin/com/intellij/lang/PsiBuilder$Marker
instanceKlass org/jetbrains/kotlin/com/intellij/lang/impl/PsiBuilderImpl$ProductionMarker
instanceKlass org/jetbrains/kotlin/com/intellij/lang/impl/PsiBuilderImpl$Node
instanceKlass org/jetbrains/kotlin/com/intellij/lang/LighterASTNode
instanceKlass org/jetbrains/kotlin/com/intellij/lang/SyntaxTreeBuilder$Marker
instanceKlass org/jetbrains/kotlin/com/intellij/util/diff/ShallowNodeComparator
instanceKlass org/jetbrains/kotlin/com/intellij/util/diff/DiffTreeChangeBuilder
instanceKlass org/jetbrains/kotlin/com/intellij/openapi/util/UnprotectedUserDataHolder
instanceKlass org/jetbrains/kotlin/com/intellij/util/ThrowableRunnable
instanceKlass org/jetbrains/kotlin/com/intellij/psi/impl/source/tree/TreeUtil
instanceKlass org/jetbrains/kotlin/com/intellij/psi/impl/DebugUtil
instanceKlass org/jetbrains/kotlin/com/intellij/lang/LighterAST
instanceKlass org/jetbrains/kotlin/com/intellij/util/AstLoadingFilter
instanceKlass org/jetbrains/kotlin/util/slicedMap/Slices$SliceBuilder
instanceKlass org/jetbrains/kotlin/util/slicedMap/SetSlice$Companion
instanceKlass org/jetbrains/kotlin/util/slicedMap/RewritePolicy$1
instanceKlass org/jetbrains/kotlin/resolve/BindingContext$1
instanceKlass kotlin/jvm/internal/Ref$ObjectRef
instanceKlass javaslang/collection/HashArrayMappedTrieModule$AbstractNode
instanceKlass javaslang/collection/HashArrayMappedTrie
instanceKlass javaslang/collection/Set
instanceKlass javaslang/collection/Seq
instanceKlass javaslang/collection/Iterator
instanceKlass javaslang/collection/HashMap
instanceKlass javaslang/collection/Map
instanceKlass javaslang/collection/Traversable
instanceKlass javaslang/collection/Foldable
instanceKlass javaslang/Value
instanceKlass javaslang/Function1
instanceKlass javaslang/\u03bb
instanceKlass org/jetbrains/kotlin/resolve/calls/smartcasts/DataFlowInfoImpl$Companion
instanceKlass org/jetbrains/kotlin/resolve/calls/smartcasts/DataFlowInfoImpl
instanceKlass org/jetbrains/kotlin/resolve/calls/smartcasts/DataFlowInfoFactory
instanceKlass org/jetbrains/kotlin/resolve/calls/smartcasts/DataFlowInfo$Companion
instanceKlass org/jetbrains/kotlin/library/metadata/impl/KlibResolvedModuleDescriptorsFactoryImpl$Companion
instanceKlass org/jetbrains/kotlin/library/metadata/impl/KlibResolvedModuleDescriptorsFactoryImpl
instanceKlass org/jetbrains/kotlin/library/metadata/KlibResolvedModuleDescriptorsFactory
instanceKlass org/jetbrains/kotlin/library/metadata/impl/KlibMetadataModuleDescriptorFactoryImpl
instanceKlass org/jetbrains/kotlin/library/metadata/KlibMetadataModuleDescriptorFactory
instanceKlass org/jetbrains/kotlin/library/metadata/impl/KlibMetadataDeserializedPackageFragmentsFactoryImpl
instanceKlass org/jetbrains/kotlin/library/metadata/KlibMetadataDeserializedPackageFragmentsFactory
instanceKlass org/jetbrains/kotlin/library/metadata/impl/KlibModuleDescriptorFactoryImpl
instanceKlass org/jetbrains/kotlin/library/metadata/KlibModuleDescriptorFactory
instanceKlass org/jetbrains/kotlin/library/metadata/NullFlexibleTypeDeserializer
instanceKlass org/jetbrains/kotlin/library/metadata/KlibMetadataFactories
instanceKlass org/jetbrains/kotlin/cli/jvm/compiler/TopDownAnalyzerFacadeForJVMKt
instanceKlass org/jetbrains/kotlin/load/kotlin/incremental/IncrementalPackagePartProvider
instanceKlass kotlin/reflect/jvm/internal/pcollections/ConsPStack$Itr
instanceKlass org/jetbrains/kotlin/cli/jvm/config/ClassicFrontendSpecificJvmConfigurationKeys
instanceKlass org/jetbrains/kotlin/resolve/CodeAnalyzerInitializer$Companion
instanceKlass org/jetbrains/kotlin/resolve/calls/inference/ConstraintSystemBuilderImpl$Companion
instanceKlass org/jetbrains/kotlin/resolve/calls/inference/ConstraintSystemBuilderImpl
instanceKlass org/jetbrains/kotlin/resolve/calls/results/FlatSignatureForResolvedCallKt
instanceKlass org/jetbrains/kotlin/resolve/calls/CallExpressionResolver$Companion
instanceKlass org/jetbrains/kotlin/builtins/jvm/JvmBuiltInsPackageFragmentProvider$Companion
instanceKlass org/jetbrains/kotlin/resolve/jvm/TopPackageNamesProvider
instanceKlass org/jetbrains/kotlin/serialization/deserialization/JvmEnumEntriesDeserializationSupport
instanceKlass org/jetbrains/kotlin/metadata/jvm/JvmProtoBuf$JvmFieldSignatureOrBuilder
instanceKlass org/jetbrains/kotlin/metadata/jvm/JvmProtoBuf$JvmPropertySignatureOrBuilder
instanceKlass org/jetbrains/kotlin/metadata/jvm/JvmProtoBuf$JvmMethodSignatureOrBuilder
instanceKlass org/jetbrains/kotlin/metadata/jvm/JvmProtoBuf
instanceKlass org/jetbrains/kotlin/metadata/jvm/deserialization/JvmProtoBufUtil
instanceKlass org/jetbrains/kotlin/load/kotlin/JavaFlexibleTypeDeserializer
instanceKlass org/jetbrains/kotlin/load/kotlin/DeserializationComponentsForJava$Companion
instanceKlass org/jetbrains/kotlin/load/kotlin/AbstractBinaryClassAnnotationLoader$Companion
instanceKlass org/jetbrains/kotlin/types/TypeParameterErasureOptions
instanceKlass org/jetbrains/kotlin/types/TypeParameterUpperBoundEraser$Companion
instanceKlass org/jetbrains/kotlin/types/TypeParameterUpperBoundEraser
instanceKlass org/jetbrains/kotlin/types/ErasureProjectionComputer
instanceKlass org/jetbrains/kotlin/load/java/lazy/types/JavaTypeResolver
instanceKlass kotlin/InitializedLazyImpl
instanceKlass org/jetbrains/kotlin/load/java/lazy/TypeParameterResolver$EMPTY
instanceKlass org/jetbrains/kotlin/load/java/lazy/TypeParameterResolver
instanceKlass org/jetbrains/kotlin/load/java/components/TraceBasedErrorReporter$Companion
instanceKlass org/jetbrains/kotlin/load/kotlin/header/KotlinClassHeader$Kind$Companion
instanceKlass org/jetbrains/kotlin/load/kotlin/DeserializedDescriptorResolver$Companion
instanceKlass org/jetbrains/kotlin/util/slicedMap/Slices$2
instanceKlass org/jetbrains/kotlin/util/slicedMap/Slices$1
instanceKlass org/jetbrains/kotlin/util/slicedMap/RewritePolicy
instanceKlass org/jetbrains/kotlin/util/slicedMap/Slices
instanceKlass org/jetbrains/kotlin/load/java/components/FilesByFacadeFqNameIndexer$Companion
instanceKlass org/jetbrains/kotlin/com/intellij/util/SmartFMap
instanceKlass org/jetbrains/kotlin/resolve/ObservableBindingTrace
instanceKlass org/jetbrains/kotlin/resolve/ShadowedExtensionChecker
instanceKlass org/jetbrains/kotlin/descriptors/EffectiveVisibility
instanceKlass org/jetbrains/kotlin/resolve/ExposedVisibilityChecker
instanceKlass org/jetbrains/kotlin/resolve/DeclarationsChecker$Companion
instanceKlass org/jetbrains/kotlin/resolve/VarianceCheckerCore$Companion
instanceKlass org/jetbrains/kotlin/resolve/VarianceCheckerCore
instanceKlass org/jetbrains/kotlin/idea/MainFunctionDetector$Companion
instanceKlass org/jetbrains/kotlin/resolve/OverrideResolver$Companion
instanceKlass org/jetbrains/kotlin/load/java/AbstractAnnotationTypeQualifierResolver$Companion
instanceKlass org/jetbrains/kotlin/resolve/lazy/FileScopeFactory$DefaultImportImpl
instanceKlass org/jetbrains/kotlin/util/collectionUtils/ScopeUtilsKt
instanceKlass org/jetbrains/kotlin/builtins/jvm/CloneableClassScope$Companion
instanceKlass org/jetbrains/kotlin/descriptors/TypeParameterUtilsKt
instanceKlass org/jetbrains/kotlin/incremental/UtilsKt
instanceKlass org/jetbrains/kotlin/serialization/deserialization/descriptors/DeserializedClassDescriptor$EnumEntryClassDescriptors
instanceKlass org/jetbrains/kotlin/builtins/functions/FunctionTypeKindExtractor$Companion
instanceKlass org/jetbrains/kotlin/builtins/functions/FunctionTypeKindExtractor
instanceKlass org/jetbrains/kotlin/serialization/deserialization/descriptors/DeserializedAnnotations
instanceKlass org/jetbrains/kotlin/descriptors/impl/AbstractTypeParameterDescriptor$2
instanceKlass org/jetbrains/kotlin/descriptors/impl/AbstractTypeParameterDescriptor$1
instanceKlass org/jetbrains/kotlin/descriptors/SupertypeLoopChecker$EMPTY
instanceKlass org/jetbrains/kotlin/descriptors/ScopesHolderForClass$Companion
instanceKlass org/jetbrains/kotlin/descriptors/ScopesHolderForClass
instanceKlass org/jetbrains/kotlin/serialization/deserialization/ProtoEnumFlagsUtilsKt$WhenMappings
instanceKlass org/jetbrains/kotlin/serialization/deserialization/ProtoEnumFlagsUtilsKt
instanceKlass org/jetbrains/kotlin/serialization/deserialization/ProtoEnumFlags$WhenMappings
instanceKlass org/jetbrains/kotlin/metadata/ProtoBuf$MemberKind$1
instanceKlass org/jetbrains/kotlin/metadata/ProtoBuf$Class$Kind$1
instanceKlass org/jetbrains/kotlin/metadata/ProtoBuf$Modality$1
instanceKlass org/jetbrains/kotlin/metadata/ProtoBuf$Visibility$1
instanceKlass org/jetbrains/kotlin/metadata/deserialization/Flags$FlagField
instanceKlass org/jetbrains/kotlin/metadata/deserialization/Flags
instanceKlass org/jetbrains/kotlin/serialization/deserialization/ProtoEnumFlags
instanceKlass org/jetbrains/kotlin/descriptors/DeserializedDescriptor
instanceKlass org/jetbrains/kotlin/serialization/deserialization/ClassDeserializer$ClassKey
instanceKlass org/jetbrains/kotlin/resolve/scopes/ChainedMemberScope$Companion
instanceKlass org/jetbrains/kotlin/resolve/scopes/ChainedMemberScope
instanceKlass org/jetbrains/kotlin/descriptors/PackageFragmentProviderKt
instanceKlass org/jetbrains/kotlin/descriptors/impl/CompositePackageFragmentProvider
instanceKlass org/jetbrains/kotlin/resolve/scopes/MemberScope$Companion
instanceKlass org/jetbrains/kotlin/resolve/scopes/DescriptorKindFilter$Companion$MaskToName
instanceKlass org/jetbrains/kotlin/resolve/scopes/DescriptorKindFilter$Companion
instanceKlass org/jetbrains/kotlin/resolve/scopes/DescriptorKindFilter
instanceKlass org/jetbrains/kotlin/resolve/scopes/AbstractScopeAdapter
instanceKlass org/jetbrains/kotlin/resolve/PlatformDependentAnalyzerServices$DefaultImportsKey
instanceKlass org/jetbrains/kotlin/resolve/VariableTypeAndInitializerResolver$Companion
instanceKlass org/jetbrains/kotlin/resolve/checkers/ResolutionWithStubTypesChecker
instanceKlass org/jetbrains/kotlin/types/checker/SimpleClassicTypeSystemContext
instanceKlass org/jetbrains/kotlin/resolve/checkers/PassingProgressionAsCollectionCallChecker
instanceKlass org/jetbrains/kotlin/resolve/calls/checkers/CallCheckerWithAdditionalResolve
instanceKlass org/jetbrains/kotlin/resolve/calls/components/NewOverloadingConflictResolver$Companion
instanceKlass org/jetbrains/kotlin/resolve/calls/inference/components/KotlinConstraintSystemCompleter$Companion
instanceKlass org/jetbrains/kotlin/resolve/calls/inference/components/PostponedArgumentInputTypesResolver$Companion
instanceKlass org/jetbrains/kotlin/resolve/calls/tower/KotlinToResolvedCallTransformer$Companion
instanceKlass org/jetbrains/kotlin/resolve/calls/results/OverloadingConflictResolver$SpecificityComparisonWithNumerics$1
instanceKlass org/jetbrains/kotlin/resolve/calls/results/SpecificityComparisonCallbacks
instanceKlass org/jetbrains/kotlin/resolve/calls/results/OverloadingConflictResolver$resolvedCallHashingStrategy$1
instanceKlass org/jetbrains/kotlin/resolve/calls/components/CallableReferenceOverloadConflictResolver$Companion
instanceKlass org/jetbrains/kotlin/resolve/calls/inference/components/TrivialConstraintTypeInferenceOracle$Companion
instanceKlass org/jetbrains/kotlin/types/AbstractTypeApproximator$Companion
instanceKlass org/jetbrains/kotlin/types/expressions/DoubleColonExpressionResolver$Companion
instanceKlass org/jetbrains/kotlin/resolve/calls/smartcasts/SmartCastManager$Companion
instanceKlass org/jetbrains/kotlin/resolve/StatementFilter$Companion
instanceKlass org/jetbrains/kotlin/resolve/AnnotationChecker$Companion
instanceKlass org/jetbrains/kotlin/resolve/TypeResolver$Companion
instanceKlass org/jetbrains/kotlin/resolve/QualifiedExpressionResolver$Companion
instanceKlass org/jetbrains/kotlin/resolve/constants/evaluate/ConstantExpressionEvaluator$Companion$ExperimentalityDiagnostic1
instanceKlass org/jetbrains/kotlin/resolve/constants/evaluate/ConstantExpressionEvaluator$Companion
instanceKlass org/jetbrains/kotlin/util/CounterWithExclude$Companion
instanceKlass org/jetbrains/kotlin/util/ReenterableCounter$Companion
instanceKlass org/jetbrains/kotlin/container/MethodBinding
instanceKlass org/jetbrains/kotlin/resolve/extensions/SyntheticResolveExtension$Companion$getInstance$1
instanceKlass org/jetbrains/kotlin/resolve/lazy/descriptors/LazyAnnotations
instanceKlass org/jetbrains/kotlin/resolve/lazy/ResolveSession$1
instanceKlass org/jetbrains/kotlin/storage/LockBasedLazyResolveStorageManager$LockProtectedContext
instanceKlass org/jetbrains/kotlin/storage/LockBasedLazyResolveStorageManager$LockProtectedTrace
instanceKlass org/jetbrains/kotlin/storage/LockBasedLazyResolveStorageManager
instanceKlass org/jetbrains/kotlin/resolve/checkers/OptInNames
instanceKlass org/jetbrains/kotlin/resolve/checkers/OptInUsageChecker$OptInFactoryBasedReporter
instanceKlass org/jetbrains/kotlin/resolve/checkers/OptInUsageChecker$OptInDiagnosticReporter
instanceKlass org/jetbrains/kotlin/resolve/checkers/OptInUsageChecker$Companion
instanceKlass org/jetbrains/kotlin/resolve/checkers/ExpectedActualDeclarationChecker$Companion
instanceKlass org/jetbrains/kotlin/resolve/jvm/checkers/InlinePlatformCompatibilityChecker$Companion
instanceKlass org/jetbrains/kotlin/resolve/LanguageVersionSettingsProvider$Companion
instanceKlass org/jetbrains/kotlin/resolve/LanguageVersionSettingsProvider
instanceKlass org/jetbrains/kotlin/synthetic/SyntheticScopeProviderExtension
instanceKlass org/jetbrains/kotlin/resolve/scopes/SyntheticScope$Default
instanceKlass org/jetbrains/kotlin/resolve/scopes/SyntheticScope
instanceKlass org/jetbrains/kotlin/resolve/deprecation/DeprecationResolver$Companion
instanceKlass org/jetbrains/kotlin/container/IterableDescriptor
instanceKlass org/jetbrains/kotlin/builtins/ReflectionTypes$ClassLookup
instanceKlass org/jetbrains/kotlin/builtins/ReflectionTypes$Companion
instanceKlass org/jetbrains/kotlin/resolve/jvm/checkers/JavaNullabilityChecker$Companion
instanceKlass org/jetbrains/kotlin/container/ConstructorBinding
instanceKlass org/jetbrains/kotlin/container/ResolveKt
instanceKlass org/jetbrains/kotlin/container/SingletonDescriptor$WhenMappings
instanceKlass org/jetbrains/kotlin/load/kotlin/MemberSignature
instanceKlass org/jetbrains/kotlin/serialization/deserialization/ProtoContainer
instanceKlass org/jetbrains/kotlin/load/kotlin/AbstractBinaryClassAnnotationLoader$AnnotationsContainer
instanceKlass org/jetbrains/kotlin/load/java/typeEnhancement/JavaTypeEnhancement
instanceKlass org/jetbrains/kotlin/load/java/JavaTypeQualifiersByElementType
instanceKlass org/jetbrains/kotlin/load/java/typeEnhancement/NullabilityQualifierWithMigrationStatus
instanceKlass org/jetbrains/kotlin/serialization/deserialization/ClassData
instanceKlass org/jetbrains/kotlin/load/kotlin/KotlinJvmBinaryClass
instanceKlass org/jetbrains/kotlin/load/java/typeEnhancement/SignatureEnhancement
instanceKlass org/jetbrains/kotlin/load/kotlin/DeserializedDescriptorResolver
instanceKlass org/jetbrains/kotlin/load/java/lazy/JavaResolverComponents
instanceKlass org/jetbrains/kotlin/resolve/inline/ReasonableInlineRule
instanceKlass org/jetbrains/kotlin/resolve/AnalyzerExtensions
instanceKlass org/jetbrains/kotlin/resolve/ControlFlowAnalyzer
instanceKlass org/jetbrains/kotlin/com/intellij/psi/PsiErrorElement
instanceKlass org/jetbrains/kotlin/com/intellij/psi/PsiPlainTextFile
instanceKlass org/jetbrains/kotlin/com/intellij/psi/templateLanguages/OuterLanguageElement
instanceKlass org/jetbrains/kotlin/resolve/calls/context/CallPosition
instanceKlass org/jetbrains/kotlin/builtins/PlatformSpecificCastChecker$Default
instanceKlass org/jetbrains/kotlin/types/expressions/FakeCallResolver$RealExpression
instanceKlass org/jetbrains/kotlin/resolve/DeclarationsChecker
instanceKlass org/jetbrains/kotlin/resolve/calls/context/TemporaryTraceAndCache
instanceKlass org/jetbrains/kotlin/types/expressions/ClassLiteralChecker
instanceKlass org/jetbrains/kotlin/resolve/calls/inference/components/TypeVariableDependencyInformationProvider
instanceKlass org/jetbrains/kotlin/resolve/calls/inference/components/VariableFixationFinder$VariableForFixation
instanceKlass org/jetbrains/kotlin/resolve/calls/inference/model/VariableWithConstraints
instanceKlass org/jetbrains/kotlin/resolve/calls/inference/components/ConstraintSystemCompletionContext
instanceKlass org/jetbrains/kotlin/resolve/calls/inference/components/VariableFixationFinder$Context
instanceKlass org/jetbrains/kotlin/resolve/calls/inference/components/ResultTypeResolver$Context
instanceKlass org/jetbrains/kotlin/resolve/calls/inference/components/PostponedArgumentInputTypesResolver
instanceKlass org/jetbrains/kotlin/resolve/calls/inference/components/VariableFixationFinder
instanceKlass org/jetbrains/kotlin/resolve/calls/components/PostponedArgumentsAnalyzer$SubstitutorAndStubsForLambdaAnalysis
instanceKlass org/jetbrains/kotlin/resolve/calls/components/ReturnArgumentsAnalysisResult
instanceKlass org/jetbrains/kotlin/resolve/calls/components/PostponedArgumentsAnalyzerContext
instanceKlass org/jetbrains/kotlin/resolve/calls/tower/CandidateFactory
instanceKlass org/jetbrains/kotlin/resolve/calls/model/KotlinDiagnosticsHolder$SimpleHolder
instanceKlass org/jetbrains/kotlin/resolve/calls/inference/model/ConstraintStorage
instanceKlass org/jetbrains/kotlin/resolve/calls/components/KotlinCallCompleter
instanceKlass org/jetbrains/kotlin/resolve/calls/tower/NewAbstractResolvedCall
instanceKlass org/jetbrains/kotlin/resolve/calls/components/AdditionalDiagnosticReporter
instanceKlass org/jetbrains/kotlin/resolve/calls/tower/PSIKotlinCallArgument
instanceKlass org/jetbrains/kotlin/resolve/calls/tower/KotlinResolutionCallbacksImpl
instanceKlass org/jetbrains/kotlin/resolve/calls/inference/components/ResultTypeResolver
instanceKlass org/jetbrains/kotlin/resolve/calls/inference/components/KotlinConstraintSystemCompleter
instanceKlass org/jetbrains/kotlin/resolve/calls/components/PostponedArgumentsAnalyzer
instanceKlass org/jetbrains/kotlin/resolve/calls/KotlinCallResolver
instanceKlass org/jetbrains/kotlin/resolve/calls/tower/KotlinToResolvedCallTransformer
instanceKlass org/jetbrains/kotlin/resolve/scopes/receivers/ReceiverValueWithSmartCastInfo
instanceKlass org/jetbrains/kotlin/resolve/calls/inference/components/NewTypeSubstitutor
instanceKlass org/jetbrains/kotlin/resolve/calls/tower/ImplicitsExtensionsResolutionFilter$Default
instanceKlass org/jetbrains/kotlin/resolve/calls/tower/TowerData
instanceKlass org/jetbrains/kotlin/resolve/calls/tower/TowerResolver$ResultCollector
instanceKlass org/jetbrains/kotlin/resolve/calls/tower/ScopeTowerProcessor
instanceKlass org/jetbrains/kotlin/resolve/calls/tower/ImplicitsExtensionsResolutionFilter
instanceKlass org/jetbrains/kotlin/resolve/calls/results/ResolutionResultsHandler
instanceKlass org/jetbrains/kotlin/resolve/calls/tower/TowerResolver
instanceKlass org/jetbrains/kotlin/resolve/calls/model/ResolvedAtom
instanceKlass org/jetbrains/kotlin/resolve/calls/model/ResolvedCallableReferenceAtom
instanceKlass org/jetbrains/kotlin/resolve/calls/inference/ConstraintSystemBuilder
instanceKlass org/jetbrains/kotlin/resolve/calls/inference/ConstraintSystemOperation
instanceKlass org/jetbrains/kotlin/resolve/calls/results/OverloadingConflictResolver
instanceKlass org/jetbrains/kotlin/types/TypeApproximatorConfiguration
instanceKlass org/jetbrains/kotlin/resolve/calls/inference/model/Constraint
instanceKlass org/jetbrains/kotlin/resolve/calls/inference/components/ConstraintIncorporator$Context
instanceKlass org/jetbrains/kotlin/resolve/calls/inference/components/TrivialConstraintTypeInferenceOracle
instanceKlass org/jetbrains/kotlin/resolve/calls/inference/components/ConstraintInjector$Context
instanceKlass org/jetbrains/kotlin/resolve/calls/inference/components/ConstraintIncorporator
instanceKlass org/jetbrains/kotlin/resolve/calls/components/TypeArgumentsToParametersMapper$TypeArgumentsMapping
instanceKlass org/jetbrains/kotlin/resolve/calls/components/ArgumentsToParametersMapper$ArgumentMapping
instanceKlass org/jetbrains/kotlin/resolve/calls/components/CallableReferenceArgumentResolver
instanceKlass org/jetbrains/kotlin/resolve/calls/components/TypeArgumentsToParametersMapper
instanceKlass org/jetbrains/kotlin/resolve/calls/components/ArgumentsToParametersMapper
instanceKlass org/jetbrains/kotlin/resolve/calls/CandidateResolver$ValueArgumentsCheckingResult
instanceKlass org/jetbrains/kotlin/resolve/calls/model/MutableResolvedCall
instanceKlass org/jetbrains/kotlin/resolve/calls/CandidateResolver
instanceKlass org/jetbrains/kotlin/resolve/calls/inference/ConstraintSystem$Builder
instanceKlass org/jetbrains/kotlin/resolve/calls/results/OverloadResolutionResultsImpl
instanceKlass org/jetbrains/kotlin/resolve/calls/inference/BuilderInferenceSupport
instanceKlass org/jetbrains/kotlin/resolve/calls/CallCompleter
instanceKlass org/jetbrains/kotlin/resolve/calls/tower/PSICallResolver
instanceKlass org/jetbrains/kotlin/resolve/calls/model/MutableDataFlowInfoForArguments
instanceKlass org/jetbrains/kotlin/resolve/calls/model/DataFlowInfoForArguments
instanceKlass org/jetbrains/kotlin/resolve/calls/tasks/OldResolutionCandidate
instanceKlass org/jetbrains/kotlin/resolve/calls/tower/NewResolutionOldInference
instanceKlass org/jetbrains/kotlin/resolve/calls/GenericCandidateResolver
instanceKlass org/jetbrains/kotlin/resolve/scopes/receivers/ExpressionReceiver
instanceKlass org/jetbrains/kotlin/resolve/DelegatingBindingTrace
instanceKlass org/jetbrains/kotlin/resolve/calls/tasks/TracingStrategy
instanceKlass org/jetbrains/kotlin/resolve/calls/tower/NewResolutionOldInference$ResolutionKind
instanceKlass org/jetbrains/kotlin/types/expressions/DoubleColonExpressionResolver$ResolutionResultsAndTraceCommitCallback
instanceKlass org/jetbrains/kotlin/types/expressions/DoubleColonLHS
instanceKlass org/jetbrains/kotlin/types/FunctionPlaceholders
instanceKlass org/jetbrains/kotlin/resolve/calls/ArgumentTypeResolver
instanceKlass org/jetbrains/kotlin/com/intellij/openapi/util/Ref
instanceKlass org/jetbrains/kotlin/resolve/calls/smartcasts/SmartCastResult
instanceKlass org/jetbrains/kotlin/resolve/calls/smartcasts/SmartCastManager
instanceKlass org/jetbrains/kotlin/resolve/ModifiersChecker$ModifiersCheckingProcedure
instanceKlass org/jetbrains/kotlin/resolve/constants/CompileTimeConstant
instanceKlass org/jetbrains/kotlin/resolve/calls/smartcasts/ConditionalDataFlowInfo
instanceKlass org/jetbrains/kotlin/resolve/calls/checkers/RttiExpressionChecker
instanceKlass org/jetbrains/kotlin/resolve/calls/model/KotlinCallComponents
instanceKlass org/jetbrains/kotlin/builtins/PlatformSpecificCastChecker
instanceKlass org/jetbrains/kotlin/resolve/CollectionLiteralResolver
instanceKlass org/jetbrains/kotlin/types/expressions/ControlStructureTypingUtils
instanceKlass org/jetbrains/kotlin/types/expressions/FakeCallResolver
instanceKlass org/jetbrains/kotlin/resolve/LocalVariableResolver
instanceKlass org/jetbrains/kotlin/types/expressions/ForLoopConventionsChecker
instanceKlass org/jetbrains/kotlin/types/expressions/LocalClassifierAnalyzer
instanceKlass org/jetbrains/kotlin/types/expressions/DoubleColonExpressionResolver
instanceKlass org/jetbrains/kotlin/resolve/DeclarationsCheckerBuilder
instanceKlass org/jetbrains/kotlin/resolve/MissingSupertypesResolver
instanceKlass org/jetbrains/kotlin/resolve/calls/CallExpressionResolver
instanceKlass org/jetbrains/kotlin/contracts/parsing/ContractParsingServices
instanceKlass org/jetbrains/kotlin/types/expressions/DataFlowAnalyzer
instanceKlass org/jetbrains/kotlin/types/expressions/ValueParameterResolver
instanceKlass org/jetbrains/kotlin/contracts/EffectSystem
instanceKlass org/jetbrains/kotlin/resolve/calls/tower/KotlinResolutionCallbacksImpl$LambdaInfo
instanceKlass org/jetbrains/kotlin/types/expressions/KotlinTypeInfo
instanceKlass org/jetbrains/kotlin/resolve/StatementFilter
instanceKlass org/jetbrains/kotlin/resolve/AnnotationChecker
instanceKlass org/jetbrains/kotlin/types/expressions/ExpressionTypingComponents
instanceKlass org/jetbrains/kotlin/types/expressions/ExpressionTypingInternals
instanceKlass org/jetbrains/kotlin/types/expressions/ExpressionTypingFacade
instanceKlass org/jetbrains/kotlin/resolve/DelegatedPropertyResolver
instanceKlass org/jetbrains/kotlin/types/SubtypingRepresentatives
instanceKlass org/jetbrains/kotlin/resolve/PossiblyBareType
instanceKlass org/jetbrains/kotlin/resolve/TypeResolutionContext
instanceKlass org/jetbrains/kotlin/resolve/calls/tasks/DynamicCallableDescriptors
instanceKlass org/jetbrains/kotlin/resolve/scopes/LexicalScopeStorage
instanceKlass org/jetbrains/kotlin/resolve/DeclarationSignatureAnonymousTypeTransformer
instanceKlass org/jetbrains/kotlin/types/AbstractTypeApproximator
instanceKlass org/jetbrains/kotlin/resolve/ModifiersChecker
instanceKlass org/jetbrains/kotlin/types/expressions/DestructuringDeclarationResolver
instanceKlass org/jetbrains/kotlin/resolve/OverloadChecker
instanceKlass org/jetbrains/kotlin/types/expressions/ExpressionTypingServices
instanceKlass org/jetbrains/kotlin/resolve/VariableTypeAndInitializerResolver
instanceKlass org/jetbrains/kotlin/resolve/scopes/LocalRedeclarationChecker
instanceKlass org/jetbrains/kotlin/descriptors/TypeAliasDescriptor
instanceKlass org/jetbrains/kotlin/mpp/TypeAliasSymbolMarker
instanceKlass org/jetbrains/kotlin/resolve/checkers/PlatformDiagnosticSuppressor$Default
instanceKlass org/jetbrains/kotlin/resolve/scopes/optimization/OptimizingOptions$Default
instanceKlass org/jetbrains/kotlin/resolve/QualifiedExpressionResolver$TypeQualifierResolutionResult
instanceKlass org/jetbrains/kotlin/incremental/KotlinLookupLocation
instanceKlass org/jetbrains/kotlin/resolve/scopes/receivers/Qualifier
instanceKlass org/jetbrains/kotlin/resolve/scopes/receivers/QualifierReceiver
instanceKlass org/jetbrains/kotlin/resolve/scopes/receivers/DetailedReceiver
instanceKlass org/jetbrains/kotlin/resolve/QualifiedExpressionResolver$QualifierPart
instanceKlass org/jetbrains/kotlin/resolve/QualifiedExpressionResolver$QualifiedExpressionResolveResult
instanceKlass org/jetbrains/kotlin/resolve/scopes/optimization/OptimizingOptions
instanceKlass org/jetbrains/kotlin/resolve/lazy/FileScopeFactory$DummyContainerDescriptor
instanceKlass org/jetbrains/kotlin/resolve/scopes/ImportingScope
instanceKlass org/jetbrains/kotlin/resolve/lazy/FileScopeFactory$DefaultImportResolvers
instanceKlass org/jetbrains/kotlin/resolve/lazy/ImportResolutionComponents
instanceKlass org/jetbrains/kotlin/resolve/lazy/FileScopeFactory
instanceKlass org/jetbrains/kotlin/resolve/lazy/FileScopeProviderImpl
instanceKlass org/jetbrains/kotlin/resolve/lazy/ImportForceResolver
instanceKlass org/jetbrains/kotlin/resolve/lazy/FileScopes
instanceKlass org/jetbrains/kotlin/resolve/ModuleStructureOracle$SingleModule
instanceKlass org/jetbrains/kotlin/resolve/sam/SamWithReceiverResolver
instanceKlass org/jetbrains/kotlin/psi/Call
instanceKlass org/jetbrains/kotlin/resolve/deprecation/DeprecationResolver$DeprecationInfo
instanceKlass org/jetbrains/kotlin/cfg/ControlFlowInformationProvider
instanceKlass org/jetbrains/kotlin/idea/MainFunctionDetector
instanceKlass org/jetbrains/kotlin/load/java/AbstractAnnotationTypeQualifierResolver
instanceKlass org/jetbrains/kotlin/resolve/jvm/modules/JavaModuleResolver$AccessError
instanceKlass org/jetbrains/kotlin/resolve/jvm/modules/JavaModule$Explicit
instanceKlass org/jetbrains/kotlin/resolve/jvm/modules/JavaModule
instanceKlass org/jetbrains/kotlin/load/java/descriptors/JavaClassDescriptor
instanceKlass org/jetbrains/kotlin/mpp/MppJavaImplicitActualizatorMarker
instanceKlass org/jetbrains/kotlin/builtins/jvm/JvmBuiltIns$Settings
instanceKlass org/jetbrains/kotlin/load/java/sources/JavaSourceElement
instanceKlass org/jetbrains/kotlin/descriptors/SimpleFunctionDescriptor
instanceKlass org/jetbrains/kotlin/mpp/SimpleFunctionSymbolMarker
instanceKlass org/jetbrains/kotlin/load/java/structure/JavaPackage
instanceKlass org/jetbrains/kotlin/load/java/JavaClassFinder$Request
instanceKlass org/jetbrains/kotlin/load/java/lazy/LazyJavaResolverContext
instanceKlass org/jetbrains/kotlin/load/java/components/SignaturePropagator$PropagatedSignature
instanceKlass org/jetbrains/kotlin/load/java/structure/JavaMethod
instanceKlass org/jetbrains/kotlin/load/java/structure/JavaField
instanceKlass org/jetbrains/kotlin/load/java/structure/JavaMember
instanceKlass org/jetbrains/kotlin/load/kotlin/AbstractBinaryClassAnnotationLoader
instanceKlass org/jetbrains/kotlin/load/kotlin/JavaClassDataFinder
instanceKlass org/jetbrains/kotlin/load/java/lazy/LazyJavaPackageFragmentProvider
instanceKlass org/jetbrains/kotlin/load/kotlin/KotlinClassFinder$Result
instanceKlass org/jetbrains/kotlin/resolve/lazy/data/KtClassLikeInfo
instanceKlass org/jetbrains/kotlin/com/intellij/openapi/module/Module
instanceKlass org/jetbrains/kotlin/resolve/calls/model/ResolvedValueArgument
instanceKlass org/jetbrains/kotlin/resolve/calls/results/OverloadResolutionResults
instanceKlass org/jetbrains/kotlin/resolve/scopes/LexicalScope
instanceKlass org/jetbrains/kotlin/resolve/scopes/HierarchicalScope
instanceKlass org/jetbrains/kotlin/resolve/constants/evaluate/ConstantExpressionEvaluator
instanceKlass org/jetbrains/kotlin/resolve/calls/CallResolver
instanceKlass org/jetbrains/kotlin/resolve/TopDownAnalysisContext
instanceKlass org/jetbrains/kotlin/resolve/BodiesResolveContext
instanceKlass org/jetbrains/kotlin/resolve/calls/smartcasts/DataFlowInfo
instanceKlass org/jetbrains/kotlin/resolve/FilePreprocessor
instanceKlass org/jetbrains/kotlin/resolve/QualifiedExpressionResolver
instanceKlass org/jetbrains/kotlin/resolve/BodyResolver
instanceKlass org/jetbrains/kotlin/resolve/VarianceChecker
instanceKlass org/jetbrains/kotlin/resolve/OverloadResolver
instanceKlass org/jetbrains/kotlin/resolve/OverrideResolver
instanceKlass org/jetbrains/kotlin/resolve/DeclarationResolver
instanceKlass org/jetbrains/kotlin/container/SetterInfo
instanceKlass org/jetbrains/kotlin/javax/inject/Inject
instanceKlass org/jetbrains/kotlin/resolve/TypeResolver
instanceKlass org/jetbrains/kotlin/resolve/lazy/DeclarationScopeProviderImpl
instanceKlass org/jetbrains/kotlin/resolve/FunctionDescriptorResolver
instanceKlass org/jetbrains/kotlin/resolve/lazy/LazyDeclarationResolver
instanceKlass org/jetbrains/kotlin/resolve/DescriptorResolver
instanceKlass org/jetbrains/kotlin/descriptors/ClassDescriptorWithResolutionScopes
instanceKlass org/jetbrains/kotlin/resolve/calls/components/InferenceSession
instanceKlass org/jetbrains/kotlin/resolve/lazy/FileScopeProvider
instanceKlass org/jetbrains/kotlin/resolve/lazy/LazyEntity
instanceKlass org/jetbrains/kotlin/resolve/lazy/descriptors/LazyAnnotationsContext
instanceKlass org/jetbrains/kotlin/resolve/lazy/DeclarationScopeProvider
instanceKlass org/jetbrains/kotlin/storage/LazyResolveStorageManager
instanceKlass org/jetbrains/kotlin/incremental/components/Position
instanceKlass org/jetbrains/kotlin/resolve/calls/inference/model/ConstraintPosition
instanceKlass org/jetbrains/kotlin/resolve/calls/inference/model/OnlyInputTypeConstraintPosition
instanceKlass org/jetbrains/kotlin/resolve/calls/model/PostponedAtomWithRevisableExpectedType
instanceKlass org/jetbrains/kotlin/resolve/calls/model/PostponedResolvedAtomMarker
instanceKlass org/jetbrains/kotlin/types/model/ObsoleteTypeKind
instanceKlass org/jetbrains/kotlin/resolve/checkers/EmptyIntersectionTypeInfo
instanceKlass org/jetbrains/kotlin/types/model/DynamicTypeMarker
instanceKlass org/jetbrains/kotlin/builtins/functions/FunctionTypeKind
instanceKlass org/jetbrains/kotlin/types/TypeCheckerState$SupertypesPolicy
instanceKlass org/jetbrains/kotlin/types/model/TypeVariableMarker
instanceKlass org/jetbrains/kotlin/types/model/TypeVariableTypeConstructorMarker
instanceKlass org/jetbrains/kotlin/types/model/StubTypeMarker
instanceKlass org/jetbrains/kotlin/types/model/CapturedTypeConstructorMarker
instanceKlass org/jetbrains/kotlin/types/model/CapturedTypeMarker
instanceKlass org/jetbrains/kotlin/types/model/FlexibleTypeMarker
instanceKlass org/jetbrains/kotlin/types/model/DefinitelyNotNullTypeMarker
instanceKlass org/jetbrains/kotlin/resolve/checkers/OptInUsageChecker$OptInReporterMultiplexer
instanceKlass org/jetbrains/kotlin/resolve/calls/model/SimpleKotlinCallArgument
instanceKlass org/jetbrains/kotlin/resolve/calls/model/ReceiverKotlinCallArgument
instanceKlass org/jetbrains/kotlin/resolve/calls/tower/ImplicitScopeTower
instanceKlass org/jetbrains/kotlin/resolve/calls/model/CallableReferenceKotlinCallArgument
instanceKlass org/jetbrains/kotlin/resolve/calls/model/PostponableKotlinCallArgument
instanceKlass org/jetbrains/kotlin/resolve/calls/model/CallableReferenceResolutionAtom
instanceKlass org/jetbrains/kotlin/resolve/calls/results/SimpleConstraintSystem
instanceKlass org/jetbrains/kotlin/resolve/calls/inference/components/ConstraintInjector
instanceKlass org/jetbrains/kotlin/resolve/calls/components/KotlinResolutionCallbacks
instanceKlass org/jetbrains/kotlin/resolve/calls/model/KotlinCallArgument
instanceKlass org/jetbrains/kotlin/resolve/calls/components/candidate/ResolutionCandidate
instanceKlass org/jetbrains/kotlin/resolve/calls/tower/Candidate
instanceKlass org/jetbrains/kotlin/resolve/calls/model/KotlinDiagnosticsHolder
instanceKlass org/jetbrains/kotlin/resolve/calls/model/KotlinCall
instanceKlass org/jetbrains/kotlin/resolve/calls/model/ResolutionAtom
instanceKlass org/jetbrains/kotlin/types/TypeCheckerState
instanceKlass org/jetbrains/kotlin/resolve/ModuleStructureOracle
instanceKlass org/jetbrains/kotlin/descriptors/ValueParameterDescriptor
instanceKlass org/jetbrains/kotlin/mpp/ValueParameterSymbolMarker
instanceKlass org/jetbrains/kotlin/resolve/deprecation/DeprecationResolver
instanceKlass org/jetbrains/kotlin/builtins/ReflectionTypes
instanceKlass org/jetbrains/kotlin/resolve/calls/smartcasts/DataFlowValue
instanceKlass org/jetbrains/kotlin/resolve/UpperBoundViolatedReporter
instanceKlass org/jetbrains/kotlin/types/TypeSubstitutor
instanceKlass org/jetbrains/kotlin/types/model/TypeSubstitutorMarker
instanceKlass org/jetbrains/kotlin/descriptors/TypeParameterDescriptor
instanceKlass org/jetbrains/kotlin/types/model/TypeParameterMarker
instanceKlass org/jetbrains/kotlin/mpp/TypeParameterSymbolMarker
instanceKlass java/lang/reflect/WildcardType
instanceKlass sun/reflect/generics/tree/MethodTypeSignature
instanceKlass sun/reflect/generics/tree/VoidDescriptor
instanceKlass sun/reflect/generics/tree/Wildcard
instanceKlass sun/reflect/generics/tree/BottomSignature
instanceKlass org/jetbrains/kotlin/diagnostics/DiagnosticSink$DiagnosticsCallback
instanceKlass org/jetbrains/kotlin/com/intellij/util/xmlb/annotations/Transient
instanceKlass java/lang/Deprecated
instanceKlass org/jetbrains/kotlin/com/intellij/util/messages/ListenerDescriptor
instanceKlass kotlin/ReplaceWith
instanceKlass kotlin/Deprecated
instanceKlass org/jetbrains/kotlin/cfg/ControlFlowInformationProviderImpl$Factory
instanceKlass org/jetbrains/kotlin/cfg/ControlFlowInformationProvider$Factory
instanceKlass org/jetbrains/kotlin/idea/MainFunctionDetector$Factory$Ordinary
instanceKlass org/jetbrains/kotlin/idea/MainFunctionDetector$Factory
instanceKlass org/jetbrains/kotlin/resolve/lazy/BasicAbsentDescriptorHandler
instanceKlass org/jetbrains/kotlin/resolve/lazy/CompilerLocalDescriptorResolver
instanceKlass org/jetbrains/kotlin/resolve/lazy/LocalDescriptorResolver
instanceKlass org/jetbrains/kotlin/resolve/BodyResolveCache$ThrowException
instanceKlass org/jetbrains/kotlin/resolve/BodyResolveCache
instanceKlass org/jetbrains/kotlin/resolve/jvm/JvmDiagnosticComponents
instanceKlass org/jetbrains/kotlin/platform/PlatformSpecificDiagnosticComponents
instanceKlass org/jetbrains/kotlin/load/java/components/FilesByFacadeFqNameIndexer
instanceKlass org/jetbrains/kotlin/resolve/FilePreprocessorExtension
instanceKlass org/jetbrains/kotlin/resolve/jvm/modules/JavaModuleResolver$SERVICE
instanceKlass org/jetbrains/kotlin/load/java/lazy/JavaResolverSettings$Companion$create$1
instanceKlass org/jetbrains/kotlin/load/java/lazy/JavaResolverSettings$Companion
instanceKlass org/jetbrains/kotlin/load/java/lazy/JavaResolverSettings
instanceKlass org/jetbrains/kotlin/load/java/JavaClassesTracker$Default
instanceKlass org/jetbrains/kotlin/load/java/JavaClassesTracker
instanceKlass org/jetbrains/kotlin/resolve/jvm/multiplatform/OptionalAnnotationPackageFragmentProvider
instanceKlass org/jetbrains/kotlin/serialization/deserialization/AbstractDeserializedPackageFragmentProvider
instanceKlass org/jetbrains/kotlin/load/java/components/JavaSourceElementFactoryImpl
instanceKlass org/jetbrains/kotlin/load/java/sources/JavaSourceElementFactory
instanceKlass org/jetbrains/kotlin/load/java/components/AbstractJavaResolverCache
instanceKlass org/jetbrains/kotlin/load/java/components/JavaResolverCache
instanceKlass org/jetbrains/kotlin/load/java/AbstractJavaClassFinder
instanceKlass org/jetbrains/kotlin/load/java/JavaClassFinder
instanceKlass org/jetbrains/kotlin/resolve/jvm/CompositeSyntheticJavaPartsProvider
instanceKlass org/jetbrains/kotlin/resolve/jvm/SyntheticJavaPartsProvider$Companion
instanceKlass org/jetbrains/kotlin/resolve/jvm/SyntheticJavaPartsProvider
instanceKlass org/jetbrains/kotlin/load/java/components/JavaDeprecationSettings
instanceKlass org/jetbrains/kotlin/resolve/deprecation/DeprecationSettings
instanceKlass org/jetbrains/kotlin/resolve/TypeResolver$TypeTransformerForTests
instanceKlass org/jetbrains/kotlin/load/java/components/TraceBasedErrorReporter
instanceKlass org/jetbrains/kotlin/load/java/components/SignaturePropagatorImpl
instanceKlass org/jetbrains/kotlin/load/java/components/SignaturePropagator
instanceKlass org/jetbrains/kotlin/load/java/components/JavaPropertyInitializerEvaluatorImpl
instanceKlass org/jetbrains/kotlin/load/java/components/JavaPropertyInitializerEvaluator
instanceKlass org/jetbrains/kotlin/load/kotlin/DeserializationComponentsForJava
instanceKlass org/jetbrains/kotlin/resolve/jvm/JavaDescriptorResolver
instanceKlass org/jetbrains/kotlin/load/kotlin/VirtualFileFinder$SERVICE
instanceKlass org/jetbrains/kotlin/load/kotlin/VirtualFileFinder
instanceKlass org/jetbrains/kotlin/load/kotlin/KotlinClassFinder
instanceKlass org/jetbrains/kotlin/serialization/deserialization/KotlinMetadataFinder
instanceKlass org/jetbrains/kotlin/load/kotlin/VirtualFileFinderFactory$SERVICE
instanceKlass org/jetbrains/kotlin/resolve/AnnotationResolver
instanceKlass org/jetbrains/kotlin/resolve/LazyTopDownAnalyzer
instanceKlass org/jetbrains/kotlin/resolve/lazy/ResolveSession
instanceKlass org/jetbrains/kotlin/resolve/lazy/LazyClassContext
instanceKlass org/jetbrains/kotlin/resolve/lazy/KotlinCodeAnalyzer
instanceKlass org/jetbrains/kotlin/resolve/lazy/TopLevelDescriptorProvider
instanceKlass org/jetbrains/kotlin/util/ProgressManagerBasedCancellationChecker
instanceKlass org/jetbrains/kotlin/util/CancellationChecker
instanceKlass org/jetbrains/kotlin/resolve/calls/inference/components/ClassicConstraintSystemUtilContext
instanceKlass org/jetbrains/kotlin/resolve/calls/inference/components/ConstraintSystemUtilContext
instanceKlass org/jetbrains/kotlin/resolve/calls/components/ClassicTypeSystemContextForCS
instanceKlass org/jetbrains/kotlin/types/model/TypeSystemInferenceExtensionContextDelegate
instanceKlass org/jetbrains/kotlin/types/checker/ClassicTypeSystemContext
instanceKlass org/jetbrains/kotlin/types/model/TypeSystemInferenceExtensionContext
instanceKlass org/jetbrains/kotlin/types/model/TypeSystemCommonSuperTypesContext
instanceKlass org/jetbrains/kotlin/types/model/TypeSystemTypeFactoryContext
instanceKlass org/jetbrains/kotlin/types/model/TypeCheckerProviderContext
instanceKlass org/jetbrains/kotlin/types/model/TypeSystemBuiltInsContext
instanceKlass org/jetbrains/kotlin/types/TypeSystemCommonBackendContext
instanceKlass org/jetbrains/kotlin/types/model/TypeSystemContext
instanceKlass org/jetbrains/kotlin/types/model/TypeSystemOptimizationContext
instanceKlass org/jetbrains/kotlin/resolve/calls/components/BuiltInsProvider
instanceKlass org/jetbrains/kotlin/contracts/ContractDeserializerImpl
instanceKlass org/jetbrains/kotlin/resolve/checkers/OptInUsageChecker$ClassifierUsage
instanceKlass org/jetbrains/kotlin/resolve/checkers/OptInUsageChecker$Overrides
instanceKlass org/jetbrains/kotlin/resolve/checkers/OptInUsageChecker
instanceKlass org/jetbrains/kotlin/resolve/calls/smartcasts/DataFlowValueFactoryImpl
instanceKlass org/jetbrains/kotlin/resolve/calls/smartcasts/DataFlowValueFactory
instanceKlass org/jetbrains/kotlin/resolve/calls/tower/KotlinResolutionStatelessCallbacksImpl
instanceKlass org/jetbrains/kotlin/resolve/calls/components/KotlinResolutionStatelessCallbacks
instanceKlass org/jetbrains/kotlin/resolve/SupertypeLoopCheckerImpl
instanceKlass org/jetbrains/kotlin/resolve/jvm/checkers/RepeatableAnnotationChecker
instanceKlass org/jetbrains/kotlin/resolve/checkers/ExpectedActualDeclarationChecker
instanceKlass org/jetbrains/kotlin/resolve/checkers/OptInMarkerDeclarationAnnotationChecker
instanceKlass org/jetbrains/kotlin/resolve/jvm/checkers/JvmSerializableLambdaAnnotationChecker
instanceKlass org/jetbrains/kotlin/resolve/jvm/multiplatform/JavaActualAnnotationArgumentExtractor
instanceKlass org/jetbrains/kotlin/resolve/checkers/ExpectedActualDeclarationChecker$ActualAnnotationArgumentExtractor
instanceKlass org/jetbrains/kotlin/types/expressions/GenericArrayClassLiteralSupport$Enabled
instanceKlass org/jetbrains/kotlin/types/expressions/GenericArrayClassLiteralSupport
instanceKlass org/jetbrains/kotlin/types/expressions/FunctionWithBigAritySupport$LanguageVersionDependent
instanceKlass org/jetbrains/kotlin/types/expressions/FunctionWithBigAritySupport
instanceKlass org/jetbrains/kotlin/resolve/jvm/JvmPlatformAnnotationFeaturesSupport
instanceKlass org/jetbrains/kotlin/resolve/PlatformAnnotationFeaturesSupport
instanceKlass org/jetbrains/kotlin/resolve/jvm/checkers/JvmRecordApplicabilityChecker
instanceKlass org/jetbrains/kotlin/resolve/jvm/JvmAdditionalClassPartsProvider
instanceKlass org/jetbrains/kotlin/resolve/AdditionalClassPartsProvider
instanceKlass org/jetbrains/kotlin/load/java/sam/JvmSamConversionOracle
instanceKlass org/jetbrains/kotlin/resolve/sam/SamConversionOracle
instanceKlass org/jetbrains/kotlin/resolve/jvm/JvmPlatformOverloadsSpecificityComparator
instanceKlass org/jetbrains/kotlin/resolve/calls/results/PlatformOverloadsSpecificityComparator
instanceKlass org/jetbrains/kotlin/resolve/jvm/JvmTypeSpecificityComparator
instanceKlass org/jetbrains/kotlin/resolve/jvm/checkers/JvmModuleAccessibilityChecker$ClassifierUsage
instanceKlass org/jetbrains/kotlin/resolve/jvm/checkers/JvmModuleAccessibilityChecker
instanceKlass org/jetbrains/kotlin/resolve/jvm/checkers/InlinePlatformCompatibilityChecker
instanceKlass org/jetbrains/kotlin/resolve/jvm/checkers/JvmDefaultChecker
instanceKlass org/jetbrains/kotlin/resolve/jvm/checkers/InterfaceDefaultMethodCallChecker
instanceKlass org/jetbrains/kotlin/synthetic/JavaSyntheticScopes
instanceKlass org/jetbrains/kotlin/resolve/scopes/SyntheticScopes
instanceKlass org/jetbrains/kotlin/resolve/calls/checkers/AbstractReflectionApiCallChecker
instanceKlass org/jetbrains/kotlin/resolve/jvm/checkers/JvmStaticChecker
instanceKlass org/jetbrains/kotlin/resolve/jvm/checkers/JavaNullabilityChecker
instanceKlass org/jetbrains/kotlin/container/SingletonDescriptor
instanceKlass org/jetbrains/kotlin/resolve/UpperBoundChecker
instanceKlass org/jetbrains/kotlin/frontend/di/InjectionKt
instanceKlass org/jetbrains/kotlin/types/WrappedTypeFactory
instanceKlass sun/reflect/generics/reflectiveObjects/LazyReflectiveObjectGenerator
instanceKlass sun/reflect/generics/tree/TypeVariableSignature
instanceKlass sun/reflect/generics/reflectiveObjects/ParameterizedTypeImpl
instanceKlass java/lang/reflect/ParameterizedType
instanceKlass org/jetbrains/kotlin/resolve/checkers/ClassifierUsageCheckerContext
instanceKlass org/jetbrains/kotlin/resolve/calls/context/ResolutionContext
instanceKlass java/lang/annotation/Documented
instanceKlass kotlin/annotation/MustBeDocumented
instanceKlass kotlin/jvm/JvmStatic
instanceKlass org/jetbrains/kotlin/resolve/calls/checkers/CallCheckerContext
instanceKlass org/jetbrains/kotlin/resolve/calls/model/ResolvedCall
instanceKlass org/jetbrains/kotlin/descriptors/annotations/AnnotationDescriptor
instanceKlass org/jetbrains/kotlin/types/model/AnnotationMarker
instanceKlass org/jetbrains/kotlin/container/ConstructorInfo
instanceKlass kotlin/annotation/Retention
instanceKlass org/jetbrains/kotlin/container/DefaultImplementation
instanceKlass sun/reflect/generics/tree/ClassSignature
instanceKlass sun/reflect/generics/tree/Signature
instanceKlass sun/reflect/generics/tree/FormalTypeParameter
instanceKlass java/lang/reflect/TypeVariable
instanceKlass sun/reflect/generics/repository/AbstractRepository
instanceKlass jdk/internal/vm/annotation/IntrinsicCandidate
instanceKlass org/jetbrains/kotlin/resolve/checkers/DeclarationCheckerContext
instanceKlass org/jetbrains/kotlin/resolve/checkers/CheckerContext
instanceKlass org/jetbrains/kotlin/container/ClassInfo
instanceKlass org/jetbrains/kotlin/container/ClassTraversalCache
instanceKlass org/jetbrains/kotlin/container/CacheKt
instanceKlass org/jetbrains/kotlin/container/DynamicComponentDescriptor
instanceKlass org/jetbrains/kotlin/container/ComponentResolveContext
instanceKlass org/jetbrains/kotlin/container/ValueResolveContext
instanceKlass org/jetbrains/kotlin/container/InstanceComponentDescriptor
instanceKlass org/jetbrains/kotlin/container/ComponentDescriptor
instanceKlass org/jetbrains/kotlin/container/ValueDescriptor
instanceKlass org/jetbrains/kotlin/container/ContainerKt
instanceKlass org/jetbrains/kotlin/resolve/checkers/PlatformDiagnosticSuppressor
instanceKlass org/jetbrains/kotlin/resolve/lazy/AbsentDescriptorHandler
instanceKlass org/jetbrains/kotlin/types/DynamicTypesSettings
instanceKlass org/jetbrains/kotlin/resolve/calls/results/TypeSpecificityComparator$NONE
instanceKlass org/jetbrains/kotlin/resolve/calls/results/TypeSpecificityComparator
instanceKlass org/jetbrains/kotlin/resolve/checkers/OptionalExpectationUsageChecker
instanceKlass org/jetbrains/kotlin/resolve/checkers/MissingDependencyClassChecker$ClassifierUsage
instanceKlass org/jetbrains/kotlin/resolve/checkers/ApiVersionClassifierUsageChecker
instanceKlass org/jetbrains/kotlin/resolve/checkers/DeprecatedClassifierUsageChecker
instanceKlass org/jetbrains/kotlin/resolve/calls/checkers/EnumEntriesUnsupportedChecker
instanceKlass org/jetbrains/kotlin/resolve/calls/checkers/CustomEnumEntriesMigrationCallChecker
instanceKlass org/jetbrains/kotlin/resolve/calls/checkers/CompanionIncorrectlyUnboundedWhenUsedAsLHSCallChecker
instanceKlass org/jetbrains/kotlin/resolve/calls/checkers/IncorrectCapturedApproximationCallChecker
instanceKlass org/jetbrains/kotlin/resolve/calls/checkers/BuilderInferenceAssignmentChecker
instanceKlass org/jetbrains/kotlin/resolve/calls/checkers/UnsupportedUntilOperatorChecker
instanceKlass org/jetbrains/kotlin/resolve/calls/checkers/EqualityCallChecker
instanceKlass org/jetbrains/kotlin/resolve/calls/checkers/ResolutionToPrivateConstructorOfSealedClassChecker
instanceKlass org/jetbrains/kotlin/resolve/calls/checkers/CompanionInParenthesesLHSCallChecker
instanceKlass org/jetbrains/kotlin/resolve/calls/checkers/EnumEntryVsCompanionPriorityCallChecker
instanceKlass org/jetbrains/kotlin/utils/StringsKt
instanceKlass org/jetbrains/kotlin/resolve/calls/checkers/NewSchemeOfIntegerOperatorResolutionChecker
instanceKlass org/jetbrains/kotlin/resolve/calls/checkers/SelfCallInNestedObjectConstructorChecker
instanceKlass org/jetbrains/kotlin/resolve/calls/checkers/VarargWrongExecutionOrderChecker
instanceKlass org/jetbrains/kotlin/resolve/calls/checkers/ReferencingToUnderscoreNamedParameterOfCatchBlockChecker
instanceKlass org/jetbrains/kotlin/resolve/checkers/NullableExtensionOperatorWithSafeCallChecker
instanceKlass org/jetbrains/kotlin/resolve/calls/checkers/FunInterfaceConstructorReferenceChecker
instanceKlass org/jetbrains/kotlin/resolve/calls/checkers/UnitConversionCallChecker
instanceKlass org/jetbrains/kotlin/resolve/calls/checkers/SuspendConversionCallChecker
instanceKlass org/jetbrains/kotlin/resolve/calls/checkers/AbstractClassInstantiationChecker
instanceKlass org/jetbrains/kotlin/resolve/checkers/MissingDependencySupertypeChecker$ForCalls
instanceKlass org/jetbrains/kotlin/resolve/calls/checkers/ReifiedTypeParameterSubstitutionChecker
instanceKlass org/jetbrains/kotlin/resolve/calls/checkers/ContractNotAllowedCallChecker
instanceKlass org/jetbrains/kotlin/resolve/calls/checkers/NamedFunAsExpressionChecker
instanceKlass org/jetbrains/kotlin/resolve/calls/checkers/NullableVarargArgumentCallChecker
instanceKlass org/jetbrains/kotlin/resolve/calls/checkers/ResultTypeWithNullableOperatorsChecker
instanceKlass org/jetbrains/kotlin/resolve/calls/checkers/UselessElvisCallChecker
instanceKlass org/jetbrains/kotlin/resolve/calls/checkers/LambdaWithSuspendModifierCallChecker
instanceKlass org/jetbrains/kotlin/resolve/checkers/PrimitiveNumericComparisonCallChecker
instanceKlass org/jetbrains/kotlin/resolve/calls/checkers/ImplicitNothingAsTypeParameterCallChecker
instanceKlass org/jetbrains/kotlin/resolve/calls/checkers/AssigningNamedArgumentToVarargChecker
instanceKlass org/jetbrains/kotlin/resolve/calls/checkers/UnderscoreUsageChecker
instanceKlass org/jetbrains/kotlin/resolve/calls/checkers/CallableReferenceCompatibilityChecker
instanceKlass org/jetbrains/kotlin/resolve/checkers/MissingDependencyClassChecker
instanceKlass org/jetbrains/kotlin/resolve/calls/checkers/DslScopeViolationCallChecker
instanceKlass org/jetbrains/kotlin/resolve/calls/checkers/BuilderFunctionsCallChecker
instanceKlass org/jetbrains/kotlin/resolve/calls/checkers/CoroutineSuspendCallChecker
instanceKlass org/jetbrains/kotlin/resolve/calls/checkers/ApiVersionCallChecker
instanceKlass org/jetbrains/kotlin/resolve/calls/checkers/ProtectedConstructorCallChecker
instanceKlass org/jetbrains/kotlin/resolve/calls/checkers/ConstructorHeaderCallChecker
instanceKlass org/jetbrains/kotlin/resolve/calls/checkers/OperatorCallChecker$Companion
instanceKlass org/jetbrains/kotlin/resolve/calls/checkers/OperatorCallChecker
instanceKlass org/jetbrains/kotlin/resolve/calls/checkers/InfixCallChecker
instanceKlass org/jetbrains/kotlin/resolve/calls/checkers/CallReturnsArrayOfNothingChecker
instanceKlass kotlin/jvm/internal/SpreadBuilder
instanceKlass org/jetbrains/kotlin/resolve/calls/checkers/DeprecatedCallChecker
instanceKlass org/jetbrains/kotlin/resolve/checkers/TrailingCommaCallChecker
instanceKlass org/jetbrains/kotlin/resolve/calls/checkers/SafeCallChecker
instanceKlass org/jetbrains/kotlin/resolve/calls/checkers/SynchronizedByValueChecker
instanceKlass org/jetbrains/kotlin/resolve/calls/checkers/InlineCheckerWrapper
instanceKlass org/jetbrains/kotlin/resolve/calls/checkers/CapturingInClosureChecker
instanceKlass org/jetbrains/kotlin/resolve/checkers/StubForBuilderInferenceParameterTypeChecker
instanceKlass org/jetbrains/kotlin/resolve/checkers/ActualTypealiasToSpecialAnnotationChecker
instanceKlass org/jetbrains/kotlin/resolve/checkers/VolatileAnnotationChecker
instanceKlass org/jetbrains/kotlin/resolve/checkers/EnumEntriesRedeclarationChecker
instanceKlass org/jetbrains/kotlin/resolve/checkers/DataObjectContentChecker
instanceKlass org/jetbrains/kotlin/resolve/calls/checkers/UnsupportedUntilRangeDeclarationChecker
instanceKlass org/jetbrains/kotlin/resolve/checkers/CyclicAnnotationsChecker
instanceKlass org/jetbrains/kotlin/resolve/checkers/ValueParameterUsageInDefaultArgumentChecker
instanceKlass org/jetbrains/kotlin/resolve/checkers/SubtypingBetweenContextReceiversChecker
instanceKlass org/jetbrains/kotlin/resolve/checkers/ContextualDeclarationChecker
instanceKlass org/jetbrains/kotlin/resolve/checkers/EnumCompanionInEnumConstructorCallChecker
instanceKlass org/jetbrains/kotlin/resolve/checkers/SuspendFunctionAsSupertypeChecker
instanceKlass org/jetbrains/kotlin/resolve/checkers/SealedInterfaceAllowedChecker
instanceKlass org/jetbrains/kotlin/resolve/checkers/SealedInheritorInSameModuleChecker
instanceKlass org/jetbrains/kotlin/resolve/checkers/SealedInheritorInSamePackageChecker
instanceKlass org/jetbrains/kotlin/resolve/checkers/PrivateInlineFunctionsReturningAnonymousObjectsChecker
instanceKlass org/jetbrains/kotlin/resolve/checkers/ContractDescriptionBlockChecker
instanceKlass org/jetbrains/kotlin/resolve/checkers/DeprecatedSinceKotlinAnnotationChecker
instanceKlass org/jetbrains/kotlin/resolve/checkers/DeprecationInheritanceChecker
instanceKlass org/jetbrains/kotlin/resolve/checkers/FunInterfaceDeclarationChecker
instanceKlass org/jetbrains/kotlin/resolve/checkers/MissingDependencySupertypeChecker$ForDeclarations
instanceKlass org/jetbrains/kotlin/resolve/checkers/TrailingCommaDeclarationChecker
instanceKlass org/jetbrains/kotlin/resolve/checkers/TailrecFunctionChecker
instanceKlass org/jetbrains/kotlin/resolve/checkers/ExplicitApiDeclarationChecker$Companion
instanceKlass org/jetbrains/kotlin/resolve/checkers/ExplicitApiDeclarationChecker
instanceKlass org/jetbrains/kotlin/resolve/checkers/LocalVariableTypeParametersChecker
instanceKlass org/jetbrains/kotlin/resolve/checkers/ResultClassInReturnTypeChecker
instanceKlass org/jetbrains/kotlin/resolve/checkers/ReservedMembersAndConstructsForValueClass$Companion
instanceKlass org/jetbrains/kotlin/resolve/checkers/ReservedMembersAndConstructsForValueClass
instanceKlass org/jetbrains/kotlin/resolve/checkers/AnnotationClassTargetAndRetentionChecker
instanceKlass org/jetbrains/kotlin/resolve/checkers/InnerClassInsideValueClass
instanceKlass org/jetbrains/kotlin/resolve/checkers/PropertiesWithBackingFieldsInsideValueClass
instanceKlass org/jetbrains/kotlin/resolve/checkers/MultiFieldValueClassAnnotationsChecker
instanceKlass org/jetbrains/kotlin/resolve/checkers/ValueClassDeclarationChecker
instanceKlass org/jetbrains/kotlin/util/OperatorNameConventions
instanceKlass org/jetbrains/kotlin/resolve/checkers/SuspendLimitationsChecker
instanceKlass org/jetbrains/kotlin/resolve/checkers/KClassWithIncorrectTypeArgumentChecker
instanceKlass org/jetbrains/kotlin/resolve/checkers/DelegationChecker
instanceKlass org/jetbrains/kotlin/resolve/checkers/DynamicReceiverChecker
instanceKlass org/jetbrains/kotlin/resolve/checkers/ReifiedTypeParameterAnnotationChecker
instanceKlass org/jetbrains/kotlin/resolve/RequireKotlinConstants
instanceKlass org/jetbrains/kotlin/resolve/AnnotationsKt
instanceKlass org/jetbrains/kotlin/resolve/checkers/KotlinVersionStringAnnotationValueChecker
instanceKlass org/jetbrains/kotlin/resolve/checkers/InfixModifierChecker
instanceKlass org/jetbrains/kotlin/resolve/checkers/InlineParameterChecker
instanceKlass org/jetbrains/kotlin/resolve/checkers/UnderscoreChecker
instanceKlass org/jetbrains/kotlin/resolve/checkers/ConstModifierChecker
instanceKlass org/jetbrains/kotlin/resolve/checkers/DataClassDeclarationChecker
instanceKlass org/jetbrains/kotlin/resolve/checkers/ExpectActualClassifiersAreInBetaChecker
instanceKlass org/jetbrains/kotlin/resolve/checkers/ActualClassifierMustHasTheSameMembersAsNonFinalExpectClassifierChecker
instanceKlass org/jetbrains/kotlin/resolve/checkers/ExpectActualInTheSameModuleChecker
instanceKlass org/jetbrains/kotlin/resolve/PlatformConfiguratorBaseKt
instanceKlass org/jetbrains/kotlin/container/ComponentRegistry
instanceKlass org/jetbrains/kotlin/com/intellij/util/containers/MultiMap
instanceKlass org/jetbrains/kotlin/container/ComponentStorage
instanceKlass org/jetbrains/kotlin/container/ValueResolver
instanceKlass org/jetbrains/kotlin/container/StorageComponentContainer
instanceKlass org/jetbrains/kotlin/container/ComponentProvider
instanceKlass org/jetbrains/kotlin/container/ComponentContainer
instanceKlass org/jetbrains/kotlin/container/DslKt
instanceKlass org/jetbrains/kotlin/resolve/jvm/JvmDeclarationReturnTypeSanitizer
instanceKlass org/jetbrains/kotlin/resolve/DeclarationReturnTypeSanitizer
instanceKlass org/jetbrains/kotlin/resolve/jvm/JvmOverridesBackwardCompatibilityHelper
instanceKlass org/jetbrains/kotlin/resolve/OverridesBackwardCompatibilityHelper
instanceKlass org/jetbrains/kotlin/resolve/jvm/JvmDelegationFilter
instanceKlass org/jetbrains/kotlin/resolve/lazy/DelegationFilter
instanceKlass org/jetbrains/kotlin/resolve/jvm/JvmOverloadFilter
instanceKlass org/jetbrains/kotlin/resolve/OverloadFilter
instanceKlass org/jetbrains/kotlin/resolve/jvm/checkers/JvmSimpleNameBacktickChecker
instanceKlass org/jetbrains/kotlin/resolve/IdentifierChecker
instanceKlass org/jetbrains/kotlin/resolve/sam/SamConversionResolver$Empty
instanceKlass org/jetbrains/kotlin/container/PlatformExtensionsClashResolver
instanceKlass org/jetbrains/kotlin/resolve/jvm/checkers/SynchronizedAnnotationOnLambdaChecker
instanceKlass org/jetbrains/kotlin/resolve/jvm/checkers/ExplicitMetadataChecker
instanceKlass org/jetbrains/kotlin/name/JvmNames
instanceKlass org/jetbrains/kotlin/resolve/jvm/checkers/FileClassAnnotationsChecker
instanceKlass org/jetbrains/kotlin/resolve/AdditionalAnnotationChecker
instanceKlass org/jetbrains/kotlin/resolve/jvm/checkers/MissingBuiltInDeclarationChecker$ClassifierUsage
instanceKlass org/jetbrains/kotlin/resolve/checkers/BigFunctionTypeAvailabilityChecker
instanceKlass org/jetbrains/kotlin/resolve/checkers/ClassifierUsageChecker
instanceKlass org/jetbrains/kotlin/resolve/jvm/checkers/JvmArrayVariableInLoopAssignmentChecker
instanceKlass org/jetbrains/kotlin/resolve/jvm/checkers/JavaTypeAccessibilityChecker
instanceKlass org/jetbrains/kotlin/resolve/jvm/platform/JavaGenericVarianceViolationTypeChecker
instanceKlass org/jetbrains/kotlin/resolve/jvm/RuntimeAssertionsTypeChecker
instanceKlass org/jetbrains/kotlin/resolve/calls/checkers/AdditionalTypeChecker
instanceKlass org/jetbrains/kotlin/diagnostics/rendering/DiagnosticFactoryToRendererMap
instanceKlass org/jetbrains/kotlin/diagnostics/rendering/DefaultErrorMessages$Extension
instanceKlass org/jetbrains/kotlin/diagnostics/Errors$Initializer
instanceKlass org/jetbrains/kotlin/com/google/common/collect/Hashing
instanceKlass org/jetbrains/kotlin/com/google/common/math/IntMath$1
instanceKlass org/jetbrains/kotlin/com/google/common/math/MathPreconditions
instanceKlass org/jetbrains/kotlin/com/google/common/math/IntMath
instanceKlass org/jetbrains/kotlin/com/google/common/collect/ImmutableSet$SetBuilderImpl
instanceKlass org/jetbrains/kotlin/diagnostics/DiagnosticFactoryForDeprecation4$Companion
instanceKlass org/jetbrains/kotlin/diagnostics/ClassicPositioningStrategies
instanceKlass org/jetbrains/kotlin/diagnostics/DiagnosticFactoryForDeprecation2$Companion
instanceKlass org/jetbrains/kotlin/diagnostics/DiagnosticFactoryForDeprecation0$Companion
instanceKlass org/jetbrains/kotlin/diagnostics/DiagnosticFactoryForDeprecation1$Companion
instanceKlass org/jetbrains/kotlin/diagnostics/DiagnosticFactoryForDeprecation3$Companion
instanceKlass org/jetbrains/kotlin/diagnostics/DiagnosticFactoryForDeprecation
instanceKlass org/jetbrains/kotlin/diagnostics/ParametrizedDiagnostic
instanceKlass org/jetbrains/kotlin/diagnostics/Diagnostic
instanceKlass org/jetbrains/kotlin/diagnostics/Errors
instanceKlass org/jetbrains/kotlin/resolve/jvm/checkers/JvmSyntheticAssignmentChecker
instanceKlass org/jetbrains/kotlin/resolve/calls/checkers/AssignmentChecker
instanceKlass org/jetbrains/kotlin/resolve/jvm/checkers/JvmPropertyVsFieldAmbiguityCallChecker
instanceKlass org/jetbrains/kotlin/resolve/calls/checkers/LateinitIntrinsicApplicabilityChecker
instanceKlass org/jetbrains/kotlin/resolve/jvm/checkers/UpperBoundViolatedInTypealiasConstructorChecker
instanceKlass org/jetbrains/kotlin/resolve/jvm/checkers/EnumDeclaringClassDeprecationChecker
instanceKlass org/jetbrains/kotlin/resolve/jvm/checkers/SamInterfaceConstructorReferenceCallChecker
instanceKlass org/jetbrains/kotlin/resolve/jvm/checkers/PolymorphicSignatureCallChecker
instanceKlass org/jetbrains/kotlin/resolve/jvm/checkers/InconsistentOperatorFromJavaCallChecker
instanceKlass org/jetbrains/kotlin/resolve/jvm/checkers/ApiVersionIsAtLeastArgumentsChecker
instanceKlass org/jetbrains/kotlin/resolve/jvm/RuntimeAssertionsOnExtensionReceiverCallChecker
instanceKlass org/jetbrains/kotlin/resolve/jvm/checkers/ProtectedSyntheticExtensionCallChecker
instanceKlass org/jetbrains/kotlin/resolve/jvm/checkers/SuperCallWithDefaultArgumentsChecker
instanceKlass org/jetbrains/kotlin/resolve/jvm/checkers/UnsupportedSyntheticCallableReferenceChecker
instanceKlass org/jetbrains/kotlin/resolve/jvm/checkers/ProtectedInSuperClassCompanionCallChecker
instanceKlass org/jetbrains/kotlin/resolve/jvm/checkers/JavaClassOnCompanionChecker
instanceKlass org/jetbrains/kotlin/resolve/jvm/checkers/SuspensionPointInsideMutexLockChecker
instanceKlass org/jetbrains/kotlin/resolve/jvm/checkers/JavaAnnotationCallChecker$Companion
instanceKlass org/jetbrains/kotlin/resolve/jvm/checkers/JavaAnnotationCallChecker
instanceKlass org/jetbrains/kotlin/resolve/jvm/checkers/MissingBuiltInDeclarationChecker
instanceKlass org/jetbrains/kotlin/resolve/calls/checkers/CallChecker
instanceKlass org/jetbrains/kotlin/resolve/jvm/checkers/JavaOverrideWithWrongNullabilityOverrideChecker
instanceKlass org/jetbrains/kotlin/resolve/jvm/checkers/ClassInheritsJavaSealedClassChecker
instanceKlass org/jetbrains/kotlin/resolve/jvm/checkers/FunctionDelegateMemberNameClashChecker
instanceKlass org/jetbrains/kotlin/resolve/jvm/checkers/DefaultCheckerInTailrec
instanceKlass org/jetbrains/kotlin/resolve/jvm/checkers/JvmMultifileClassStateChecker
instanceKlass org/jetbrains/kotlin/resolve/jvm/checkers/BadInheritedJavaSignaturesChecker
instanceKlass org/jetbrains/kotlin/resolve/jvm/checkers/SuspendInFunInterfaceChecker
instanceKlass org/jetbrains/kotlin/resolve/jvm/checkers/JvmAnnotationsTargetNonExistentAccessorChecker$Companion
instanceKlass org/jetbrains/kotlin/resolve/jvm/checkers/JvmAnnotationsTargetNonExistentAccessorChecker
instanceKlass org/jetbrains/kotlin/resolve/jvm/checkers/StrictfpApplicabilityChecker
instanceKlass org/jetbrains/kotlin/resolve/jvm/checkers/JvmInlineApplicabilityChecker
instanceKlass org/jetbrains/kotlin/resolve/jvm/checkers/JvmSyntheticApplicabilityChecker
instanceKlass org/jetbrains/kotlin/resolve/jvm/checkers/TypeParameterBoundIsNotArrayChecker
instanceKlass org/jetbrains/kotlin/resolve/jvm/checkers/JvmFieldApplicabilityChecker
instanceKlass org/jetbrains/kotlin/resolve/jvm/checkers/OverloadsAnnotationChecker
instanceKlass org/jetbrains/kotlin/resolve/jvm/checkers/ExternalFunChecker
instanceKlass org/jetbrains/kotlin/resolve/jvm/checkers/LocalFunInlineChecker
instanceKlass org/jetbrains/kotlin/resolve/jvm/checkers/SynchronizedAnnotationChecker
instanceKlass org/jetbrains/kotlin/resolve/jvm/checkers/JvmNameAnnotationChecker
instanceKlass org/jetbrains/kotlin/resolve/checkers/DeclarationChecker
instanceKlass org/jetbrains/kotlin/resolve/PlatformConfiguratorBase
instanceKlass org/jetbrains/kotlin/resolve/PlatformConfigurator
instanceKlass org/jetbrains/kotlin/resolve/ImportPath$Companion
instanceKlass org/jetbrains/kotlin/resolve/ImportPath
instanceKlass org/jetbrains/kotlin/resolve/PlatformDependentAnalyzerServices
instanceKlass org/jetbrains/kotlin/resolve/SealedClassInheritorsProvider
instanceKlass org/jetbrains/kotlin/resolve/ModuleAnnotationsResolver$Companion
instanceKlass org/jetbrains/kotlin/load/kotlin/JvmPackagePartProviderBase$ModuleMappingInfo
instanceKlass org/jetbrains/kotlin/metadata/jvm/deserialization/ModuleMappingKt
instanceKlass org/jetbrains/kotlin/protobuf/UnmodifiableLazyStringList$2
instanceKlass org/jetbrains/kotlin/metadata/jvm/deserialization/PackageParts
instanceKlass org/jetbrains/kotlin/metadata/jvm/JvmModuleProtoBuf$PackagePartsOrBuilder
instanceKlass org/jetbrains/kotlin/metadata/jvm/JvmModuleProtoBuf$ModuleOrBuilder
instanceKlass org/jetbrains/kotlin/metadata/deserialization/VersionSpecificBehaviorKt
instanceKlass kotlin/collections/MapWithDefault
instanceKlass org/jetbrains/kotlin/utils/MetadataHelpersKt
instanceKlass org/jetbrains/kotlin/utils/DeserializationHelpersKt
instanceKlass org/jetbrains/kotlin/load/kotlin/ModuleMappingUtilKt
instanceKlass org/jetbrains/kotlin/metadata/jvm/deserialization/BinaryModuleData
instanceKlass org/jetbrains/kotlin/metadata/jvm/deserialization/JvmMetadataVersion$Companion
instanceKlass org/jetbrains/kotlin/metadata/jvm/deserialization/ModuleMapping$Companion
instanceKlass org/jetbrains/kotlin/metadata/jvm/deserialization/ModuleMapping
instanceKlass org/jetbrains/kotlin/cli/jvm/compiler/JvmPackagePartProviderKt
instanceKlass org/jetbrains/kotlin/resolve/CompilerDeserializationConfiguration
instanceKlass org/jetbrains/kotlin/load/kotlin/JvmPackagePartProviderBase$Companion
instanceKlass org/jetbrains/kotlin/load/kotlin/JvmPackagePartProviderBase
instanceKlass org/jetbrains/kotlin/load/kotlin/PackageAndMetadataPartProvider
instanceKlass org/jetbrains/kotlin/serialization/deserialization/MetadataPartProvider
instanceKlass org/jetbrains/kotlin/load/kotlin/PackagePartProvider
instanceKlass org/jetbrains/kotlin/resolve/lazy/declarations/FileBasedDeclarationProviderFactory$Index
instanceKlass org/jetbrains/kotlin/resolve/lazy/declarations/PackageMemberDeclarationProvider
instanceKlass org/jetbrains/kotlin/resolve/lazy/declarations/ClassMemberDeclarationProvider
instanceKlass org/jetbrains/kotlin/resolve/lazy/declarations/DeclarationProvider
instanceKlass org/jetbrains/kotlin/resolve/lazy/declarations/AbstractDeclarationProviderFactory
instanceKlass org/jetbrains/kotlin/resolve/lazy/declarations/DeclarationProviderFactory
instanceKlass org/jetbrains/kotlin/config/LanguageFeature$Companion
instanceKlass org/jetbrains/kotlin/frontend/java/di/InjectionKt
instanceKlass org/jetbrains/kotlin/descriptors/impl/ModuleDependenciesImpl
instanceKlass org/jetbrains/kotlin/descriptors/impl/ModuleDependencies
instanceKlass org/jetbrains/kotlin/protobuf/SmallSortedMap$EntryIterator
instanceKlass org/jetbrains/kotlin/protobuf/GeneratedMessageLite$ExtendableMessage$ExtensionWriter
instanceKlass org/jetbrains/kotlin/serialization/deserialization/descriptors/DeserializedMemberScope$OptimizedImplementation
instanceKlass org/jetbrains/kotlin/serialization/deserialization/descriptors/DeserializedMemberScope$Implementation
instanceKlass org/jetbrains/kotlin/serialization/deserialization/MemberDeserializer
instanceKlass org/jetbrains/kotlin/serialization/deserialization/TypeDeserializer
instanceKlass org/jetbrains/kotlin/serialization/deserialization/DeserializationContext
instanceKlass org/jetbrains/kotlin/metadata/deserialization/VersionRequirementTable$Companion
instanceKlass org/jetbrains/kotlin/metadata/deserialization/VersionRequirementTable
instanceKlass org/jetbrains/kotlin/metadata/deserialization/TypeTable
instanceKlass org/jetbrains/kotlin/serialization/deserialization/ClassDeserializer$Companion
instanceKlass org/jetbrains/kotlin/serialization/deserialization/ClassDeserializer
instanceKlass org/jetbrains/kotlin/serialization/deserialization/EnumEntriesDeserializationSupport$Default
instanceKlass org/jetbrains/kotlin/serialization/deserialization/EnumEntriesDeserializationSupport
instanceKlass org/jetbrains/kotlin/resolve/OverridingUtil$1
instanceKlass org/jetbrains/kotlin/load/java/JavaIncompatibilityRulesOverridabilityCondition$Companion
instanceKlass org/jetbrains/kotlin/load/java/JavaIncompatibilityRulesOverridabilityCondition
instanceKlass org/jetbrains/kotlin/load/java/ErasedOverridabilityCondition
instanceKlass org/jetbrains/kotlin/load/java/FieldOverridabilityCondition
instanceKlass org/jetbrains/kotlin/resolve/ExternalOverridabilityCondition
instanceKlass org/jetbrains/kotlin/types/checker/KotlinTypeChecker$TypeConstructorEquality
instanceKlass org/jetbrains/kotlin/resolve/OverridingUtil
instanceKlass org/jetbrains/kotlin/types/AbstractTypePreparator
instanceKlass org/jetbrains/kotlin/types/checker/NewKotlinTypeCheckerImpl
instanceKlass org/jetbrains/kotlin/types/checker/NewKotlinTypeChecker$Companion
instanceKlass org/jetbrains/kotlin/types/checker/NewKotlinTypeChecker
instanceKlass org/jetbrains/kotlin/types/checker/KotlinTypeChecker
instanceKlass org/jetbrains/kotlin/resolve/sam/SamConversionResolverImpl
instanceKlass org/jetbrains/kotlin/resolve/sam/SamConversionResolver
instanceKlass org/jetbrains/kotlin/container/PlatformSpecificExtension
instanceKlass org/jetbrains/kotlin/serialization/deserialization/ContractDeserializer$Companion$DEFAULT$1
instanceKlass org/jetbrains/kotlin/serialization/deserialization/ContractDeserializer$Companion
instanceKlass org/jetbrains/kotlin/serialization/deserialization/ContractDeserializer
instanceKlass org/jetbrains/kotlin/serialization/deserialization/FlexibleTypeDeserializer$ThrowException
instanceKlass org/jetbrains/kotlin/serialization/deserialization/FlexibleTypeDeserializer
instanceKlass org/jetbrains/kotlin/serialization/deserialization/ErrorReporter$1
instanceKlass org/jetbrains/kotlin/serialization/deserialization/ErrorReporter
instanceKlass org/jetbrains/kotlin/serialization/deserialization/LocalClassifierTypeSettings$Default
instanceKlass org/jetbrains/kotlin/serialization/deserialization/LocalClassifierTypeSettings
instanceKlass org/jetbrains/kotlin/resolve/constants/ConstantValue
instanceKlass org/jetbrains/kotlin/serialization/deserialization/AnnotationDeserializer
instanceKlass org/jetbrains/kotlin/serialization/deserialization/AnnotationAndConstantLoaderImpl
instanceKlass org/jetbrains/kotlin/serialization/deserialization/AnnotationAndConstantLoader
instanceKlass org/jetbrains/kotlin/serialization/deserialization/AnnotationLoader
instanceKlass org/jetbrains/kotlin/serialization/deserialization/DeserializedClassDataFinder
instanceKlass org/jetbrains/kotlin/serialization/deserialization/DeserializationConfiguration$Default
instanceKlass org/jetbrains/kotlin/serialization/deserialization/DeserializationConfiguration
instanceKlass org/jetbrains/kotlin/serialization/deserialization/DeserializationComponents
instanceKlass org/jetbrains/kotlin/descriptors/NotFoundClasses
instanceKlass org/jetbrains/kotlin/descriptors/PackageFragmentProviderImpl
instanceKlass org/jetbrains/kotlin/descriptors/PackageFragmentProviderOptimized
instanceKlass org/jetbrains/kotlin/descriptors/PackageFragmentProvider
instanceKlass jdk/internal/misc/ScopedMemoryAccess$Scope
instanceKlass java/util/LinkedList$ListItr
instanceKlass kotlin/Triple
instanceKlass java/util/LinkedList$Node
instanceKlass org/jetbrains/kotlin/metadata/deserialization/NameResolverImpl$WhenMappings
instanceKlass org/jetbrains/kotlin/protobuf/Utf8
instanceKlass org/jetbrains/kotlin/serialization/deserialization/NameResolverUtilKt
instanceKlass org/jetbrains/kotlin/serialization/deserialization/ProtoBasedClassDataFinder
instanceKlass org/jetbrains/kotlin/serialization/deserialization/ClassDataFinder
instanceKlass org/jetbrains/kotlin/metadata/deserialization/NameResolverImpl
instanceKlass org/jetbrains/kotlin/metadata/deserialization/NameResolver
instanceKlass org/jetbrains/kotlin/metadata/ProtoBuf$Type$Argument$Projection$1
instanceKlass org/jetbrains/kotlin/metadata/ProtoBuf$Type$ArgumentOrBuilder
instanceKlass org/jetbrains/kotlin/metadata/ProtoBuf$Annotation$ArgumentOrBuilder
instanceKlass org/jetbrains/kotlin/protobuf/SmallSortedMap$Entry
instanceKlass org/jetbrains/kotlin/protobuf/FieldSet$1
instanceKlass org/jetbrains/kotlin/protobuf/AbstractMessageLite$Builder
instanceKlass org/jetbrains/kotlin/protobuf/GeneratedMessageLite$1
instanceKlass org/jetbrains/kotlin/metadata/ProtoBuf$QualifiedNameTable$QualifiedName$Kind$1
instanceKlass org/jetbrains/kotlin/metadata/ProtoBuf$QualifiedNameTable$QualifiedNameOrBuilder
instanceKlass org/jetbrains/kotlin/protobuf/WireFormat
instanceKlass org/jetbrains/kotlin/protobuf/CodedOutputStream
instanceKlass org/jetbrains/kotlin/protobuf/CodedInputStream
instanceKlass org/jetbrains/kotlin/metadata/ProtoBuf$QualifiedNameTableOrBuilder
instanceKlass org/jetbrains/kotlin/protobuf/LazyStringList
instanceKlass org/jetbrains/kotlin/protobuf/ProtocolStringList
instanceKlass org/jetbrains/kotlin/metadata/ProtoBuf$StringTableOrBuilder
instanceKlass org/jetbrains/kotlin/metadata/ProtoBuf$PackageFragmentOrBuilder
instanceKlass kotlin/collections/IntIterator
instanceKlass org/jetbrains/kotlin/metadata/builtins/BuiltInsBinaryVersion$Companion
instanceKlass org/jetbrains/kotlin/metadata/deserialization/BinaryVersion$Companion
instanceKlass org/jetbrains/kotlin/metadata/deserialization/BinaryVersion
instanceKlass org/jetbrains/kotlin/metadata/builtins/ReadPackageFragmentKt
instanceKlass org/jetbrains/kotlin/serialization/deserialization/builtins/BuiltInsPackageFragmentImpl$Companion
instanceKlass org/jetbrains/kotlin/builtins/BuiltInsPackageFragment
instanceKlass org/jetbrains/kotlin/protobuf/ExtensionRegistryLite$ObjectIntPair
instanceKlass org/jetbrains/kotlin/metadata/ProtoBuf$TypeParameter$Variance$1
instanceKlass org/jetbrains/kotlin/metadata/ProtoBuf$TypeParameterOrBuilder
instanceKlass org/jetbrains/kotlin/metadata/ProtoBuf$EnumEntryOrBuilder
instanceKlass org/jetbrains/kotlin/metadata/ProtoBuf$Annotation$Argument$Value$Type$1
instanceKlass org/jetbrains/kotlin/protobuf/Internal$EnumLiteMap
instanceKlass org/jetbrains/kotlin/metadata/ProtoBuf$Annotation$Argument$ValueOrBuilder
instanceKlass org/jetbrains/kotlin/metadata/ProtoBuf$ValueParameterOrBuilder
instanceKlass org/jetbrains/kotlin/metadata/ProtoBuf$PropertyOrBuilder
instanceKlass org/jetbrains/kotlin/metadata/ProtoBuf$ContractOrBuilder
instanceKlass org/jetbrains/kotlin/metadata/ProtoBuf$FunctionOrBuilder
instanceKlass org/jetbrains/kotlin/metadata/ProtoBuf$ConstructorOrBuilder
instanceKlass org/jetbrains/kotlin/metadata/ProtoBuf$AnnotationOrBuilder
instanceKlass org/jetbrains/kotlin/metadata/ProtoBuf$TypeOrBuilder
instanceKlass org/jetbrains/kotlin/metadata/ProtoBuf$ClassOrBuilder
instanceKlass org/jetbrains/kotlin/protobuf/Internal$EnumLite
instanceKlass org/jetbrains/kotlin/protobuf/GeneratedMessageLite$ExtensionDescriptor
instanceKlass org/jetbrains/kotlin/protobuf/GeneratedMessageLite$GeneratedExtension
instanceKlass java/lang/Long$LongCache
instanceKlass org/jetbrains/kotlin/metadata/ProtoBuf$VersionRequirementTableOrBuilder
instanceKlass org/jetbrains/kotlin/metadata/ProtoBuf$TypeTableOrBuilder
instanceKlass org/jetbrains/kotlin/protobuf/ByteString$ByteIterator
instanceKlass org/jetbrains/kotlin/protobuf/ByteString
instanceKlass org/jetbrains/kotlin/protobuf/SmallSortedMap$EmptySet$2
instanceKlass org/jetbrains/kotlin/protobuf/SmallSortedMap$EmptySet$1
instanceKlass org/jetbrains/kotlin/protobuf/SmallSortedMap$EmptySet
instanceKlass org/jetbrains/kotlin/protobuf/LazyFieldLite
instanceKlass org/jetbrains/kotlin/protobuf/FieldSet
instanceKlass org/jetbrains/kotlin/protobuf/AbstractParser
instanceKlass org/jetbrains/kotlin/protobuf/MessageLite$Builder
instanceKlass org/jetbrains/kotlin/protobuf/Parser
instanceKlass org/jetbrains/kotlin/protobuf/FieldSet$FieldDescriptorLite
instanceKlass org/jetbrains/kotlin/protobuf/AbstractMessageLite
instanceKlass org/jetbrains/kotlin/metadata/ProtoBuf$PackageOrBuilder
instanceKlass org/jetbrains/kotlin/protobuf/GeneratedMessageLite$ExtendableMessageOrBuilder
instanceKlass org/jetbrains/kotlin/protobuf/MessageLite
instanceKlass org/jetbrains/kotlin/protobuf/MessageLiteOrBuilder
instanceKlass org/jetbrains/kotlin/metadata/builtins/BuiltInsProtoBuf
instanceKlass org/jetbrains/kotlin/protobuf/ExtensionRegistryLite
instanceKlass org/jetbrains/kotlin/serialization/SerializerExtensionProtocol
instanceKlass org/jetbrains/kotlin/storage/LockBasedStorageManager$CacheWithNullableValuesBasedOnMemoizedFunction$1
instanceKlass org/jetbrains/kotlin/types/KotlinTypeFactory
instanceKlass org/jetbrains/kotlin/util/ArrayMap
instanceKlass org/jetbrains/kotlin/util/TypeRegistry
instanceKlass org/jetbrains/kotlin/util/AbstractArrayMapOwner
instanceKlass org/jetbrains/kotlin/descriptors/FieldDescriptor
instanceKlass org/jetbrains/kotlin/descriptors/PropertySetterDescriptor
instanceKlass org/jetbrains/kotlin/descriptors/PropertyGetterDescriptor
instanceKlass org/jetbrains/kotlin/descriptors/PropertyAccessorDescriptor
instanceKlass org/jetbrains/kotlin/descriptors/VariableAccessorDescriptor
instanceKlass org/jetbrains/kotlin/types/error/ErrorPropertyDescriptor
instanceKlass org/jetbrains/kotlin/descriptors/PropertyDescriptor
instanceKlass org/jetbrains/kotlin/mpp/PropertySymbolMarker
instanceKlass org/jetbrains/kotlin/descriptors/VariableDescriptorWithAccessors
instanceKlass org/jetbrains/kotlin/descriptors/VariableDescriptor
instanceKlass kotlin/jvm/internal/StringCompanionObject
instanceKlass org/jetbrains/kotlin/types/error/ErrorTypeConstructor
instanceKlass org/jetbrains/kotlin/types/error/ErrorScope
instanceKlass org/jetbrains/kotlin/cli/common/ModuleVisibilityHelperImpl
instanceKlass org/jetbrains/kotlin/descriptors/DescriptorVisibilities$12
instanceKlass org/jetbrains/kotlin/descriptors/DescriptorVisibilities$11
instanceKlass org/jetbrains/kotlin/descriptors/DescriptorVisibilities$10
instanceKlass org/jetbrains/kotlin/util/ModuleVisibilityHelper
instanceKlass org/jetbrains/kotlin/descriptors/DescriptorVisibility
instanceKlass org/jetbrains/kotlin/descriptors/Visibility
instanceKlass org/jetbrains/kotlin/descriptors/DescriptorVisibilities
instanceKlass org/jetbrains/kotlin/name/SpecialNames
instanceKlass org/jetbrains/kotlin/resolve/scopes/receivers/ReceiverValue
instanceKlass org/jetbrains/kotlin/resolve/scopes/receivers/Receiver
instanceKlass org/jetbrains/kotlin/descriptors/FunctionDescriptor$CopyBuilder
instanceKlass org/jetbrains/kotlin/descriptors/CallableMemberDescriptor$CopyBuilder
instanceKlass org/jetbrains/kotlin/descriptors/ClassConstructorDescriptor
instanceKlass org/jetbrains/kotlin/mpp/ConstructorSymbolMarker
instanceKlass org/jetbrains/kotlin/descriptors/ConstructorDescriptor
instanceKlass java/util/Formattable
instanceKlass java/util/Formatter$Flags
instanceKlass java/util/Formatter$FormatSpecifier
instanceKlass java/util/Formatter$Conversion
instanceKlass java/util/Formatter$FixedString
instanceKlass java/util/Formatter$FormatString
instanceKlass java/util/Formatter
instanceKlass org/jetbrains/kotlin/types/error/ErrorModuleDescriptor
instanceKlass org/jetbrains/kotlin/types/error/ErrorUtils
instanceKlass org/jetbrains/kotlin/types/TypeProjection
instanceKlass org/jetbrains/kotlin/types/model/TypeArgumentMarker
instanceKlass org/jetbrains/kotlin/types/TypeUtils
instanceKlass org/jetbrains/kotlin/descriptors/impl/AbstractClassDescriptor$1$1
instanceKlass org/jetbrains/kotlin/types/AbstractTypeRefiner
instanceKlass org/jetbrains/kotlin/types/checker/KotlinTypeRefinerKt
instanceKlass org/jetbrains/kotlin/resolve/descriptorUtil/DescriptorUtilsKt
instanceKlass org/jetbrains/kotlin/descriptors/FunctionDescriptor
instanceKlass org/jetbrains/kotlin/mpp/FunctionSymbolMarker
instanceKlass org/jetbrains/kotlin/descriptors/CallableMemberDescriptor
instanceKlass org/jetbrains/kotlin/resolve/DescriptorUtils
instanceKlass org/jetbrains/kotlin/resolve/scopes/MemberScopeImpl
instanceKlass org/jetbrains/kotlin/descriptors/SupertypeLoopChecker
instanceKlass org/jetbrains/kotlin/types/ClassifierBasedTypeConstructor
instanceKlass org/jetbrains/kotlin/descriptors/ReceiverParameterDescriptor
instanceKlass org/jetbrains/kotlin/descriptors/ParameterDescriptor
instanceKlass org/jetbrains/kotlin/descriptors/ValueDescriptor
instanceKlass org/jetbrains/kotlin/descriptors/CallableDescriptor
instanceKlass org/jetbrains/kotlin/mpp/CallableSymbolMarker
instanceKlass org/jetbrains/kotlin/descriptors/impl/AbstractClassDescriptor$3
instanceKlass org/jetbrains/kotlin/descriptors/impl/AbstractClassDescriptor$2
instanceKlass org/jetbrains/kotlin/descriptors/impl/AbstractClassDescriptor$1
instanceKlass org/jetbrains/kotlin/descriptors/Modality$Companion
instanceKlass org/jetbrains/kotlin/descriptors/impl/ModuleAwareClassDescriptor$Companion
instanceKlass org/jetbrains/kotlin/types/TypeConstructor
instanceKlass org/jetbrains/kotlin/types/model/TypeConstructorMarker
instanceKlass org/jetbrains/kotlin/resolve/scopes/MemberScope
instanceKlass org/jetbrains/kotlin/resolve/scopes/ResolutionScope
instanceKlass org/jetbrains/kotlin/descriptors/impl/ModuleAwareClassDescriptor
instanceKlass org/jetbrains/kotlin/descriptors/ClassDescriptor
instanceKlass org/jetbrains/kotlin/mpp/RegularClassSymbolMarker
instanceKlass org/jetbrains/kotlin/descriptors/ClassifierDescriptorWithTypeParameters
instanceKlass org/jetbrains/kotlin/mpp/ClassLikeSymbolMarker
instanceKlass org/jetbrains/kotlin/descriptors/Substitutable
instanceKlass org/jetbrains/kotlin/descriptors/MemberDescriptor
instanceKlass org/jetbrains/kotlin/descriptors/DeclarationDescriptorWithVisibility
instanceKlass org/jetbrains/kotlin/descriptors/PackageViewDescriptor
instanceKlass org/jetbrains/kotlin/renderer/KeywordStringsGenerated
instanceKlass org/jetbrains/kotlin/renderer/RenderingUtilsKt
instanceKlass org/jetbrains/kotlin/descriptors/ModuleDescriptor$DefaultImpls
instanceKlass org/jetbrains/kotlin/renderer/DescriptorRendererImpl$RenderDeclarationDescriptorVisitor
instanceKlass org/jetbrains/kotlin/descriptors/DeclarationDescriptorVisitor
instanceKlass org/jetbrains/kotlin/renderer/ClassifierNamePolicy$FULLY_QUALIFIED
instanceKlass org/jetbrains/kotlin/renderer/ClassifierNamePolicy$SHORT
instanceKlass org/jetbrains/kotlin/renderer/ExcludedTypeAnnotations
instanceKlass org/jetbrains/kotlin/renderer/DescriptorRenderer$ValueParametersHandler$DEFAULT
instanceKlass org/jetbrains/kotlin/renderer/DescriptorRenderer$ValueParametersHandler
instanceKlass org/jetbrains/kotlin/renderer/DescriptorRendererModifier$Companion
instanceKlass kotlin/properties/ObservableProperty
instanceKlass kotlin/properties/ReadWriteProperty
instanceKlass kotlin/properties/Delegates
instanceKlass org/jetbrains/kotlin/renderer/ClassifierNamePolicy$SOURCE_CODE_QUALIFIED
instanceKlass org/jetbrains/kotlin/renderer/ClassifierNamePolicy
instanceKlass org/jetbrains/kotlin/renderer/DescriptorRendererOptionsImpl
instanceKlass org/jetbrains/kotlin/renderer/DescriptorRendererOptions
instanceKlass org/jetbrains/kotlin/renderer/DescriptorRenderer$Companion
instanceKlass org/jetbrains/kotlin/renderer/DescriptorRenderer
instanceKlass org/jetbrains/kotlin/descriptors/SourceElement$1
instanceKlass org/jetbrains/kotlin/descriptors/SourceElement
instanceKlass org/jetbrains/kotlin/descriptors/PackageFragmentDescriptor
instanceKlass org/jetbrains/kotlin/descriptors/ClassOrPackageFragmentDescriptor
instanceKlass org/jetbrains/kotlin/builtins/jvm/JavaToKotlinClassMapper
instanceKlass org/jetbrains/kotlin/builtins/PlatformToKotlinClassMapper
instanceKlass org/jetbrains/kotlin/builtins/jvm/JvmBuiltInsCustomizer
instanceKlass org/jetbrains/kotlin/storage/StorageKt
instanceKlass org/jetbrains/kotlin/utils/CollectionsKt
instanceKlass org/jetbrains/kotlin/builtins/StandardNames$FqNames
instanceKlass org/jetbrains/kotlin/builtins/StandardNames
instanceKlass org/jetbrains/kotlin/builtins/jvm/JvmBuiltInClassDescriptorFactory$Companion
instanceKlass org/jetbrains/kotlin/builtins/jvm/JvmBuiltInClassDescriptorFactory
instanceKlass org/jetbrains/kotlin/builtins/functions/BuiltInFictitiousFunctionClassFactory
instanceKlass org/jetbrains/kotlin/descriptors/deserialization/ClassDescriptorFactory
instanceKlass org/jetbrains/kotlin/serialization/deserialization/builtins/BuiltInsResourceLoader
instanceKlass org/jetbrains/kotlin/serialization/deserialization/builtins/BuiltInsLoaderImpl
instanceKlass sun/net/www/MessageHeader
instanceKlass sun/net/www/protocol/jar/JarFileFactory
instanceKlass sun/net/www/protocol/jar/URLJarFile$URLJarFileCloseController
instanceKlass org/jetbrains/kotlin/builtins/BuiltInsLoader$Companion
instanceKlass org/jetbrains/kotlin/builtins/BuiltInsLoader
instanceKlass org/jetbrains/kotlin/cli/jvm/compiler/TopDownAnalyzerFacadeForJVM$SourceOrBinaryModuleClassResolver
instanceKlass org/jetbrains/kotlin/load/java/lazy/ModuleClassResolver
instanceKlass org/jetbrains/kotlin/modules/TargetId
instanceKlass org/jetbrains/kotlin/modules/TargetIdKt
instanceKlass org/jetbrains/kotlin/incremental/components/EnumWhenTracker$DoNothing
instanceKlass org/jetbrains/kotlin/incremental/components/EnumWhenTracker
instanceKlass org/jetbrains/kotlin/incremental/components/InlineConstTracker$DoNothing
instanceKlass org/jetbrains/kotlin/incremental/components/InlineConstTracker
instanceKlass org/jetbrains/kotlin/incremental/components/ExpectActualTracker$DoNothing
instanceKlass org/jetbrains/kotlin/incremental/components/ExpectActualTracker
instanceKlass org/jetbrains/kotlin/incremental/components/LookupTracker$DO_NOTHING
instanceKlass org/jetbrains/kotlin/incremental/components/LookupTracker
instanceKlass org/jetbrains/kotlin/builtins/KotlinBuiltIns$4
instanceKlass org/jetbrains/kotlin/context/MutableModuleContextImpl
instanceKlass org/jetbrains/kotlin/context/MutableModuleContext
instanceKlass org/jetbrains/kotlin/context/ModuleContext
instanceKlass org/jetbrains/kotlin/descriptors/impl/PackageViewDescriptorFactory$Default
instanceKlass org/jetbrains/kotlin/descriptors/ModuleCapability
instanceKlass org/jetbrains/kotlin/descriptors/impl/PackageViewDescriptorFactory$Companion
instanceKlass org/jetbrains/kotlin/descriptors/impl/PackageViewDescriptorFactory
instanceKlass org/jetbrains/kotlin/descriptors/annotations/Annotations$Companion$EMPTY$1
instanceKlass org/jetbrains/kotlin/descriptors/annotations/Annotations$Companion
instanceKlass org/jetbrains/kotlin/descriptors/annotations/Annotations
instanceKlass org/jetbrains/kotlin/descriptors/annotations/AnnotatedImpl
instanceKlass org/jetbrains/kotlin/builtins/jvm/JvmBuiltIns$WhenMappings
instanceKlass org/jetbrains/kotlin/builtins/KotlinBuiltIns$3
instanceKlass org/jetbrains/kotlin/builtins/KotlinBuiltIns$2
instanceKlass org/jetbrains/kotlin/storage/LockBasedStorageManager$LockBasedLazyValue
instanceKlass org/jetbrains/kotlin/builtins/KotlinBuiltIns$1
instanceKlass org/jetbrains/kotlin/descriptors/deserialization/PlatformDependentDeclarationFilter
instanceKlass org/jetbrains/kotlin/types/model/TypeArgumentListMarker
instanceKlass org/jetbrains/kotlin/types/model/SimpleTypeMarker
instanceKlass org/jetbrains/kotlin/types/KotlinType
instanceKlass org/jetbrains/kotlin/incremental/components/LookupLocation
instanceKlass org/jetbrains/kotlin/descriptors/ModuleDescriptor
instanceKlass org/jetbrains/kotlin/descriptors/deserialization/AdditionalClassPartsProvider
instanceKlass org/jetbrains/kotlin/descriptors/ClassifierDescriptor
instanceKlass org/jetbrains/kotlin/mpp/ClassifierSymbolMarker
instanceKlass org/jetbrains/kotlin/descriptors/DeclarationDescriptorNonRoot
instanceKlass org/jetbrains/kotlin/descriptors/DeclarationDescriptorWithSource
instanceKlass org/jetbrains/kotlin/descriptors/DeclarationDescriptor
instanceKlass org/jetbrains/kotlin/mpp/DeclarationSymbolMarker
instanceKlass org/jetbrains/kotlin/descriptors/annotations/Annotated
instanceKlass org/jetbrains/kotlin/descriptors/ValidateableDescriptor
instanceKlass org/jetbrains/kotlin/descriptors/Named
instanceKlass org/jetbrains/kotlin/builtins/KotlinBuiltIns
instanceKlass org/jetbrains/kotlin/context/SimpleGlobalContext
instanceKlass org/jetbrains/kotlin/storage/ExceptionTracker
instanceKlass org/jetbrains/kotlin/context/ProjectContextImpl
instanceKlass org/jetbrains/kotlin/context/ProjectContext
instanceKlass org/jetbrains/kotlin/context/GlobalContext
instanceKlass org/jetbrains/kotlin/context/ContextKt
instanceKlass org/jetbrains/kotlin/platform/TargetPlatform
instanceKlass org/jetbrains/kotlin/platform/TargetPlatformKt
instanceKlass org/jetbrains/kotlin/platform/TargetPlatformVersion$NoVersion
instanceKlass org/jetbrains/kotlin/platform/SimplePlatform
instanceKlass org/jetbrains/kotlin/platform/jvm/JvmPlatforms
instanceKlass org/jetbrains/kotlin/resolve/TargetEnvironment$Companion
instanceKlass org/jetbrains/kotlin/resolve/TargetEnvironment
instanceKlass java/lang/invoke/MethodHandle$1
instanceKlass org/jetbrains/kotlin/com/intellij/psi/util/CachedValueProvider$Result
instanceKlass org/jetbrains/kotlin/com/intellij/util/CachedValueBase
instanceKlass org/jetbrains/kotlin/resolve/diagnostics/DiagnosticSuppressor$Companion
instanceKlass org/jetbrains/kotlin/resolve/diagnostics/DiagnosticSuppressor
instanceKlass org/jetbrains/kotlin/util/ExtensionProvider$Companion
instanceKlass org/jetbrains/kotlin/util/MappedExtensionProvider
instanceKlass org/jetbrains/kotlin/resolve/diagnostics/KotlinSuppressCache$Companion
instanceKlass org/jetbrains/kotlin/diagnostics/AbstractKotlinSuppressCache$Companion
instanceKlass org/jetbrains/kotlin/resolve/diagnostics/Diagnostics$Companion$EMPTY$1
instanceKlass org/jetbrains/kotlin/resolve/diagnostics/Diagnostics$Companion
instanceKlass org/jetbrains/kotlin/resolve/diagnostics/MutableDiagnosticsWithSuppression
instanceKlass org/jetbrains/kotlin/resolve/diagnostics/Diagnostics
instanceKlass org/jetbrains/kotlin/diagnostics/GenericDiagnostics
instanceKlass org/jetbrains/kotlin/util/slicedMap/WritableSlice
instanceKlass org/jetbrains/kotlin/resolve/BindingTraceContext$1
instanceKlass org/jetbrains/kotlin/resolve/CleanableBindingContext
instanceKlass org/jetbrains/kotlin/util/slicedMap/SlicedMapImpl
instanceKlass org/jetbrains/kotlin/resolve/BindingTraceFilter$Companion
instanceKlass org/jetbrains/kotlin/resolve/BindingTraceFilter
instanceKlass org/jetbrains/kotlin/diagnostics/DiagnosticSink$2
instanceKlass org/jetbrains/kotlin/diagnostics/DiagnosticSink$1
instanceKlass org/jetbrains/kotlin/util/slicedMap/ReadOnlySlice
instanceKlass org/jetbrains/kotlin/diagnostics/AbstractKotlinSuppressCache
instanceKlass org/jetbrains/kotlin/resolve/BindingContext
instanceKlass org/jetbrains/kotlin/util/slicedMap/MutableSlicedMap
instanceKlass org/jetbrains/kotlin/util/slicedMap/SlicedMap
instanceKlass org/jetbrains/kotlin/resolve/BindingTraceContext
instanceKlass org/jetbrains/kotlin/resolve/BindingTrace
instanceKlass org/jetbrains/kotlin/diagnostics/DiagnosticSink
instanceKlass org/jetbrains/kotlin/com/intellij/openapi/vfs/VirtualFileWithId
instanceKlass org/jetbrains/kotlin/com/intellij/openapi/vfs/VirtualFileSet
instanceKlass org/jetbrains/kotlin/com/intellij/openapi/vfs/VirtualFileVisitor
instanceKlass org/jetbrains/kotlin/com/intellij/openapi/vfs/VfsUtilCore
instanceKlass org/jetbrains/kotlin/cli/jvm/compiler/TopDownAnalyzerFacadeForJVM
instanceKlass org/jetbrains/kotlin/psi/KtOperationExpression
instanceKlass org/jetbrains/kotlin/BlockExpressionElementType$Companion
instanceKlass org/jetbrains/kotlin/com/intellij/psi/tree/IReparseableElementTypeBase
instanceKlass org/jetbrains/kotlin/com/intellij/psi/tree/ICompositeElementType
instanceKlass org/jetbrains/kotlin/KtNodeTypes
instanceKlass org/jetbrains/kotlin/com/intellij/lang/PsiParser
instanceKlass org/jetbrains/kotlin/kdoc/lexer/KDocTokens
instanceKlass org/jetbrains/kotlin/lexer/KtTokens
instanceKlass org/jetbrains/kotlin/diagnostics/PositioningStrategy
instanceKlass org/jetbrains/kotlin/diagnostics/PositioningStrategies
instanceKlass org/jetbrains/kotlin/diagnostics/DiagnosticFactory$Companion
instanceKlass org/jetbrains/kotlin/diagnostics/DiagnosticMarker
instanceKlass org/jetbrains/kotlin/diagnostics/UnboundDiagnostic
instanceKlass org/jetbrains/kotlin/diagnostics/DiagnosticFactory
instanceKlass org/jetbrains/kotlin/cli/common/messages/AnalyzerWithCompilerReport$Companion
instanceKlass org/jetbrains/kotlin/cli/common/messages/AnalyzerWithCompilerReport
instanceKlass org/jetbrains/kotlin/analyzer/AbstractAnalyzerWithCompilerReport
instanceKlass org/jetbrains/kotlin/load/kotlin/ModuleVisibilityManager$SERVICE
instanceKlass org/jetbrains/kotlin/cli/jvm/compiler/KotlinToJVMBytecodeCompiler
instanceKlass org/jetbrains/kotlin/com/intellij/injected/editor/DocumentWindow
instanceKlass org/jetbrains/kotlin/com/intellij/openapi/editor/impl/FrozenDocument
instanceKlass org/jetbrains/kotlin/com/intellij/util/text/ByteArrayCharSequence
instanceKlass org/jetbrains/kotlin/com/intellij/openapi/editor/impl/DocumentImpl$1
instanceKlass java/beans/PropertyChangeListener
instanceKlass java/beans/ChangeListenerMap
instanceKlass java/beans/PropertyChangeSupport
instanceKlass org/jetbrains/kotlin/com/intellij/openapi/editor/impl/IntervalTreeImpl$IntervalTreeGuide
instanceKlass org/jetbrains/kotlin/com/intellij/util/WalkingState$TreeGuide
instanceKlass org/jetbrains/kotlin/it/unimi/dsi/fastutil/longs/LongSet
instanceKlass org/jetbrains/kotlin/it/unimi/dsi/fastutil/longs/LongCollection
instanceKlass org/jetbrains/kotlin/it/unimi/dsi/fastutil/longs/LongIterable
instanceKlass org/jetbrains/kotlin/com/intellij/openapi/editor/impl/RedBlackTree$Node
instanceKlass org/jetbrains/kotlin/com/intellij/openapi/editor/ex/PrioritizedDocumentListener$1
instanceKlass org/jetbrains/kotlin/com/intellij/openapi/editor/ex/PrioritizedDocumentListener
instanceKlass org/jetbrains/kotlin/com/intellij/openapi/editor/ex/DocumentEx$1
instanceKlass org/jetbrains/kotlin/com/intellij/util/keyFMap/ArrayBackedFMap
instanceKlass org/jetbrains/kotlin/com/intellij/openapi/fileEditor/impl/LoadTextUtil$ConvertResult
instanceKlass sun/nio/cs/ThreadLocalCoders$Cache
instanceKlass sun/nio/cs/ThreadLocalCoders
instanceKlass org/jetbrains/kotlin/com/intellij/openapi/fileEditor/impl/LoadTextUtil$DetectResult
instanceKlass org/jetbrains/kotlin/com/intellij/openapi/vfs/CharsetToolkit
instanceKlass org/jetbrains/kotlin/com/intellij/openapi/fileEditor/impl/LoadTextUtil
instanceKlass org/jetbrains/kotlin/cli/jvm/compiler/JavaLanguageLevelKt
instanceKlass org/jetbrains/kotlin/config/AppendJavaSourceRootsHandlerKeyKt
instanceKlass org/jetbrains/kotlin/cli/jvm/compiler/CliVirtualFileFinderFactory
instanceKlass org/jetbrains/kotlin/load/kotlin/VirtualFileFinderFactory
instanceKlass org/jetbrains/kotlin/load/kotlin/MetadataFinderFactory
instanceKlass org/jetbrains/kotlin/cli/jvm/modules/CliJavaModuleResolver$Companion
instanceKlass org/jetbrains/kotlin/cli/jvm/modules/CliJavaModuleResolver
instanceKlass org/jetbrains/kotlin/resolve/jvm/modules/JavaModuleResolver
instanceKlass org/jetbrains/kotlin/load/java/JavaModuleAnnotationsProvider
instanceKlass org/jetbrains/kotlin/cli/jvm/index/SingleJavaFileRootsIndex
instanceKlass org/jetbrains/kotlin/cli/jvm/index/JvmDependenciesIndexImpl
instanceKlass java/util/concurrent/locks/ReentrantReadWriteLock$WriteLock
instanceKlass java/util/concurrent/locks/ReentrantReadWriteLock$ReadLock
instanceKlass java/util/concurrent/locks/ReentrantReadWriteLock
instanceKlass java/util/concurrent/locks/ReadWriteLock
instanceKlass org/jetbrains/kotlin/cli/jvm/index/JvmDependenciesDynamicCompoundIndex
instanceKlass org/jetbrains/kotlin/cli/jvm/index/JvmDependenciesIndex
instanceKlass org/jetbrains/kotlin/cli/jvm/compiler/ClasspathRootsResolver$RootsAndModules
instanceKlass kotlin/sequences/TransformingSequence$iterator$1
instanceKlass kotlin/sequences/FilteringSequence$iterator$1
instanceKlass kotlin/jvm/internal/ArrayIterator
instanceKlass kotlin/jvm/internal/ArrayIteratorKt
instanceKlass kotlin/sequences/FlatteningSequence$iterator$1
instanceKlass kotlin/sequences/FlatteningSequence
instanceKlass kotlin/collections/ArraysKt___ArraysKt$asSequence$$inlined$Sequence$1
instanceKlass kotlin/collections/CollectionsKt___CollectionsKt$asSequence$$inlined$Sequence$1
instanceKlass kotlin/sequences/FilteringSequence
instanceKlass kotlin/sequences/TransformingSequence
instanceKlass kotlin/sequences/EmptySequence
instanceKlass kotlin/sequences/DropTakeSequence
instanceKlass org/jetbrains/kotlin/cli/jvm/index/JavaRoot$RootTypes
instanceKlass org/jetbrains/kotlin/cli/jvm/index/JavaRoot
instanceKlass java/io/RandomAccessFile$1
instanceKlass java/util/AbstractMap$SimpleEntry
instanceKlass org/jetbrains/kotlin/com/intellij/util/containers/FactoryMap
instanceKlass org/jetbrains/kotlin/com/intellij/util/text/CharArrayExternalizable
instanceKlass org/jetbrains/kotlin/com/intellij/util/text/ImmutableCharSequence
instanceKlass org/jetbrains/kotlin/com/intellij/util/text/CharArrayUtil
instanceKlass java/util/zip/ZipFile$ZipEntryIterator
instanceKlass org/jetbrains/kotlin/com/intellij/openapi/vfs/impl/ArchiveHandler$EntryInfo
instanceKlass org/jetbrains/kotlin/com/intellij/util/containers/ShareableKey
instanceKlass org/jetbrains/kotlin/com/intellij/util/containers/hash/LinkedHashMap$Entry
instanceKlass java/util/DualPivotQuicksort
instanceKlass org/jetbrains/kotlin/com/intellij/util/containers/hash/HashUtil
instanceKlass org/jetbrains/kotlin/com/intellij/util/containers/SLRUMap
instanceKlass org/jetbrains/kotlin/com/intellij/openapi/util/io/FileAttributes
instanceKlass org/jetbrains/kotlin/com/intellij/util/io/ResourceHandle
instanceKlass org/jetbrains/kotlin/com/intellij/util/io/FileAccessorCache
instanceKlass org/jetbrains/kotlin/com/intellij/util/containers/hash/EqualityPolicy
instanceKlass org/jetbrains/kotlin/com/intellij/openapi/vfs/impl/AddonlyKeylessHash$KeyValueMapper
instanceKlass org/jetbrains/kotlin/com/intellij/openapi/util/Pair
instanceKlass org/jetbrains/kotlin/cli/jvm/compiler/ClasspathRootsResolver$RootWithPrefix
instanceKlass org/jetbrains/kotlin/cli/jvm/config/JvmModulePathRoot
instanceKlass org/jetbrains/kotlin/cli/jvm/modules/JavaModuleGraph
instanceKlass org/jetbrains/kotlin/cli/jvm/compiler/ClasspathRootsResolver$Companion
instanceKlass org/jetbrains/kotlin/cli/jvm/compiler/ClasspathRootsResolver
instanceKlass org/jetbrains/kotlin/cli/jvm/modules/CliJavaModuleFinder
instanceKlass org/jetbrains/kotlin/resolve/jvm/modules/JavaModuleFinder
instanceKlass kotlin/comparisons/ComparisonsKt__ComparisonsKt
instanceKlass org/jetbrains/kotlin/com/intellij/openapi/util/io/FileUtil$2
instanceKlass org/jetbrains/kotlin/com/intellij/openapi/util/io/FileUtil$1
instanceKlass org/jetbrains/kotlin/com/intellij/util/text/CaseInsensitiveStringHashingStrategy
instanceKlass org/jetbrains/kotlin/com/intellij/openapi/util/io/FileUtilRt$SymlinkResolver
instanceKlass org/jetbrains/kotlin/com/intellij/util/indexing/IndexingDataKeys
instanceKlass org/jetbrains/kotlin/cli/jvm/compiler/KotlinCoreEnvironment$special$$inlined$sortBy$1
instanceKlass org/jetbrains/kotlin/psi/UserDataProperty
instanceKlass kotlin/reflect/jvm/internal/KPropertyImpl$Companion
instanceKlass kotlin/reflect/jvm/internal/KCallableImpl
instanceKlass kotlin/reflect/KMutableProperty$Setter
instanceKlass org/jetbrains/kotlin/resolve/multiplatform/IsCommonSourceKt
instanceKlass org/jetbrains/kotlin/com/intellij/psi/util/PsiUtilCore$NullPsiElement
instanceKlass org/jetbrains/kotlin/com/intellij/psi/util/PsiUtilCore
instanceKlass org/jetbrains/kotlin/com/intellij/psi/impl/source/FileTrees
instanceKlass org/jetbrains/kotlin/psi/stubs/KotlinScriptStub
instanceKlass org/jetbrains/kotlin/psi/stubs/KotlinPlaceHolderWithTextStub
instanceKlass org/jetbrains/kotlin/com/intellij/psi/tree/IReparseableLeafElementType
instanceKlass org/jetbrains/kotlin/com/intellij/psi/TokenType
instanceKlass org/jetbrains/kotlin/com/intellij/psi/LiteralTextEscaper
instanceKlass org/jetbrains/kotlin/com/intellij/psi/ContributedReferenceHost
instanceKlass org/jetbrains/kotlin/psi/stubs/KotlinCollectionLiteralExpressionStub
instanceKlass org/jetbrains/kotlin/psi/stubs/KotlinClassLiteralExpressionStub
instanceKlass org/jetbrains/kotlin/psi/KtDoubleColonExpression
instanceKlass org/jetbrains/kotlin/psi/stubs/KotlinConstantExpressionStub
instanceKlass org/jetbrains/kotlin/psi/stubs/elements/KtConstantExpressionElementType$Companion
instanceKlass org/jetbrains/kotlin/psi/stubs/KotlinContextReceiverStub
instanceKlass org/jetbrains/kotlin/psi/LambdaArgument
instanceKlass org/jetbrains/kotlin/psi/stubs/KotlinContractEffectStub
instanceKlass org/jetbrains/kotlin/psi/ValueArgumentName
instanceKlass org/jetbrains/kotlin/psi/stubs/KotlinValueArgumentStub
instanceKlass org/jetbrains/kotlin/psi/ValueArgument
instanceKlass org/jetbrains/kotlin/psi/stubs/KotlinEnumEntrySuperclassReferenceExpressionStub
instanceKlass org/jetbrains/kotlin/psi/KtQualifiedExpression
instanceKlass org/jetbrains/kotlin/psi/stubs/KotlinNameReferenceExpressionStub
instanceKlass org/jetbrains/kotlin/psi/stubs/KotlinTypeProjectionStub
instanceKlass org/jetbrains/kotlin/psi/KtSimpleNameExpression
instanceKlass org/jetbrains/kotlin/psi/KtReferenceExpression
instanceKlass org/jetbrains/kotlin/psi/stubs/impl/KotlinTypeBean
instanceKlass org/jetbrains/kotlin/types/model/KotlinTypeMarker
instanceKlass org/jetbrains/kotlin/psi/stubs/KotlinUserTypeStub
instanceKlass org/jetbrains/kotlin/psi/KtTypeElement
instanceKlass org/jetbrains/kotlin/psi/stubs/KotlinModifierListStub
instanceKlass org/jetbrains/kotlin/psi/stubs/KotlinImportAliasStub
instanceKlass org/jetbrains/kotlin/psi/KtImportInfo$ImportContent
instanceKlass org/jetbrains/kotlin/psi/KtImportInfo
instanceKlass org/jetbrains/kotlin/psi/stubs/KotlinImportDirectiveStub
instanceKlass org/jetbrains/kotlin/psi/KtAnnotationsContainer
instanceKlass org/jetbrains/kotlin/psi/stubs/KotlinAnnotationUseSiteTargetStub
instanceKlass org/jetbrains/kotlin/psi/KtCallElement
instanceKlass org/jetbrains/kotlin/psi/stubs/KotlinAnnotationEntryStub
instanceKlass org/jetbrains/kotlin/psi/stubs/KotlinTypeParameterStub
instanceKlass org/jetbrains/kotlin/psi/stubs/KotlinParameterStub
instanceKlass org/jetbrains/kotlin/psi/stubs/KotlinConstructorStub
instanceKlass org/jetbrains/kotlin/psi/KtAnonymousInitializer
instanceKlass org/jetbrains/kotlin/psi/stubs/KotlinPlaceHolderStub
instanceKlass org/jetbrains/kotlin/psi/stubs/KotlinObjectStub
instanceKlass org/jetbrains/kotlin/psi/stubs/KotlinTypeAliasStub
instanceKlass org/jetbrains/kotlin/psi/stubs/KotlinBackingFieldStub
instanceKlass org/jetbrains/kotlin/psi/stubs/KotlinPropertyAccessorStub
instanceKlass org/jetbrains/kotlin/psi/KtVariableDeclaration
instanceKlass org/jetbrains/kotlin/psi/KtValVarKeywordOwner
instanceKlass org/jetbrains/kotlin/psi/stubs/KotlinPropertyStub
instanceKlass org/jetbrains/kotlin/psi/KtFunction
instanceKlass org/jetbrains/kotlin/psi/KtDeclarationWithBody
instanceKlass org/jetbrains/kotlin/psi/KtCallableDeclaration
instanceKlass org/jetbrains/kotlin/psi/KtDeclarationWithInitializer
instanceKlass org/jetbrains/kotlin/psi/stubs/KotlinFunctionStub
instanceKlass org/jetbrains/kotlin/psi/stubs/KotlinCallableStubBase
instanceKlass org/jetbrains/kotlin/com/intellij/psi/impl/source/SubstrateRef
instanceKlass org/jetbrains/kotlin/psi/stubs/KotlinClassStub
instanceKlass org/jetbrains/kotlin/psi/stubs/KotlinClassOrObjectStub
instanceKlass org/jetbrains/kotlin/psi/stubs/KotlinStubWithFqName
instanceKlass org/jetbrains/kotlin/com/intellij/psi/stubs/NamedStub
instanceKlass org/jetbrains/kotlin/psi/stubs/KotlinClassifierStub
instanceKlass org/jetbrains/kotlin/com/intellij/psi/StubBasedPsiElement
instanceKlass org/jetbrains/kotlin/psi/KtTypeParameterListOwner
instanceKlass org/jetbrains/kotlin/psi/KtPureClassOrObject
instanceKlass org/jetbrains/kotlin/psi/KtClassLikeDeclaration
instanceKlass org/jetbrains/kotlin/psi/KtNamedDeclaration
instanceKlass org/jetbrains/kotlin/psi/KtStatementExpression
instanceKlass org/jetbrains/kotlin/psi/KtNamed
instanceKlass org/jetbrains/kotlin/psi/KtDeclaration
instanceKlass org/jetbrains/kotlin/psi/KtModifierListOwner
instanceKlass org/jetbrains/kotlin/psi/KtExpression
instanceKlass org/jetbrains/kotlin/psi/stubs/elements/KtStubElementTypes
instanceKlass org/jetbrains/kotlin/psi/stubs/elements/KtTokenSets
instanceKlass org/jetbrains/kotlin/com/intellij/psi/tree/TokenSet
instanceKlass org/jetbrains/kotlin/psi/KtFile$Companion
instanceKlass org/jetbrains/kotlin/com/intellij/psi/impl/source/StubbedSpine
instanceKlass org/jetbrains/kotlin/psi/KtDeclarationContainer
instanceKlass org/jetbrains/kotlin/psi/KtAnnotated
instanceKlass org/jetbrains/kotlin/psi/KtElement
instanceKlass org/jetbrains/kotlin/psi/KtPureElement
instanceKlass org/jetbrains/kotlin/com/intellij/psi/PsiModifiableCodeBlock
instanceKlass org/jetbrains/kotlin/com/intellij/psi/PsiClassOwner
instanceKlass org/jetbrains/kotlin/com/intellij/util/keyFMap/PairElementsFMap
instanceKlass java/util/function/UnaryOperator
instanceKlass org/jetbrains/kotlin/com/intellij/psi/AbstractFileViewProvider$VirtualFileContent
instanceKlass org/jetbrains/kotlin/com/intellij/psi/PsiLock
instanceKlass org/jetbrains/kotlin/com/intellij/psi/PsiLargeBinaryFile
instanceKlass org/jetbrains/kotlin/com/intellij/psi/PsiLargeFile
instanceKlass org/jetbrains/kotlin/com/intellij/psi/PsiBinaryFile
instanceKlass org/jetbrains/kotlin/com/intellij/psi/AbstractFileViewProvider$Content
instanceKlass org/jetbrains/kotlin/com/intellij/util/containers/ContainerUtilRt
instanceKlass org/jetbrains/kotlin/com/intellij/model/ModelBranch
instanceKlass org/jetbrains/kotlin/com/intellij/injected/editor/VirtualFileWindow
instanceKlass kotlin/collections/AbstractIterator$WhenMappings
instanceKlass kotlin/io/FileTreeWalk$WalkState
instanceKlass kotlin/collections/AbstractIterator
instanceKlass kotlin/io/FileTreeWalk
instanceKlass kotlin/io/FilePathComponents
instanceKlass kotlin/io/FilesKt__FilePathComponentsKt
instanceKlass org/jetbrains/kotlin/extensions/PreprocessedFileCreator
instanceKlass java/util/AbstractList$Itr
instanceKlass org/jetbrains/kotlin/com/intellij/openapi/util/KeyedExtensionCollector$MyExtensionPointListener
instanceKlass org/jetbrains/kotlin/cli/jvm/compiler/CoreEnvironmentUtilsKt
instanceKlass org/jetbrains/kotlin/resolve/lazy/declarations/DeclarationProviderFactoryService$Companion
instanceKlass org/jetbrains/kotlin/resolve/lazy/declarations/DeclarationProviderFactoryService
instanceKlass org/jetbrains/kotlin/com/intellij/diagnostic/Activity
instanceKlass org/jetbrains/kotlin/com/intellij/diagnostic/StartUpMeasurer
instanceKlass org/jetbrains/kotlin/cli/jvm/compiler/CliModuleAnnotationsResolver
instanceKlass org/jetbrains/kotlin/resolve/ModuleAnnotationsResolver
instanceKlass org/jetbrains/kotlin/resolve/jvm/KotlinJavaPsiFacade$2
instanceKlass org/jetbrains/kotlin/resolve/jvm/KotlinJavaPsiFacade$1
instanceKlass org/jetbrains/kotlin/com/intellij/psi/PsiModifierList
instanceKlass org/jetbrains/kotlin/resolve/jvm/NotFoundPackagesCachingStrategy$Default
instanceKlass org/jetbrains/kotlin/com/intellij/psi/impl/ElementBase$ElementIconRequest
instanceKlass org/jetbrains/kotlin/load/java/structure/JavaClass
instanceKlass org/jetbrains/kotlin/load/java/structure/JavaTypeParameterListOwner
instanceKlass org/jetbrains/kotlin/load/java/structure/JavaModifierListOwner
instanceKlass org/jetbrains/kotlin/load/java/structure/JavaClassifier
instanceKlass org/jetbrains/kotlin/load/java/structure/JavaNamedElement
instanceKlass org/jetbrains/kotlin/load/java/structure/JavaAnnotationOwner
instanceKlass org/jetbrains/kotlin/load/java/structure/JavaElement
instanceKlass org/jetbrains/kotlin/resolve/jvm/KotlinJavaPsiFacade$KotlinPsiElementFinderWrapperImpl
instanceKlass org/jetbrains/kotlin/resolve/jvm/KotlinJavaPsiFacade$KotlinPsiElementFinderWrapper
instanceKlass org/jetbrains/kotlin/resolve/jvm/NotFoundPackagesCachingStrategy
instanceKlass org/jetbrains/kotlin/resolve/jvm/KotlinJavaPsiFacade
instanceKlass org/jetbrains/kotlin/load/java/structure/impl/source/JavaElementSourceFactory
instanceKlass org/jetbrains/kotlin/cli/common/CliModuleVisibilityManagerImpl
instanceKlass org/jetbrains/kotlin/load/kotlin/ModuleVisibilityManager
instanceKlass org/jetbrains/kotlin/compiler/plugin/CompilerPluginRegistrarKt
instanceKlass org/jetbrains/kotlin/compiler/plugin/CompilerPluginRegistrar$ExtensionStorage
instanceKlass java/util/Collections$UnmodifiableCollection$1
instanceKlass org/jetbrains/kotlin/fir/extensions/FirAnalysisHandlerExtension
instanceKlass org/jetbrains/kotlin/resolve/extensions/AssignResolutionAltererExtension
instanceKlass org/jetbrains/kotlin/extensions/AnnotationBasedExtension
instanceKlass org/jetbrains/kotlin/types/DefaultTypeAttributeTranslator
instanceKlass org/jetbrains/kotlin/types/extensions/TypeAttributeTranslators
instanceKlass org/jetbrains/kotlin/extensions/TypeAttributeTranslatorExtension
instanceKlass org/jetbrains/kotlin/types/TypeAttributeTranslator
instanceKlass org/jetbrains/kotlin/fir/extensions/FirExtensionRegistrarAdapter
instanceKlass org/jetbrains/kotlin/serialization/DescriptorSerializerPlugin
instanceKlass org/jetbrains/kotlin/extensions/internal/CallResolutionInterceptorExtension
instanceKlass org/jetbrains/kotlin/extensions/internal/CandidateInterceptor
instanceKlass org/jetbrains/kotlin/extensions/internal/TypeResolutionInterceptorExtension
instanceKlass org/jetbrains/kotlin/extensions/internal/TypeResolutionInterceptor
instanceKlass org/jetbrains/kotlin/cli/common/extensions/ShellExtension
instanceKlass org/jetbrains/kotlin/cli/common/extensions/ScriptEvaluationExtension
instanceKlass org/jetbrains/kotlin/backend/common/extensions/IrGenerationExtension
instanceKlass org/jetbrains/kotlin/ir/linkage/IrDeserializer$IrLinkerExtension
instanceKlass org/jetbrains/kotlin/resolve/extensions/ExtraImportsProviderExtension
instanceKlass org/jetbrains/kotlin/extensions/ProcessSourcesBeforeCompilingExtension
instanceKlass org/jetbrains/kotlin/extensions/CollectAdditionalSourcesExtension
instanceKlass org/jetbrains/kotlin/extensions/CompilerConfigurationExtension
instanceKlass org/jetbrains/kotlin/js/translate/extensions/JsSyntheticTranslateExtension
instanceKlass org/jetbrains/kotlin/extensions/PreprocessedVirtualFileFactoryExtension
instanceKlass org/jetbrains/kotlin/extensions/DeclarationAttributeAltererExtension
instanceKlass org/jetbrains/kotlin/extensions/StorageComponentContainerContributor
instanceKlass org/jetbrains/kotlin/resolve/jvm/extensions/PackageFragmentProviderExtension
instanceKlass org/jetbrains/kotlin/resolve/jvm/extensions/AnalysisHandlerExtension
instanceKlass org/jetbrains/kotlin/resolve/extensions/AnalysisHandlerExtension
instanceKlass org/jetbrains/kotlin/codegen/extensions/ClassFileFactoryFinalizerExtension
instanceKlass org/jetbrains/kotlin/backend/jvm/extensions/ClassGeneratorExtension
instanceKlass org/jetbrains/kotlin/codegen/extensions/ClassBuilderInterceptorExtension
instanceKlass org/jetbrains/kotlin/resolve/jvm/extensions/SyntheticJavaResolveExtension
instanceKlass org/jetbrains/kotlin/resolve/extensions/SyntheticResolveExtension
instanceKlass org/jetbrains/kotlin/extensions/ProjectExtensionDescriptor
instanceKlass org/jetbrains/kotlin/codegen/extensions/ExpressionCodegenExtension
instanceKlass org/jetbrains/kotlin/com/intellij/openapi/util/io/FileUtilRt$2
instanceKlass java/util/Random
instanceKlass java/util/random/RandomGenerator
instanceKlass org/jetbrains/kotlin/com/intellij/openapi/util/io/FileUtilRt$RepeatableIOOperation
instanceKlass java/nio/channels/WritableByteChannel
instanceKlass java/nio/channels/Channel
instanceKlass java/io/FileFilter
instanceKlass org/jetbrains/kotlin/com/intellij/openapi/util/io/FileUtilRt
instanceKlass org/jetbrains/kotlin/com/intellij/openapi/vfs/PersistentFSConstants
instanceKlass org/jetbrains/kotlin/com/intellij/psi/impl/source/DummyHolderFactory$DefaultFactory
instanceKlass org/jetbrains/kotlin/com/intellij/psi/impl/source/DummyHolderFactory
instanceKlass org/jetbrains/kotlin/com/intellij/psi/PsiImportHolder
instanceKlass org/jetbrains/kotlin/com/intellij/psi/impl/source/PsiFileWithStubSupport
instanceKlass org/jetbrains/kotlin/com/intellij/psi/impl/PsiFileEx
instanceKlass org/jetbrains/kotlin/com/intellij/openapi/ui/Queryable
instanceKlass org/jetbrains/kotlin/com/intellij/psi/impl/source/JavaDummyHolderFactory
instanceKlass org/jetbrains/kotlin/com/intellij/lang/jvm/facade/JvmFacadeImpl
instanceKlass org/jetbrains/kotlin/com/intellij/lang/jvm/facade/JvmFacade
instanceKlass org/jetbrains/kotlin/com/intellij/psi/impl/source/HolderFactory
instanceKlass org/jetbrains/kotlin/com/intellij/psi/PsiConstantEvaluationHelper
instanceKlass org/jetbrains/kotlin/com/intellij/psi/JavaPsiFacade
instanceKlass org/jetbrains/kotlin/cli/jvm/compiler/MockInferredAnnotationsManager$Companion
instanceKlass org/jetbrains/kotlin/com/intellij/codeInsight/InferredAnnotationsManager
instanceKlass org/jetbrains/kotlin/com/intellij/codeInsight/ExternalAnnotationsListener
instanceKlass org/jetbrains/kotlin/com/intellij/codeInsight/ExternalAnnotationsManager
instanceKlass org/jetbrains/kotlin/com/intellij/util/Processor
instanceKlass org/jetbrains/kotlin/asJava/finder/JavaElementFinder$Companion
instanceKlass org/jetbrains/kotlin/resolve/jvm/KotlinFinderMarker
instanceKlass org/jetbrains/kotlin/asJava/KotlinAsJavaSupport$Companion
instanceKlass org/jetbrains/kotlin/asJava/KotlinAsJavaSupport
instanceKlass org/jetbrains/kotlin/asJava/classes/ImplUtilsKt
instanceKlass org/jetbrains/kotlin/asJava/LightClassGenerationSupport$Companion
instanceKlass org/jetbrains/kotlin/asJava/LightClassGenerationSupport
instanceKlass org/jetbrains/kotlin/resolve/jvm/JvmCodeAnalyzerInitializer
instanceKlass org/jetbrains/kotlin/resolve/CodeAnalyzerInitializer
instanceKlass org/jetbrains/kotlin/com/intellij/psi/impl/JvmPsiConversionHelperImpl
instanceKlass org/jetbrains/kotlin/com/intellij/psi/JvmPsiConversionHelper
instanceKlass org/jetbrains/kotlin/com/intellij/util/containers/Interner
instanceKlass org/jetbrains/kotlin/utils/PlatformUtilsKt
instanceKlass org/jetbrains/kotlin/load/java/structure/impl/classFiles/BinaryClassSignatureParser
instanceKlass org/jetbrains/kotlin/com/intellij/openapi/util/RecursionManager$2
instanceKlass org/jetbrains/kotlin/com/intellij/util/containers/SoftKeySoftValueHashMap
instanceKlass org/jetbrains/kotlin/com/intellij/util/NotNullFunction
instanceKlass org/jetbrains/kotlin/com/intellij/util/NullableFunction
instanceKlass org/jetbrains/kotlin/com/intellij/psi/search/ProjectScope
instanceKlass gnu/trove/TObjectHash$NULL
instanceKlass gnu/trove/TObjectObjectProcedure
instanceKlass gnu/trove/THash
instanceKlass gnu/trove/TObjectHashingStrategy
instanceKlass gnu/trove/Equality
instanceKlass org/jetbrains/kotlin/cli/jvm/compiler/KotlinCliJavaFileManagerImpl$Companion
instanceKlass org/jetbrains/kotlin/com/intellij/core/CoreJavaFileManager
instanceKlass org/jetbrains/kotlin/resolve/jvm/KotlinCliJavaFileManager
instanceKlass org/jetbrains/kotlin/com/intellij/psi/controlFlow/ControlFlowFactory$1
instanceKlass org/jetbrains/kotlin/com/intellij/util/containers/ConcurrentWeakKeySoftValueHashMap$HardKey
instanceKlass org/jetbrains/kotlin/com/intellij/util/containers/ConcurrentWeakKeySoftValueHashMap$KeyReference
instanceKlass org/jetbrains/kotlin/com/intellij/util/containers/ConcurrentWeakKeySoftValueHashMap
instanceKlass org/jetbrains/kotlin/com/intellij/psi/controlFlow/ControlFlow
instanceKlass org/jetbrains/kotlin/com/intellij/psi/controlFlow/ControlFlowFactory
instanceKlass org/jetbrains/kotlin/com/intellij/psi/codeStyle/SuggestedNameInfo
instanceKlass org/jetbrains/kotlin/com/intellij/psi/codeStyle/JavaCodeStyleManager
instanceKlass org/jetbrains/kotlin/com/intellij/psi/codeStyle/JavaCodeStyleSettingsFacade
instanceKlass org/jetbrains/kotlin/com/intellij/psi/impl/source/resolve/JavaResolveCache$1
instanceKlass org/jetbrains/kotlin/com/intellij/psi/impl/source/resolve/JavaResolveCache
instanceKlass org/jetbrains/kotlin/com/intellij/util/lang/JavaVersion
instanceKlass org/jetbrains/kotlin/com/intellij/util/containers/ConcurrentRefValueHashMap$ValueReference
instanceKlass org/jetbrains/kotlin/com/intellij/util/containers/ConcurrentRefValueHashMap
instanceKlass sun/util/locale/LanguageTag
instanceKlass java/util/ResourceBundle$Control
instanceKlass org/jetbrains/kotlin/com/intellij/AbstractBundle
instanceKlass org/jetbrains/kotlin/com/intellij/openapi/roots/LanguageLevelProjectExtension$LanguageLevelChangeListener
instanceKlass org/jetbrains/kotlin/com/intellij/openapi/roots/LanguageLevelProjectExtension
instanceKlass org/jetbrains/kotlin/com/intellij/openapi/util/RecursionManager$CalculationStack
instanceKlass org/jetbrains/kotlin/com/intellij/openapi/util/RecursionGuard
instanceKlass org/jetbrains/kotlin/com/intellij/openapi/util/RecursionGuard$StackStamp
instanceKlass org/jetbrains/kotlin/com/intellij/openapi/util/RecursionManager
instanceKlass org/jetbrains/kotlin/com/intellij/psi/PsiInferenceHelper
instanceKlass org/jetbrains/kotlin/com/intellij/psi/scope/processor/FilterScopeProcessor
instanceKlass org/jetbrains/kotlin/com/intellij/psi/scope/PsiScopeProcessor
instanceKlass org/jetbrains/kotlin/com/intellij/psi/scope/NameHint
instanceKlass org/jetbrains/kotlin/com/intellij/psi/scope/ElementClassHint
instanceKlass org/jetbrains/kotlin/com/intellij/psi/impl/source/resolve/PsiResolveHelperImpl
instanceKlass org/jetbrains/kotlin/com/intellij/psi/PsiResolveHelper
instanceKlass org/jetbrains/kotlin/com/intellij/psi/impl/JavaPsiImplementationHelper
instanceKlass org/jetbrains/kotlin/com/intellij/psi/impl/PsiElementFactoryImpl$1
instanceKlass org/jetbrains/kotlin/com/intellij/psi/TypeAnnotationProvider$1
instanceKlass org/jetbrains/kotlin/com/intellij/psi/TypeAnnotationProvider$Static
instanceKlass org/jetbrains/kotlin/com/intellij/psi/TypeAnnotationProvider
instanceKlass org/jetbrains/kotlin/com/intellij/psi/PsiAnnotation
instanceKlass org/jetbrains/kotlin/com/intellij/lang/jvm/types/JvmPrimitiveTypeKind
instanceKlass org/jetbrains/kotlin/com/intellij/lang/jvm/JvmAnnotation
instanceKlass org/jetbrains/kotlin/com/intellij/lang/java/parser/JavaParserUtil$ParserWrapper
instanceKlass org/jetbrains/kotlin/com/intellij/psi/PsiImportStatementBase
instanceKlass org/jetbrains/kotlin/com/intellij/psi/PsiTypeElement
instanceKlass org/jetbrains/kotlin/com/intellij/psi/PsiReferenceExpression
instanceKlass org/jetbrains/kotlin/com/intellij/psi/PsiExpression
instanceKlass org/jetbrains/kotlin/com/intellij/psi/PsiCaseLabelElement
instanceKlass org/jetbrains/kotlin/com/intellij/psi/PsiAnnotationMemberValue
instanceKlass org/jetbrains/kotlin/com/intellij/lang/jvm/types/JvmReferenceType
instanceKlass org/jetbrains/kotlin/com/intellij/psi/PsiJavaCodeReferenceElement
instanceKlass org/jetbrains/kotlin/com/intellij/psi/PsiQualifiedReferenceElement
instanceKlass org/jetbrains/kotlin/com/intellij/psi/PsiQualifiedReference
instanceKlass org/jetbrains/kotlin/com/intellij/psi/PsiJavaReference
instanceKlass org/jetbrains/kotlin/com/intellij/psi/PsiPolyVariantReference
instanceKlass org/jetbrains/kotlin/com/intellij/lang/jvm/types/JvmPrimitiveType
instanceKlass org/jetbrains/kotlin/com/intellij/psi/PsiType
instanceKlass org/jetbrains/kotlin/com/intellij/psi/PsiAnnotationOwner
instanceKlass org/jetbrains/kotlin/com/intellij/lang/jvm/types/JvmType
instanceKlass org/jetbrains/kotlin/com/intellij/psi/impl/PsiJavaParserFacadeImpl
instanceKlass org/jetbrains/kotlin/com/intellij/psi/PsiElementFactory
instanceKlass org/jetbrains/kotlin/com/intellij/psi/PsiJavaParserFacade
instanceKlass org/jetbrains/kotlin/com/intellij/psi/JVMElementFactory
instanceKlass org/jetbrains/kotlin/com/intellij/lang/injection/InjectedLanguageManager
instanceKlass org/jetbrains/kotlin/com/intellij/mock/MockDumbUtil
instanceKlass org/jetbrains/kotlin/com/intellij/openapi/project/DumbUtil
instanceKlass org/jetbrains/kotlin/com/intellij/psi/search/impl/VirtualFileEnumerationAware
instanceKlass org/jetbrains/kotlin/com/intellij/psi/search/impl/VirtualFileEnumeration
instanceKlass org/jetbrains/kotlin/com/intellij/psi/search/SearchScope
instanceKlass org/jetbrains/kotlin/com/intellij/psi/search/ProjectAwareFileFilter
instanceKlass org/jetbrains/kotlin/com/intellij/psi/PsiDirectory
instanceKlass org/jetbrains/kotlin/com/intellij/psi/impl/file/PsiDirectoryFactory
instanceKlass org/jetbrains/kotlin/com/intellij/psi/util/ParameterizedCachedValue
instanceKlass org/jetbrains/kotlin/com/intellij/psi/util/CachedValue
instanceKlass org/jetbrains/kotlin/com/intellij/psi/impl/PsiCachedValuesFactory
instanceKlass org/jetbrains/kotlin/com/intellij/psi/util/CachedValueProvider
instanceKlass org/jetbrains/kotlin/com/intellij/psi/util/CachedValuesManager
instanceKlass org/jetbrains/kotlin/com/intellij/psi/impl/source/tree/TreeElementVisitor
instanceKlass org/jetbrains/kotlin/com/intellij/psi/PsiFileFactory
instanceKlass org/jetbrains/kotlin/com/intellij/psi/impl/PsiToDocumentSynchronizer
instanceKlass org/jetbrains/kotlin/com/intellij/psi/PsiRecursiveVisitor
instanceKlass org/jetbrains/kotlin/com/intellij/psi/PsiElementVisitor
instanceKlass org/jetbrains/kotlin/com/intellij/openapi/editor/event/DocumentListener
instanceKlass org/jetbrains/kotlin/com/intellij/psi/PsiDocumentManager
instanceKlass org/jetbrains/kotlin/com/intellij/core/MockDocumentCommitProcessor
instanceKlass org/jetbrains/kotlin/com/intellij/psi/impl/DocumentCommitProcessor
instanceKlass org/jetbrains/kotlin/com/intellij/psi/SmartPointerManager
instanceKlass org/jetbrains/kotlin/com/intellij/psi/impl/file/impl/FileManagerImpl$1
instanceKlass org/jetbrains/kotlin/com/intellij/openapi/util/Comparing
instanceKlass org/jetbrains/kotlin/com/intellij/openapi/fileTypes/CharsetUtil
instanceKlass org/jetbrains/kotlin/com/intellij/util/LocalTimeCounter
instanceKlass org/jetbrains/kotlin/com/intellij/openapi/extensions/ExtensionPointPriorityListener
instanceKlass org/jetbrains/kotlin/com/intellij/openapi/extensions/ExtensionPointUtil$1
instanceKlass org/jetbrains/kotlin/com/intellij/openapi/extensions/ExtensionPointUtil
instanceKlass org/jetbrains/kotlin/com/intellij/openapi/vfs/NonPhysicalFileSystem
instanceKlass org/jetbrains/kotlin/com/intellij/psi/impl/file/impl/FileManagerImpl
instanceKlass org/jetbrains/kotlin/com/intellij/psi/util/PsiModificationTracker$SERVICE
instanceKlass org/jetbrains/kotlin/com/intellij/openapi/util/NotNullFactory
instanceKlass org/jetbrains/kotlin/com/intellij/openapi/util/Factory
instanceKlass org/jetbrains/kotlin/com/intellij/openapi/vfs/VirtualFileFilter$2
instanceKlass org/jetbrains/kotlin/com/intellij/openapi/vfs/VirtualFileFilter$1
instanceKlass org/jetbrains/kotlin/com/intellij/openapi/vfs/VirtualFileFilter
instanceKlass org/jetbrains/kotlin/com/intellij/openapi/util/LowMemoryWatcher
instanceKlass org/jetbrains/kotlin/com/intellij/psi/impl/source/resolve/ResolveCache$1
instanceKlass org/jetbrains/kotlin/com/intellij/psi/impl/AnyPsiChangeListener
instanceKlass org/jetbrains/kotlin/com/intellij/openapi/wm/ex/ProgressIndicatorEx
instanceKlass org/jetbrains/kotlin/com/intellij/psi/impl/file/impl/FileManager
instanceKlass java/util/concurrent/atomic/AtomicReferenceArray
instanceKlass org/jetbrains/kotlin/com/intellij/psi/ResolveResult
instanceKlass org/jetbrains/kotlin/com/intellij/psi/impl/source/resolve/ResolveCache$StrongValueReference
instanceKlass org/jetbrains/kotlin/com/intellij/util/containers/ConcurrentWeakKeySoftValueHashMap$ValueReference
instanceKlass org/jetbrains/kotlin/com/intellij/psi/PsiReference
instanceKlass org/jetbrains/kotlin/com/intellij/psi/impl/source/resolve/ResolveCache$AbstractResolver
instanceKlass org/jetbrains/kotlin/com/intellij/psi/impl/source/resolve/ResolveCache
instanceKlass org/jetbrains/kotlin/com/intellij/psi/impl/PsiModificationTrackerImpl$1
instanceKlass org/jetbrains/kotlin/com/intellij/openapi/project/DumbService$DumbModeListener
instanceKlass org/jetbrains/kotlin/com/intellij/openapi/project/DumbService
instanceKlass org/jetbrains/kotlin/com/intellij/psi/util/PsiModificationTracker$Listener
instanceKlass org/jetbrains/kotlin/com/intellij/psi/impl/PsiModificationTrackerImpl
instanceKlass org/jetbrains/kotlin/com/intellij/psi/util/PsiModificationTracker
instanceKlass org/jetbrains/kotlin/com/intellij/lang/jvm/facade/JvmElementProvider
instanceKlass org/jetbrains/kotlin/com/intellij/psi/PsiElementFinder
instanceKlass org/jetbrains/kotlin/com/intellij/psi/impl/PsiTreeChangePreprocessor
instanceKlass org/jetbrains/kotlin/com/intellij/openapi/roots/PackageIndex
instanceKlass org/jetbrains/kotlin/com/intellij/psi/impl/file/impl/JavaFileManager
instanceKlass org/jetbrains/kotlin/com/intellij/psi/impl/ResolveScopeManager
instanceKlass org/jetbrains/kotlin/com/intellij/psi/search/ProjectScopeBuilder
instanceKlass org/jetbrains/kotlin/com/intellij/openapi/roots/FileIndexFacade
instanceKlass org/jetbrains/kotlin/com/intellij/util/CachedValuesFactory
instanceKlass org/jetbrains/kotlin/com/intellij/openapi/project/Project
instanceKlass org/jetbrains/kotlin/com/intellij/core/CoreProjectEnvironment
instanceKlass org/jetbrains/kotlin/cli/jvm/compiler/KotlinCoreEnvironment$Companion$getOrCreateApplicationEnvironment$1$2
instanceKlass org/jetbrains/kotlin/com/intellij/openapi/application/TransactionGuard
instanceKlass org/jetbrains/kotlin/com/intellij/psi/util/JavaClassSupers
instanceKlass org/jetbrains/kotlin/load/kotlin/KotlinBinaryClassCache$Companion
instanceKlass org/jetbrains/kotlin/load/kotlin/KotlinBinaryClassCache
instanceKlass org/jetbrains/kotlin/psi/stubs/KotlinFileStub
instanceKlass org/jetbrains/kotlin/parsing/KotlinParserDefinition$Companion
instanceKlass org/jetbrains/kotlin/parsing/KotlinParserDefinition
instanceKlass sun/invoke/util/VerifyAccess$1
instanceKlass javax/swing/Icon
instanceKlass org/jetbrains/kotlin/com/intellij/util/keyFMap/OneElementFMap
instanceKlass org/jetbrains/kotlin/com/intellij/openapi/extensions/impl/ExtensionProcessingHelper
instanceKlass org/jetbrains/kotlin/com/intellij/openapi/util/BuildNumber
instanceKlass org/jetbrains/kotlin/com/intellij/ide/plugins/PluginContentDescriptor$Companion
instanceKlass org/jetbrains/kotlin/com/intellij/ide/plugins/PluginContentDescriptor
instanceKlass org/jetbrains/kotlin/com/intellij/ide/plugins/IdeaPluginDescriptorImpl$Companion
instanceKlass org/jetbrains/kotlin/com/intellij/ide/plugins/IdeaPluginDescriptorImpl
instanceKlass org/jetbrains/kotlin/com/intellij/ide/plugins/IdeaPluginDescriptor
instanceKlass org/jetbrains/kotlin/org/codehaus/stax2/ri/typed/ValueDecoderFactory
instanceKlass org/jetbrains/kotlin/com/fasterxml/aalto/in/ByteBasedPNameTable$Bucket
instanceKlass org/jetbrains/kotlin/com/intellij/openapi/extensions/ExtensionPointDescriptor
instanceKlass org/jetbrains/kotlin/com/fasterxml/aalto/util/DataUtil
instanceKlass kotlin/_Assertions
instanceKlass org/jetbrains/kotlin/com/fasterxml/aalto/in/ElementScope
instanceKlass org/jetbrains/kotlin/com/fasterxml/aalto/in/ByteBasedPNameFactory
instanceKlass org/jetbrains/kotlin/com/intellij/ide/plugins/ModuleDependenciesDescriptor$Companion
instanceKlass org/jetbrains/kotlin/com/intellij/ide/plugins/ModuleDependenciesDescriptor
instanceKlass org/jetbrains/kotlin/com/intellij/ide/plugins/ContainerDescriptor
instanceKlass org/jetbrains/kotlin/com/intellij/ide/plugins/RawPluginDescriptor
instanceKlass org/jetbrains/kotlin/com/fasterxml/aalto/util/BufferRecycler
instanceKlass org/jetbrains/kotlin/com/fasterxml/aalto/util/NameTable
instanceKlass org/jetbrains/kotlin/com/fasterxml/aalto/util/XmlCharTypes
instanceKlass org/jetbrains/kotlin/com/fasterxml/aalto/in/AttributeCollector
instanceKlass org/jetbrains/kotlin/com/fasterxml/aalto/util/TextBuilder
instanceKlass org/jetbrains/kotlin/com/fasterxml/aalto/in/FixedNsContext
instanceKlass org/jetbrains/kotlin/com/fasterxml/aalto/in/NsBinding
instanceKlass org/jetbrains/kotlin/com/fasterxml/aalto/in/PName
instanceKlass org/jetbrains/kotlin/org/codehaus/stax2/XMLStreamLocation2
instanceKlass org/jetbrains/kotlin/org/codehaus/stax2/typed/TypedValueDecoder
instanceKlass org/jetbrains/kotlin/com/fasterxml/aalto/stax/StreamReaderImpl
instanceKlass org/jetbrains/kotlin/org/codehaus/stax2/XMLStreamReader2
instanceKlass org/jetbrains/kotlin/org/codehaus/stax2/typed/TypedXMLStreamReader
instanceKlass javax/xml/stream/XMLStreamReader
instanceKlass org/jetbrains/kotlin/org/codehaus/stax2/LocationInfo
instanceKlass org/jetbrains/kotlin/com/fasterxml/aalto/in/XmlScanner
instanceKlass javax/xml/stream/XMLStreamConstants
instanceKlass javax/xml/namespace/NamespaceContext
instanceKlass javax/xml/stream/Location
instanceKlass org/jetbrains/kotlin/com/fasterxml/aalto/in/InputBootstrapper
instanceKlass org/jetbrains/kotlin/com/fasterxml/aalto/util/UriCanonicalizer
instanceKlass org/jetbrains/kotlin/com/fasterxml/aalto/in/ReaderConfig$EncodingContext
instanceKlass org/jetbrains/kotlin/com/fasterxml/aalto/impl/CommonConfig
instanceKlass org/jetbrains/kotlin/com/intellij/openapi/util/StaxFactory
instanceKlass org/jetbrains/kotlin/com/intellij/ide/plugins/XmlReader
instanceKlass org/jetbrains/kotlin/com/intellij/ide/plugins/JavaZipFileDataLoader
instanceKlass org/jetbrains/kotlin/com/intellij/platform/util/plugins/DataLoader
instanceKlass org/jetbrains/kotlin/com/intellij/util/lang/ZipFilePool
instanceKlass org/jetbrains/kotlin/com/intellij/ide/plugins/DescriptorListLoadingContext$threadLocalXmlFactory$1
instanceKlass org/jetbrains/kotlin/com/intellij/util/PlatformUtils
instanceKlass org/jetbrains/kotlin/com/intellij/ide/plugins/PluginDescriptorLoader$createPluginLoadingResult$1
instanceKlass org/jetbrains/kotlin/com/intellij/ide/plugins/PluginManagerCore
instanceKlass org/jetbrains/kotlin/com/intellij/ide/plugins/PluginLoadingResult
instanceKlass org/jetbrains/kotlin/com/intellij/ide/plugins/DescriptorListLoadingContext
instanceKlass org/jetbrains/kotlin/com/intellij/ide/plugins/ReadModuleContext
instanceKlass org/jetbrains/kotlin/com/intellij/ide/plugins/PluginXmlPathResolver$Companion
instanceKlass org/jetbrains/kotlin/com/intellij/ide/plugins/PluginXmlPathResolver
instanceKlass org/jetbrains/kotlin/com/intellij/ide/plugins/PathResolver
instanceKlass org/jetbrains/kotlin/com/intellij/ide/plugins/PluginDescriptorLoader
instanceKlass org/jetbrains/kotlin/com/intellij/psi/JavaModuleSystem
instanceKlass org/jetbrains/kotlin/com/intellij/psi/impl/compiled/ClsCustomNavigationPolicy
instanceKlass org/jetbrains/kotlin/cli/jvm/compiler/IdeaExtensionPoints
instanceKlass org/jetbrains/kotlin/com/intellij/psi/impl/smartPointers/SmartPointerAnchorProvider
instanceKlass org/jetbrains/kotlin/com/intellij/codeInsight/runner/JavaMainMethodProvider
instanceKlass org/jetbrains/kotlin/com/intellij/openapi/util/NotNullLazyValue
instanceKlass org/jetbrains/kotlin/com/intellij/psi/augment/PsiAugmentProvider
instanceKlass org/jetbrains/kotlin/com/intellij/psi/meta/MetaDataContributor
instanceKlass org/jetbrains/kotlin/com/intellij/psi/FileContextProvider
instanceKlass org/jetbrains/kotlin/cli/jvm/compiler/DummyJavaFileCodeStyleFacadeFactory
instanceKlass org/jetbrains/kotlin/com/intellij/psi/codeStyle/JavaFileCodeStyleFacadeFactory
instanceKlass org/jetbrains/kotlin/com/intellij/psi/FileViewProvider
instanceKlass org/jetbrains/kotlin/com/intellij/psi/compiled/ClsStubBuilder
instanceKlass org/jetbrains/kotlin/com/intellij/psi/compiled/ClassFileDecompilers$Full
instanceKlass java/util/TimSort
instanceKlass java/util/Arrays$LegacyMergeSort
instanceKlass java/lang/Class$AnnotationData
instanceKlass org/jetbrains/kotlin/com/intellij/openapi/components/Service
instanceKlass org/jetbrains/kotlin/com/intellij/psi/compiled/ClassFileDecompilers
instanceKlass org/jetbrains/kotlin/com/intellij/psi/compiled/ClassFileDecompilers$Decompiler
instanceKlass org/jetbrains/kotlin/com/intellij/psi/util/MethodSignature
instanceKlass org/jetbrains/kotlin/com/intellij/openapi/application/QueryExecutorBase
instanceKlass org/jetbrains/kotlin/com/intellij/util/QueryExecutor
instanceKlass org/jetbrains/kotlin/com/intellij/psi/search/searches/SuperMethodsSearch$1
instanceKlass org/jetbrains/kotlin/com/intellij/openapi/extensions/SmartExtensionPoint
instanceKlass org/jetbrains/kotlin/com/intellij/util/Query
instanceKlass org/jetbrains/kotlin/com/intellij/util/QueryFactory
instanceKlass org/jetbrains/kotlin/com/intellij/openapi/util/registry/RegistryValue
instanceKlass org/jetbrains/kotlin/com/intellij/openapi/util/registry/Registry
instanceKlass org/jetbrains/kotlin/com/intellij/lang/folding/FoldingBuilderEx
instanceKlass org/jetbrains/kotlin/com/intellij/openapi/project/PossiblyDumbAware
instanceKlass org/jetbrains/kotlin/com/intellij/openapi/project/DumbAware
instanceKlass org/jetbrains/kotlin/com/intellij/lang/folding/FoldingBuilder
instanceKlass org/jetbrains/kotlin/com/intellij/codeInsight/folding/JavaCodeFoldingSettings
instanceKlass org/jetbrains/kotlin/com/intellij/psi/PsiParameter
instanceKlass org/jetbrains/kotlin/com/intellij/lang/jvm/JvmParameter
instanceKlass org/jetbrains/kotlin/com/intellij/psi/presentation/java/VariablePresentationProvider
instanceKlass org/jetbrains/kotlin/com/intellij/psi/PsiLocalVariable
instanceKlass org/jetbrains/kotlin/com/intellij/psi/presentation/java/FieldPresentationProvider
instanceKlass org/jetbrains/kotlin/com/intellij/psi/PsiField
instanceKlass org/jetbrains/kotlin/com/intellij/psi/PsiVariable
instanceKlass org/jetbrains/kotlin/com/intellij/lang/jvm/JvmField
instanceKlass org/jetbrains/kotlin/com/intellij/psi/presentation/java/MethodPresentationProvider
instanceKlass org/jetbrains/kotlin/com/intellij/psi/PsiMethod
instanceKlass org/jetbrains/kotlin/com/intellij/psi/PsiParameterListOwner
instanceKlass org/jetbrains/kotlin/com/intellij/lang/jvm/JvmMethod
instanceKlass org/jetbrains/kotlin/com/intellij/psi/presentation/java/ClassPresentationProvider
instanceKlass org/jetbrains/kotlin/com/intellij/psi/PsiClass
instanceKlass org/jetbrains/kotlin/com/intellij/psi/PsiTypeParameterListOwner
instanceKlass org/jetbrains/kotlin/com/intellij/psi/PsiJvmMember
instanceKlass org/jetbrains/kotlin/com/intellij/psi/PsiTarget
instanceKlass org/jetbrains/kotlin/com/intellij/psi/PsiNameIdentifierOwner
instanceKlass org/jetbrains/kotlin/com/intellij/psi/PsiDocCommentOwner
instanceKlass org/jetbrains/kotlin/com/intellij/psi/PsiMember
instanceKlass org/jetbrains/kotlin/com/intellij/psi/PsiJavaDocumentedElement
instanceKlass org/jetbrains/kotlin/com/intellij/pom/PomRenameableTarget
instanceKlass org/jetbrains/kotlin/com/intellij/pom/PomNamedTarget
instanceKlass org/jetbrains/kotlin/com/intellij/pom/PomTarget
instanceKlass org/jetbrains/kotlin/com/intellij/lang/jvm/JvmClass
instanceKlass org/jetbrains/kotlin/com/intellij/lang/jvm/JvmTypeParametersOwner
instanceKlass org/jetbrains/kotlin/com/intellij/lang/jvm/JvmMember
instanceKlass org/jetbrains/kotlin/com/intellij/lang/jvm/JvmTypeDeclaration
instanceKlass org/jetbrains/kotlin/com/intellij/navigation/ItemPresentation
instanceKlass org/jetbrains/kotlin/com/intellij/psi/presentation/java/PackagePresentationProvider
instanceKlass org/jetbrains/kotlin/com/intellij/navigation/ItemPresentationProvider
instanceKlass org/jetbrains/kotlin/com/intellij/psi/PsiPackage
instanceKlass org/jetbrains/kotlin/com/intellij/psi/PsiQualifiedNamedElement
instanceKlass org/jetbrains/kotlin/com/intellij/psi/PsiJvmModifiersOwner
instanceKlass org/jetbrains/kotlin/com/intellij/psi/PsiModifierListOwner
instanceKlass org/jetbrains/kotlin/com/intellij/lang/jvm/JvmModifiersOwner
instanceKlass org/jetbrains/kotlin/com/intellij/psi/PsiDirectoryContainer
instanceKlass org/jetbrains/kotlin/com/intellij/lang/jvm/JvmPackage
instanceKlass org/jetbrains/kotlin/com/intellij/lang/jvm/JvmNamedElement
instanceKlass org/jetbrains/kotlin/com/intellij/lang/jvm/JvmAnnotatedElement
instanceKlass org/jetbrains/kotlin/com/intellij/lang/jvm/JvmElement
instanceKlass org/jetbrains/kotlin/com/intellij/openapi/projectRoots/JavaVersionService
instanceKlass org/jetbrains/kotlin/com/intellij/psi/JavaDirectoryService
instanceKlass org/jetbrains/kotlin/com/intellij/psi/PsiSubstitutor
instanceKlass org/jetbrains/kotlin/com/intellij/psi/PsiSubstitutorFactory
instanceKlass org/jetbrains/kotlin/com/intellij/openapi/util/ModificationTracker$1
instanceKlass org/jetbrains/kotlin/com/intellij/psi/impl/file/PsiPackageImplementationHelper
instanceKlass org/jetbrains/kotlin/com/intellij/util/graph/InboundSemiGraph
instanceKlass org/jetbrains/kotlin/com/intellij/openapi/extensions/LoadingOrder
instanceKlass org/jetbrains/kotlin/com/intellij/codeInsight/JavaContainerProvider
instanceKlass org/jetbrains/kotlin/com/intellij/codeInsight/ContainerProvider
instanceKlass org/jetbrains/kotlin/com/intellij/psi/impl/PsiExpressionEvaluator
instanceKlass org/jetbrains/kotlin/com/intellij/psi/impl/ConstantExpressionEvaluator
instanceKlass org/jetbrains/kotlin/com/intellij/psi/stubs/IndexSink
instanceKlass org/jetbrains/kotlin/com/intellij/util/diff/FlyweightCapableTreeStructure
instanceKlass org/jetbrains/kotlin/com/intellij/psi/impl/java/stubs/PsiJavaFileStub
instanceKlass org/jetbrains/kotlin/com/intellij/psi/stubs/PsiClassHolderFileStub
instanceKlass org/jetbrains/kotlin/com/intellij/psi/stubs/LightStubBuilder
instanceKlass org/jetbrains/kotlin/com/intellij/psi/stubs/PsiFileStub
instanceKlass org/jetbrains/kotlin/com/intellij/psi/stubs/StubElement
instanceKlass org/jetbrains/kotlin/com/intellij/psi/stubs/Stub
instanceKlass org/jetbrains/kotlin/com/intellij/psi/StubBuilder
instanceKlass org/jetbrains/kotlin/com/intellij/openapi/util/ClearableLazyValue
instanceKlass org/jetbrains/kotlin/com/intellij/psi/stubs/StubSerializer
instanceKlass org/jetbrains/kotlin/com/intellij/psi/stubs/ObjectStubSerializer
instanceKlass org/jetbrains/kotlin/com/intellij/lang/java/JavaParserDefinition
instanceKlass org/jetbrains/kotlin/com/intellij/psi/javadoc/PsiDocToken
instanceKlass org/jetbrains/kotlin/com/intellij/psi/PsiKeyword
instanceKlass org/jetbrains/kotlin/com/intellij/psi/PsiIdentifier
instanceKlass org/jetbrains/kotlin/com/intellij/psi/PsiJavaToken
instanceKlass org/jetbrains/kotlin/com/intellij/psi/javadoc/PsiDocTagValue
instanceKlass org/jetbrains/kotlin/com/intellij/psi/impl/compiled/ClassFileStubBuilder
instanceKlass org/jetbrains/kotlin/com/intellij/psi/stubs/BinaryFileStubBuilder$CompositeBinaryFileStubBuilder
instanceKlass org/jetbrains/kotlin/com/intellij/psi/stubs/BinaryFileStubBuilder
instanceKlass org/jetbrains/kotlin/com/intellij/psi/ClassFileViewProviderFactory
instanceKlass org/jetbrains/kotlin/com/intellij/psi/FileViewProviderFactory
instanceKlass org/jetbrains/kotlin/com/intellij/openapi/util/Condition$3
instanceKlass org/jetbrains/kotlin/com/intellij/openapi/util/Condition$2
instanceKlass org/jetbrains/kotlin/com/intellij/openapi/util/Condition$1
instanceKlass org/jetbrains/kotlin/com/intellij/openapi/util/Condition
instanceKlass org/jetbrains/kotlin/com/intellij/openapi/util/Conditions
instanceKlass org/jetbrains/kotlin/com/intellij/psi/tree/IElementType$Predicate
instanceKlass org/jetbrains/kotlin/com/intellij/lexer/Lexer
instanceKlass org/jetbrains/kotlin/com/intellij/openapi/fileTypes/PlainTextParserDefinition
instanceKlass org/jetbrains/kotlin/com/intellij/lang/LanguageUtil
instanceKlass org/jetbrains/kotlin/com/intellij/psi/PsiPlainText
instanceKlass org/jetbrains/kotlin/com/intellij/lang/ASTFactory$DefaultFactoryHolder
instanceKlass org/jetbrains/kotlin/com/intellij/ide/highlighter/ArchiveFileType
instanceKlass java/util/concurrent/BlockingQueue
instanceKlass java/util/concurrent/ExecutorService
instanceKlass org/jetbrains/kotlin/com/intellij/util/ConcurrencyUtil
instanceKlass org/jetbrains/kotlin/com/intellij/openapi/fileTypes/LanguageFileType
instanceKlass org/jetbrains/kotlin/com/intellij/ide/highlighter/JavaClassFileType
instanceKlass org/jetbrains/kotlin/com/intellij/DynamicBundle$LanguageBundleEP
instanceKlass org/jetbrains/kotlin/com/intellij/util/pico/CachingConstructorInjectionComponentAdapter
instanceKlass org/jetbrains/kotlin/com/intellij/openapi/application/ApplicationInfo
instanceKlass org/jetbrains/kotlin/com/intellij/util/graph/GraphAlgorithms
instanceKlass org/jetbrains/kotlin/com/intellij/openapi/command/impl/CoreCommandProcessor$1
instanceKlass org/jetbrains/kotlin/com/intellij/openapi/command/CommandListener
instanceKlass org/jetbrains/kotlin/com/intellij/openapi/command/CommandToken
instanceKlass org/jetbrains/kotlin/com/intellij/openapi/command/CommandProcessor
instanceKlass org/jetbrains/kotlin/com/intellij/codeInsight/folding/CodeFoldingSettings
instanceKlass org/jetbrains/kotlin/com/intellij/util/ObjectUtils$Sentinel
instanceKlass org/jetbrains/kotlin/com/intellij/util/ObjectUtilsRt
instanceKlass org/jetbrains/kotlin/com/intellij/util/containers/ConcurrentIntObjectHashMap$CounterCell
instanceKlass org/jetbrains/kotlin/com/intellij/util/containers/ConcurrentLongObjectHashMap$Node
instanceKlass org/jetbrains/kotlin/com/intellij/util/containers/ConcurrentLongObjectMap$LongEntry
instanceKlass org/jetbrains/kotlin/com/intellij/util/containers/ConcurrentLongObjectHashMap
instanceKlass java/util/concurrent/Future
instanceKlass org/jetbrains/kotlin/com/intellij/openapi/progress/PerformInBackgroundOption
instanoinstanceKlass java/util/function/Function
instanceKlass jdk/internal/module/ModuleLoaderMap
instanceKlass java/util/AbstractMap$1$1
instanceKlass java/lang/module/ResolvedModule
instanceKlass java/lang/module/Configuration
instanceKlass jdk/internal/loader/BuiltinClassLoader$LoadedModule
instanceKlass jdk/internal/loader/AbstractClassLoaderValue
instanceKlass jdk/internal/module/ServicesCatalog
instanceKlass jdk/internal/util/Preconditions
instanceKlass sun/net/util/IPAddressUtil
instanceKlass java/net/URLStreamHandler
instanceKlass java/util/HexFormat
instanceKlass sun/net/www/ParseUtil
instanceKlass java/net/URL$3
instanceKlass jdk/internal/access/JavaNetURLAccess
instanceKlass java/net/URL$DefaultFactory
instanceKlass java/net/URLStreamHandlerFactory
instanceKlass jdk/internal/loader/URLClassPath
instanceKlass java/security/Principal
instanceKlass java/security/ProtectionDomain$Key
instanceKlass java/security/ProtectionDomain$JavaSecurityAccessImpl
instanceKlass jdk/internal/access/JavaSecurityAccess
instanceKlass java/lang/ClassLoader$ParallelLoaders
instanceKlass java/security/cert/Certificate
instanceKlass jdk/internal/loader/ArchivedClassLoaders
instanceKlass java/util/Deque
instanceKlass java/util/Queue
instanceKlass jdk/internal/loader/ClassLoaderHelper
instanceKlass jdk/internal/loader/NativeLibraries
instanceKlass jdk/internal/loader/BootLoader
instanceKlass java/util/Optional
instanceKlass jdk/internal/module/SystemModuleFinders$SystemModuleFinder
instanceKlass java/lang/module/ModuleFinder
instanceKlass jdk/internal/module/SystemModuleFinders$3
instanceKlass jdk/internal/module/ModuleHashes$HashSupplier
instanceKlass jdk/internal/module/SystemModuleFinders$2
instanceKlass java/util/function/Supplier
instanceKlass java/lang/module/ModuleReference
instanceKlass jdk/internal/module/ModuleResolution
instanceKlass java/util/Collections$UnmodifiableMap
instanceKlass jdk/internal/module/ModuleHashes$Builder
instanceKlass jdk/internal/module/ModuleHashes
instanceKlass jdk/internal/module/ModuleTarget
instanceKlass java/util/ImmutableCollections$Set12$1
instanceKlass java/lang/Enum
instanceKlass java/lang/module/ModuleDescriptor$Version
instanceKlass java/lang/module/ModuleDescriptor$Provides
instanceKlass java/lang/module/ModuleDescriptor$Opens
instanceKlass java/util/ImmutableCollections$SetN$SetNIterator
instanceKlass java/lang/module/ModuleDescriptor$Exports
instanceKlass java/lang/module/ModuleDescriptor$Requires
instanceKlass jdk/internal/module/Builder
instanceKlass jdk/internal/module/SystemModules$default
instanceKlass jdk/internal/module/SystemModules
instanceKlass jdk/internal/module/SystemModulesMap
instanceKlass java/net/URI$1
instanceKlass jdk/internal/access/JavaNetUriAccess
instanceKlass java/net/URI
instanceKlass jdk/internal/module/SystemModuleFinders
instanceKlass jdk/internal/module/ArchivedModuleGraph
instanceKlass jdk/internal/module/ArchivedBootLayer
instanceKlass jdk/internal/module/ModuleBootstrap$Counters
instanceKlass jdk/internal/module/ModulePatcher
instanceKlass java/io/FileSystem
instanceKlass java/io/DefaultFileSystem
instanceKlass java/io/File
instanceKlass java/lang/module/ModuleDescriptor$1
instanceKlass jdk/internal/access/JavaLangModuleAccess
instanceKlass sun/invoke/util/VerifyAccess
instanceKlass java/lang/module/ModuleDescriptor
instanceKlass jdk/internal/module/ModuleBootstrap
instanceKlass java/lang/invoke/MethodHandleStatics
instanceKlass java/util/Collections
instanceKlass sun/io/Win32ErrorMode
instanceKlass jdk/internal/misc/OSEnvironment
instanceKlass jdk/internal/misc/Signal$NativeHandler
instanceKlass java/util/Hashtable$Entry
instanceKlass jdk/internal/misc/Signal
instanceKlass java/lang/Terminator$1
instanceKlass jdk/internal/misc/Signal$Handler
instanceKlass java/lang/Terminator
instanceKlass java/nio/ByteOrder
instanceKlass java/nio/Buffer$1
instanceKlass jdk/internal/access/JavaNioAccess
instanceKlass jdk/internal/misc/ScopedMemoryAccess
instanceKlass java/nio/charset/CodingErrorAction
instanceKlass sun/nio/cs/SingleByte
instanceKlass java/lang/StringUTF16
instanceKlass sun/nio/cs/MS1252$Holder
instanceKlass sun/nio/cs/ArrayEncoder
instanceKlass java/nio/charset/CharsetEncoder
instanceKlass java/lang/reflect/Modifier
instanceKlass java/lang/Class$1
instanceKlass java/lang/Class$Atomic
instanceKlass java/lang/Class$ReflectionData
instanceKlass jdk/internal/util/ArraysSupport
instanceKlass java/nio/charset/StandardCharsets
instanceKlass sun/nio/cs/HistoricallyNamedCharset
instanceKlass sun/security/action/GetPropertyAction
instanceKlass java/lang/ThreadLocal
instanceKlass java/nio/charset/spi/CharsetProvider
instanceKlass java/nio/charset/Charset
instanceKlass java/io/Writer
instanceKlass java/io/OutputStream
instanceKlass java/io/Flushable
instanceKlass java/io/FileDescriptor$1
instanceKlass jdk/internal/access/JavaIOFileDescriptorAccess
instanceKlass java/io/FileDescriptor
instanceKlass jdk/internal/util/StaticProperty
instanceKlass java/util/HashMap$HashIterator
instanceKlass java/lang/Integer$IntegerCache
instanceKlass java/lang/CharacterData
instanceKlass java/util/Arrays
instanceKlass java/lang/VersionProps
instanceKlass java/lang/StringConcatHelper
instanceKlass jdk/internal/misc/VM
instanceKlass jdk/internal/util/SystemProps$Raw
instanceKlass jdk/internal/util/SystemProps
instanceKlass java/lang/System$2
instanceKlass jdk/internal/access/JavaLangAccess
instanceKlass java/lang/ref/Reference$1
instanceKlass jdk/internal/access/JavaLangRefAccess
instanceKlass java/lang/ref/ReferenceQueue$Lock
instanceKlass java/lang/ref/ReferenceQueue
instanceKlass jdk/internal/reflect/ReflectionFactory
instanceKlass jdk/internal/reflect/ReflectionFactory$GetReflectionFactoryAction
instanceKlass java/security/PrivilegedAction
instanceKlass java/util/concurrent/locks/LockSupport
instanceKlass java/util/concurrent/ConcurrentHashMap$Node
instanceKlass java/util/concurrent/ConcurrentHashMap$CounterCell
instanceKlass java/util/concurrent/locks/ReentrantLock
instanceKlass java/util/concurrent/locks/Lock
instanceKlass java/lang/Runtime
instanceKlass java/util/HashMap$Node
instanceKlass java/util/KeyValueHolder
instanceKlass java/util/Map$Entry
instanceKlass java/util/ImmutableCollections$MapN$MapNIterator
instanceKlass java/lang/Math
instanceKlass jdk/internal/reflect/Reflection
instanceKlass java/lang/invoke/MethodHandles$Lookup
instanceKlass java/lang/StringLatin1
instanceKlass java/security/Permission
instanceKlass java/security/Guard
instanceKlass java/lang/invoke/MemberName$Factory
instanceKlass java/lang/invoke/MethodHandles
instanceKlass jdk/internal/access/SharedSecrets
instanceKlass java/lang/reflect/ReflectAccess
instanceKlass jdk/internal/access/JavaLangReflectAccess
instanceKlass java/util/ImmutableCollections
instanceKlass java/util/Objects
instanceKlass java/util/Set
instanceKlass jdk/internal/misc/CDS
instanceKlass java/lang/Module$ArchivedData
instanceKlass java/lang/String$CaseInsensitiveComparator
instanceKlass java/util/Comparator
instanceKlass java/io/ObjectStreamField
instanceKlass jdk/internal/vm/vector/VectorSupport$VectorPayload
instanceKlass jdk/internal/vm/vector/VectorSupport
instanceKlass java/lang/reflect/RecordComponent
instanceKlass java/util/Iterator
instanceKlass java/lang/Number
instanceKlass java/lang/Character
instanceKlass java/lang/Boolean
instanceKlass java/util/concurrent/locks/AbstractOwnableSynchronizer
instanceKlass java/lang/LiveStackFrame
instanceKlass java/lang/StackFrameInfo
instanceKlass java/lang/StackWalker$StackFrame
instanceKlass java/lang/StackStreamFactory$AbstractStackWalker
instanceKlass java/lang/StackWalker
instanceKlass java/nio/Buffer
instanceKlass java/lang/StackTraceElement
instanceKlass java/util/RandomAccess
instanceKlass java/util/List
instanceKlass java/util/AbstractCollection
instanceKlass java/util/Collection
instanceKlass java/lang/Iterable
instanceKlass java/util/concurrent/ConcurrentMap
instanceKlass java/util/AbstractMap
instanceKlass java/security/CodeSource
instanceKlass jdk/internal/loader/ClassLoaders
instanceKlass java/util/jar/Manifest
instanceKlass java/net/URL
instanceKlass java/io/InputStream
instanceKlass java/io/Closeable
instanceKlass java/lang/AutoCloseable
instanceKlass jdk/internal/module/Modules
instanceKlass jdk/internal/misc/Unsafe
instanceKlass jdk/internal/misc/UnsafeConstants
instanceKlass java/lang/AbstractStringBuilder
instanceKlass java/lang/Appendable
instanceKlass java/lang/AssertionStatusDirectives
instanceKlass java/lang/invoke/MethodHandleNatives$CallSiteContext
instanceKlass jdk/internal/invoke/NativeEntryPoint
instanceKlass java/lang/invoke/CallSite
instanceKlass java/lang/invoke/MethodType
instanceKlass java/lang/invoke/TypeDescriptor$OfMethod
instanceKlass java/lang/invoke/LambdaForm
instanceKlass java/lang/invoke/MethodHandleNatives
instanceKlass java/lang/invoke/ResolvedMethodName
instanceKlass java/lang/invoke/MemberName
instanceKlass java/lang/invoke/VarHandle
instanceKlass java/lang/invoke/MethodHandle
instanceKlass jdk/internal/reflect/CallerSensitive
instanceKlass java/lang/annotation/Annotation
instanceKlass jdk/internal/reflect/FieldAccessor
instanceKlass jdk/internal/reflect/ConstantPool
instanceKlass jdk/internal/reflect/ConstructorAccessor
instanceKlass jdk/internal/reflect/MethodAccessor
instanceKlass jdk/internal/reflect/MagicAccessorImpl
instanceKlass java/lang/reflect/Parameter
instanceKlass java/lang/reflect/Member
instanceKlass java/lang/reflect/AccessibleObject
instanceKlass java/lang/Module
instanceKlass java/util/Map
instanceKlass java/util/Dictionary
instanceKlass java/lang/ThreadGroup
instanceKlass java/lang/Thread$UncaughtExceptionHandler
instanceKlass java/lang/Thread
instanceKlass java/lang/Runnable
instanceKlass java/lang/ref/Reference
instanceKlass java/lang/Record
instanceKlass java/security/AccessController
instanceKlass java/security/AccessControlContext
instanceKlass java/security/ProtectionDomain
instanceKlass java/lang/SecurityManager
instanceKlass java/lang/Throwable
instanceKlass java/lang/System
instanceKlass java/lang/ClassLoader
instanceKlass java/lang/Cloneable
instanceKlass java/lang/Class
instanceKlass java/lang/invoke/TypeDescriptor$OfField
instanceKlass java/lang/invoke/TypeDescriptor
instanceKlass java/lang/reflect/Type
instanceKlass java/lang/reflect/GenericDeclaration
instanceKlass java/lang/reflect/AnnotatedElement
instanceKlass java/lang/String
instanceKlass java/lang/constant/ConstantDesc
instanceKlass java/lang/constant/Constable
instanceKlass java/lang/CharSequence
instanceKlass java/lang/Comparable
instanceKlass java/io/Serializable
